{
    "o0-xxoo-xm": {
        "0": 0,
        "1": 0.3333333333333333,
        "2": 0.3333333333333333,
        "3": 0,
        "4": 0,
        "5": 0,
        "6": 0,
        "7": 0.3333333333333333,
        "8": 0
    },
    "o--xxoooxs": {
        "9": 0.5,
        "10": 0.5,
        "11": 0,
        "12": 0
    },
    "o0xxxoo-xm": {
        "0": 0,
        "1": 0.5,
        "2": 0,
        "3": 0,
        "4": 0,
        "5": 0,
        "6": 0,
        "7": 0.5,
        "8": 0
    },
    "o--xxoo0xm": {
        "0": 0,
        "1": 0.3333333333333333,
        "2": 0.3333333333333333,
        "3": 0,
        "4": 0,
        "5": 0,
        "6": 0,
        "7": 0.3333333333333333,
        "8": 0
    },
    "oo-xxooxxs": {
        "9": 0,
        "10": 1.0,
        "11": 0,
        "12": 0
    },
    "ox-xxoooxs": {
        "9": 0,
        "10": 1.0,
        "11": 0,
        "12": 0
    },
    "ooxxxoo-xs": {
        "9": 0,
        "10": 0,
        "11": 0.5,
        "12": 0.5
    },
    "o-oxxooxxs": {
        "9": 0.5,
        "10": 0.5,
        "11": 0,
        "12": 0
    },
    "ox0xxoo-xm": {
        "0": 0,
        "1": 0,
        "2": 0.5,
        "3": 0,
        "4": 0,
        "5": 0,
        "6": 0,
        "7": 0.5,
        "8": 0
    },
    "o--xxoo-xs": {
        "9": 0.25,
        "10": 0.25,
        "11": 0.25,
        "12": 0.25
    },
    "o-xxxoooxs": {
        "9": 0.5,
        "10": 0.5,
        "11": 0,
        "12": 0
    },
    "o00xxoo-xm": {
        "0": 0,
        "1": 0.3333333333333333,
        "2": 0.3333333333333333,
        "3": 0,
        "4": 0,
        "5": 0,
        "6": 0,
        "7": 0.3333333333333333,
        "8": 0
    },
    "ox-xxoo-xm": {
        "0": 0,
        "1": 0,
        "2": 0.5,
        "3": 0,
        "4": 0,
        "5": 0,
        "6": 0,
        "7": 0.5,
        "8": 0
    },
    "o--xxooxxm": {
        "0": 0,
        "1": 0.5,
        "2": 0.5,
        "3": 0,
        "4": 0,
        "5": 0,
        "6": 0,
        "7": 0,
        "8": 0
    },
    "oo-xxoo-xs": {
        "9": 0,
        "10": 0.3333333333333333,
        "11": 0.3333333333333333,
        "12": 0.3333333333333333
    },
    "oxoxxoo-xs": {
        "9": 0,
        "10": 0,
        "11": 0.5,
        "12": 0.5
    },
    "o-oxxoo-xs": {
        "9": 0.25,
        "10": 0.25,
        "11": 0.25,
        "12": 0.25
    }
}