10 3.33333e-06
20 1.66667e-06
30 1.66667e-06
40 3.33333e-06
50 3.33333e-06
60 3.33333e-06
70 3.33333e-06
80 0.16667
90 0.16667
100 1.66667e-06
110 3.33333e-06
120 3.33333e-06
130 3.33333e-06
140 1.66667e-06
150 3.33333e-06
160 3.33333e-06
170 3.33333e-06
180 3.33333e-06
190 1.66667e-06
200 1.66667e-06
210 3.33333e-06
220 0.166668
230 2.77556e-17
240 1.66667e-06
250 3.33333e-06
260 1.66667e-06
270 2.77556e-17
280 1.66667e-06
290 1.66667e-06
300 3.33333e-06
310 3.33333e-06
320 1.66667e-06
330 1.66667e-06
340 1.66667e-06
350 3.33333e-06
360 1.66667e-06
370 1.66667e-06
380 1.66667e-06
390 1.66667e-06
400 2.77556e-17
410 1.66667e-06
420 1.66667e-06
430 1.66667e-06
440 1.66667e-06
450 3.33333e-06
460 1.66667e-06
470 1.66667e-06
480 0.16667
490 1.66667e-06
500 3.33333e-06
510 3.33333e-06
520 0.166668
530 1.66667e-06
540 1.66667e-06
550 1.66667e-06
560 2.77556e-17
570 0.166668
580 3.33333e-06
590 1.66667e-06
600 1.66667e-06
610 3.33333e-06
620 3.33333e-06
630 3.33333e-06
640 2.77556e-17
650 1.66667e-06
660 3.33333e-06
670 3.33333e-06
680 1.66667e-06
690 2.77556e-17
700 2.77556e-17
710 1.66667e-06
720 2.77556e-17
730 1.66667e-06
740 1.66667e-06
750 3.33333e-06
760 2.77556e-17
770 1.66667e-06
780 0.16667
790 1.66667e-06
800 1.66667e-06
810 2.77556e-17
820 3.33333e-06
830 2.77556e-17
840 2.77556e-17
850 3.33333e-06
860 3.33333e-06
870 3.33333e-06
880 3.33333e-06
890 1.66667e-06
900 2.77556e-17
910 1.66667e-06
920 1.66667e-06
930 1.66667e-06
940 2.77556e-17
950 3.33333e-06
960 1.66667e-06
970 1.66667e-06
980 2.77556e-17
990 1.66667e-06
1000 3.33333e-06
1010 2.77556e-17
1020 1.66667e-06
1030 2.77556e-17
1040 3.33333e-06
1050 1.66667e-06
1060 1.66667e-06
1070 2.77556e-17
1080 3.33333e-06
1090 2.77556e-17
1100 2.77556e-17
1110 2.77556e-17
1120 1.66667e-06
1130 3.33333e-06
1140 2.77556e-17
1150 1.66667e-06
1160 1.66667e-06
1170 1.66667e-06
1180 1.66667e-06
1190 1.66667e-06
1200 2.77556e-17
1210 1.66667e-06
1220 3.33333e-06
1230 1.66667e-06
1240 2.77556e-17
1250 1.66667e-06
1260 2.77556e-17
1270 2.77556e-17
1280 2.77556e-17
1290 3.33333e-06
1300 1.66667e-06
1310 1.66667e-06
1320 1.66667e-06
1330 2.77556e-17
1340 1.66667e-06
1350 2.77556e-17
1360 2.77556e-17
1370 2.77556e-17
1380 1.66667e-06
1390 2.77556e-17
1400 3.33333e-06
1410 1.66667e-06
1420 1.66667e-06
1430 1.66667e-06
1440 3.33333e-06
1450 3.33333e-06
1460 1.66667e-06
1470 2.77556e-17
1480 2.77556e-17
1490 2.77556e-17
1500 2.77556e-17
1510 1.66667e-06
1520 2.77556e-17
1530 1.66667e-06
1540 1.66667e-06
1550 1.66667e-06
1560 2.77556e-17
1570 3.33333e-06
1580 2.77556e-17
1590 1.66667e-06
1600 2.77556e-17
1610 2.77556e-17
1620 1.66667e-06
1630 1.66667e-06
1640 1.66667e-06
1650 3.33333e-06
1660 1.66667e-06
1670 2.77556e-17
1680 1.66667e-06
1690 1.66667e-06
1700 1.66667e-06
1710 1.66667e-06
1720 3.33333e-06
1730 1.66667e-06
1740 1.66667e-06
1750 1.66667e-06
1760 2.77556e-17
1770 1.66667e-06
1780 1.66667e-06
1790 1.66667e-06
1800 3.33333e-06
1810 1.66667e-06
1820 1.66667e-06
1830 3.33333e-06
1840 1.66667e-06
1850 2.77556e-17
1860 3.33333e-06
1870 1.66667e-06
1880 2.77556e-17
1890 1.66667e-06
1900 2.77556e-17
1910 2.77556e-17
1920 3.33333e-06
1930 1.66667e-06
1940 1.66667e-06
1950 2.77556e-17
1960 3.33333e-06
1970 1.66667e-06
1980 1.66667e-06
1990 2.77556e-17
2000 1.66667e-06
2010 1.66667e-06
2020 1.66667e-06
2030 1.66667e-06
2040 1.66667e-06
2050 3.33333e-06
2060 2.77556e-17
2070 1.66667e-06
2080 1.66667e-06
2090 1.66667e-06
2100 2.77556e-17
2110 1.66667e-06
2120 1.66667e-06
2130 1.66667e-06
2140 2.77556e-17
2150 3.33333e-06
2160 1.66667e-06
2170 3.33333e-06
2180 0.166668
2190 1.66667e-06
2200 2.77556e-17
2210 3.33333e-06
2220 1.66667e-06
2230 1.66667e-06
2240 1.66667e-06
2250 3.33333e-06
2260 2.77556e-17
2270 1.66667e-06
2280 1.66667e-06
2290 2.77556e-17
2300 1.66667e-06
2310 2.77556e-17
2320 1.66667e-06
2330 1.66667e-06
2340 2.77556e-17
2350 2.77556e-17
2360 1.66667e-06
2370 3.33333e-06
2380 2.77556e-17
2390 1.66667e-06
2400 1.66667e-06
2410 2.77556e-17
2420 1.66667e-06
2430 2.77556e-17
2440 3.33333e-06
2450 3.33333e-06
2460 1.66667e-06
2470 3.33333e-06
2480 2.77556e-17
2490 1.66667e-06
2500 1.66667e-06
2510 1.66667e-06
2520 1.66667e-06
2530 1.66667e-06
2540 2.77556e-17
2550 1.66667e-06
2560 1.66667e-06
2570 1.66667e-06
2580 1.66667e-06
2590 1.66667e-06
2600 3.33333e-06
2610 3.33333e-06
2620 3.33333e-06
2630 3.33333e-06
2640 1.66667e-06
2650 2.77556e-17
2660 1.66667e-06
2670 1.66667e-06
2680 3.33333e-06
2690 2.77556e-17
2700 1.66667e-06
2710 2.77556e-17
2720 1.66667e-06
2730 1.66667e-06
2740 2.77556e-17
2750 2.77556e-17
2760 1.66667e-06
2770 1.66667e-06
2780 1.66667e-06
2790 3.33333e-06
2800 1.66667e-06
2810 3.33333e-06
2820 1.66667e-06
2830 3.33333e-06
2840 2.77556e-17
2850 1.66667e-06
2860 1.66667e-06
2870 3.33333e-06
2880 1.66667e-06
2890 1.66667e-06
2900 2.77556e-17
2910 3.33333e-06
2920 1.66667e-06
2930 1.66667e-06
2940 2.77556e-17
2950 1.66667e-06
2960 2.77556e-17
2970 1.66667e-06
2980 1.66667e-06
2990 2.77556e-17
3000 3.33333e-06
3010 3.33333e-06
3020 1.66667e-06
3030 1.66667e-06
3040 3.33333e-06
3050 2.77556e-17
3060 1.66667e-06
3070 2.77556e-17
3080 1.66667e-06
3090 3.33333e-06
3100 2.77556e-17
3110 3.33333e-06
3120 1.66667e-06
3130 1.66667e-06
3140 1.66667e-06
3150 1.66667e-06
3160 2.77556e-17
3170 1.66667e-06
3180 1.66667e-06
3190 1.66667e-06
3200 2.77556e-17
3210 1.66667e-06
3220 2.77556e-17
3230 1.66667e-06
3240 1.66667e-06
3250 2.77556e-17
3260 2.77556e-17
3270 1.66667e-06
3280 2.77556e-17
3290 2.77556e-17
3300 3.33333e-06
3310 2.77556e-17
3320 1.66667e-06
3330 1.66667e-06
3340 1.66667e-06
3350 3.33333e-06
3360 3.33333e-06
3370 2.77556e-17
3380 2.77556e-17
3390 2.77556e-17
3400 3.33333e-06
3410 1.66667e-06
3420 3.33333e-06
3430 2.77556e-17
3440 1.66667e-06
3450 1.66667e-06
3460 1.66667e-06
3470 1.66667e-06
3480 3.33333e-06
3490 2.77556e-17
3500 2.77556e-17
3510 1.66667e-06
3520 1.66667e-06
3530 1.66667e-06
3540 3.33333e-06
3550 1.66667e-06
3560 2.77556e-17
3570 2.77556e-17
3580 2.77556e-17
3590 1.66667e-06
3600 1.66667e-06
3610 2.77556e-17
3620 3.33333e-06
3630 1.66667e-06
3640 1.66667e-06
3650 2.77556e-17
3660 1.66667e-06
3670 1.66667e-06
3680 1.66667e-06
3690 1.66667e-06
3700 1.66667e-06
3710 2.77556e-17
3720 1.66667e-06
3730 1.66667e-06
3740 1.66667e-06
3750 1.66667e-06
3760 1.66667e-06
3770 1.66667e-06
3780 1.66667e-06
3790 1.66667e-06
3800 1.66667e-06
3810 3.33333e-06
3820 2.77556e-17
3830 2.77556e-17
3840 1.66667e-06
3850 1.66667e-06
3860 1.66667e-06
3870 1.66667e-06
3880 1.66667e-06
3890 1.66667e-06
3900 1.66667e-06
3910 2.77556e-17
3920 1.66667e-06
3930 1.66667e-06
3940 2.77556e-17
3950 2.77556e-17
3960 3.33333e-06
3970 1.66667e-06
3980 1.66667e-06
3990 1.66667e-06
4000 1.66667e-06
4010 1.66667e-06
4020 1.66667e-06
4030 3.33333e-06
4040 1.66667e-06
4050 1.66667e-06
4060 3.33333e-06
4070 2.77556e-17
4080 3.33333e-06
4090 2.77556e-17
4100 3.33333e-06
4110 1.66667e-06
4120 2.77556e-17
4130 1.66667e-06
4140 1.66667e-06
4150 1.66667e-06
4160 2.77556e-17
4170 1.66667e-06
4180 3.33333e-06
4190 2.77556e-17
4200 1.66667e-06
4210 2.77556e-17
4220 2.77556e-17
4230 1.66667e-06
4240 1.66667e-06
4250 2.77556e-17
4260 3.33333e-06
4270 3.33333e-06
4280 2.77556e-17
4290 3.33333e-06
4300 2.77556e-17
4310 2.77556e-17
4320 1.66667e-06
4330 1.66667e-06
4340 1.66667e-06
4350 1.66667e-06
4360 3.33333e-06
4370 3.33333e-06
4380 1.66667e-06
4390 1.66667e-06
4400 2.77556e-17
4410 1.66667e-06
4420 2.77556e-17
4430 2.77556e-17
4440 2.77556e-17
4450 3.33333e-06
4460 2.77556e-17
4470 2.77556e-17
4480 1.66667e-06
4490 1.66667e-06
4500 2.77556e-17
4510 1.66667e-06
4520 2.77556e-17
4530 3.33333e-06
4540 2.77556e-17
4550 2.77556e-17
4560 3.33333e-06
4570 2.77556e-17
4580 1.66667e-06
4590 2.77556e-17
4600 1.66667e-06
4610 1.66667e-06
4620 1.66667e-06
4630 1.66667e-06
4640 1.66667e-06
4650 1.66667e-06
4660 1.66667e-06
4670 1.66667e-06
4680 1.66667e-06
4690 1.66667e-06
4700 1.66667e-06
4710 1.66667e-06
4720 2.77556e-17
4730 3.33333e-06
4740 1.66667e-06
4750 2.77556e-17
4760 3.33333e-06
4770 1.66667e-06
4780 1.66667e-06
4790 3.33333e-06
4800 3.33333e-06
4810 3.33333e-06
4820 3.33333e-06
4830 3.33333e-06
4840 1.66667e-06
4850 1.66667e-06
4860 1.66667e-06
4870 1.66667e-06
4880 1.66667e-06
4890 1.66667e-06
4900 3.33333e-06
4910 3.33333e-06
4920 3.33333e-06
4930 2.77556e-17
4940 1.66667e-06
4950 1.66667e-06
4960 2.77556e-17
4970 2.77556e-17
4980 1.66667e-06
4990 1.66667e-06
5000 1.66667e-06
5010 2.77556e-17
5020 2.77556e-17
5030 3.33333e-06
5040 1.66667e-06
5050 1.66667e-06
5060 2.77556e-17
5070 2.77556e-17
5080 2.77556e-17
5090 1.66667e-06
5100 2.77556e-17
5110 1.66667e-06
5120 1.66667e-06
5130 1.66667e-06
5140 1.66667e-06
5150 2.77556e-17
5160 2.77556e-17
5170 1.66667e-06
5180 1.66667e-06
5190 1.66667e-06
5200 1.66667e-06
5210 2.77556e-17
5220 1.66667e-06
5230 3.33333e-06
5240 1.66667e-06
5250 1.66667e-06
5260 1.66667e-06
5270 3.33333e-06
5280 1.66667e-06
5290 3.33333e-06
5300 3.33333e-06
5310 1.66667e-06
5320 2.77556e-17
5330 2.77556e-17
5340 1.66667e-06
5350 1.66667e-06
5360 1.66667e-06
5370 1.66667e-06
5380 1.66667e-06
5390 1.66667e-06
5400 1.66667e-06
5410 1.66667e-06
5420 3.33333e-06
5430 1.66667e-06
5440 2.77556e-17
5450 1.66667e-06
5460 1.66667e-06
5470 2.77556e-17
5480 2.77556e-17
5490 2.77556e-17
5500 3.33333e-06
5510 1.66667e-06
5520 2.77556e-17
5530 3.33333e-06
5540 3.33333e-06
5550 2.77556e-17
5560 2.77556e-17
5570 1.66667e-06
5580 2.77556e-17
5590 1.66667e-06
5600 2.77556e-17
5610 2.77556e-17
5620 2.77556e-17
5630 1.66667e-06
5640 3.33333e-06
5650 0.166668
5660 2.77556e-17
5670 1.66667e-06
5680 2.77556e-17
5690 2.77556e-17
5700 1.66667e-06
5710 1.66667e-06
5720 2.77556e-17
5730 3.33333e-06
5740 3.33333e-06
5750 2.77556e-17
5760 1.66667e-06
5770 1.66667e-06
5780 2.77556e-17
5790 1.66667e-06
5800 1.66667e-06
5810 1.66667e-06
5820 1.66667e-06
5830 3.33333e-06
5840 3.33333e-06
5850 3.33333e-06
5860 3.33333e-06
5870 3.33333e-06
5880 1.66667e-06
5890 1.66667e-06
5900 3.33333e-06
5910 1.66667e-06
5920 1.66667e-06
5930 3.33333e-06
5940 1.66667e-06
5950 3.33333e-06
5960 2.77556e-17
5970 3.33333e-06
5980 1.66667e-06
5990 2.77556e-17
6000 1.66667e-06
6010 1.66667e-06
6020 1.66667e-06
6030 1.66667e-06
6040 1.66667e-06
6050 1.66667e-06
6060 2.77556e-17
6070 1.66667e-06
6080 1.66667e-06
6090 3.33333e-06
6100 3.33333e-06
6110 1.66667e-06
6120 1.66667e-06
6130 1.66667e-06
6140 1.66667e-06
6150 2.77556e-17
6160 2.77556e-17
6170 3.33333e-06
6180 2.77556e-17
6190 2.77556e-17
6200 2.77556e-17
6210 1.66667e-06
6220 1.66667e-06
6230 1.66667e-06
6240 3.33333e-06
6250 1.66667e-06
6260 1.66667e-06
6270 2.77556e-17
6280 1.66667e-06
6290 1.66667e-06
6300 1.66667e-06
6310 1.66667e-06
6320 3.33333e-06
6330 2.77556e-17
6340 2.77556e-17
6350 1.66667e-06
6360 1.66667e-06
6370 2.77556e-17
6380 2.77556e-17
6390 1.66667e-06
6400 2.77556e-17
6410 3.33333e-06
6420 1.66667e-06
6430 1.66667e-06
6440 1.66667e-06
6450 2.77556e-17
6460 1.66667e-06
6470 1.66667e-06
6480 1.66667e-06
6490 3.33333e-06
6500 1.66667e-06
6510 2.77556e-17
6520 3.33333e-06
6530 1.66667e-06
6540 1.66667e-06
6550 1.66667e-06
6560 3.33333e-06
6570 3.33333e-06
6580 1.66667e-06
6590 1.66667e-06
6600 1.66667e-06
6610 3.33333e-06
6620 1.66667e-06
6630 3.33333e-06
6640 1.66667e-06
6650 3.33333e-06
6660 1.66667e-06
6670 1.66667e-06
6680 2.77556e-17
6690 2.77556e-17
6700 1.66667e-06
6710 1.66667e-06
6720 1.66667e-06
6730 1.66667e-06
6740 1.66667e-06
6750 2.77556e-17
6760 3.33333e-06
6770 1.66667e-06
6780 2.77556e-17
6790 3.33333e-06
6800 1.66667e-06
6810 2.77556e-17
6820 2.77556e-17
6830 1.66667e-06
6840 2.77556e-17
6850 2.77556e-17
6860 1.66667e-06
6870 1.66667e-06
6880 1.66667e-06
6890 2.77556e-17
6900 1.66667e-06
6910 1.66667e-06
6920 1.66667e-06
6930 1.66667e-06
6940 1.66667e-06
6950 1.66667e-06
6960 1.66667e-06
6970 2.77556e-17
6980 3.33333e-06
6990 1.66667e-06
7000 1.66667e-06
7010 1.66667e-06
7020 1.66667e-06
7030 1.66667e-06
7040 1.66667e-06
7050 1.66667e-06
7060 1.66667e-06
7070 1.66667e-06
7080 1.66667e-06
7090 1.66667e-06
7100 3.33333e-06
7110 1.66667e-06
7120 1.66667e-06
7130 1.66667e-06
7140 1.66667e-06
7150 3.33333e-06
7160 1.66667e-06
7170 3.33333e-06
7180 1.66667e-06
7190 1.66667e-06
7200 1.66667e-06
7210 1.66667e-06
7220 3.33333e-06
7230 1.66667e-06
7240 2.77556e-17
7250 1.66667e-06
7260 2.77556e-17
7270 1.66667e-06
7280 2.77556e-17
7290 1.66667e-06
7300 1.66667e-06
7310 1.66667e-06
7320 2.77556e-17
7330 2.77556e-17
7340 3.33333e-06
7350 1.66667e-06
7360 2.77556e-17
7370 1.66667e-06
7380 1.66667e-06
7390 1.66667e-06
7400 2.77556e-17
7410 2.77556e-17
7420 3.33333e-06
7430 1.66667e-06
7440 1.66667e-06
7450 1.66667e-06
7460 1.66667e-06
7470 1.66667e-06
7480 2.77556e-17
7490 2.77556e-17
7500 1.66667e-06
7510 1.66667e-06
7520 1.66667e-06
7530 1.66667e-06
7540 1.66667e-06
7550 3.33333e-06
7560 1.66667e-06
7570 3.33333e-06
7580 3.33333e-06
7590 3.33333e-06
7600 3.33333e-06
7610 3.33333e-06
7620 1.66667e-06
7630 1.66667e-06
7640 3.33333e-06
7650 1.66667e-06
7660 1.66667e-06
7670 2.77556e-17
7680 1.66667e-06
7690 2.77556e-17
7700 1.66667e-06
7710 1.66667e-06
7720 2.77556e-17
7730 3.33333e-06
7740 2.77556e-17
7750 1.66667e-06
7760 1.66667e-06
7770 1.66667e-06
7780 1.66667e-06
7790 2.77556e-17
7800 1.66667e-06
7810 1.66667e-06
7820 2.77556e-17
7830 2.77556e-17
7840 3.33333e-06
7850 2.77556e-17
7860 2.77556e-17
7870 3.33333e-06
7880 1.66667e-06
7890 2.77556e-17
7900 1.66667e-06
7910 3.33333e-06
7920 1.66667e-06
7930 3.33333e-06
7940 1.66667e-06
7950 2.77556e-17
7960 1.66667e-06
7970 3.33333e-06
7980 2.77556e-17
7990 1.66667e-06
8000 1.66667e-06
8010 2.77556e-17
8020 1.66667e-06
8030 1.66667e-06
8040 2.77556e-17
8050 2.77556e-17
8060 1.66667e-06
8070 2.77556e-17
8080 2.77556e-17
8090 1.66667e-06
8100 1.66667e-06
8110 2.77556e-17
8120 3.33333e-06
8130 3.33333e-06
8140 3.33333e-06
8150 1.66667e-06
8160 2.77556e-17
8170 1.66667e-06
8180 3.33333e-06
8190 1.66667e-06
8200 2.77556e-17
8210 1.66667e-06
8220 1.66667e-06
8230 1.66667e-06
8240 3.33333e-06
8250 2.77556e-17
8260 1.66667e-06
8270 2.77556e-17
8280 1.66667e-06
8290 1.66667e-06
8300 3.33333e-06
8310 1.66667e-06
8320 1.66667e-06
8330 1.66667e-06
8340 2.77556e-17
8350 1.66667e-06
8360 1.66667e-06
8370 1.66667e-06
8380 1.66667e-06
8390 3.33333e-06
8400 1.66667e-06
8410 1.66667e-06
8420 3.33333e-06
8430 1.66667e-06
8440 2.77556e-17
8450 1.66667e-06
8460 1.66667e-06
8470 1.66667e-06
8480 1.66667e-06
8490 1.66667e-06
8500 1.66667e-06
8510 1.66667e-06
8520 3.33333e-06
8530 3.33333e-06
8540 1.66667e-06
8550 1.66667e-06
8560 3.33333e-06
8570 2.77556e-17
8580 3.33333e-06
8590 1.66667e-06
8600 3.33333e-06
8610 3.33333e-06
8620 1.66667e-06
8630 2.77556e-17
8640 2.77556e-17
8650 3.33333e-06
8660 1.66667e-06
8670 2.77556e-17
8680 1.66667e-06
8690 1.66667e-06
8700 1.66667e-06
8710 2.77556e-17
8720 2.77556e-17
8730 2.77556e-17
8740 1.66667e-06
8750 1.66667e-06
8760 3.33333e-06
8770 1.66667e-06
8780 1.66667e-06
8790 2.77556e-17
8800 1.66667e-06
8810 1.66667e-06
8820 2.77556e-17
8830 1.66667e-06
8840 1.66667e-06
8850 1.66667e-06
8860 1.66667e-06
8870 1.66667e-06
8880 1.66667e-06
8890 1.66667e-06
8900 1.66667e-06
8910 3.33333e-06
8920 1.66667e-06
8930 1.66667e-06
8940 3.33333e-06
8950 1.66667e-06
8960 1.66667e-06
8970 1.66667e-06
8980 1.66667e-06
8990 2.77556e-17
9000 1.66667e-06
9010 1.66667e-06
9020 2.77556e-17
9030 1.66667e-06
9040 3.33333e-06
9050 2.77556e-17
9060 2.77556e-17
9070 2.77556e-17
9080 1.66667e-06
9090 3.33333e-06
9100 2.77556e-17
9110 1.66667e-06
9120 3.33333e-06
9130 2.77556e-17
9140 1.66667e-06
9150 3.33333e-06
9160 1.66667e-06
9170 1.66667e-06
9180 1.66667e-06
9190 1.66667e-06
9200 2.77556e-17
9210 3.33333e-06
9220 1.66667e-06
9230 1.66667e-06
9240 1.66667e-06
9250 1.66667e-06
9260 1.66667e-06
9270 1.66667e-06
9280 1.66667e-06
9290 1.66667e-06
9300 1.66667e-06
9310 1.66667e-06
9320 1.66667e-06
9330 1.66667e-06
9340 2.77556e-17
9350 1.66667e-06
9360 2.77556e-17
9370 2.77556e-17
9380 1.66667e-06
9390 1.66667e-06
9400 2.77556e-17
9410 2.77556e-17
9420 2.77556e-17
9430 1.66667e-06
9440 1.66667e-06
9450 3.33333e-06
9460 1.66667e-06
9470 1.66667e-06
9480 1.66667e-06
9490 1.66667e-06
9500 3.33333e-06
9510 1.66667e-06
9520 1.66667e-06
9530 1.66667e-06
9540 1.66667e-06
9550 2.77556e-17
9560 3.33333e-06
9570 1.66667e-06
9580 2.77556e-17
9590 1.66667e-06
9600 2.77556e-17
9610 2.77556e-17
9620 3.33333e-06
9630 1.66667e-06
9640 1.66667e-06
9650 1.66667e-06
9660 3.33333e-06
9670 1.66667e-06
9680 3.33333e-06
9690 2.77556e-17
9700 2.77556e-17
9710 1.66667e-06
9720 1.66667e-06
9730 2.77556e-17
9740 1.66667e-06
9750 3.33333e-06
9760 1.66667e-06
9770 3.33333e-06
9780 1.66667e-06
9790 1.66667e-06
9800 1.66667e-06
9810 1.66667e-06
9820 3.33333e-06
9830 3.33333e-06
9840 1.66667e-06
9850 3.33333e-06
9860 1.66667e-06
9870 1.66667e-06
9880 3.33333e-06
9890 1.66667e-06
9900 1.66667e-06
9910 1.66667e-06
9920 1.66667e-06
9930 3.33333e-06
9940 1.66667e-06
9950 2.77556e-17
9960 1.66667e-06
9970 2.77556e-17
9980 2.77556e-17
9990 2.77556e-17
10000 2.77556e-17
10010 1.66667e-06
10020 3.33333e-06
10030 1.66667e-06
10040 1.66667e-06
10050 1.66667e-06
10060 1.66667e-06
10070 3.33333e-06
10080 3.33333e-06
10090 1.66667e-06
10100 3.33333e-06
10110 2.77556e-17
10120 2.77556e-17
10130 1.66667e-06
10140 2.77556e-17
10150 3.33333e-06
10160 1.66667e-06
10170 1.66667e-06
10180 1.66667e-06
10190 1.66667e-06
10200 1.66667e-06
10210 1.66667e-06
10220 2.77556e-17
10230 2.77556e-17
10240 1.66667e-06
10250 1.66667e-06
10260 1.66667e-06
10270 1.66667e-06
10280 3.33333e-06
10290 1.66667e-06
10300 2.77556e-17
10310 2.77556e-17
10320 1.66667e-06
10330 3.33333e-06
10340 2.77556e-17
10350 1.66667e-06
10360 1.66667e-06
10370 2.77556e-17
10380 1.66667e-06
10390 3.33333e-06
10400 2.77556e-17
10410 2.77556e-17
10420 1.66667e-06
10430 1.66667e-06
10440 3.33333e-06
10450 2.77556e-17
10460 1.66667e-06
10470 2.77556e-17
10480 2.77556e-17
10490 1.66667e-06
10500 1.66667e-06
10510 1.66667e-06
10520 1.66667e-06
10530 1.66667e-06
10540 2.77556e-17
10550 3.33333e-06
10560 1.66667e-06
10570 1.66667e-06
10580 1.66667e-06
10590 1.66667e-06
10600 3.33333e-06
10610 3.33333e-06
10620 1.66667e-06
10630 2.77556e-17
10640 1.66667e-06
10650 3.33333e-06
10660 3.33333e-06
10670 1.66667e-06
10680 3.33333e-06
10690 3.33333e-06
10700 3.33333e-06
10710 1.66667e-06
10720 2.77556e-17
10730 1.66667e-06
10740 1.66667e-06
10750 3.33333e-06
10760 1.66667e-06
10770 1.66667e-06
10780 1.66667e-06
10790 1.66667e-06
10800 2.77556e-17
10810 1.66667e-06
10820 3.33333e-06
10830 2.77556e-17
10840 1.66667e-06
10850 1.66667e-06
10860 1.66667e-06
10870 1.66667e-06
10880 2.77556e-17
10890 2.77556e-17
10900 1.66667e-06
10910 2.77556e-17
10920 1.66667e-06
10930 2.77556e-17
10940 1.66667e-06
10950 1.66667e-06
10960 1.66667e-06
10970 1.66667e-06
10980 3.33333e-06
10990 3.33333e-06
11000 3.33333e-06
11010 1.66667e-06
11020 1.66667e-06
11030 1.66667e-06
11040 2.77556e-17
11050 1.66667e-06
11060 1.66667e-06
11070 1.66667e-06
11080 3.33333e-06
11090 3.33333e-06
11100 1.66667e-06
11110 1.66667e-06
11120 3.33333e-06
11130 1.66667e-06
11140 2.77556e-17
11150 2.77556e-17
11160 2.77556e-17
11170 1.66667e-06
11180 1.66667e-06
11190 1.66667e-06
11200 1.66667e-06
11210 1.66667e-06
11220 1.66667e-06
11230 1.66667e-06
11240 1.66667e-06
11250 3.33333e-06
11260 2.77556e-17
11270 1.66667e-06
11280 1.66667e-06
11290 1.66667e-06
11300 2.77556e-17
11310 1.66667e-06
11320 1.66667e-06
11330 3.33333e-06
11340 2.77556e-17
11350 3.33333e-06
11360 3.33333e-06
11370 2.77556e-17
11380 2.77556e-17
11390 1.66667e-06
11400 1.66667e-06
11410 2.77556e-17
11420 3.33333e-06
11430 1.66667e-06
11440 3.33333e-06
11450 1.66667e-06
11460 3.33333e-06
11470 3.33333e-06
11480 3.33333e-06
11490 1.66667e-06
11500 2.77556e-17
11510 1.66667e-06
11520 1.66667e-06
11530 3.33333e-06
11540 2.77556e-17
11550 2.77556e-17
11560 2.77556e-17
11570 2.77556e-17
11580 2.77556e-17
11590 2.77556e-17
11600 1.66667e-06
11610 1.66667e-06
11620 3.33333e-06
11630 3.33333e-06
11640 3.33333e-06
11650 1.66667e-06
11660 1.66667e-06
11670 1.66667e-06
11680 1.66667e-06
11690 2.77556e-17
11700 3.33333e-06
11710 1.66667e-06
11720 1.66667e-06
11730 3.33333e-06
11740 1.66667e-06
11750 2.77556e-17
11760 3.33333e-06
11770 1.66667e-06
11780 2.77556e-17
11790 2.77556e-17
11800 1.66667e-06
11810 3.33333e-06
11820 3.33333e-06
11830 3.33333e-06
11840 1.66667e-06
11850 1.66667e-06
11860 1.66667e-06
11870 1.66667e-06
11880 3.33333e-06
11890 2.77556e-17
11900 2.77556e-17
11910 3.33333e-06
11920 2.77556e-17
11930 3.33333e-06
11940 3.33333e-06
11950 3.33333e-06
11960 3.33333e-06
11970 1.66667e-06
11980 1.66667e-06
11990 2.77556e-17
12000 1.66667e-06
12010 1.66667e-06
12020 1.66667e-06
12030 1.66667e-06
12040 2.77556e-17
12050 3.33333e-06
12060 2.77556e-17
12070 2.77556e-17
12080 1.66667e-06
12090 2.77556e-17
12100 1.66667e-06
12110 3.33333e-06
12120 1.66667e-06
12130 1.66667e-06
12140 1.66667e-06
12150 1.66667e-06
12160 2.77556e-17
12170 1.66667e-06
12180 3.33333e-06
12190 3.33333e-06
12200 2.77556e-17
12210 2.77556e-17
12220 2.77556e-17
12230 1.66667e-06
12240 1.66667e-06
12250 3.33333e-06
12260 1.66667e-06
12270 1.66667e-06
12280 3.33333e-06
12290 3.33333e-06
12300 1.66667e-06
12310 3.33333e-06
12320 3.33333e-06
12330 3.33333e-06
12340 3.33333e-06
12350 1.66667e-06
12360 1.66667e-06
12370 1.66667e-06
12380 2.77556e-17
12390 3.33333e-06
12400 2.77556e-17
12410 1.66667e-06
12420 1.66667e-06
12430 2.77556e-17
12440 1.66667e-06
12450 3.33333e-06
12460 1.66667e-06
12470 2.77556e-17
12480 1.66667e-06
12490 3.33333e-06
12500 2.77556e-17
12510 3.33333e-06
12520 3.33333e-06
12530 2.77556e-17
12540 2.77556e-17
12550 1.66667e-06
12560 1.66667e-06
12570 1.66667e-06
12580 1.66667e-06
12590 3.33333e-06
12600 1.66667e-06
12610 1.66667e-06
12620 1.66667e-06
12630 1.66667e-06
12640 1.66667e-06
12650 2.77556e-17
12660 1.66667e-06
12670 1.66667e-06
12680 2.77556e-17
12690 3.33333e-06
12700 2.77556e-17
12710 1.66667e-06
12720 1.66667e-06
12730 1.66667e-06
12740 1.66667e-06
12750 1.66667e-06
12760 3.33333e-06
12770 2.77556e-17
12780 2.77556e-17
12790 1.66667e-06
12800 1.66667e-06
12810 2.77556e-17
12820 3.33333e-06
12830 2.77556e-17
12840 2.77556e-17
12850 3.33333e-06
12860 2.77556e-17
12870 2.77556e-17
12880 1.66667e-06
12890 1.66667e-06
12900 3.33333e-06
12910 1.66667e-06
12920 1.66667e-06
12930 3.33333e-06
12940 1.66667e-06
12950 1.66667e-06
12960 1.66667e-06
12970 1.66667e-06
12980 1.66667e-06
12990 1.66667e-06
13000 3.33333e-06
13010 1.66667e-06
13020 1.66667e-06
13030 3.33333e-06
13040 1.66667e-06
13050 1.66667e-06
13060 1.66667e-06
13070 3.33333e-06
13080 1.66667e-06
13090 1.66667e-06
13100 2.77556e-17
13110 1.66667e-06
13120 2.77556e-17
13130 2.77556e-17
13140 1.66667e-06
13150 2.77556e-17
13160 1.66667e-06
13170 2.77556e-17
13180 1.66667e-06
13190 3.33333e-06
13200 1.66667e-06
13210 1.66667e-06
13220 3.33333e-06
13230 3.33333e-06
13240 1.66667e-06
13250 1.66667e-06
13260 3.33333e-06
13270 1.66667e-06
13280 2.77556e-17
13290 1.66667e-06
13300 1.66667e-06
13310 1.66667e-06
13320 3.33333e-06
13330 3.33333e-06
13340 3.33333e-06
13350 1.66667e-06
13360 1.66667e-06
13370 2.77556e-17
13380 2.77556e-17
13390 1.66667e-06
13400 3.33333e-06
13410 3.33333e-06
13420 3.33333e-06
13430 2.77556e-17
13440 1.66667e-06
13450 1.66667e-06
13460 1.66667e-06
13470 1.66667e-06
13480 3.33333e-06
13490 3.33333e-06
13500 1.66667e-06
13510 1.66667e-06
13520 2.77556e-17
13530 2.77556e-17
13540 1.66667e-06
13550 1.66667e-06
13560 1.66667e-06
13570 2.77556e-17
13580 1.66667e-06
13590 1.66667e-06
13600 1.66667e-06
13610 1.66667e-06
13620 3.33333e-06
13630 3.33333e-06
13640 1.66667e-06
13650 3.33333e-06
13660 3.33333e-06
13670 1.66667e-06
13680 1.66667e-06
13690 3.33333e-06
13700 2.77556e-17
13710 2.77556e-17
13720 2.77556e-17
13730 1.66667e-06
13740 3.33333e-06
13750 1.66667e-06
13760 2.77556e-17
13770 1.66667e-06
13780 1.66667e-06
13790 1.66667e-06
13800 3.33333e-06
13810 3.33333e-06
13820 1.66667e-06
13830 3.33333e-06
13840 1.66667e-06
13850 2.77556e-17
13860 3.33333e-06
13870 1.66667e-06
13880 2.77556e-17
13890 2.77556e-17
13900 3.33333e-06
13910 3.33333e-06
13920 1.66667e-06
13930 1.66667e-06
13940 1.66667e-06
13950 3.33333e-06
13960 3.33333e-06
13970 3.33333e-06
13980 1.66667e-06
13990 1.66667e-06
14000 3.33333e-06
14010 1.66667e-06
14020 1.66667e-06
14030 3.33333e-06
14040 1.66667e-06
14050 1.66667e-06
14060 1.66667e-06
14070 3.33333e-06
14080 3.33333e-06
14090 2.77556e-17
14100 1.66667e-06
14110 1.66667e-06
14120 3.33333e-06
14130 3.33333e-06
14140 3.33333e-06
14150 1.66667e-06
14160 1.66667e-06
14170 2.77556e-17
14180 3.33333e-06
14190 1.66667e-06
14200 2.77556e-17
14210 1.66667e-06
14220 1.66667e-06
14230 1.66667e-06
14240 1.66667e-06
14250 3.33333e-06
14260 3.33333e-06
14270 3.33333e-06
14280 2.77556e-17
14290 1.66667e-06
14300 1.66667e-06
14310 3.33333e-06
14320 1.66667e-06
14330 1.66667e-06
14340 3.33333e-06
14350 1.66667e-06
14360 3.33333e-06
14370 3.33333e-06
14380 2.77556e-17
14390 1.66667e-06
14400 1.66667e-06
14410 3.33333e-06
14420 1.66667e-06
14430 1.66667e-06
14440 3.33333e-06
14450 1.66667e-06
14460 2.77556e-17
14470 1.66667e-06
14480 1.66667e-06
14490 1.66667e-06
14500 1.66667e-06
14510 2.77556e-17
14520 1.66667e-06
14530 1.66667e-06
14540 1.66667e-06
14550 3.33333e-06
14560 2.77556e-17
14570 1.66667e-06
14580 1.66667e-06
14590 1.66667e-06
14600 3.33333e-06
14610 3.33333e-06
14620 1.66667e-06
14630 1.66667e-06
14640 2.77556e-17
14650 1.66667e-06
14660 3.33333e-06
14670 3.33333e-06
14680 3.33333e-06
14690 1.66667e-06
14700 1.66667e-06
14710 3.33333e-06
14720 1.66667e-06
14730 2.77556e-17
14740 3.33333e-06
14750 1.66667e-06
14760 1.66667e-06
14770 1.66667e-06
14780 2.77556e-17
14790 1.66667e-06
14800 3.33333e-06
14810 2.77556e-17
14820 1.66667e-06
14830 1.66667e-06
14840 1.66667e-06
14850 1.66667e-06
14860 1.66667e-06
14870 3.33333e-06
14880 3.33333e-06
14890 1.66667e-06
14900 1.66667e-06
14910 3.33333e-06
14920 1.66667e-06
14930 1.66667e-06
14940 1.66667e-06
14950 1.66667e-06
14960 3.33333e-06
14970 1.66667e-06
14980 1.66667e-06
14990 1.66667e-06
15000 1.66667e-06
15010 2.77556e-17
15020 1.66667e-06
15030 2.77556e-17
15040 1.66667e-06
15050 1.66667e-06
15060 2.77556e-17
15070 2.77556e-17
15080 1.66667e-06
15090 1.66667e-06
15100 3.33333e-06
15110 3.33333e-06
15120 1.66667e-06
15130 3.33333e-06
15140 3.33333e-06
15150 3.33333e-06
15160 3.33333e-06
15170 1.66667e-06
15180 3.33333e-06
15190 2.77556e-17
15200 1.66667e-06
15210 3.33333e-06
15220 1.66667e-06
15230 3.33333e-06
15240 1.66667e-06
15250 3.33333e-06
15260 1.66667e-06
15270 1.66667e-06
15280 3.33333e-06
15290 1.66667e-06
15300 1.66667e-06
15310 1.66667e-06
15320 2.77556e-17
15330 1.66667e-06
15340 1.66667e-06
15350 1.66667e-06
15360 3.33333e-06
15370 3.33333e-06
15380 1.66667e-06
15390 3.33333e-06
15400 3.33333e-06
15410 3.33333e-06
15420 1.66667e-06
15430 1.66667e-06
15440 2.77556e-17
15450 3.33333e-06
15460 3.33333e-06
15470 3.33333e-06
15480 1.66667e-06
15490 1.66667e-06
15500 3.33333e-06
15510 1.66667e-06
15520 2.77556e-17
15530 2.77556e-17
15540 2.77556e-17
15550 3.33333e-06
15560 3.33333e-06
15570 2.77556e-17
15580 3.33333e-06
15590 3.33333e-06
15600 3.33333e-06
15610 2.77556e-17
15620 3.33333e-06
15630 1.66667e-06
15640 1.66667e-06
15650 1.66667e-06
15660 1.66667e-06
15670 2.77556e-17
15680 3.33333e-06
15690 1.66667e-06
15700 2.77556e-17
15710 1.66667e-06
15720 1.66667e-06
15730 1.66667e-06
15740 1.66667e-06
15750 1.66667e-06
15760 3.33333e-06
15770 3.33333e-06
15780 3.33333e-06
15790 3.33333e-06
15800 1.66667e-06
15810 1.66667e-06
15820 1.66667e-06
15830 2.77556e-17
15840 1.66667e-06
15850 2.77556e-17
15860 1.66667e-06
15870 1.66667e-06
15880 1.66667e-06
15890 3.33333e-06
15900 3.33333e-06
15910 3.33333e-06
15920 1.66667e-06
15930 3.33333e-06
15940 2.77556e-17
15950 3.33333e-06
15960 1.66667e-06
15970 1.66667e-06
15980 1.66667e-06
15990 3.33333e-06
16000 3.33333e-06
16010 1.66667e-06
16020 1.66667e-06
16030 1.66667e-06
16040 1.66667e-06
16050 1.66667e-06
16060 1.66667e-06
16070 3.33333e-06
16080 2.77556e-17
16090 3.33333e-06
16100 1.66667e-06
16110 3.33333e-06
16120 1.66667e-06
16130 3.33333e-06
16140 1.66667e-06
16150 3.33333e-06
16160 3.33333e-06
16170 2.77556e-17
16180 2.77556e-17
16190 3.33333e-06
16200 1.66667e-06
16210 1.66667e-06
16220 1.66667e-06
16230 3.33333e-06
16240 3.33333e-06
16250 1.66667e-06
16260 3.33333e-06
16270 1.66667e-06
16280 1.66667e-06
16290 1.66667e-06
16300 1.66667e-06
16310 2.77556e-17
16320 2.77556e-17
16330 1.66667e-06
16340 1.66667e-06
16350 1.66667e-06
16360 1.66667e-06
16370 1.66667e-06
16380 3.33333e-06
16390 1.66667e-06
16400 3.33333e-06
16410 2.77556e-17
16420 1.66667e-06
16430 3.33333e-06
16440 3.33333e-06
16450 3.33333e-06
16460 1.66667e-06
16470 1.66667e-06
16480 1.66667e-06
16490 1.66667e-06
16500 1.66667e-06
16510 1.66667e-06
16520 1.66667e-06
16530 1.66667e-06
16540 3.33333e-06
16550 1.66667e-06
16560 3.33333e-06
16570 1.66667e-06
16580 1.66667e-06
16590 1.66667e-06
16600 1.66667e-06
16610 3.33333e-06
16620 3.33333e-06
16630 1.66667e-06
16640 1.66667e-06
16650 3.33333e-06
16660 1.66667e-06
16670 1.66667e-06
16680 3.33333e-06
16690 3.33333e-06
16700 1.66667e-06
16710 2.77556e-17
16720 1.66667e-06
16730 1.66667e-06
16740 2.77556e-17
16750 3.33333e-06
16760 3.33333e-06
16770 2.77556e-17
16780 3.33333e-06
16790 2.77556e-17
16800 2.77556e-17
16810 2.77556e-17
16820 1.66667e-06
16830 3.33333e-06
16840 1.66667e-06
16850 1.66667e-06
16860 3.33333e-06
16870 1.66667e-06
16880 3.33333e-06
16890 3.33333e-06
16900 1.66667e-06
16910 1.66667e-06
16920 1.66667e-06
16930 3.33333e-06
16940 2.77556e-17
16950 1.66667e-06
16960 1.66667e-06
16970 1.66667e-06
16980 1.66667e-06
16990 1.66667e-06
17000 1.66667e-06
17010 2.77556e-17
17020 3.33333e-06
17030 1.66667e-06
17040 3.33333e-06
17050 3.33333e-06
17060 1.66667e-06
17070 3.33333e-06
17080 3.33333e-06
17090 3.33333e-06
17100 1.66667e-06
17110 2.77556e-17
17120 1.66667e-06
17130 1.66667e-06
17140 3.33333e-06
17150 1.66667e-06
17160 1.66667e-06
17170 3.33333e-06
17180 3.33333e-06
17190 3.33333e-06
17200 3.33333e-06
17210 1.66667e-06
17220 1.66667e-06
17230 2.77556e-17
17240 3.33333e-06
17250 2.77556e-17
17260 3.33333e-06
17270 1.66667e-06
17280 3.33333e-06
17290 1.66667e-06
17300 1.66667e-06
17310 3.33333e-06
17320 1.66667e-06
17330 1.66667e-06
17340 2.77556e-17
17350 2.77556e-17
17360 3.33333e-06
17370 1.66667e-06
17380 1.66667e-06
17390 3.33333e-06
17400 1.66667e-06
17410 3.33333e-06
17420 3.33333e-06
17430 1.66667e-06
17440 1.66667e-06
17450 1.66667e-06
17460 1.66667e-06
17470 2.77556e-17
17480 1.66667e-06
17490 2.77556e-17
17500 3.33333e-06
17510 3.33333e-06
17520 1.66667e-06
17530 3.33333e-06
17540 2.77556e-17
17550 2.77556e-17
17560 2.77556e-17
17570 3.33333e-06
17580 3.33333e-06
17590 3.33333e-06
17600 2.77556e-17
17610 1.66667e-06
17620 1.66667e-06
17630 1.66667e-06
17640 2.77556e-17
17650 2.77556e-17
17660 1.66667e-06
17670 2.77556e-17
17680 2.77556e-17
17690 3.33333e-06
17700 1.66667e-06
17710 1.66667e-06
17720 3.33333e-06
17730 1.66667e-06
17740 1.66667e-06
17750 1.66667e-06
17760 1.66667e-06
17770 1.66667e-06
17780 1.66667e-06
17790 2.77556e-17
17800 3.33333e-06
17810 2.77556e-17
17820 1.66667e-06
17830 3.33333e-06
17840 3.33333e-06
17850 3.33333e-06
17860 3.33333e-06
17870 1.66667e-06
17880 1.66667e-06
17890 2.77556e-17
17900 3.33333e-06
17910 2.77556e-17
17920 3.33333e-06
17930 3.33333e-06
17940 3.33333e-06
17950 3.33333e-06
17960 3.33333e-06
17970 3.33333e-06
17980 1.66667e-06
17990 1.66667e-06
18000 1.66667e-06
18010 2.77556e-17
18020 1.66667e-06
18030 1.66667e-06
18040 1.66667e-06
18050 1.66667e-06
18060 2.77556e-17
18070 3.33333e-06
18080 2.77556e-17
18090 2.77556e-17
18100 3.33333e-06
18110 1.66667e-06
18120 1.66667e-06
18130 1.66667e-06
18140 1.66667e-06
18150 1.66667e-06
18160 3.33333e-06
18170 1.66667e-06
18180 1.66667e-06
18190 1.66667e-06
18200 1.66667e-06
18210 1.66667e-06
18220 1.66667e-06
18230 1.66667e-06
18240 3.33333e-06
18250 3.33333e-06
18260 1.66667e-06
18270 3.33333e-06
18280 3.33333e-06
18290 1.66667e-06
18300 1.66667e-06
18310 2.77556e-17
18320 1.66667e-06
18330 1.66667e-06
18340 1.66667e-06
18350 3.33333e-06
18360 3.33333e-06
18370 3.33333e-06
18380 3.33333e-06
18390 1.66667e-06
18400 3.33333e-06
18410 3.33333e-06
18420 3.33333e-06
18430 3.33333e-06
18440 3.33333e-06
18450 1.66667e-06
18460 3.33333e-06
18470 1.66667e-06
18480 3.33333e-06
18490 1.66667e-06
18500 2.77556e-17
18510 1.66667e-06
18520 1.66667e-06
18530 2.77556e-17
18540 1.66667e-06
18550 1.66667e-06
18560 1.66667e-06
18570 3.33333e-06
18580 1.66667e-06
18590 3.33333e-06
18600 1.66667e-06
18610 1.66667e-06
18620 3.33333e-06
18630 1.66667e-06
18640 2.77556e-17
18650 1.66667e-06
18660 3.33333e-06
18670 1.66667e-06
18680 3.33333e-06
18690 3.33333e-06
18700 3.33333e-06
18710 1.66667e-06
18720 1.66667e-06
18730 1.66667e-06
18740 3.33333e-06
18750 3.33333e-06
18760 3.33333e-06
18770 2.77556e-17
18780 3.33333e-06
18790 1.66667e-06
18800 1.66667e-06
18810 3.33333e-06
18820 3.33333e-06
18830 1.66667e-06
18840 3.33333e-06
18850 3.33333e-06
18860 3.33333e-06
18870 2.77556e-17
18880 1.66667e-06
18890 3.33333e-06
18900 1.66667e-06
18910 3.33333e-06
18920 3.33333e-06
18930 3.33333e-06
18940 1.66667e-06
18950 3.33333e-06
18960 3.33333e-06
18970 3.33333e-06
18980 1.66667e-06
18990 1.66667e-06
19000 3.33333e-06
19010 2.77556e-17
19020 2.77556e-17
19030 1.66667e-06
19040 1.66667e-06
19050 1.66667e-06
19060 3.33333e-06
19070 1.66667e-06
19080 1.66667e-06
19090 3.33333e-06
19100 1.66667e-06
19110 3.33333e-06
19120 3.33333e-06
19130 2.77556e-17
19140 1.66667e-06
19150 3.33333e-06
19160 1.66667e-06
19170 1.66667e-06
19180 1.66667e-06
19190 2.77556e-17
19200 1.66667e-06
19210 2.77556e-17
19220 3.33333e-06
19230 3.33333e-06
19240 2.77556e-17
19250 1.66667e-06
19260 1.66667e-06
19270 1.66667e-06
19280 1.66667e-06
19290 3.33333e-06
19300 3.33333e-06
19310 3.33333e-06
19320 3.33333e-06
19330 1.66667e-06
19340 3.33333e-06
19350 3.33333e-06
19360 3.33333e-06
19370 3.33333e-06
19380 3.33333e-06
19390 3.33333e-06
19400 3.33333e-06
19410 3.33333e-06
19420 2.77556e-17
19430 3.33333e-06
19440 3.33333e-06
19450 1.66667e-06
19460 1.66667e-06
19470 3.33333e-06
19480 1.66667e-06
19490 1.66667e-06
19500 3.33333e-06
19510 3.33333e-06
19520 3.33333e-06
19530 3.33333e-06
19540 1.66667e-06
19550 3.33333e-06
19560 1.66667e-06
19570 1.66667e-06
19580 3.33333e-06
19590 2.77556e-17
19600 1.66667e-06
19610 2.77556e-17
19620 3.33333e-06
19630 1.66667e-06
19640 1.66667e-06
19650 3.33333e-06
19660 1.66667e-06
19670 1.66667e-06
19680 2.77556e-17
19690 3.33333e-06
19700 3.33333e-06
19710 1.66667e-06
19720 1.66667e-06
19730 3.33333e-06
19740 1.66667e-06
19750 3.33333e-06
19760 1.66667e-06
19770 3.33333e-06
19780 3.33333e-06
19790 1.66667e-06
19800 3.33333e-06
19810 1.66667e-06
19820 1.66667e-06
19830 1.66667e-06
19840 1.66667e-06
19850 1.66667e-06
19860 2.77556e-17
19870 2.77556e-17
19880 3.33333e-06
19890 3.33333e-06
19900 3.33333e-06
19910 3.33333e-06
19920 1.66667e-06
19930 1.66667e-06
19940 3.33333e-06
19950 1.66667e-06
19960 2.77556e-17
19970 3.33333e-06
19980 1.66667e-06
19990 3.33333e-06
20000 1.66667e-06
20010 3.33333e-06
20020 1.66667e-06
20030 1.66667e-06
20040 3.33333e-06
20050 3.33333e-06
20060 2.77556e-17
20070 1.66667e-06
20080 1.66667e-06
20090 1.66667e-06
20100 1.66667e-06
20110 3.33333e-06
20120 3.33333e-06
20130 1.66667e-06
20140 3.33333e-06
20150 3.33333e-06
20160 3.33333e-06
20170 1.66667e-06
20180 1.66667e-06
20190 1.66667e-06
20200 3.33333e-06
20210 1.66667e-06
20220 2.77556e-17
20230 3.33333e-06
20240 1.66667e-06
20250 1.66667e-06
20260 3.33333e-06
20270 3.33333e-06
20280 1.66667e-06
20290 3.33333e-06
20300 1.66667e-06
20310 1.66667e-06
20320 1.66667e-06
20330 1.66667e-06
20340 2.77556e-17
20350 1.66667e-06
20360 3.33333e-06
20370 2.77556e-17
20380 1.66667e-06
20390 3.33333e-06
20400 1.66667e-06
20410 2.77556e-17
20420 1.66667e-06
20430 3.33333e-06
20440 1.66667e-06
20450 3.33333e-06
20460 1.66667e-06
20470 3.33333e-06
20480 3.33333e-06
20490 3.33333e-06
20500 3.33333e-06
20510 1.66667e-06
20520 2.77556e-17
20530 3.33333e-06
20540 1.66667e-06
20550 3.33333e-06
20560 1.66667e-06
20570 3.33333e-06
20580 3.33333e-06
20590 1.66667e-06
20600 1.66667e-06
20610 1.66667e-06
20620 2.77556e-17
20630 3.33333e-06
20640 2.77556e-17
20650 1.66667e-06
20660 1.66667e-06
20670 2.77556e-17
20680 3.33333e-06
20690 1.66667e-06
20700 1.66667e-06
20710 3.33333e-06
20720 2.77556e-17
20730 3.33333e-06
20740 3.33333e-06
20750 2.77556e-17
20760 3.33333e-06
20770 1.66667e-06
20780 3.33333e-06
20790 1.66667e-06
20800 2.77556e-17
20810 1.66667e-06
20820 1.66667e-06
20830 1.66667e-06
20840 1.66667e-06
20850 1.66667e-06
20860 1.66667e-06
20870 1.66667e-06
20880 1.66667e-06
20890 1.66667e-06
20900 1.66667e-06
20910 3.33333e-06
20920 3.33333e-06
20930 3.33333e-06
20940 1.66667e-06
20950 3.33333e-06
20960 2.77556e-17
20970 1.66667e-06
20980 1.66667e-06
20990 2.77556e-17
21000 1.66667e-06
21010 2.77556e-17
21020 1.66667e-06
21030 2.77556e-17
21040 1.66667e-06
21050 3.33333e-06
21060 1.66667e-06
21070 1.66667e-06
21080 3.33333e-06
21090 2.77556e-17
21100 3.33333e-06
21110 2.77556e-17
21120 2.77556e-17
21130 1.66667e-06
21140 1.66667e-06
21150 2.77556e-17
21160 1.66667e-06
21170 3.33333e-06
21180 1.66667e-06
21190 1.66667e-06
21200 2.77556e-17
21210 3.33333e-06
21220 3.33333e-06
21230 1.66667e-06
21240 3.33333e-06
21250 2.77556e-17
21260 1.66667e-06
21270 2.77556e-17
21280 1.66667e-06
21290 1.66667e-06
21300 3.33333e-06
21310 1.66667e-06
21320 1.66667e-06
21330 1.66667e-06
21340 1.66667e-06
21350 3.33333e-06
21360 1.66667e-06
21370 3.33333e-06
21380 1.66667e-06
21390 3.33333e-06
21400 1.66667e-06
21410 3.33333e-06
21420 3.33333e-06
21430 1.66667e-06
21440 3.33333e-06
21450 3.33333e-06
21460 2.77556e-17
21470 3.33333e-06
21480 2.77556e-17
21490 1.66667e-06
21500 1.66667e-06
21510 2.77556e-17
21520 3.33333e-06
21530 3.33333e-06
21540 1.66667e-06
21550 3.33333e-06
21560 1.66667e-06
21570 2.77556e-17
21580 3.33333e-06
21590 1.66667e-06
21600 1.66667e-06
21610 1.66667e-06
21620 2.77556e-17
21630 3.33333e-06
21640 1.66667e-06
21650 1.66667e-06
21660 1.66667e-06
21670 1.66667e-06
21680 3.33333e-06
21690 1.66667e-06
21700 2.77556e-17
21710 2.77556e-17
21720 2.77556e-17
21730 3.33333e-06
21740 1.66667e-06
21750 1.66667e-06
21760 1.66667e-06
21770 3.33333e-06
21780 1.66667e-06
21790 3.33333e-06
21800 1.66667e-06
21810 3.33333e-06
21820 2.77556e-17
21830 2.77556e-17
21840 3.33333e-06
21850 1.66667e-06
21860 1.66667e-06
21870 1.66667e-06
21880 1.66667e-06
21890 3.33333e-06
21900 1.66667e-06
21910 1.66667e-06
21920 1.66667e-06
21930 3.33333e-06
21940 3.33333e-06
21950 3.33333e-06
21960 2.77556e-17
21970 3.33333e-06
21980 3.33333e-06
21990 3.33333e-06
22000 3.33333e-06
22010 1.66667e-06
22020 2.77556e-17
22030 1.66667e-06
22040 3.33333e-06
22050 3.33333e-06
22060 2.77556e-17
22070 1.66667e-06
22080 3.33333e-06
22090 3.33333e-06
22100 3.33333e-06
22110 1.66667e-06
22120 1.66667e-06
22130 1.66667e-06
22140 2.77556e-17
22150 1.66667e-06
22160 1.66667e-06
22170 1.66667e-06
22180 3.33333e-06
22190 1.66667e-06
22200 1.66667e-06
22210 2.77556e-17
22220 1.66667e-06
22230 3.33333e-06
22240 3.33333e-06
22250 3.33333e-06
22260 1.66667e-06
22270 1.66667e-06
22280 3.33333e-06
22290 3.33333e-06
22300 3.33333e-06
22310 1.66667e-06
22320 1.66667e-06
22330 1.66667e-06
22340 2.77556e-17
22350 2.77556e-17
22360 1.66667e-06
22370 1.66667e-06
22380 1.66667e-06
22390 1.66667e-06
22400 1.66667e-06
22410 1.66667e-06
22420 1.66667e-06
22430 3.33333e-06
22440 1.66667e-06
22450 3.33333e-06
22460 1.66667e-06
22470 3.33333e-06
22480 3.33333e-06
22490 1.66667e-06
22500 2.77556e-17
22510 1.66667e-06
22520 1.66667e-06
22530 1.66667e-06
22540 3.33333e-06
22550 1.66667e-06
22560 2.77556e-17
22570 1.66667e-06
22580 3.33333e-06
22590 1.66667e-06
22600 1.66667e-06
22610 2.77556e-17
22620 3.33333e-06
22630 1.66667e-06
22640 1.66667e-06
22650 1.66667e-06
22660 1.66667e-06
22670 1.66667e-06
22680 2.77556e-17
22690 2.77556e-17
22700 2.77556e-17
22710 1.66667e-06
22720 1.66667e-06
22730 1.66667e-06
22740 2.77556e-17
22750 2.77556e-17
22760 3.33333e-06
22770 1.66667e-06
22780 3.33333e-06
22790 3.33333e-06
22800 1.66667e-06
22810 3.33333e-06
22820 1.66667e-06
22830 1.66667e-06
22840 3.33333e-06
22850 1.66667e-06
22860 1.66667e-06
22870 1.66667e-06
22880 1.66667e-06
22890 2.77556e-17
22900 3.33333e-06
22910 1.66667e-06
22920 3.33333e-06
22930 3.33333e-06
22940 1.66667e-06
22950 2.77556e-17
22960 1.66667e-06
22970 3.33333e-06
22980 3.33333e-06
22990 3.33333e-06
23000 1.66667e-06
23010 1.66667e-06
23020 3.33333e-06
23030 1.66667e-06
23040 2.77556e-17
23050 1.66667e-06
23060 1.66667e-06
23070 3.33333e-06
23080 3.33333e-06
23090 2.77556e-17
23100 1.66667e-06
23110 1.66667e-06
23120 1.66667e-06
23130 1.66667e-06
23140 2.77556e-17
23150 3.33333e-06
23160 3.33333e-06
23170 1.66667e-06
23180 2.77556e-17
23190 2.77556e-17
23200 1.66667e-06
23210 3.33333e-06
23220 1.66667e-06
23230 1.66667e-06
23240 1.66667e-06
23250 1.66667e-06
23260 1.66667e-06
23270 2.77556e-17
23280 1.66667e-06
23290 1.66667e-06
23300 2.77556e-17
23310 3.33333e-06
23320 1.66667e-06
23330 1.66667e-06
23340 2.77556e-17
23350 1.66667e-06
23360 3.33333e-06
23370 1.66667e-06
23380 1.66667e-06
23390 1.66667e-06
23400 1.66667e-06
23410 1.66667e-06
23420 1.66667e-06
23430 2.77556e-17
23440 2.77556e-17
23450 2.77556e-17
23460 1.66667e-06
23470 1.66667e-06
23480 1.66667e-06
23490 1.66667e-06
23500 1.66667e-06
23510 1.66667e-06
23520 2.77556e-17
23530 2.77556e-17
23540 2.77556e-17
23550 1.66667e-06
23560 3.33333e-06
23570 1.66667e-06
23580 1.66667e-06
23590 2.77556e-17
23600 2.77556e-17
23610 1.66667e-06
23620 1.66667e-06
23630 3.33333e-06
23640 2.77556e-17
23650 3.33333e-06
23660 1.66667e-06
23670 1.66667e-06
23680 1.66667e-06
23690 2.77556e-17
23700 1.66667e-06
23710 1.66667e-06
23720 2.77556e-17
23730 1.66667e-06
23740 3.33333e-06
23750 3.33333e-06
23760 1.66667e-06
23770 2.77556e-17
23780 3.33333e-06
23790 3.33333e-06
23800 3.33333e-06
23810 3.33333e-06
23820 1.66667e-06
23830 1.66667e-06
23840 1.66667e-06
23850 3.33333e-06
23860 3.33333e-06
23870 1.66667e-06
23880 1.66667e-06
23890 1.66667e-06
23900 1.66667e-06
23910 3.33333e-06
23920 1.66667e-06
23930 2.77556e-17
23940 1.66667e-06
23950 1.66667e-06
23960 1.66667e-06
23970 1.66667e-06
23980 2.77556e-17
23990 1.66667e-06
24000 3.33333e-06
24010 1.66667e-06
24020 1.66667e-06
24030 1.66667e-06
24040 1.66667e-06
24050 2.77556e-17
24060 2.77556e-17
24070 2.77556e-17
24080 3.33333e-06
24090 1.66667e-06
24100 3.33333e-06
24110 3.33333e-06
24120 3.33333e-06
24130 1.66667e-06
24140 3.33333e-06
24150 1.66667e-06
24160 3.33333e-06
24170 1.66667e-06
24180 3.33333e-06
24190 1.66667e-06
24200 3.33333e-06
24210 1.66667e-06
24220 1.66667e-06
24230 1.66667e-06
24240 3.33333e-06
24250 1.66667e-06
24260 1.66667e-06
24270 1.66667e-06
24280 1.66667e-06
24290 3.33333e-06
24300 1.66667e-06
24310 3.33333e-06
24320 3.33333e-06
24330 1.66667e-06
24340 2.77556e-17
24350 1.66667e-06
24360 2.77556e-17
24370 3.33333e-06
24380 2.77556e-17
24390 2.77556e-17
24400 2.77556e-17
24410 1.66667e-06
24420 1.66667e-06
24430 2.77556e-17
24440 1.66667e-06
24450 1.66667e-06
24460 3.33333e-06
24470 1.66667e-06
24480 1.66667e-06
24490 1.66667e-06
24500 1.66667e-06
24510 1.66667e-06
24520 1.66667e-06
24530 1.66667e-06
24540 1.66667e-06
24550 1.66667e-06
24560 1.66667e-06
24570 1.66667e-06
24580 1.66667e-06
24590 1.66667e-06
24600 1.66667e-06
24610 3.33333e-06
24620 3.33333e-06
24630 1.66667e-06
24640 1.66667e-06
24650 1.66667e-06
24660 1.66667e-06
24670 1.66667e-06
24680 1.66667e-06
24690 2.77556e-17
24700 3.33333e-06
24710 1.66667e-06
24720 1.66667e-06
24730 1.66667e-06
24740 1.66667e-06
24750 1.66667e-06
24760 1.66667e-06
24770 2.77556e-17
24780 1.66667e-06
24790 2.77556e-17
24800 2.77556e-17
24810 1.66667e-06
24820 2.77556e-17
24830 3.33333e-06
24840 2.77556e-17
24850 1.66667e-06
24860 1.66667e-06
24870 3.33333e-06
24880 3.33333e-06
24890 3.33333e-06
24900 3.33333e-06
24910 1.66667e-06
24920 1.66667e-06
24930 2.77556e-17
24940 3.33333e-06
24950 1.66667e-06
24960 1.66667e-06
24970 1.66667e-06
24980 1.66667e-06
24990 1.66667e-06
25000 2.77556e-17
25010 2.77556e-17
25020 1.66667e-06
25030 2.77556e-17
25040 1.66667e-06
25050 3.33333e-06
25060 2.77556e-17
25070 1.66667e-06
25080 2.77556e-17
25090 1.66667e-06
25100 1.66667e-06
25110 3.33333e-06
25120 1.66667e-06
25130 3.33333e-06
25140 3.33333e-06
25150 2.77556e-17
25160 3.33333e-06
25170 1.66667e-06
25180 1.66667e-06
25190 1.66667e-06
25200 3.33333e-06
25210 2.77556e-17
25220 1.66667e-06
25230 1.66667e-06
25240 1.66667e-06
25250 1.66667e-06
25260 1.66667e-06
25270 2.77556e-17
25280 1.66667e-06
25290 1.66667e-06
25300 2.77556e-17
25310 3.33333e-06
25320 3.33333e-06
25330 1.66667e-06
25340 1.66667e-06
25350 3.33333e-06
25360 1.66667e-06
25370 1.66667e-06
25380 1.66667e-06
25390 2.77556e-17
25400 3.33333e-06
25410 2.77556e-17
25420 1.66667e-06
25430 1.66667e-06
25440 2.77556e-17
25450 1.66667e-06
25460 1.66667e-06
25470 1.66667e-06
25480 1.66667e-06
25490 1.66667e-06
25500 2.77556e-17
25510 2.77556e-17
25520 2.77556e-17
25530 1.66667e-06
25540 1.66667e-06
25550 1.66667e-06
25560 1.66667e-06
25570 3.33333e-06
25580 2.77556e-17
25590 2.77556e-17
25600 2.77556e-17
25610 2.77556e-17
25620 3.33333e-06
25630 1.66667e-06
25640 2.77556e-17
25650 3.33333e-06
25660 3.33333e-06
25670 1.66667e-06
25680 1.66667e-06
25690 1.66667e-06
25700 2.77556e-17
25710 1.66667e-06
25720 1.66667e-06
25730 1.66667e-06
25740 1.66667e-06
25750 2.77556e-17
25760 1.66667e-06
25770 1.66667e-06
25780 3.33333e-06
25790 1.66667e-06
25800 1.66667e-06
25810 2.77556e-17
25820 2.77556e-17
25830 1.66667e-06
25840 1.66667e-06
25850 1.66667e-06
25860 3.33333e-06
25870 1.66667e-06
25880 1.66667e-06
25890 1.66667e-06
25900 3.33333e-06
25910 3.33333e-06
25920 3.33333e-06
25930 3.33333e-06
25940 1.66667e-06
25950 2.77556e-17
25960 1.66667e-06
25970 3.33333e-06
25980 1.66667e-06
25990 3.33333e-06
26000 3.33333e-06
26010 3.33333e-06
26020 3.33333e-06
26030 3.33333e-06
26040 3.33333e-06
26050 1.66667e-06
26060 1.66667e-06
26070 2.77556e-17
26080 1.66667e-06
26090 1.66667e-06
26100 3.33333e-06
26110 1.66667e-06
26120 1.66667e-06
26130 3.33333e-06
26140 3.33333e-06
26150 2.77556e-17
26160 1.66667e-06
26170 1.66667e-06
26180 1.66667e-06
26190 1.66667e-06
26200 1.66667e-06
26210 1.66667e-06
26220 1.66667e-06
26230 2.77556e-17
26240 2.77556e-17
26250 1.66667e-06
26260 1.66667e-06
26270 2.77556e-17
26280 1.66667e-06
26290 1.66667e-06
26300 3.33333e-06
26310 3.33333e-06
26320 3.33333e-06
26330 3.33333e-06
26340 1.66667e-06
26350 1.66667e-06
26360 3.33333e-06
26370 3.33333e-06
26380 3.33333e-06
26390 3.33333e-06
26400 1.66667e-06
26410 2.77556e-17
26420 3.33333e-06
26430 1.66667e-06
26440 2.77556e-17
26450 2.77556e-17
26460 2.77556e-17
26470 1.66667e-06
26480 3.33333e-06
26490 1.66667e-06
26500 1.66667e-06
26510 1.66667e-06
26520 1.66667e-06
26530 1.66667e-06
26540 2.77556e-17
26550 1.66667e-06
26560 2.77556e-17
26570 2.77556e-17
26580 2.77556e-17
26590 1.66667e-06
26600 1.66667e-06
26610 1.66667e-06
26620 3.33333e-06
26630 3.33333e-06
26640 1.66667e-06
26650 1.66667e-06
26660 3.33333e-06
26670 3.33333e-06
26680 1.66667e-06
26690 1.66667e-06
26700 1.66667e-06
26710 3.33333e-06
26720 3.33333e-06
26730 1.66667e-06
26740 1.66667e-06
26750 3.33333e-06
26760 1.66667e-06
26770 2.77556e-17
26780 3.33333e-06
26790 1.66667e-06
26800 3.33333e-06
26810 1.66667e-06
26820 1.66667e-06
26830 1.66667e-06
26840 1.66667e-06
26850 1.66667e-06
26860 3.33333e-06
26870 1.66667e-06
26880 1.66667e-06
26890 2.77556e-17
26900 2.77556e-17
26910 2.77556e-17
26920 1.66667e-06
26930 2.77556e-17
26940 3.33333e-06
26950 1.66667e-06
26960 3.33333e-06
26970 1.66667e-06
26980 2.77556e-17
26990 1.66667e-06
27000 3.33333e-06
27010 1.66667e-06
27020 3.33333e-06
27030 2.77556e-17
27040 1.66667e-06
27050 3.33333e-06
27060 2.77556e-17
27070 1.66667e-06
27080 1.66667e-06
27090 1.66667e-06
27100 1.66667e-06
27110 3.33333e-06
27120 1.66667e-06
27130 3.33333e-06
27140 2.77556e-17
27150 1.66667e-06
27160 2.77556e-17
27170 1.66667e-06
27180 2.77556e-17
27190 1.66667e-06
27200 1.66667e-06
27210 2.77556e-17
27220 1.66667e-06
27230 1.66667e-06
27240 3.33333e-06
27250 3.33333e-06
27260 1.66667e-06
27270 1.66667e-06
27280 3.33333e-06
27290 1.66667e-06
27300 3.33333e-06
27310 3.33333e-06
27320 3.33333e-06
27330 3.33333e-06
27340 1.66667e-06
27350 2.77556e-17
27360 2.77556e-17
27370 1.66667e-06
27380 2.77556e-17
27390 2.77556e-17
27400 1.66667e-06
27410 3.33333e-06
27420 3.33333e-06
27430 1.66667e-06
27440 1.66667e-06
27450 1.66667e-06
27460 2.77556e-17
27470 1.66667e-06
27480 1.66667e-06
27490 1.66667e-06
27500 2.77556e-17
27510 2.77556e-17
27520 3.33333e-06
27530 1.66667e-06
27540 1.66667e-06
27550 2.77556e-17
27560 3.33333e-06
27570 1.66667e-06
27580 2.77556e-17
27590 2.77556e-17
27600 1.66667e-06
27610 2.77556e-17
27620 1.66667e-06
27630 1.66667e-06
27640 3.33333e-06
27650 1.66667e-06
27660 1.66667e-06
27670 3.33333e-06
27680 1.66667e-06
27690 1.66667e-06
27700 1.66667e-06
27710 1.66667e-06
27720 2.77556e-17
27730 1.66667e-06
27740 1.66667e-06
27750 3.33333e-06
27760 3.33333e-06
27770 3.33333e-06
27780 1.66667e-06
27790 1.66667e-06
27800 3.33333e-06
27810 3.33333e-06
27820 3.33333e-06
27830 3.33333e-06
27840 1.66667e-06
27850 3.33333e-06
27860 1.66667e-06
27870 3.33333e-06
27880 1.66667e-06
27890 3.33333e-06
27900 3.33333e-06
27910 3.33333e-06
27920 2.77556e-17
27930 2.77556e-17
27940 3.33333e-06
27950 3.33333e-06
27960 1.66667e-06
27970 3.33333e-06
27980 1.66667e-06
27990 1.66667e-06
28000 1.66667e-06
28010 2.77556e-17
28020 3.33333e-06
28030 1.66667e-06
28040 2.77556e-17
28050 3.33333e-06
28060 1.66667e-06
28070 1.66667e-06
28080 1.66667e-06
28090 2.77556e-17
28100 3.33333e-06
28110 1.66667e-06
28120 2.77556e-17
28130 2.77556e-17
28140 1.66667e-06
28150 1.66667e-06
28160 3.33333e-06
28170 2.77556e-17
28180 3.33333e-06
28190 1.66667e-06
28200 1.66667e-06
28210 1.66667e-06
28220 2.77556e-17
28230 1.66667e-06
28240 1.66667e-06
28250 1.66667e-06
28260 1.66667e-06
28270 1.66667e-06
28280 1.66667e-06
28290 2.77556e-17
28300 1.66667e-06
28310 1.66667e-06
28320 1.66667e-06
28330 1.66667e-06
28340 1.66667e-06
28350 1.66667e-06
28360 2.77556e-17
28370 2.77556e-17
28380 1.66667e-06
28390 3.33333e-06
28400 1.66667e-06
28410 1.66667e-06
28420 3.33333e-06
28430 3.33333e-06
28440 2.77556e-17
28450 1.66667e-06
28460 1.66667e-06
28470 1.66667e-06
28480 1.66667e-06
28490 3.33333e-06
28500 1.66667e-06
28510 1.66667e-06
28520 2.77556e-17
28530 2.77556e-17
28540 1.66667e-06
28550 3.33333e-06
28560 1.66667e-06
28570 1.66667e-06
28580 3.33333e-06
28590 1.66667e-06
28600 3.33333e-06
28610 1.66667e-06
28620 3.33333e-06
28630 1.66667e-06
28640 1.66667e-06
28650 2.77556e-17
28660 2.77556e-17
28670 3.33333e-06
28680 3.33333e-06
28690 3.33333e-06
28700 3.33333e-06
28710 3.33333e-06
28720 2.77556e-17
28730 1.66667e-06
28740 3.33333e-06
28750 3.33333e-06
28760 3.33333e-06
28770 1.66667e-06
28780 2.77556e-17
28790 1.66667e-06
28800 3.33333e-06
28810 2.77556e-17
28820 3.33333e-06
28830 2.77556e-17
28840 3.33333e-06
28850 1.66667e-06
28860 3.33333e-06
28870 3.33333e-06
28880 1.66667e-06
28890 1.66667e-06
28900 1.66667e-06
28910 2.77556e-17
28920 3.33333e-06
28930 3.33333e-06
28940 1.66667e-06
28950 1.66667e-06
28960 1.66667e-06
28970 2.77556e-17
28980 1.66667e-06
28990 1.66667e-06
29000 2.77556e-17
29010 2.77556e-17
29020 3.33333e-06
29030 3.33333e-06
29040 1.66667e-06
29050 1.66667e-06
29060 3.33333e-06
29070 1.66667e-06
29080 1.66667e-06
29090 3.33333e-06
29100 3.33333e-06
29110 1.66667e-06
29120 3.33333e-06
29130 1.66667e-06
29140 3.33333e-06
29150 1.66667e-06
29160 1.66667e-06
29170 1.66667e-06
29180 3.33333e-06
29190 2.77556e-17
29200 1.66667e-06
29210 1.66667e-06
29220 1.66667e-06
29230 1.66667e-06
29240 1.66667e-06
29250 2.77556e-17
29260 3.33333e-06
29270 3.33333e-06
29280 1.66667e-06
29290 1.66667e-06
29300 1.66667e-06
29310 1.66667e-06
29320 2.77556e-17
29330 3.33333e-06
29340 1.66667e-06
29350 1.66667e-06
29360 2.77556e-17
29370 3.33333e-06
29380 1.66667e-06
29390 1.66667e-06
29400 1.66667e-06
29410 1.66667e-06
29420 3.33333e-06
29430 1.66667e-06
29440 1.66667e-06
29450 1.66667e-06
29460 1.66667e-06
29470 1.66667e-06
29480 1.66667e-06
29490 2.77556e-17
29500 3.33333e-06
29510 2.77556e-17
29520 1.66667e-06
29530 3.33333e-06
29540 3.33333e-06
29550 1.66667e-06
29560 1.66667e-06
29570 1.66667e-06
29580 3.33333e-06
29590 2.77556e-17
29600 3.33333e-06
29610 1.66667e-06
29620 2.77556e-17
29630 1.66667e-06
29640 1.66667e-06
29650 1.66667e-06
29660 3.33333e-06
29670 1.66667e-06
29680 1.66667e-06
29690 1.66667e-06
29700 2.77556e-17
29710 3.33333e-06
29720 1.66667e-06
29730 1.66667e-06
29740 3.33333e-06
29750 2.77556e-17
29760 3.33333e-06
29770 3.33333e-06
29780 1.66667e-06
29790 1.66667e-06
29800 3.33333e-06
29810 1.66667e-06
29820 1.66667e-06
29830 3.33333e-06
29840 3.33333e-06
29850 2.77556e-17
29860 1.66667e-06
29870 1.66667e-06
29880 3.33333e-06
29890 3.33333e-06
29900 1.66667e-06
29910 1.66667e-06
29920 1.66667e-06
29930 1.66667e-06
29940 3.33333e-06
29950 1.66667e-06
29960 1.66667e-06
29970 3.33333e-06
29980 1.66667e-06
29990 3.33333e-06
30000 1.66667e-06
30010 3.33333e-06
30020 3.33333e-06
30030 1.66667e-06
30040 1.66667e-06
30050 3.33333e-06
30060 3.33333e-06
30070 2.77556e-17
30080 3.33333e-06
30090 1.66667e-06
30100 3.33333e-06
30110 1.66667e-06
30120 1.66667e-06
30130 1.66667e-06
30140 1.66667e-06
30150 3.33333e-06
30160 2.77556e-17
30170 1.66667e-06
30180 3.33333e-06
30190 1.66667e-06
30200 1.66667e-06
30210 2.77556e-17
30220 2.77556e-17
30230 1.66667e-06
30240 1.66667e-06
30250 3.33333e-06
30260 1.66667e-06
30270 2.77556e-17
30280 2.77556e-17
30290 1.66667e-06
30300 2.77556e-17
30310 1.66667e-06
30320 2.77556e-17
30330 1.66667e-06
30340 1.66667e-06
30350 3.33333e-06
30360 2.77556e-17
30370 3.33333e-06
30380 3.33333e-06
30390 1.66667e-06
30400 1.66667e-06
30410 3.33333e-06
30420 3.33333e-06
30430 1.66667e-06
30440 2.77556e-17
30450 1.66667e-06
30460 1.66667e-06
30470 2.77556e-17
30480 3.33333e-06
30490 1.66667e-06
30500 3.33333e-06
30510 1.66667e-06
30520 3.33333e-06
30530 2.77556e-17
30540 1.66667e-06
30550 3.33333e-06
30560 1.66667e-06
30570 1.66667e-06
30580 3.33333e-06
30590 3.33333e-06
30600 1.66667e-06
30610 1.66667e-06
30620 2.77556e-17
30630 1.66667e-06
30640 3.33333e-06
30650 3.33333e-06
30660 2.77556e-17
30670 3.33333e-06
30680 1.66667e-06
30690 1.66667e-06
30700 3.33333e-06
30710 1.66667e-06
30720 1.66667e-06
30730 2.77556e-17
30740 1.66667e-06
30750 3.33333e-06
30760 1.66667e-06
30770 3.33333e-06
30780 1.66667e-06
30790 2.77556e-17
30800 1.66667e-06
30810 1.66667e-06
30820 1.66667e-06
30830 2.77556e-17
30840 2.77556e-17
30850 2.77556e-17
30860 3.33333e-06
30870 2.77556e-17
30880 3.33333e-06
30890 1.66667e-06
30900 3.33333e-06
30910 2.77556e-17
30920 1.66667e-06
30930 3.33333e-06
30940 1.66667e-06
30950 1.66667e-06
30960 1.66667e-06
30970 1.66667e-06
30980 1.66667e-06
30990 1.66667e-06
31000 3.33333e-06
31010 1.66667e-06
31020 2.77556e-17
31030 1.66667e-06
31040 1.66667e-06
31050 1.66667e-06
31060 3.33333e-06
31070 3.33333e-06
31080 3.33333e-06
31090 3.33333e-06
31100 3.33333e-06
31110 1.66667e-06
31120 1.66667e-06
31130 1.66667e-06
31140 1.66667e-06
31150 3.33333e-06
31160 1.66667e-06
31170 1.66667e-06
31180 1.66667e-06
31190 1.66667e-06
31200 2.77556e-17
31210 1.66667e-06
31220 1.66667e-06
31230 1.66667e-06
31240 1.66667e-06
31250 1.66667e-06
31260 3.33333e-06
31270 2.77556e-17
31280 1.66667e-06
31290 2.77556e-17
31300 3.33333e-06
31310 1.66667e-06
31320 2.77556e-17
31330 1.66667e-06
31340 3.33333e-06
31350 1.66667e-06
31360 1.66667e-06
31370 3.33333e-06
31380 2.77556e-17
31390 2.77556e-17
31400 2.77556e-17
31410 3.33333e-06
31420 3.33333e-06
31430 3.33333e-06
31440 2.77556e-17
31450 1.66667e-06
31460 1.66667e-06
31470 3.33333e-06
31480 3.33333e-06
31490 1.66667e-06
31500 3.33333e-06
31510 3.33333e-06
31520 1.66667e-06
31530 1.66667e-06
31540 1.66667e-06
31550 1.66667e-06
31560 2.77556e-17
31570 1.66667e-06
31580 1.66667e-06
31590 1.66667e-06
31600 1.66667e-06
31610 1.66667e-06
31620 1.66667e-06
31630 3.33333e-06
31640 3.33333e-06
31650 3.33333e-06
31660 1.66667e-06
31670 3.33333e-06
31680 1.66667e-06
31690 3.33333e-06
31700 1.66667e-06
31710 1.66667e-06
31720 3.33333e-06
31730 3.33333e-06
31740 1.66667e-06
31750 1.66667e-06
31760 1.66667e-06
31770 1.66667e-06
31780 3.33333e-06
31790 1.66667e-06
31800 1.66667e-06
31810 1.66667e-06
31820 1.66667e-06
31830 1.66667e-06
31840 3.33333e-06
31850 1.66667e-06
31860 1.66667e-06
31870 1.66667e-06
31880 1.66667e-06
31890 2.77556e-17
31900 2.77556e-17
31910 1.66667e-06
31920 1.66667e-06
31930 1.66667e-06
31940 2.77556e-17
31950 2.77556e-17
31960 1.66667e-06
31970 3.33333e-06
31980 3.33333e-06
31990 1.66667e-06
32000 1.66667e-06
32010 2.77556e-17
32020 1.66667e-06
32030 1.66667e-06
32040 2.77556e-17
32050 2.77556e-17
32060 1.66667e-06
32070 2.77556e-17
32080 1.66667e-06
32090 2.77556e-17
32100 1.66667e-06
32110 2.77556e-17
32120 3.33333e-06
32130 1.66667e-06
32140 2.77556e-17
32150 3.33333e-06
32160 1.66667e-06
32170 1.66667e-06
32180 3.33333e-06
32190 1.66667e-06
32200 1.66667e-06
32210 2.77556e-17
32220 3.33333e-06
32230 1.66667e-06
32240 1.66667e-06
32250 2.77556e-17
32260 1.66667e-06
32270 2.77556e-17
32280 3.33333e-06
32290 3.33333e-06
32300 2.77556e-17
32310 2.77556e-17
32320 2.77556e-17
32330 1.66667e-06
32340 2.77556e-17
32350 1.66667e-06
32360 3.33333e-06
32370 1.66667e-06
32380 1.66667e-06
32390 1.66667e-06
32400 2.77556e-17
32410 3.33333e-06
32420 3.33333e-06
32430 1.66667e-06
32440 1.66667e-06
32450 1.66667e-06
32460 2.77556e-17
32470 2.77556e-17
32480 3.33333e-06
32490 1.66667e-06
32500 1.66667e-06
32510 2.77556e-17
32520 2.77556e-17
32530 1.66667e-06
32540 3.33333e-06
32550 1.66667e-06
32560 1.66667e-06
32570 1.66667e-06
32580 2.77556e-17
32590 2.77556e-17
32600 1.66667e-06
32610 2.77556e-17
32620 2.77556e-17
32630 1.66667e-06
32640 1.66667e-06
32650 2.77556e-17
32660 1.66667e-06
32670 1.66667e-06
32680 3.33333e-06
32690 3.33333e-06
32700 2.77556e-17
32710 1.66667e-06
32720 1.66667e-06
32730 2.77556e-17
32740 1.66667e-06
32750 1.66667e-06
32760 1.66667e-06
32770 1.66667e-06
32780 1.66667e-06
32790 1.66667e-06
32800 2.77556e-17
32810 2.77556e-17
32820 2.77556e-17
32830 3.33333e-06
32840 1.66667e-06
32850 2.77556e-17
32860 2.77556e-17
32870 1.66667e-06
32880 1.66667e-06
32890 2.77556e-17
32900 2.77556e-17
32910 1.66667e-06
32920 1.66667e-06
32930 1.66667e-06
32940 2.77556e-17
32950 1.66667e-06
32960 1.66667e-06
32970 1.66667e-06
32980 1.66667e-06
32990 3.33333e-06
33000 1.66667e-06
33010 2.77556e-17
33020 1.66667e-06
33030 1.66667e-06
33040 2.77556e-17
33050 3.33333e-06
33060 3.33333e-06
33070 2.77556e-17
33080 1.66667e-06
33090 1.66667e-06
33100 2.77556e-17
33110 2.77556e-17
33120 1.66667e-06
33130 2.77556e-17
33140 2.77556e-17
33150 2.77556e-17
33160 3.33333e-06
33170 2.77556e-17
33180 3.33333e-06
33190 1.66667e-06
33200 1.66667e-06
33210 2.77556e-17
33220 3.33333e-06
33230 1.66667e-06
33240 1.66667e-06
33250 2.77556e-17
33260 1.66667e-06
33270 3.33333e-06
33280 1.66667e-06
33290 1.66667e-06
33300 1.66667e-06
33310 1.66667e-06
33320 1.66667e-06
33330 3.33333e-06
33340 3.33333e-06
33350 1.66667e-06
33360 3.33333e-06
33370 3.33333e-06
33380 1.66667e-06
33390 3.33333e-06
33400 1.66667e-06
33410 3.33333e-06
33420 2.77556e-17
33430 2.77556e-17
33440 3.33333e-06
33450 1.66667e-06
33460 2.77556e-17
33470 1.66667e-06
33480 1.66667e-06
33490 2.77556e-17
33500 3.33333e-06
33510 3.33333e-06
33520 2.77556e-17
33530 2.77556e-17
33540 1.66667e-06
33550 1.66667e-06
33560 3.33333e-06
33570 3.33333e-06
33580 1.66667e-06
33590 2.77556e-17
33600 1.66667e-06
33610 1.66667e-06
33620 1.66667e-06
33630 2.77556e-17
33640 1.66667e-06
33650 1.66667e-06
33660 2.77556e-17
33670 1.66667e-06
33680 1.66667e-06
33690 2.77556e-17
33700 1.66667e-06
33710 2.77556e-17
33720 2.77556e-17
33730 2.77556e-17
33740 2.77556e-17
33750 2.77556e-17
33760 1.66667e-06
33770 1.66667e-06
33780 3.33333e-06
33790 3.33333e-06
33800 1.66667e-06
33810 1.66667e-06
33820 3.33333e-06
33830 1.66667e-06
33840 1.66667e-06
33850 1.66667e-06
33860 1.66667e-06
33870 3.33333e-06
33880 1.66667e-06
33890 2.77556e-17
33900 1.66667e-06
33910 1.66667e-06
33920 1.66667e-06
33930 3.33333e-06
33940 1.66667e-06
33950 1.66667e-06
33960 1.66667e-06
33970 3.33333e-06
33980 3.33333e-06
33990 1.66667e-06
34000 1.66667e-06
34010 3.33333e-06
34020 3.33333e-06
34030 1.66667e-06
34040 2.77556e-17
34050 3.33333e-06
34060 1.66667e-06
34070 1.66667e-06
34080 1.66667e-06
34090 1.66667e-06
34100 2.77556e-17
34110 2.77556e-17
34120 2.77556e-17
34130 3.33333e-06
34140 2.77556e-17
34150 1.66667e-06
34160 3.33333e-06
34170 3.33333e-06
34180 1.66667e-06
34190 1.66667e-06
34200 2.77556e-17
34210 2.77556e-17
34220 1.66667e-06
34230 1.66667e-06
34240 3.33333e-06
34250 1.66667e-06
34260 3.33333e-06
34270 3.33333e-06
34280 1.66667e-06
34290 3.33333e-06
34300 1.66667e-06
34310 3.33333e-06
34320 1.66667e-06
34330 3.33333e-06
34340 2.77556e-17
34350 2.77556e-17
34360 3.33333e-06
34370 3.33333e-06
34380 1.66667e-06
34390 3.33333e-06
34400 1.66667e-06
34410 2.77556e-17
34420 1.66667e-06
34430 3.33333e-06
34440 2.77556e-17
34450 1.66667e-06
34460 3.33333e-06
34470 2.77556e-17
34480 3.33333e-06
34490 1.66667e-06
34500 2.77556e-17
34510 1.66667e-06
34520 1.66667e-06
34530 2.77556e-17
34540 1.66667e-06
34550 1.66667e-06
34560 1.66667e-06
34570 3.33333e-06
34580 1.66667e-06
34590 2.77556e-17
34600 3.33333e-06
34610 1.66667e-06
34620 3.33333e-06
34630 3.33333e-06
34640 1.66667e-06
34650 1.66667e-06
34660 3.33333e-06
34670 3.33333e-06
34680 3.33333e-06
34690 1.66667e-06
34700 1.66667e-06
34710 1.66667e-06
34720 1.66667e-06
34730 2.77556e-17
34740 1.66667e-06
34750 3.33333e-06
34760 1.66667e-06
34770 1.66667e-06
34780 2.77556e-17
34790 1.66667e-06
34800 2.77556e-17
34810 1.66667e-06
34820 3.33333e-06
34830 1.66667e-06
34840 3.33333e-06
34850 2.77556e-17
34860 3.33333e-06
34870 1.66667e-06
34880 1.66667e-06
34890 1.66667e-06
34900 1.66667e-06
34910 3.33333e-06
34920 2.77556e-17
34930 1.66667e-06
34940 1.66667e-06
34950 2.77556e-17
34960 2.77556e-17
34970 1.66667e-06
34980 1.66667e-06
34990 1.66667e-06
35000 1.66667e-06
35010 1.66667e-06
35020 1.66667e-06
35030 3.33333e-06
35040 1.66667e-06
35050 1.66667e-06
35060 3.33333e-06
35070 3.33333e-06
35080 1.66667e-06
35090 1.66667e-06
35100 1.66667e-06
35110 1.66667e-06
35120 1.66667e-06
35130 2.77556e-17
35140 3.33333e-06
35150 1.66667e-06
35160 3.33333e-06
35170 2.77556e-17
35180 3.33333e-06
35190 1.66667e-06
35200 1.66667e-06
35210 1.66667e-06
35220 1.66667e-06
35230 3.33333e-06
35240 1.66667e-06
35250 3.33333e-06
35260 1.66667e-06
35270 3.33333e-06
35280 3.33333e-06
35290 1.66667e-06
35300 2.77556e-17
35310 1.66667e-06
35320 2.77556e-17
35330 1.66667e-06
35340 3.33333e-06
35350 3.33333e-06
35360 1.66667e-06
35370 1.66667e-06
35380 1.66667e-06
35390 1.66667e-06
35400 1.66667e-06
35410 3.33333e-06
35420 2.77556e-17
35430 1.66667e-06
35440 2.77556e-17
35450 1.66667e-06
35460 3.33333e-06
35470 1.66667e-06
35480 1.66667e-06
35490 2.77556e-17
35500 1.66667e-06
35510 1.66667e-06
35520 3.33333e-06
35530 2.77556e-17
35540 1.66667e-06
35550 2.77556e-17
35560 1.66667e-06
35570 1.66667e-06
35580 1.66667e-06
35590 1.66667e-06
35600 2.77556e-17
35610 1.66667e-06
35620 1.66667e-06
35630 1.66667e-06
35640 3.33333e-06
35650 3.33333e-06
35660 1.66667e-06
35670 3.33333e-06
35680 3.33333e-06
35690 1.66667e-06
35700 1.66667e-06
35710 3.33333e-06
35720 2.77556e-17
35730 3.33333e-06
35740 3.33333e-06
35750 2.77556e-17
35760 1.66667e-06
35770 2.77556e-17
35780 2.77556e-17
35790 1.66667e-06
35800 1.66667e-06
35810 1.66667e-06
35820 1.66667e-06
35830 1.66667e-06
35840 1.66667e-06
35850 1.66667e-06
35860 1.66667e-06
35870 3.33333e-06
35880 1.66667e-06
35890 1.66667e-06
35900 2.77556e-17
35910 1.66667e-06
35920 1.66667e-06
35930 2.77556e-17
35940 1.66667e-06
35950 1.66667e-06
35960 1.66667e-06
35970 2.77556e-17
35980 3.33333e-06
35990 1.66667e-06
36000 1.66667e-06
36010 1.66667e-06
36020 1.66667e-06
36030 3.33333e-06
36040 2.77556e-17
36050 1.66667e-06
36060 1.66667e-06
36070 1.66667e-06
36080 2.77556e-17
36090 1.66667e-06
36100 1.66667e-06
36110 3.33333e-06
36120 2.77556e-17
36130 1.66667e-06
36140 1.66667e-06
36150 1.66667e-06
36160 1.66667e-06
36170 1.66667e-06
36180 3.33333e-06
36190 3.33333e-06
36200 1.66667e-06
36210 1.66667e-06
36220 3.33333e-06
36230 3.33333e-06
36240 1.66667e-06
36250 1.66667e-06
36260 3.33333e-06
36270 1.66667e-06
36280 1.66667e-06
36290 3.33333e-06
36300 3.33333e-06
36310 1.66667e-06
36320 1.66667e-06
36330 1.66667e-06
36340 2.77556e-17
36350 3.33333e-06
36360 1.66667e-06
36370 2.77556e-17
36380 1.66667e-06
36390 2.77556e-17
36400 3.33333e-06
36410 2.77556e-17
36420 1.66667e-06
36430 3.33333e-06
36440 1.66667e-06
36450 3.33333e-06
36460 3.33333e-06
36470 1.66667e-06
36480 1.66667e-06
36490 1.66667e-06
36500 2.77556e-17
36510 1.66667e-06
36520 1.66667e-06
36530 2.77556e-17
36540 3.33333e-06
36550 2.77556e-17
36560 2.77556e-17
36570 2.77556e-17
36580 2.77556e-17
36590 1.66667e-06
36600 1.66667e-06
36610 3.33333e-06
36620 2.77556e-17
36630 1.66667e-06
36640 3.33333e-06
36650 3.33333e-06
36660 1.66667e-06
36670 3.33333e-06
36680 1.66667e-06
36690 1.66667e-06
36700 2.77556e-17
36710 3.33333e-06
36720 1.66667e-06
36730 1.66667e-06
36740 1.66667e-06
36750 3.33333e-06
36760 3.33333e-06
36770 1.66667e-06
36780 1.66667e-06
36790 3.33333e-06
36800 1.66667e-06
36810 2.77556e-17
36820 2.77556e-17
36830 3.33333e-06
36840 1.66667e-06
36850 1.66667e-06
36860 1.66667e-06
36870 3.33333e-06
36880 1.66667e-06
36890 1.66667e-06
36900 2.77556e-17
36910 1.66667e-06
36920 3.33333e-06
36930 1.66667e-06
36940 1.66667e-06
36950 1.66667e-06
36960 1.66667e-06
36970 3.33333e-06
36980 3.33333e-06
36990 1.66667e-06
37000 1.66667e-06
37010 2.77556e-17
37020 3.33333e-06
37030 2.77556e-17
37040 1.66667e-06
37050 2.77556e-17
37060 2.77556e-17
37070 1.66667e-06
37080 1.66667e-06
37090 2.77556e-17
37100 1.66667e-06
37110 1.66667e-06
37120 2.77556e-17
37130 2.77556e-17
37140 3.33333e-06
37150 1.66667e-06
37160 2.77556e-17
37170 1.66667e-06
37180 1.66667e-06
37190 2.77556e-17
37200 3.33333e-06
37210 3.33333e-06
37220 3.33333e-06
37230 1.66667e-06
37240 1.66667e-06
37250 3.33333e-06
37260 3.33333e-06
37270 3.33333e-06
37280 1.66667e-06
37290 2.77556e-17
37300 1.66667e-06
37310 1.66667e-06
37320 1.66667e-06
37330 1.66667e-06
37340 2.77556e-17
37350 1.66667e-06
37360 1.66667e-06
37370 1.66667e-06
37380 1.66667e-06
37390 2.77556e-17
37400 1.66667e-06
37410 1.66667e-06
37420 1.66667e-06
37430 2.77556e-17
37440 3.33333e-06
37450 1.66667e-06
37460 1.66667e-06
37470 2.77556e-17
37480 1.66667e-06
37490 3.33333e-06
37500 3.33333e-06
37510 1.66667e-06
37520 2.77556e-17
37530 1.66667e-06
37540 2.77556e-17
37550 1.66667e-06
37560 2.77556e-17
37570 2.77556e-17
37580 2.77556e-17
37590 1.66667e-06
37600 3.33333e-06
37610 1.66667e-06
37620 3.33333e-06
37630 1.66667e-06
37640 2.77556e-17
37650 1.66667e-06
37660 2.77556e-17
37670 1.66667e-06
37680 2.77556e-17
37690 1.66667e-06
37700 1.66667e-06
37710 3.33333e-06
37720 3.33333e-06
37730 1.66667e-06
37740 1.66667e-06
37750 2.77556e-17
37760 1.66667e-06
37770 3.33333e-06
37780 1.66667e-06
37790 1.66667e-06
37800 1.66667e-06
37810 2.77556e-17
37820 1.66667e-06
37830 3.33333e-06
37840 2.77556e-17
37850 2.77556e-17
37860 2.77556e-17
37870 1.66667e-06
37880 1.66667e-06
37890 3.33333e-06
37900 2.77556e-17
37910 2.77556e-17
37920 1.66667e-06
37930 1.66667e-06
37940 3.33333e-06
37950 2.77556e-17
37960 1.66667e-06
37970 1.66667e-06
37980 2.77556e-17
37990 2.77556e-17
38000 3.33333e-06
38010 1.66667e-06
38020 1.66667e-06
38030 1.66667e-06
38040 1.66667e-06
38050 1.66667e-06
38060 3.33333e-06
38070 1.66667e-06
38080 3.33333e-06
38090 1.66667e-06
38100 2.77556e-17
38110 1.66667e-06
38120 3.33333e-06
38130 2.77556e-17
38140 2.77556e-17
38150 3.33333e-06
38160 2.77556e-17
38170 1.66667e-06
38180 2.77556e-17
38190 2.77556e-17
38200 1.66667e-06
38210 3.33333e-06
38220 3.33333e-06
38230 2.77556e-17
38240 2.77556e-17
38250 1.66667e-06
38260 3.33333e-06
38270 1.66667e-06
38280 1.66667e-06
38290 1.66667e-06
38300 1.66667e-06
38310 3.33333e-06
38320 3.33333e-06
38330 1.66667e-06
38340 2.77556e-17
38350 1.66667e-06
38360 1.66667e-06
38370 2.77556e-17
38380 1.66667e-06
38390 2.77556e-17
38400 3.33333e-06
38410 2.77556e-17
38420 3.33333e-06
38430 2.77556e-17
38440 3.33333e-06
38450 3.33333e-06
38460 1.66667e-06
38470 1.66667e-06
38480 1.66667e-06
38490 1.66667e-06
38500 3.33333e-06
38510 3.33333e-06
38520 3.33333e-06
38530 1.66667e-06
38540 3.33333e-06
38550 2.77556e-17
38560 3.33333e-06
38570 1.66667e-06
38580 2.77556e-17
38590 1.66667e-06
38600 1.66667e-06
38610 2.77556e-17
38620 1.66667e-06
38630 3.33333e-06
38640 2.77556e-17
38650 1.66667e-06
38660 2.77556e-17
38670 1.66667e-06
38680 2.77556e-17
38690 3.33333e-06
38700 1.66667e-06
38710 2.77556e-17
38720 2.77556e-17
38730 1.66667e-06
38740 1.66667e-06
38750 1.66667e-06
38760 1.66667e-06
38770 3.33333e-06
38780 1.66667e-06
38790 1.66667e-06
38800 3.33333e-06
38810 1.66667e-06
38820 1.66667e-06
38830 2.77556e-17
38840 1.66667e-06
38850 3.33333e-06
38860 3.33333e-06
38870 1.66667e-06
38880 2.77556e-17
38890 1.66667e-06
38900 3.33333e-06
38910 3.33333e-06
38920 1.66667e-06
38930 1.66667e-06
38940 1.66667e-06
38950 2.77556e-17
38960 2.77556e-17
38970 1.66667e-06
38980 2.77556e-17
38990 1.66667e-06
39000 3.33333e-06
39010 3.33333e-06
39020 1.66667e-06
39030 1.66667e-06
39040 1.66667e-06
39050 1.66667e-06
39060 3.33333e-06
39070 1.66667e-06
39080 2.77556e-17
39090 2.77556e-17
39100 1.66667e-06
39110 1.66667e-06
39120 2.77556e-17
39130 1.66667e-06
39140 1.66667e-06
39150 1.66667e-06
39160 1.66667e-06
39170 1.66667e-06
39180 1.66667e-06
39190 1.66667e-06
39200 3.33333e-06
39210 1.66667e-06
39220 1.66667e-06
39230 1.66667e-06
39240 2.77556e-17
39250 3.33333e-06
39260 2.77556e-17
39270 1.66667e-06
39280 3.33333e-06
39290 1.66667e-06
39300 1.66667e-06
39310 2.77556e-17
39320 3.33333e-06
39330 1.66667e-06
39340 1.66667e-06
39350 2.77556e-17
39360 3.33333e-06
39370 1.66667e-06
39380 1.66667e-06
39390 1.66667e-06
39400 3.33333e-06
39410 1.66667e-06
39420 1.66667e-06
39430 3.33333e-06
39440 3.33333e-06
39450 1.66667e-06
39460 3.33333e-06
39470 3.33333e-06
39480 3.33333e-06
39490 1.66667e-06
39500 3.33333e-06
39510 1.66667e-06
39520 1.66667e-06
39530 2.77556e-17
39540 1.66667e-06
39550 1.66667e-06
39560 3.33333e-06
39570 3.33333e-06
39580 3.33333e-06
39590 3.33333e-06
39600 1.66667e-06
39610 3.33333e-06
39620 1.66667e-06
39630 3.33333e-06
39640 3.33333e-06
39650 1.66667e-06
39660 1.66667e-06
39670 1.66667e-06
39680 3.33333e-06
39690 1.66667e-06
39700 1.66667e-06
39710 3.33333e-06
39720 2.77556e-17
39730 2.77556e-17
39740 1.66667e-06
39750 1.66667e-06
39760 1.66667e-06
39770 1.66667e-06
39780 2.77556e-17
39790 2.77556e-17
39800 1.66667e-06
39810 1.66667e-06
39820 1.66667e-06
39830 2.77556e-17
39840 1.66667e-06
39850 3.33333e-06
39860 3.33333e-06
39870 3.33333e-06
39880 3.33333e-06
39890 1.66667e-06
39900 1.66667e-06
39910 1.66667e-06
39920 1.66667e-06
39930 1.66667e-06
39940 3.33333e-06
39950 3.33333e-06
39960 1.66667e-06
39970 1.66667e-06
39980 1.66667e-06
39990 1.66667e-06
40000 3.33333e-06
40010 1.66667e-06
40020 3.33333e-06
40030 1.66667e-06
40040 1.66667e-06
40050 1.66667e-06
40060 1.66667e-06
40070 2.77556e-17
40080 1.66667e-06
40090 2.77556e-17
40100 1.66667e-06
40110 2.77556e-17
40120 3.33333e-06
40130 3.33333e-06
40140 1.66667e-06
40150 1.66667e-06
40160 2.77556e-17
40170 1.66667e-06
40180 2.77556e-17
40190 3.33333e-06
40200 1.66667e-06
40210 3.33333e-06
40220 1.66667e-06
40230 3.33333e-06
40240 1.66667e-06
40250 2.77556e-17
40260 1.66667e-06
40270 1.66667e-06
40280 1.66667e-06
40290 1.66667e-06
40300 1.66667e-06
40310 3.33333e-06
40320 3.33333e-06
40330 3.33333e-06
40340 3.33333e-06
40350 3.33333e-06
40360 2.77556e-17
40370 2.77556e-17
40380 2.77556e-17
40390 3.33333e-06
40400 1.66667e-06
40410 1.66667e-06
40420 3.33333e-06
40430 2.77556e-17
40440 2.77556e-17
40450 1.66667e-06
40460 1.66667e-06
40470 1.66667e-06
40480 1.66667e-06
40490 3.33333e-06
40500 1.66667e-06
40510 1.66667e-06
40520 3.33333e-06
40530 2.77556e-17
40540 2.77556e-17
40550 3.33333e-06
40560 3.33333e-06
40570 1.66667e-06
40580 2.77556e-17
40590 2.77556e-17
40600 3.33333e-06
40610 1.66667e-06
40620 1.66667e-06
40630 3.33333e-06
40640 1.66667e-06
40650 1.66667e-06
40660 1.66667e-06
40670 2.77556e-17
40680 2.77556e-17
40690 3.33333e-06
40700 1.66667e-06
40710 3.33333e-06
40720 3.33333e-06
40730 1.66667e-06
40740 1.66667e-06
40750 1.66667e-06
40760 2.77556e-17
40770 2.77556e-17
40780 1.66667e-06
40790 3.33333e-06
40800 1.66667e-06
40810 2.77556e-17
40820 1.66667e-06
40830 3.33333e-06
40840 2.77556e-17
40850 1.66667e-06
40860 3.33333e-06
40870 3.33333e-06
40880 1.66667e-06
40890 1.66667e-06
40900 3.33333e-06
40910 2.77556e-17
40920 1.66667e-06
40930 1.66667e-06
40940 1.66667e-06
40950 1.66667e-06
40960 2.77556e-17
40970 2.77556e-17
40980 3.33333e-06
40990 1.66667e-06
41000 3.33333e-06
41010 3.33333e-06
41020 3.33333e-06
41030 2.77556e-17
41040 3.33333e-06
41050 3.33333e-06
41060 1.66667e-06
41070 3.33333e-06
41080 1.66667e-06
41090 1.66667e-06
41100 1.66667e-06
41110 2.77556e-17
41120 1.66667e-06
41130 3.33333e-06
41140 1.66667e-06
41150 1.66667e-06
41160 2.77556e-17
41170 1.66667e-06
41180 1.66667e-06
41190 1.66667e-06
41200 1.66667e-06
41210 2.77556e-17
41220 1.66667e-06
41230 1.66667e-06
41240 1.66667e-06
41250 1.66667e-06
41260 3.33333e-06
41270 2.77556e-17
41280 1.66667e-06
41290 1.66667e-06
41300 1.66667e-06
41310 3.33333e-06
41320 1.66667e-06
41330 1.66667e-06
41340 1.66667e-06
41350 1.66667e-06
41360 1.66667e-06
41370 1.66667e-06
41380 3.33333e-06
41390 1.66667e-06
41400 2.77556e-17
41410 2.77556e-17
41420 1.66667e-06
41430 3.33333e-06
41440 1.66667e-06
41450 1.66667e-06
41460 2.77556e-17
41470 1.66667e-06
41480 1.66667e-06
41490 3.33333e-06
41500 1.66667e-06
41510 2.77556e-17
41520 2.77556e-17
41530 2.77556e-17
41540 3.33333e-06
41550 3.33333e-06
41560 3.33333e-06
41570 3.33333e-06
41580 3.33333e-06
41590 2.77556e-17
41600 1.66667e-06
41610 2.77556e-17
41620 1.66667e-06
41630 1.66667e-06
41640 1.66667e-06
41650 2.77556e-17
41660 1.66667e-06
41670 2.77556e-17
41680 3.33333e-06
41690 1.66667e-06
41700 3.33333e-06
41710 3.33333e-06
41720 3.33333e-06
41730 1.66667e-06
41740 2.77556e-17
41750 1.66667e-06
41760 1.66667e-06
41770 2.77556e-17
41780 1.66667e-06
41790 1.66667e-06
41800 2.77556e-17
41810 1.66667e-06
41820 1.66667e-06
41830 2.77556e-17
41840 2.77556e-17
41850 3.33333e-06
41860 2.77556e-17
41870 1.66667e-06
41880 3.33333e-06
41890 1.66667e-06
41900 3.33333e-06
41910 2.77556e-17
41920 3.33333e-06
41930 2.77556e-17
41940 1.66667e-06
41950 1.66667e-06
41960 1.66667e-06
41970 3.33333e-06
41980 3.33333e-06
41990 3.33333e-06
42000 1.66667e-06
42010 1.66667e-06
42020 2.77556e-17
42030 1.66667e-06
42040 1.66667e-06
42050 3.33333e-06
42060 1.66667e-06
42070 1.66667e-06
42080 1.66667e-06
42090 1.66667e-06
42100 1.66667e-06
42110 1.66667e-06
42120 3.33333e-06
42130 3.33333e-06
42140 2.77556e-17
42150 2.77556e-17
42160 1.66667e-06
42170 2.77556e-17
42180 2.77556e-17
42190 3.33333e-06
42200 1.66667e-06
42210 1.66667e-06
42220 2.77556e-17
42230 2.77556e-17
42240 1.66667e-06
42250 1.66667e-06
42260 1.66667e-06
42270 1.66667e-06
42280 1.66667e-06
42290 2.77556e-17
42300 2.77556e-17
42310 2.77556e-17
42320 2.77556e-17
42330 1.66667e-06
42340 1.66667e-06
42350 1.66667e-06
42360 1.66667e-06
42370 1.66667e-06
42380 2.77556e-17
42390 2.77556e-17
42400 2.77556e-17
42410 1.66667e-06
42420 2.77556e-17
42430 3.33333e-06
42440 1.66667e-06
42450 1.66667e-06
42460 1.66667e-06
42470 3.33333e-06
42480 1.66667e-06
42490 2.77556e-17
42500 3.33333e-06
42510 2.77556e-17
42520 1.66667e-06
42530 1.66667e-06
42540 2.77556e-17
42550 3.33333e-06
42560 1.66667e-06
42570 1.66667e-06
42580 3.33333e-06
42590 3.33333e-06
42600 3.33333e-06
42610 3.33333e-06
42620 2.77556e-17
42630 1.66667e-06
42640 1.66667e-06
42650 3.33333e-06
42660 1.66667e-06
42670 1.66667e-06
42680 1.66667e-06
42690 3.33333e-06
42700 1.66667e-06
42710 2.77556e-17
42720 3.33333e-06
42730 2.77556e-17
42740 1.66667e-06
42750 1.66667e-06
42760 3.33333e-06
42770 3.33333e-06
42780 1.66667e-06
42790 1.66667e-06
42800 3.33333e-06
42810 2.77556e-17
42820 3.33333e-06
42830 1.66667e-06
42840 2.77556e-17
42850 1.66667e-06
42860 3.33333e-06
42870 1.66667e-06
42880 1.66667e-06
42890 2.77556e-17
42900 1.66667e-06
42910 2.77556e-17
42920 1.66667e-06
42930 3.33333e-06
42940 2.77556e-17
42950 2.77556e-17
42960 3.33333e-06
42970 1.66667e-06
42980 1.66667e-06
42990 3.33333e-06
43000 1.66667e-06
43010 2.77556e-17
43020 1.66667e-06
43030 3.33333e-06
43040 3.33333e-06
43050 1.66667e-06
43060 1.66667e-06
43070 3.33333e-06
43080 1.66667e-06
43090 3.33333e-06
43100 1.66667e-06
43110 2.77556e-17
43120 2.77556e-17
43130 2.77556e-17
43140 1.66667e-06
43150 1.66667e-06
43160 3.33333e-06
43170 1.66667e-06
43180 2.77556e-17
43190 2.77556e-17
43200 1.66667e-06
43210 1.66667e-06
43220 1.66667e-06
43230 1.66667e-06
43240 3.33333e-06
43250 1.66667e-06
43260 3.33333e-06
43270 1.66667e-06
43280 3.33333e-06
43290 1.66667e-06
43300 1.66667e-06
43310 3.33333e-06
43320 3.33333e-06
43330 1.66667e-06
43340 2.77556e-17
43350 1.66667e-06
43360 1.66667e-06
43370 1.66667e-06
43380 2.77556e-17
43390 2.77556e-17
43400 3.33333e-06
43410 1.66667e-06
43420 3.33333e-06
43430 3.33333e-06
43440 1.66667e-06
43450 1.66667e-06
43460 1.66667e-06
43470 1.66667e-06
43480 2.77556e-17
43490 1.66667e-06
43500 3.33333e-06
43510 3.33333e-06
43520 1.66667e-06
43530 3.33333e-06
43540 3.33333e-06
43550 3.33333e-06
43560 1.66667e-06
43570 3.33333e-06
43580 3.33333e-06
43590 2.77556e-17
43600 1.66667e-06
43610 2.77556e-17
43620 2.77556e-17
43630 1.66667e-06
43640 1.66667e-06
43650 1.66667e-06
43660 2.77556e-17
43670 2.77556e-17
43680 2.77556e-17
43690 1.66667e-06
43700 1.66667e-06
43710 3.33333e-06
43720 1.66667e-06
43730 1.66667e-06
43740 3.33333e-06
43750 3.33333e-06
43760 1.66667e-06
43770 3.33333e-06
43780 1.66667e-06
43790 2.77556e-17
43800 3.33333e-06
43810 2.77556e-17
43820 2.77556e-17
43830 1.66667e-06
43840 3.33333e-06
43850 1.66667e-06
43860 1.66667e-06
43870 1.66667e-06
43880 3.33333e-06
43890 1.66667e-06
43900 2.77556e-17
43910 2.77556e-17
43920 1.66667e-06
43930 3.33333e-06
43940 1.66667e-06
43950 2.77556e-17
43960 1.66667e-06
43970 1.66667e-06
43980 1.66667e-06
43990 1.66667e-06
44000 1.66667e-06
44010 2.77556e-17
44020 3.33333e-06
44030 1.66667e-06
44040 2.77556e-17
44050 3.33333e-06
44060 3.33333e-06
44070 3.33333e-06
44080 3.33333e-06
44090 1.66667e-06
44100 2.77556e-17
44110 1.66667e-06
44120 2.77556e-17
44130 1.66667e-06
44140 1.66667e-06
44150 3.33333e-06
44160 3.33333e-06
44170 1.66667e-06
44180 1.66667e-06
44190 3.33333e-06
44200 2.77556e-17
44210 1.66667e-06
44220 1.66667e-06
44230 3.33333e-06
44240 1.66667e-06
44250 3.33333e-06
44260 1.66667e-06
44270 2.77556e-17
44280 2.77556e-17
44290 1.66667e-06
44300 1.66667e-06
44310 1.66667e-06
44320 3.33333e-06
44330 3.33333e-06
44340 2.77556e-17
44350 1.66667e-06
44360 2.77556e-17
44370 1.66667e-06
44380 1.66667e-06
44390 2.77556e-17
44400 1.66667e-06
44410 2.77556e-17
44420 3.33333e-06
44430 3.33333e-06
44440 1.66667e-06
44450 3.33333e-06
44460 1.66667e-06
44470 2.77556e-17
44480 3.33333e-06
44490 3.33333e-06
44500 1.66667e-06
44510 3.33333e-06
44520 1.66667e-06
44530 2.77556e-17
44540 2.77556e-17
44550 3.33333e-06
44560 3.33333e-06
44570 2.77556e-17
44580 1.66667e-06
44590 2.77556e-17
44600 3.33333e-06
44610 1.66667e-06
44620 1.66667e-06
44630 1.66667e-06
44640 3.33333e-06
44650 1.66667e-06
44660 2.77556e-17
44670 1.66667e-06
44680 2.77556e-17
44690 2.77556e-17
44700 2.77556e-17
44710 3.33333e-06
44720 1.66667e-06
44730 1.66667e-06
44740 1.66667e-06
44750 1.66667e-06
44760 1.66667e-06
44770 1.66667e-06
44780 1.66667e-06
44790 1.66667e-06
44800 1.66667e-06
44810 1.66667e-06
44820 2.77556e-17
44830 1.66667e-06
44840 1.66667e-06
44850 1.66667e-06
44860 3.33333e-06
44870 1.66667e-06
44880 1.66667e-06
44890 3.33333e-06
44900 2.77556e-17
44910 2.77556e-17
44920 2.77556e-17
44930 2.77556e-17
44940 3.33333e-06
44950 2.77556e-17
44960 2.77556e-17
44970 2.77556e-17
44980 1.66667e-06
44990 2.77556e-17
45000 2.77556e-17
45010 1.66667e-06
45020 2.77556e-17
45030 1.66667e-06
45040 1.66667e-06
45050 3.33333e-06
45060 2.77556e-17
45070 2.77556e-17
45080 3.33333e-06
45090 1.66667e-06
45100 2.77556e-17
45110 1.66667e-06
45120 2.77556e-17
45130 2.77556e-17
45140 1.66667e-06
45150 1.66667e-06
45160 1.66667e-06
45170 3.33333e-06
45180 3.33333e-06
45190 2.77556e-17
45200 2.77556e-17
45210 3.33333e-06
45220 1.66667e-06
45230 1.66667e-06
45240 3.33333e-06
45250 1.66667e-06
45260 2.77556e-17
45270 3.33333e-06
45280 1.66667e-06
45290 1.66667e-06
45300 1.66667e-06
45310 3.33333e-06
45320 2.77556e-17
45330 1.66667e-06
45340 2.77556e-17
45350 3.33333e-06
45360 1.66667e-06
45370 3.33333e-06
45380 1.66667e-06
45390 2.77556e-17
45400 3.33333e-06
45410 1.66667e-06
45420 1.66667e-06
45430 1.66667e-06
45440 1.66667e-06
45450 2.77556e-17
45460 3.33333e-06
45470 1.66667e-06
45480 2.77556e-17
45490 1.66667e-06
45500 1.66667e-06
45510 2.77556e-17
45520 2.77556e-17
45530 2.77556e-17
45540 2.77556e-17
45550 3.33333e-06
45560 1.66667e-06
45570 2.77556e-17
45580 2.77556e-17
45590 1.66667e-06
45600 1.66667e-06
45610 2.77556e-17
45620 1.66667e-06
45630 2.77556e-17
45640 2.77556e-17
45650 3.33333e-06
45660 2.77556e-17
45670 1.66667e-06
45680 1.66667e-06
45690 3.33333e-06
45700 1.66667e-06
45710 3.33333e-06
45720 3.33333e-06
45730 3.33333e-06
45740 3.33333e-06
45750 2.77556e-17
45760 2.77556e-17
45770 1.66667e-06
45780 1.66667e-06
45790 3.33333e-06
45800 1.66667e-06
45810 3.33333e-06
45820 1.66667e-06
45830 1.66667e-06
45840 1.66667e-06
45850 1.66667e-06
45860 1.66667e-06
45870 1.66667e-06
45880 2.77556e-17
45890 2.77556e-17
45900 3.33333e-06
45910 1.66667e-06
45920 3.33333e-06
45930 2.77556e-17
45940 2.77556e-17
45950 1.66667e-06
45960 3.33333e-06
45970 3.33333e-06
45980 1.66667e-06
45990 1.66667e-06
46000 1.66667e-06
46010 2.77556e-17
46020 2.77556e-17
46030 3.33333e-06
46040 3.33333e-06
46050 1.66667e-06
46060 1.66667e-06
46070 3.33333e-06
46080 2.77556e-17
46090 1.66667e-06
46100 1.66667e-06
46110 1.66667e-06
46120 3.33333e-06
46130 1.66667e-06
46140 1.66667e-06
46150 1.66667e-06
46160 3.33333e-06
46170 3.33333e-06
46180 1.66667e-06
46190 3.33333e-06
46200 3.33333e-06
46210 2.77556e-17
46220 1.66667e-06
46230 1.66667e-06
46240 1.66667e-06
46250 1.66667e-06
46260 1.66667e-06
46270 1.66667e-06
46280 2.77556e-17
46290 2.77556e-17
46300 1.66667e-06
46310 2.77556e-17
46320 1.66667e-06
46330 3.33333e-06
46340 1.66667e-06
46350 2.77556e-17
46360 1.66667e-06
46370 2.77556e-17
46380 1.66667e-06
46390 1.66667e-06
46400 3.33333e-06
46410 3.33333e-06
46420 1.66667e-06
46430 1.66667e-06
46440 3.33333e-06
46450 3.33333e-06
46460 1.66667e-06
46470 3.33333e-06
46480 1.66667e-06
46490 3.33333e-06
46500 3.33333e-06
46510 1.66667e-06
46520 3.33333e-06
46530 3.33333e-06
46540 3.33333e-06
46550 1.66667e-06
46560 1.66667e-06
46570 3.33333e-06
46580 3.33333e-06
46590 1.66667e-06
46600 1.66667e-06
46610 1.66667e-06
46620 1.66667e-06
46630 2.77556e-17
46640 1.66667e-06
46650 2.77556e-17
46660 1.66667e-06
46670 2.77556e-17
46680 2.77556e-17
46690 1.66667e-06
46700 1.66667e-06
46710 1.66667e-06
46720 1.66667e-06
46730 3.33333e-06
46740 1.66667e-06
46750 2.77556e-17
46760 3.33333e-06
46770 1.66667e-06
46780 2.77556e-17
46790 2.77556e-17
46800 1.66667e-06
46810 3.33333e-06
46820 1.66667e-06
46830 3.33333e-06
46840 3.33333e-06
46850 3.33333e-06
46860 2.77556e-17
46870 2.77556e-17
46880 2.77556e-17
46890 1.66667e-06
46900 2.77556e-17
46910 1.66667e-06
46920 2.77556e-17
46930 3.33333e-06
46940 1.66667e-06
46950 1.66667e-06
46960 3.33333e-06
46970 3.33333e-06
46980 1.66667e-06
46990 2.77556e-17
47000 1.66667e-06
47010 1.66667e-06
47020 2.77556e-17
47030 1.66667e-06
47040 2.77556e-17
47050 2.77556e-17
47060 1.66667e-06
47070 3.33333e-06
47080 1.66667e-06
47090 1.66667e-06
47100 1.66667e-06
47110 1.66667e-06
47120 2.77556e-17
47130 2.77556e-17
47140 1.66667e-06
47150 3.33333e-06
47160 1.66667e-06
47170 3.33333e-06
47180 2.77556e-17
47190 1.66667e-06
47200 3.33333e-06
47210 3.33333e-06
47220 1.66667e-06
47230 1.66667e-06
47240 1.66667e-06
47250 2.77556e-17
47260 1.66667e-06
47270 1.66667e-06
47280 1.66667e-06
47290 3.33333e-06
47300 1.66667e-06
47310 3.33333e-06
47320 3.33333e-06
47330 1.66667e-06
47340 3.33333e-06
47350 3.33333e-06
47360 2.77556e-17
47370 2.77556e-17
47380 1.66667e-06
47390 1.66667e-06
47400 1.66667e-06
47410 2.77556e-17
47420 2.77556e-17
47430 3.33333e-06
47440 3.33333e-06
47450 3.33333e-06
47460 3.33333e-06
47470 1.66667e-06
47480 2.77556e-17
47490 3.33333e-06
47500 2.77556e-17
47510 1.66667e-06
47520 2.77556e-17
47530 2.77556e-17
47540 3.33333e-06
47550 3.33333e-06
47560 3.33333e-06
47570 1.66667e-06
47580 1.66667e-06
47590 2.77556e-17
47600 1.66667e-06
47610 2.77556e-17
47620 1.66667e-06
47630 1.66667e-06
47640 1.66667e-06
47650 1.66667e-06
47660 1.66667e-06
47670 3.33333e-06
47680 1.66667e-06
47690 3.33333e-06
47700 3.33333e-06
47710 2.77556e-17
47720 1.66667e-06
47730 1.66667e-06
47740 1.66667e-06
47750 3.33333e-06
47760 2.77556e-17
47770 3.33333e-06
47780 3.33333e-06
47790 1.66667e-06
47800 1.66667e-06
47810 2.77556e-17
47820 3.33333e-06
47830 2.77556e-17
47840 1.66667e-06
47850 2.77556e-17
47860 1.66667e-06
47870 3.33333e-06
47880 1.66667e-06
47890 2.77556e-17
47900 1.66667e-06
47910 3.33333e-06
47920 3.33333e-06
47930 1.66667e-06
47940 1.66667e-06
47950 3.33333e-06
47960 3.33333e-06
47970 1.66667e-06
47980 3.33333e-06
47990 1.66667e-06
48000 2.77556e-17
48010 1.66667e-06
48020 1.66667e-06
48030 3.33333e-06
48040 3.33333e-06
48050 2.77556e-17
48060 2.77556e-17
48070 1.66667e-06
48080 1.66667e-06
48090 3.33333e-06
48100 1.66667e-06
48110 3.33333e-06
48120 1.66667e-06
48130 1.66667e-06
48140 1.66667e-06
48150 1.66667e-06
48160 2.77556e-17
48170 3.33333e-06
48180 2.77556e-17
48190 2.77556e-17
48200 2.77556e-17
48210 1.66667e-06
48220 1.66667e-06
48230 2.77556e-17
48240 2.77556e-17
48250 3.33333e-06
48260 3.33333e-06
48270 1.66667e-06
48280 3.33333e-06
48290 1.66667e-06
48300 1.66667e-06
48310 3.33333e-06
48320 1.66667e-06
48330 1.66667e-06
48340 1.66667e-06
48350 2.77556e-17
48360 1.66667e-06
48370 3.33333e-06
48380 1.66667e-06
48390 2.77556e-17
48400 1.66667e-06
48410 3.33333e-06
48420 3.33333e-06
48430 1.66667e-06
48440 3.33333e-06
48450 1.66667e-06
48460 1.66667e-06
48470 1.66667e-06
48480 3.33333e-06
48490 1.66667e-06
48500 3.33333e-06
48510 3.33333e-06
48520 3.33333e-06
48530 3.33333e-06
48540 1.66667e-06
48550 1.66667e-06
48560 1.66667e-06
48570 3.33333e-06
48580 3.33333e-06
48590 1.66667e-06
48600 2.77556e-17
48610 3.33333e-06
48620 2.77556e-17
48630 2.77556e-17
48640 1.66667e-06
48650 3.33333e-06
48660 1.66667e-06
48670 3.33333e-06
48680 1.66667e-06
48690 1.66667e-06
48700 1.66667e-06
48710 2.77556e-17
48720 3.33333e-06
48730 2.77556e-17
48740 3.33333e-06
48750 1.66667e-06
48760 1.66667e-06
48770 3.33333e-06
48780 1.66667e-06
48790 2.77556e-17
48800 2.77556e-17
48810 1.66667e-06
48820 1.66667e-06
48830 1.66667e-06
48840 1.66667e-06
48850 1.66667e-06
48860 1.66667e-06
48870 1.66667e-06
48880 1.66667e-06
48890 1.66667e-06
48900 2.77556e-17
48910 1.66667e-06
48920 2.77556e-17
48930 1.66667e-06
48940 1.66667e-06
48950 3.33333e-06
48960 1.66667e-06
48970 2.77556e-17
48980 3.33333e-06
48990 2.77556e-17
49000 1.66667e-06
49010 2.77556e-17
49020 1.66667e-06
49030 1.66667e-06
49040 1.66667e-06
49050 2.77556e-17
49060 2.77556e-17
49070 1.66667e-06
49080 1.66667e-06
49090 1.66667e-06
49100 2.77556e-17
49110 2.77556e-17
49120 2.77556e-17
49130 1.66667e-06
49140 1.66667e-06
49150 1.66667e-06
49160 3.33333e-06
49170 1.66667e-06
49180 1.66667e-06
49190 3.33333e-06
49200 1.66667e-06
49210 1.66667e-06
49220 1.66667e-06
49230 1.66667e-06
49240 3.33333e-06
49250 1.66667e-06
49260 3.33333e-06
49270 1.66667e-06
49280 2.77556e-17
49290 3.33333e-06
49300 3.33333e-06
49310 2.77556e-17
49320 1.66667e-06
49330 1.66667e-06
49340 1.66667e-06
49350 2.77556e-17
49360 2.77556e-17
49370 2.77556e-17
49380 1.66667e-06
49390 3.33333e-06
49400 3.33333e-06
49410 1.66667e-06
49420 3.33333e-06
49430 1.66667e-06
49440 2.77556e-17
49450 2.77556e-17
49460 3.33333e-06
49470 2.77556e-17
49480 1.66667e-06
49490 2.77556e-17
49500 1.66667e-06
49510 3.33333e-06
49520 3.33333e-06
49530 3.33333e-06
49540 1.66667e-06
49550 1.66667e-06
49560 1.66667e-06
49570 1.66667e-06
49580 1.66667e-06
49590 3.33333e-06
49600 3.33333e-06
49610 1.66667e-06
49620 1.66667e-06
49630 1.66667e-06
49640 2.77556e-17
49650 1.66667e-06
49660 3.33333e-06
49670 1.66667e-06
49680 2.77556e-17
49690 1.66667e-06
49700 2.77556e-17
49710 2.77556e-17
49720 2.77556e-17
49730 1.66667e-06
49740 2.77556e-17
49750 3.33333e-06
49760 1.66667e-06
49770 1.66667e-06
49780 1.66667e-06
49790 1.66667e-06
49800 1.66667e-06
49810 1.66667e-06
49820 2.77556e-17
49830 1.66667e-06
49840 1.66667e-06
49850 3.33333e-06
49860 1.66667e-06
49870 1.66667e-06
49880 1.66667e-06
49890 3.33333e-06
49900 1.66667e-06
49910 1.66667e-06
49920 2.77556e-17
49930 2.77556e-17
49940 2.77556e-17
49950 1.66667e-06
49960 1.66667e-06
49970 1.66667e-06
49980 2.77556e-17
49990 2.77556e-17
50000 1.66667e-06
50010 1.66667e-06
50020 3.33333e-06
50030 1.66667e-06
50040 2.77556e-17
50050 3.33333e-06
50060 3.33333e-06
50070 1.66667e-06
50080 1.66667e-06
50090 1.66667e-06
50100 1.66667e-06
50110 1.66667e-06
50120 1.66667e-06
50130 3.33333e-06
50140 1.66667e-06
50150 1.66667e-06
50160 3.33333e-06
50170 3.33333e-06
50180 1.66667e-06
50190 3.33333e-06
50200 3.33333e-06
50210 1.66667e-06
50220 2.77556e-17
50230 1.66667e-06
50240 1.66667e-06
50250 1.66667e-06
50260 1.66667e-06
50270 1.66667e-06
50280 1.66667e-06
50290 2.77556e-17
50300 1.66667e-06
50310 2.77556e-17
50320 3.33333e-06
50330 1.66667e-06
50340 1.66667e-06
50350 3.33333e-06
50360 1.66667e-06
50370 2.77556e-17
50380 3.33333e-06
50390 3.33333e-06
50400 3.33333e-06
50410 1.66667e-06
50420 1.66667e-06
50430 2.77556e-17
50440 3.33333e-06
50450 1.66667e-06
50460 1.66667e-06
50470 3.33333e-06
50480 3.33333e-06
50490 2.77556e-17
50500 1.66667e-06
50510 1.66667e-06
50520 1.66667e-06
50530 2.77556e-17
50540 2.77556e-17
50550 1.66667e-06
50560 1.66667e-06
50570 1.66667e-06
50580 1.66667e-06
50590 1.66667e-06
50600 3.33333e-06
50610 3.33333e-06
50620 2.77556e-17
50630 3.33333e-06
50640 1.66667e-06
50650 1.66667e-06
50660 1.66667e-06
50670 1.66667e-06
50680 1.66667e-06
50690 3.33333e-06
50700 1.66667e-06
50710 1.66667e-06
50720 1.66667e-06
50730 1.66667e-06
50740 2.77556e-17
50750 3.33333e-06
50760 2.77556e-17
50770 2.77556e-17
50780 1.66667e-06
50790 1.66667e-06
50800 1.66667e-06
50810 2.77556e-17
50820 2.77556e-17
50830 3.33333e-06
50840 1.66667e-06
50850 1.66667e-06
50860 2.77556e-17
50870 2.77556e-17
50880 2.77556e-17
50890 1.66667e-06
50900 1.66667e-06
50910 1.66667e-06
50920 2.77556e-17
50930 2.77556e-17
50940 1.66667e-06
50950 3.33333e-06
50960 2.77556e-17
50970 1.66667e-06
50980 1.66667e-06
50990 1.66667e-06
51000 2.77556e-17
51010 3.33333e-06
51020 1.66667e-06
51030 3.33333e-06
51040 1.66667e-06
51050 1.66667e-06
51060 3.33333e-06
51070 2.77556e-17
51080 1.66667e-06
51090 1.66667e-06
51100 1.66667e-06
51110 1.66667e-06
51120 1.66667e-06
51130 2.77556e-17
51140 3.33333e-06
51150 2.77556e-17
51160 1.66667e-06
51170 1.66667e-06
51180 1.66667e-06
51190 2.77556e-17
51200 1.66667e-06
51210 2.77556e-17
51220 1.66667e-06
51230 2.77556e-17
51240 1.66667e-06
51250 1.66667e-06
51260 1.66667e-06
51270 1.66667e-06
51280 3.33333e-06
51290 1.66667e-06
51300 1.66667e-06
51310 2.77556e-17
51320 1.66667e-06
51330 3.33333e-06
51340 1.66667e-06
51350 3.33333e-06
51360 3.33333e-06
51370 2.77556e-17
51380 1.66667e-06
51390 1.66667e-06
51400 1.66667e-06
51410 3.33333e-06
51420 1.66667e-06
51430 1.66667e-06
51440 3.33333e-06
51450 3.33333e-06
51460 1.66667e-06
51470 1.66667e-06
51480 3.33333e-06
51490 1.66667e-06
51500 1.66667e-06
51510 1.66667e-06
51520 2.77556e-17
51530 1.66667e-06
51540 1.66667e-06
51550 3.33333e-06
51560 1.66667e-06
51570 1.66667e-06
51580 3.33333e-06
51590 1.66667e-06
51600 1.66667e-06
51610 1.66667e-06
51620 3.33333e-06
51630 1.66667e-06
51640 1.66667e-06
51650 1.66667e-06
51660 3.33333e-06
51670 1.66667e-06
51680 1.66667e-06
51690 2.77556e-17
51700 1.66667e-06
51710 2.77556e-17
51720 1.66667e-06
51730 3.33333e-06
51740 2.77556e-17
51750 1.66667e-06
51760 2.77556e-17
51770 1.66667e-06
51780 1.66667e-06
51790 1.66667e-06
51800 2.77556e-17
51810 1.66667e-06
51820 2.77556e-17
51830 3.33333e-06
51840 1.66667e-06
51850 2.77556e-17
51860 2.77556e-17
51870 3.33333e-06
51880 1.66667e-06
51890 3.33333e-06
51900 1.66667e-06
51910 1.66667e-06
51920 1.66667e-06
51930 1.66667e-06
51940 3.33333e-06
51950 1.66667e-06
51960 3.33333e-06
51970 2.77556e-17
51980 2.77556e-17
51990 2.77556e-17
52000 2.77556e-17
52010 2.77556e-17
52020 1.66667e-06
52030 2.77556e-17
52040 1.66667e-06
52050 1.66667e-06
52060 1.66667e-06
52070 2.77556e-17
52080 1.66667e-06
52090 3.33333e-06
52100 2.77556e-17
52110 1.66667e-06
52120 1.66667e-06
52130 2.77556e-17
52140 2.77556e-17
52150 3.33333e-06
52160 2.77556e-17
52170 2.77556e-17
52180 2.77556e-17
52190 1.66667e-06
52200 3.33333e-06
52210 1.66667e-06
52220 2.77556e-17
52230 2.77556e-17
52240 2.77556e-17
52250 2.77556e-17
52260 1.66667e-06
52270 1.66667e-06
52280 2.77556e-17
52290 2.77556e-17
52300 3.33333e-06
52310 1.66667e-06
52320 3.33333e-06
52330 1.66667e-06
52340 2.77556e-17
52350 1.66667e-06
52360 1.66667e-06
52370 3.33333e-06
52380 1.66667e-06
52390 1.66667e-06
52400 2.77556e-17
52410 2.77556e-17
52420 2.77556e-17
52430 1.66667e-06
52440 3.33333e-06
52450 2.77556e-17
52460 1.66667e-06
52470 3.33333e-06
52480 3.33333e-06
52490 3.33333e-06
52500 1.66667e-06
52510 1.66667e-06
52520 2.77556e-17
52530 1.66667e-06
52540 3.33333e-06
52550 3.33333e-06
52560 2.77556e-17
52570 2.77556e-17
52580 2.77556e-17
52590 1.66667e-06
52600 3.33333e-06
52610 1.66667e-06
52620 3.33333e-06
52630 2.77556e-17
52640 1.66667e-06
52650 1.66667e-06
52660 2.77556e-17
52670 1.66667e-06
52680 3.33333e-06
52690 2.77556e-17
52700 1.66667e-06
52710 3.33333e-06
52720 1.66667e-06
52730 1.66667e-06
52740 1.66667e-06
52750 2.77556e-17
52760 1.66667e-06
52770 3.33333e-06
52780 1.66667e-06
52790 1.66667e-06
52800 3.33333e-06
52810 3.33333e-06
52820 1.66667e-06
52830 3.33333e-06
52840 1.66667e-06
52850 1.66667e-06
52860 1.66667e-06
52870 2.77556e-17
52880 1.66667e-06
52890 2.77556e-17
52900 1.66667e-06
52910 3.33333e-06
52920 1.66667e-06
52930 1.66667e-06
52940 1.66667e-06
52950 1.66667e-06
52960 1.66667e-06
52970 1.66667e-06
52980 3.33333e-06
52990 3.33333e-06
53000 1.66667e-06
53010 1.66667e-06
53020 3.33333e-06
53030 1.66667e-06
53040 1.66667e-06
53050 3.33333e-06
53060 1.66667e-06
53070 1.66667e-06
53080 1.66667e-06
53090 1.66667e-06
53100 2.77556e-17
53110 3.33333e-06
53120 2.77556e-17
53130 3.33333e-06
53140 1.66667e-06
53150 3.33333e-06
53160 1.66667e-06
53170 1.66667e-06
53180 2.77556e-17
53190 1.66667e-06
53200 1.66667e-06
53210 3.33333e-06
53220 2.77556e-17
53230 3.33333e-06
53240 2.77556e-17
53250 3.33333e-06
53260 1.66667e-06
53270 1.66667e-06
53280 1.66667e-06
53290 2.77556e-17
53300 2.77556e-17
53310 1.66667e-06
53320 3.33333e-06
53330 3.33333e-06
53340 3.33333e-06
53350 1.66667e-06
53360 2.77556e-17
53370 3.33333e-06
53380 1.66667e-06
53390 3.33333e-06
53400 1.66667e-06
53410 1.66667e-06
53420 3.33333e-06
53430 3.33333e-06
53440 1.66667e-06
53450 1.66667e-06
53460 2.77556e-17
53470 1.66667e-06
53480 1.66667e-06
53490 1.66667e-06
53500 2.77556e-17
53510 2.77556e-17
53520 1.66667e-06
53530 3.33333e-06
53540 1.66667e-06
53550 2.77556e-17
53560 2.77556e-17
53570 3.33333e-06
53580 2.77556e-17
53590 1.66667e-06
53600 1.66667e-06
53610 1.66667e-06
53620 1.66667e-06
53630 2.77556e-17
53640 2.77556e-17
53650 1.66667e-06
53660 2.77556e-17
53670 1.66667e-06
53680 1.66667e-06
53690 2.77556e-17
53700 3.33333e-06
53710 1.66667e-06
53720 2.77556e-17
53730 1.66667e-06
53740 1.66667e-06
53750 2.77556e-17
53760 3.33333e-06
53770 2.77556e-17
53780 1.66667e-06
53790 1.66667e-06
53800 3.33333e-06
53810 3.33333e-06
53820 1.66667e-06
53830 1.66667e-06
53840 2.77556e-17
53850 1.66667e-06
53860 2.77556e-17
53870 2.77556e-17
53880 1.66667e-06
53890 2.77556e-17
53900 1.66667e-06
53910 2.77556e-17
53920 1.66667e-06
53930 3.33333e-06
53940 3.33333e-06
53950 1.66667e-06
53960 1.66667e-06
53970 1.66667e-06
53980 3.33333e-06
53990 1.66667e-06
54000 2.77556e-17
54010 2.77556e-17
54020 2.77556e-17
54030 1.66667e-06
54040 2.77556e-17
54050 1.66667e-06
54060 2.77556e-17
54070 1.66667e-06
54080 3.33333e-06
54090 2.77556e-17
54100 2.77556e-17
54110 1.66667e-06
54120 1.66667e-06
54130 1.66667e-06
54140 2.77556e-17
54150 1.66667e-06
54160 3.33333e-06
54170 3.33333e-06
54180 1.66667e-06
54190 2.77556e-17
54200 3.33333e-06
54210 2.77556e-17
54220 1.66667e-06
54230 1.66667e-06
54240 1.66667e-06
54250 2.77556e-17
54260 1.66667e-06
54270 1.66667e-06
54280 1.66667e-06
54290 1.66667e-06
54300 1.66667e-06
54310 2.77556e-17
54320 1.66667e-06
54330 2.77556e-17
54340 1.66667e-06
54350 1.66667e-06
54360 3.33333e-06
54370 1.66667e-06
54380 1.66667e-06
54390 1.66667e-06
54400 2.77556e-17
54410 2.77556e-17
54420 3.33333e-06
54430 1.66667e-06
54440 1.66667e-06
54450 1.66667e-06
54460 1.66667e-06
54470 3.33333e-06
54480 3.33333e-06
54490 2.77556e-17
54500 1.66667e-06
54510 2.77556e-17
54520 1.66667e-06
54530 1.66667e-06
54540 3.33333e-06
54550 1.66667e-06
54560 1.66667e-06
54570 1.66667e-06
54580 1.66667e-06
54590 1.66667e-06
54600 2.77556e-17
54610 1.66667e-06
54620 2.77556e-17
54630 1.66667e-06
54640 2.77556e-17
54650 3.33333e-06
54660 2.77556e-17
54670 1.66667e-06
54680 1.66667e-06
54690 1.66667e-06
54700 1.66667e-06
54710 3.33333e-06
54720 1.66667e-06
54730 1.66667e-06
54740 1.66667e-06
54750 1.66667e-06
54760 1.66667e-06
54770 3.33333e-06
54780 3.33333e-06
54790 2.77556e-17
54800 1.66667e-06
54810 1.66667e-06
54820 1.66667e-06
54830 2.77556e-17
54840 2.77556e-17
54850 1.66667e-06
54860 1.66667e-06
54870 1.66667e-06
54880 2.77556e-17
54890 1.66667e-06
54900 2.77556e-17
54910 2.77556e-17
54920 3.33333e-06
54930 2.77556e-17
54940 1.66667e-06
54950 2.77556e-17
54960 3.33333e-06
54970 1.66667e-06
54980 2.77556e-17
54990 2.77556e-17
55000 1.66667e-06
55010 2.77556e-17
55020 2.77556e-17
55030 3.33333e-06
55040 1.66667e-06
55050 2.77556e-17
55060 2.77556e-17
55070 1.66667e-06
55080 2.77556e-17
55090 1.66667e-06
55100 1.66667e-06
55110 2.77556e-17
55120 2.77556e-17
55130 1.66667e-06
55140 1.66667e-06
55150 1.66667e-06
55160 3.33333e-06
55170 1.66667e-06
55180 2.77556e-17
55190 2.77556e-17
55200 1.66667e-06
55210 2.77556e-17
55220 1.66667e-06
55230 1.66667e-06
55240 1.66667e-06
55250 3.33333e-06
55260 1.66667e-06
55270 1.66667e-06
55280 1.66667e-06
55290 1.66667e-06
55300 1.66667e-06
55310 1.66667e-06
55320 1.66667e-06
55330 3.33333e-06
55340 1.66667e-06
55350 1.66667e-06
55360 2.77556e-17
55370 2.77556e-17
55380 1.66667e-06
55390 3.33333e-06
55400 3.33333e-06
55410 1.66667e-06
55420 1.66667e-06
55430 1.66667e-06
55440 1.66667e-06
55450 1.66667e-06
55460 2.77556e-17
55470 3.33333e-06
55480 2.77556e-17
55490 1.66667e-06
55500 1.66667e-06
55510 2.77556e-17
55520 1.66667e-06
55530 3.33333e-06
55540 2.77556e-17
55550 3.33333e-06
55560 1.66667e-06
55570 2.77556e-17
55580 1.66667e-06
55590 2.77556e-17
55600 2.77556e-17
55610 1.66667e-06
55620 3.33333e-06
55630 1.66667e-06
55640 2.77556e-17
55650 1.66667e-06
55660 2.77556e-17
55670 2.77556e-17
55680 1.66667e-06
55690 2.77556e-17
55700 1.66667e-06
55710 3.33333e-06
55720 2.77556e-17
55730 2.77556e-17
55740 1.66667e-06
55750 3.33333e-06
55760 1.66667e-06
55770 1.66667e-06
55780 1.66667e-06
55790 3.33333e-06
55800 1.66667e-06
55810 1.66667e-06
55820 2.77556e-17
55830 3.33333e-06
55840 2.77556e-17
55850 3.33333e-06
55860 1.66667e-06
55870 3.33333e-06
55880 3.33333e-06
55890 3.33333e-06
55900 1.66667e-06
55910 3.33333e-06
55920 1.66667e-06
55930 1.66667e-06
55940 1.66667e-06
55950 3.33333e-06
55960 3.33333e-06
55970 1.66667e-06
55980 1.66667e-06
55990 1.66667e-06
56000 3.33333e-06
56010 2.77556e-17
56020 3.33333e-06
56030 3.33333e-06
56040 1.66667e-06
56050 2.77556e-17
56060 2.77556e-17
56070 1.66667e-06
56080 1.66667e-06
56090 2.77556e-17
56100 2.77556e-17
56110 3.33333e-06
56120 2.77556e-17
56130 1.66667e-06
56140 3.33333e-06
56150 3.33333e-06
56160 3.33333e-06
56170 3.33333e-06
56180 1.66667e-06
56190 2.77556e-17
56200 1.66667e-06
56210 3.33333e-06
56220 3.33333e-06
56230 1.66667e-06
56240 1.66667e-06
56250 3.33333e-06
56260 1.66667e-06
56270 1.66667e-06
56280 3.33333e-06
56290 2.77556e-17
56300 1.66667e-06
56310 1.66667e-06
56320 3.33333e-06
56330 3.33333e-06
56340 1.66667e-06
56350 1.66667e-06
56360 1.66667e-06
56370 1.66667e-06
56380 2.77556e-17
56390 1.66667e-06
56400 1.66667e-06
56410 1.66667e-06
56420 3.33333e-06
56430 3.33333e-06
56440 1.66667e-06
56450 1.66667e-06
56460 2.77556e-17
56470 1.66667e-06
56480 1.66667e-06
56490 1.66667e-06
56500 1.66667e-06
56510 1.66667e-06
56520 3.33333e-06
56530 3.33333e-06
56540 1.66667e-06
56550 1.66667e-06
56560 3.33333e-06
56570 2.77556e-17
56580 1.66667e-06
56590 1.66667e-06
56600 2.77556e-17
56610 2.77556e-17
56620 3.33333e-06
56630 3.33333e-06
56640 1.66667e-06
56650 1.66667e-06
56660 1.66667e-06
56670 2.77556e-17
56680 3.33333e-06
56690 3.33333e-06
56700 3.33333e-06
56710 1.66667e-06
56720 1.66667e-06
56730 2.77556e-17
56740 1.66667e-06
56750 2.77556e-17
56760 1.66667e-06
56770 2.77556e-17
56780 3.33333e-06
56790 1.66667e-06
56800 2.77556e-17
56810 3.33333e-06
56820 2.77556e-17
56830 2.77556e-17
56840 2.77556e-17
56850 1.66667e-06
56860 2.77556e-17
56870 1.66667e-06
56880 2.77556e-17
56890 2.77556e-17
56900 2.77556e-17
56910 2.77556e-17
56920 1.66667e-06
56930 1.66667e-06
56940 1.66667e-06
56950 1.66667e-06
56960 1.66667e-06
56970 1.66667e-06
56980 2.77556e-17
56990 1.66667e-06
57000 1.66667e-06
57010 2.77556e-17
57020 2.77556e-17
57030 3.33333e-06
57040 1.66667e-06
57050 2.77556e-17
57060 1.66667e-06
57070 1.66667e-06
57080 1.66667e-06
57090 3.33333e-06
57100 1.66667e-06
57110 1.66667e-06
57120 2.77556e-17
57130 1.66667e-06
57140 1.66667e-06
57150 1.66667e-06
57160 1.66667e-06
57170 1.66667e-06
57180 1.66667e-06
57190 3.33333e-06
57200 2.77556e-17
57210 1.66667e-06
57220 3.33333e-06
57230 1.66667e-06
57240 3.33333e-06
57250 2.77556e-17
57260 2.77556e-17
57270 3.33333e-06
57280 1.66667e-06
57290 1.66667e-06
57300 1.66667e-06
57310 1.66667e-06
57320 1.66667e-06
57330 2.77556e-17
57340 2.77556e-17
57350 3.33333e-06
57360 3.33333e-06
57370 2.77556e-17
57380 2.77556e-17
57390 3.33333e-06
57400 2.77556e-17
57410 1.66667e-06
57420 3.33333e-06
57430 2.77556e-17
57440 2.77556e-17
57450 3.33333e-06
57460 1.66667e-06
57470 2.77556e-17
57480 2.77556e-17
57490 3.33333e-06
57500 3.33333e-06
57510 3.33333e-06
57520 1.66667e-06
57530 1.66667e-06
57540 1.66667e-06
57550 1.66667e-06
57560 1.66667e-06
57570 1.66667e-06
57580 1.66667e-06
57590 1.66667e-06
57600 1.66667e-06
57610 1.66667e-06
57620 1.66667e-06
57630 3.33333e-06
57640 1.66667e-06
57650 2.77556e-17
57660 2.77556e-17
57670 3.33333e-06
57680 2.77556e-17
57690 3.33333e-06
57700 1.66667e-06
57710 3.33333e-06
57720 1.66667e-06
57730 2.77556e-17
57740 2.77556e-17
57750 2.77556e-17
57760 2.77556e-17
57770 1.66667e-06
57780 1.66667e-06
57790 2.77556e-17
57800 3.33333e-06
57810 1.66667e-06
57820 2.77556e-17
57830 3.33333e-06
57840 2.77556e-17
57850 1.66667e-06
57860 1.66667e-06
57870 2.77556e-17
57880 1.66667e-06
57890 1.66667e-06
57900 1.66667e-06
57910 3.33333e-06
57920 3.33333e-06
57930 1.66667e-06
57940 3.33333e-06
57950 1.66667e-06
57960 1.66667e-06
57970 1.66667e-06
57980 1.66667e-06
57990 2.77556e-17
58000 2.77556e-17
58010 2.77556e-17
58020 2.77556e-17
58030 1.66667e-06
58040 1.66667e-06
58050 3.33333e-06
58060 1.66667e-06
58070 2.77556e-17
58080 3.33333e-06
58090 1.66667e-06
58100 1.66667e-06
58110 3.33333e-06
58120 2.77556e-17
58130 1.66667e-06
58140 1.66667e-06
58150 1.66667e-06
58160 1.66667e-06
58170 2.77556e-17
58180 1.66667e-06
58190 1.66667e-06
58200 3.33333e-06
58210 1.66667e-06
58220 1.66667e-06
58230 3.33333e-06
58240 3.33333e-06
58250 3.33333e-06
58260 3.33333e-06
58270 1.66667e-06
58280 1.66667e-06
58290 1.66667e-06
58300 3.33333e-06
58310 1.66667e-06
58320 1.66667e-06
58330 1.66667e-06
58340 1.66667e-06
58350 3.33333e-06
58360 1.66667e-06
58370 1.66667e-06
58380 1.66667e-06
58390 3.33333e-06
58400 1.66667e-06
58410 2.77556e-17
58420 2.77556e-17
58430 3.33333e-06
58440 1.66667e-06
58450 1.66667e-06
58460 2.77556e-17
58470 1.66667e-06
58480 1.66667e-06
58490 1.66667e-06
58500 3.33333e-06
58510 1.66667e-06
58520 2.77556e-17
58530 1.66667e-06
58540 2.77556e-17
58550 2.77556e-17
58560 1.66667e-06
58570 3.33333e-06
58580 2.77556e-17
58590 2.77556e-17
58600 1.66667e-06
58610 1.66667e-06
58620 1.66667e-06
58630 1.66667e-06
58640 1.66667e-06
58650 1.66667e-06
58660 3.33333e-06
58670 1.66667e-06
58680 2.77556e-17
58690 2.77556e-17
58700 1.66667e-06
58710 3.33333e-06
58720 3.33333e-06
58730 2.77556e-17
58740 1.66667e-06
58750 2.77556e-17
58760 2.77556e-17
58770 3.33333e-06
58780 1.66667e-06
58790 1.66667e-06
58800 3.33333e-06
58810 1.66667e-06
58820 2.77556e-17
58830 1.66667e-06
58840 1.66667e-06
58850 2.77556e-17
58860 3.33333e-06
58870 3.33333e-06
58880 1.66667e-06
58890 2.77556e-17
58900 3.33333e-06
58910 1.66667e-06
58920 1.66667e-06
58930 1.66667e-06
58940 3.33333e-06
58950 3.33333e-06
58960 1.66667e-06
58970 3.33333e-06
58980 2.77556e-17
58990 3.33333e-06
59000 1.66667e-06
59010 2.77556e-17
59020 2.77556e-17
59030 2.77556e-17
59040 3.33333e-06
59050 1.66667e-06
59060 3.33333e-06
59070 1.66667e-06
59080 3.33333e-06
59090 1.66667e-06
59100 1.66667e-06
59110 2.77556e-17
59120 3.33333e-06
59130 2.77556e-17
59140 1.66667e-06
59150 1.66667e-06
59160 2.77556e-17
59170 1.66667e-06
59180 1.66667e-06
59190 1.66667e-06
59200 1.66667e-06
59210 1.66667e-06
59220 1.66667e-06
59230 2.77556e-17
59240 2.77556e-17
59250 3.33333e-06
59260 2.77556e-17
59270 1.66667e-06
59280 1.66667e-06
59290 1.66667e-06
59300 1.66667e-06
59310 1.66667e-06
59320 1.66667e-06
59330 3.33333e-06
59340 2.77556e-17
59350 2.77556e-17
59360 2.77556e-17
59370 1.66667e-06
59380 3.33333e-06
59390 2.77556e-17
59400 1.66667e-06
59410 1.66667e-06
59420 2.77556e-17
59430 1.66667e-06
59440 2.77556e-17
59450 2.77556e-17
59460 3.33333e-06
59470 2.77556e-17
59480 3.33333e-06
59490 3.33333e-06
59500 1.66667e-06
59510 3.33333e-06
59520 2.77556e-17
59530 3.33333e-06
59540 2.77556e-17
59550 2.77556e-17
59560 2.77556e-17
59570 1.66667e-06
59580 2.77556e-17
59590 1.66667e-06
59600 2.77556e-17
59610 2.77556e-17
59620 1.66667e-06
59630 3.33333e-06
59640 1.66667e-06
59650 1.66667e-06
59660 3.33333e-06
59670 1.66667e-06
59680 1.66667e-06
59690 1.66667e-06
59700 1.66667e-06
59710 1.66667e-06
59720 1.66667e-06
59730 3.33333e-06
59740 3.33333e-06
59750 1.66667e-06
59760 2.77556e-17
59770 3.33333e-06
59780 1.66667e-06
59790 1.66667e-06
59800 1.66667e-06
59810 1.66667e-06
59820 1.66667e-06
59830 1.66667e-06
59840 3.33333e-06
59850 2.77556e-17
59860 1.66667e-06
59870 1.66667e-06
59880 1.66667e-06
59890 2.77556e-17
59900 1.66667e-06
59910 1.66667e-06
59920 3.33333e-06
59930 2.77556e-17
59940 3.33333e-06
59950 3.33333e-06
59960 1.66667e-06
59970 2.77556e-17
59980 2.77556e-17
59990 1.66667e-06
60000 3.33333e-06
60010 3.33333e-06
60020 2.77556e-17
60030 3.33333e-06
60040 1.66667e-06
60050 2.77556e-17
60060 1.66667e-06
60070 1.66667e-06
60080 2.77556e-17
60090 2.77556e-17
60100 1.66667e-06
60110 3.33333e-06
60120 1.66667e-06
60130 1.66667e-06
60140 2.77556e-17
60150 1.66667e-06
60160 3.33333e-06
60170 3.33333e-06
60180 1.66667e-06
60190 1.66667e-06
60200 1.66667e-06
60210 1.66667e-06
60220 3.33333e-06
60230 3.33333e-06
60240 3.33333e-06
60250 1.66667e-06
60260 1.66667e-06
60270 3.33333e-06
60280 3.33333e-06
60290 3.33333e-06
60300 3.33333e-06
60310 2.77556e-17
60320 1.66667e-06
60330 1.66667e-06
60340 1.66667e-06
60350 3.33333e-06
60360 2.77556e-17
60370 3.33333e-06
60380 1.66667e-06
60390 1.66667e-06
60400 3.33333e-06
60410 2.77556e-17
60420 3.33333e-06
60430 2.77556e-17
60440 2.77556e-17
60450 1.66667e-06
60460 1.66667e-06
60470 2.77556e-17
60480 1.66667e-06
60490 1.66667e-06
60500 3.33333e-06
60510 2.77556e-17
60520 3.33333e-06
60530 1.66667e-06
60540 2.77556e-17
60550 1.66667e-06
60560 2.77556e-17
60570 1.66667e-06
60580 2.77556e-17
60590 1.66667e-06
60600 2.77556e-17
60610 1.66667e-06
60620 2.77556e-17
60630 3.33333e-06
60640 3.33333e-06
60650 2.77556e-17
60660 2.77556e-17
60670 3.33333e-06
60680 1.66667e-06
60690 3.33333e-06
60700 2.77556e-17
60710 2.77556e-17
60720 1.66667e-06
60730 2.77556e-17
60740 1.66667e-06
60750 1.66667e-06
60760 2.77556e-17
60770 3.33333e-06
60780 3.33333e-06
60790 1.66667e-06
60800 1.66667e-06
60810 1.66667e-06
