10 0.0555567
20 0
30 2.77556e-17
40 0.0555567
50 2.77556e-17
60 2.77556e-17
70 2.77556e-17
80 1.66667e-06
90 2.77556e-17
100 1.66667e-06
110 1.66667e-06
120 1.66667e-06
130 3.33333e-06
140 3.33333e-06
150 2.77556e-17
160 3.33333e-06
170 3.33333e-06
180 0.166668
190 2.77556e-17
200 0.166668
210 1.66667e-06
220 0.0555583
230 0.0555567
240 0.166668
250 0.0555567
260 0.0555567
270 0.0555583
280 0.0555583
290 0.0555583
300 0.0555583
310 1.66667e-06
320 1.66667e-06
330 2.77556e-17
340 1.66667e-06
350 1.66667e-06
360 1.66667e-06
370 1.66667e-06
380 0.16667
390 1.66667e-06
400 1.66667e-06
410 2.77556e-17
420 3.33333e-06
430 2.77556e-17
440 3.33333e-06
450 1.66667e-06
460 3.33333e-06
470 3.33333e-06
480 1.66667e-06
490 3.33333e-06
500 3.33333e-06
510 3.33333e-06
520 3.33333e-06
530 1.66667e-06
540 2.77556e-17
550 2.77556e-17
560 1.66667e-06
570 1.66667e-06
580 2.77556e-17
590 2.77556e-17
600 0.0555583
610 0.0555567
620 0.0555583
630 2.77556e-17
640 1.66667e-06
650 0.16667
660 1.66667e-06
670 1.66667e-06
680 0.16667
690 3.33333e-06
700 1.66667e-06
710 2.77556e-17
720 3.33333e-06
730 1.66667e-06
740 1.66667e-06
750 1.66667e-06
760 1.66667e-06
770 1.66667e-06
780 2.77556e-17
790 2.77556e-17
800 1.66667e-06
810 2.77556e-17
820 1.66667e-06
830 1.66667e-06
840 2.77556e-17
850 1.66667e-06
860 1.66667e-06
870 1.66667e-06
880 3.33333e-06
890 2.77556e-17
900 3.33333e-06
910 3.33333e-06
920 3.33333e-06
930 3.33333e-06
940 1.66667e-06
950 2.77556e-17
960 2.77556e-17
970 1.66667e-06
980 2.77556e-17
990 2.77556e-17
1000 1.66667e-06
1010 1.66667e-06
1020 0.0555567
1030 0.0555583
1040 1.66667e-06
1050 1.66667e-06
1060 1.66667e-06
1070 2.77556e-17
1080 1.66667e-06
1090 3.33333e-06
1100 1.66667e-06
1110 1.66667e-06
1120 3.33333e-06
1130 1.66667e-06
1140 1.66667e-06
1150 2.77556e-17
1160 3.33333e-06
1170 1.66667e-06
1180 3.33333e-06
1190 3.33333e-06
1200 1.66667e-06
1210 1.66667e-06
1220 3.33333e-06
1230 3.33333e-06
1240 1.66667e-06
1250 2.77556e-17
1260 2.77556e-17
1270 3.33333e-06
1280 1.66667e-06
1290 1.66667e-06
1300 1.66667e-06
1310 2.77556e-17
1320 1.66667e-06
1330 3.33333e-06
1340 3.33333e-06
1350 1.66667e-06
1360 1.66667e-06
1370 1.66667e-06
1380 1.66667e-06
1390 1.66667e-06
1400 2.77556e-17
1410 3.33333e-06
1420 1.66667e-06
1430 3.33333e-06
1440 1.66667e-06
1450 1.66667e-06
1460 1.66667e-06
1470 2.77556e-17
1480 1.66667e-06
1490 2.77556e-17
1500 1.66667e-06
1510 1.66667e-06
1520 3.33333e-06
1530 2.77556e-17
1540 2.77556e-17
1550 2.77556e-17
1560 1.66667e-06
1570 1.66667e-06
1580 1.66667e-06
1590 1.66667e-06
1600 1.66667e-06
1610 2.77556e-17
1620 3.33333e-06
1630 1.66667e-06
1640 2.77556e-17
1650 1.66667e-06
1660 2.77556e-17
1670 1.66667e-06
1680 2.77556e-17
1690 1.66667e-06
1700 1.66667e-06
1710 1.66667e-06
1720 1.66667e-06
1730 3.33333e-06
1740 3.33333e-06
1750 0.16667
1760 1.66667e-06
1770 1.66667e-06
1780 1.66667e-06
1790 0.16667
1800 1.66667e-06
1810 2.77556e-17
1820 3.33333e-06
1830 1.66667e-06
1840 1.66667e-06
1850 1.66667e-06
1860 1.66667e-06
1870 1.66667e-06
1880 2.77556e-17
1890 1.66667e-06
1900 3.33333e-06
1910 2.77556e-17
1920 2.77556e-17
1930 2.77556e-17
1940 2.77556e-17
1950 1.66667e-06
1960 2.77556e-17
1970 0.16667
1980 2.77556e-17
1990 1.66667e-06
2000 1.66667e-06
2010 3.33333e-06
2020 1.66667e-06
2030 1.66667e-06
2040 1.66667e-06
2050 2.77556e-17
2060 1.66667e-06
2070 1.66667e-06
2080 1.66667e-06
2090 2.77556e-17
2100 2.77556e-17
2110 3.33333e-06
2120 3.33333e-06
2130 2.77556e-17
2140 3.33333e-06
2150 3.33333e-06
2160 1.66667e-06
2170 1.66667e-06
2180 1.66667e-06
2190 3.33333e-06
2200 1.66667e-06
2210 1.66667e-06
2220 1.66667e-06
2230 2.77556e-17
2240 2.77556e-17
2250 1.66667e-06
2260 3.33333e-06
2270 0.16667
2280 1.66667e-06
2290 1.66667e-06
2300 3.33333e-06
2310 3.33333e-06
2320 1.66667e-06
2330 1.66667e-06
2340 1.66667e-06
2350 2.77556e-17
2360 1.66667e-06
2370 1.66667e-06
2380 1.66667e-06
2390 3.33333e-06
2400 2.77556e-17
2410 3.33333e-06
2420 3.33333e-06
2430 1.66667e-06
2440 3.33333e-06
2450 3.33333e-06
2460 1.66667e-06
2470 1.66667e-06
2480 1.66667e-06
2490 1.66667e-06
2500 3.33333e-06
2510 1.66667e-06
2520 3.33333e-06
2530 3.33333e-06
2540 3.33333e-06
2550 1.66667e-06
2560 1.66667e-06
2570 1.66667e-06
2580 1.66667e-06
2590 1.66667e-06
2600 1.66667e-06
2610 1.66667e-06
2620 1.66667e-06
2630 2.77556e-17
2640 2.77556e-17
2650 2.77556e-17
2660 1.66667e-06
2670 1.66667e-06
2680 2.77556e-17
2690 2.77556e-17
2700 1.66667e-06
2710 3.33333e-06
2720 2.77556e-17
2730 1.66667e-06
2740 1.66667e-06
2750 1.66667e-06
2760 1.66667e-06
2770 1.66667e-06
2780 3.33333e-06
2790 1.66667e-06
2800 3.33333e-06
2810 1.66667e-06
2820 2.77556e-17
2830 2.77556e-17
2840 2.77556e-17
2850 3.33333e-06
2860 3.33333e-06
2870 3.33333e-06
2880 3.33333e-06
2890 1.66667e-06
2900 3.33333e-06
2910 1.66667e-06
2920 3.33333e-06
2930 1.66667e-06
2940 1.66667e-06
2950 2.77556e-17
2960 2.77556e-17
2970 3.33333e-06
2980 1.66667e-06
2990 3.33333e-06
3000 3.33333e-06
3010 1.66667e-06
3020 2.77556e-17
3030 1.66667e-06
3040 1.66667e-06
3050 2.77556e-17
3060 3.33333e-06
3070 3.33333e-06
3080 3.33333e-06
3090 1.66667e-06
3100 1.66667e-06
3110 3.33333e-06
3120 1.66667e-06
3130 1.66667e-06
3140 1.66667e-06
3150 3.33333e-06
3160 1.66667e-06
3170 1.66667e-06
3180 1.66667e-06
3190 3.33333e-06
3200 3.33333e-06
3210 1.66667e-06
3220 1.66667e-06
3230 3.33333e-06
3240 3.33333e-06
3250 2.77556e-17
3260 1.66667e-06
3270 1.66667e-06
3280 1.66667e-06
3290 3.33333e-06
3300 1.66667e-06
3310 3.33333e-06
3320 1.66667e-06
3330 1.66667e-06
3340 3.33333e-06
3350 3.33333e-06
3360 3.33333e-06
3370 1.66667e-06
3380 3.33333e-06
3390 1.66667e-06
3400 1.66667e-06
3410 1.66667e-06
3420 1.66667e-06
3430 2.77556e-17
3440 2.77556e-17
3450 3.33333e-06
3460 1.66667e-06
3470 3.33333e-06
3480 2.77556e-17
3490 1.66667e-06
3500 3.33333e-06
3510 3.33333e-06
3520 1.66667e-06
3530 1.66667e-06
3540 1.66667e-06
3550 1.66667e-06
3560 1.66667e-06
3570 2.77556e-17
3580 1.66667e-06
3590 3.33333e-06
3600 2.77556e-17
3610 2.77556e-17
3620 2.77556e-17
3630 1.66667e-06
3640 2.77556e-17
3650 2.77556e-17
3660 1.66667e-06
3670 1.66667e-06
3680 1.66667e-06
3690 1.66667e-06
3700 2.77556e-17
3710 2.77556e-17
3720 2.77556e-17
3730 1.66667e-06
3740 1.66667e-06
3750 1.66667e-06
3760 3.33333e-06
3770 2.77556e-17
3780 1.66667e-06
3790 1.66667e-06
3800 3.33333e-06
3810 3.33333e-06
3820 2.77556e-17
3830 2.77556e-17
3840 3.33333e-06
3850 3.33333e-06
3860 3.33333e-06
3870 2.77556e-17
3880 1.66667e-06
3890 2.77556e-17
3900 1.66667e-06
3910 1.66667e-06
3920 3.33333e-06
3930 3.33333e-06
3940 3.33333e-06
3950 1.66667e-06
3960 2.77556e-17
3970 3.33333e-06
3980 3.33333e-06
3990 3.33333e-06
4000 3.33333e-06
4010 3.33333e-06
4020 1.66667e-06
4030 2.77556e-17
4040 2.77556e-17
4050 1.66667e-06
4060 2.77556e-17
4070 2.77556e-17
4080 2.77556e-17
4090 1.66667e-06
4100 2.77556e-17
4110 2.77556e-17
4120 2.77556e-17
4130 3.33333e-06
4140 1.66667e-06
4150 2.77556e-17
4160 1.66667e-06
4170 3.33333e-06
4180 1.66667e-06
4190 2.77556e-17
4200 1.66667e-06
4210 2.77556e-17
4220 1.66667e-06
4230 2.77556e-17
4240 1.66667e-06
4250 1.66667e-06
4260 1.66667e-06
4270 1.66667e-06
4280 1.66667e-06
4290 3.33333e-06
4300 1.66667e-06
4310 1.66667e-06
4320 3.33333e-06
4330 1.66667e-06
4340 2.77556e-17
4350 2.77556e-17
4360 2.77556e-17
4370 1.66667e-06
4380 1.66667e-06
4390 1.66667e-06
4400 0.0555567
4410 2.77556e-17
4420 3.33333e-06
4430 1.66667e-06
4440 2.77556e-17
4450 1.66667e-06
4460 3.33333e-06
4470 1.66667e-06
4480 1.66667e-06
4490 1.66667e-06
4500 1.66667e-06
4510 3.33333e-06
4520 2.77556e-17
4530 1.66667e-06
4540 1.66667e-06
4550 1.66667e-06
4560 1.66667e-06
4570 3.33333e-06
4580 3.33333e-06
4590 1.66667e-06
4600 1.66667e-06
4610 1.66667e-06
4620 1.66667e-06
4630 1.66667e-06
4640 1.66667e-06
4650 1.66667e-06
4660 1.66667e-06
4670 1.66667e-06
4680 3.33333e-06
4690 3.33333e-06
4700 3.33333e-06
4710 2.77556e-17
4720 1.66667e-06
4730 3.33333e-06
4740 1.66667e-06
4750 1.66667e-06
4760 2.77556e-17
4770 3.33333e-06
4780 2.77556e-17
4790 1.66667e-06
4800 2.77556e-17
4810 2.77556e-17
4820 1.66667e-06
4830 2.77556e-17
4840 1.66667e-06
4850 3.33333e-06
4860 2.77556e-17
4870 1.66667e-06
4880 2.77556e-17
4890 1.66667e-06
4900 2.77556e-17
4910 1.66667e-06
4920 2.77556e-17
4930 3.33333e-06
4940 2.77556e-17
4950 1.66667e-06
4960 1.66667e-06
4970 1.66667e-06
4980 2.77556e-17
4990 3.33333e-06
5000 1.66667e-06
5010 1.66667e-06
5020 3.33333e-06
5030 2.77556e-17
5040 2.77556e-17
5050 1.66667e-06
5060 1.66667e-06
5070 3.33333e-06
5080 1.66667e-06
5090 2.77556e-17
5100 1.66667e-06
5110 2.77556e-17
5120 2.77556e-17
5130 1.66667e-06
5140 1.66667e-06
5150 3.33333e-06
5160 1.66667e-06
5170 2.77556e-17
5180 2.77556e-17
5190 1.66667e-06
5200 1.66667e-06
5210 2.77556e-17
5220 2.77556e-17
5230 1.66667e-06
5240 1.66667e-06
5250 2.77556e-17
5260 3.33333e-06
5270 1.66667e-06
5280 1.66667e-06
5290 1.66667e-06
5300 1.66667e-06
5310 2.77556e-17
5320 3.33333e-06
5330 3.33333e-06
5340 3.33333e-06
5350 2.77556e-17
5360 2.77556e-17
5370 1.66667e-06
5380 2.77556e-17
5390 2.77556e-17
5400 1.66667e-06
5410 2.77556e-17
5420 1.66667e-06
5430 2.77556e-17
5440 1.66667e-06
5450 1.66667e-06
5460 1.66667e-06
5470 2.77556e-17
5480 3.33333e-06
5490 3.33333e-06
5500 3.33333e-06
5510 1.66667e-06
5520 1.66667e-06
5530 1.66667e-06
5540 1.66667e-06
5550 1.66667e-06
5560 1.66667e-06
5570 1.66667e-06
5580 2.77556e-17
5590 1.66667e-06
5600 3.33333e-06
5610 1.66667e-06
5620 1.66667e-06
5630 1.66667e-06
5640 1.66667e-06
5650 3.33333e-06
5660 2.77556e-17
5670 1.66667e-06
5680 1.66667e-06
5690 3.33333e-06
5700 1.66667e-06
5710 2.77556e-17
5720 1.66667e-06
5730 1.66667e-06
5740 2.77556e-17
5750 1.66667e-06
5760 1.66667e-06
5770 1.66667e-06
5780 1.66667e-06
5790 1.66667e-06
5800 2.77556e-17
5810 1.66667e-06
5820 1.66667e-06
5830 2.77556e-17
5840 1.66667e-06
5850 1.66667e-06
5860 1.66667e-06
5870 2.77556e-17
5880 3.33333e-06
5890 1.66667e-06
5900 3.33333e-06
5910 1.66667e-06
5920 1.66667e-06
5930 2.77556e-17
5940 1.66667e-06
5950 1.66667e-06
5960 1.66667e-06
5970 2.77556e-17
5980 1.66667e-06
5990 1.66667e-06
6000 1.66667e-06
6010 1.66667e-06
6020 1.66667e-06
6030 1.66667e-06
6040 1.66667e-06
6050 1.66667e-06
6060 1.66667e-06
6070 1.66667e-06
6080 3.33333e-06
6090 1.66667e-06
6100 1.66667e-06
6110 1.66667e-06
6120 3.33333e-06
6130 2.77556e-17
6140 1.66667e-06
6150 3.33333e-06
6160 3.33333e-06
6170 2.77556e-17
6180 3.33333e-06
6190 3.33333e-06
6200 1.66667e-06
6210 2.77556e-17
6220 3.33333e-06
6230 3.33333e-06
6240 1.66667e-06
6250 1.66667e-06
6260 2.77556e-17
6270 1.66667e-06
6280 1.66667e-06
6290 1.66667e-06
6300 2.77556e-17
6310 1.66667e-06
6320 1.66667e-06
6330 1.66667e-06
6340 1.66667e-06
6350 2.77556e-17
6360 3.33333e-06
6370 1.66667e-06
6380 1.66667e-06
6390 1.66667e-06
6400 1.66667e-06
6410 1.66667e-06
6420 1.66667e-06
6430 1.66667e-06
6440 3.33333e-06
6450 1.66667e-06
6460 1.66667e-06
6470 1.66667e-06
6480 3.33333e-06
6490 1.66667e-06
6500 1.66667e-06
6510 3.33333e-06
6520 3.33333e-06
6530 2.77556e-17
6540 2.77556e-17
6550 1.66667e-06
6560 1.66667e-06
6570 1.66667e-06
6580 2.77556e-17
6590 3.33333e-06
6600 1.66667e-06
6610 1.66667e-06
6620 1.66667e-06
6630 1.66667e-06
6640 3.33333e-06
6650 1.66667e-06
6660 3.33333e-06
6670 1.66667e-06
6680 3.33333e-06
6690 1.66667e-06
6700 1.66667e-06
6710 1.66667e-06
6720 1.66667e-06
6730 3.33333e-06
6740 1.66667e-06
6750 2.77556e-17
6760 3.33333e-06
6770 1.66667e-06
6780 3.33333e-06
6790 1.66667e-06
6800 3.33333e-06
6810 1.66667e-06
6820 1.66667e-06
6830 1.66667e-06
6840 2.77556e-17
6850 3.33333e-06
6860 3.33333e-06
6870 1.66667e-06
6880 1.66667e-06
6890 1.66667e-06
6900 1.66667e-06
6910 3.33333e-06
6920 1.66667e-06
6930 1.66667e-06
6940 1.66667e-06
6950 2.77556e-17
6960 2.77556e-17
6970 1.66667e-06
6980 3.33333e-06
6990 1.66667e-06
7000 1.66667e-06
7010 2.77556e-17
7020 1.66667e-06
7030 3.33333e-06
7040 2.77556e-17
7050 3.33333e-06
7060 1.66667e-06
7070 3.33333e-06
7080 3.33333e-06
7090 2.77556e-17
7100 1.66667e-06
7110 3.33333e-06
7120 2.77556e-17
7130 3.33333e-06
7140 2.77556e-17
7150 1.66667e-06
7160 1.66667e-06
7170 1.66667e-06
7180 3.33333e-06
7190 1.66667e-06
7200 2.77556e-17
7210 2.77556e-17
7220 1.66667e-06
7230 1.66667e-06
7240 1.66667e-06
7250 3.33333e-06
7260 1.66667e-06
7270 1.66667e-06
7280 3.33333e-06
7290 1.66667e-06
7300 1.66667e-06
7310 2.77556e-17
7320 1.66667e-06
7330 1.66667e-06
7340 1.66667e-06
7350 1.66667e-06
7360 2.77556e-17
7370 1.66667e-06
7380 1.66667e-06
7390 2.77556e-17
7400 1.66667e-06
7410 1.66667e-06
7420 2.77556e-17
7430 1.66667e-06
7440 1.66667e-06
7450 2.77556e-17
7460 3.33333e-06
7470 3.33333e-06
7480 1.66667e-06
7490 1.66667e-06
7500 2.77556e-17
7510 1.66667e-06
7520 1.66667e-06
7530 1.66667e-06
7540 1.66667e-06
7550 3.33333e-06
7560 1.66667e-06
7570 1.66667e-06
7580 2.77556e-17
7590 1.66667e-06
7600 2.77556e-17
7610 2.77556e-17
7620 2.77556e-17
7630 2.77556e-17
7640 1.66667e-06
7650 2.77556e-17
7660 2.77556e-17
7670 3.33333e-06
7680 1.66667e-06
7690 1.66667e-06
7700 2.77556e-17
7710 2.77556e-17
7720 2.77556e-17
7730 2.77556e-17
7740 2.77556e-17
7750 1.66667e-06
7760 2.77556e-17
7770 3.33333e-06
7780 3.33333e-06
7790 2.77556e-17
7800 1.66667e-06
7810 1.66667e-06
7820 1.66667e-06
7830 2.77556e-17
7840 1.66667e-06
7850 1.66667e-06
7860 3.33333e-06
7870 1.66667e-06
7880 1.66667e-06
7890 3.33333e-06
7900 1.66667e-06
7910 3.33333e-06
7920 1.66667e-06
7930 2.77556e-17
7940 2.77556e-17
7950 1.66667e-06
7960 1.66667e-06
7970 1.66667e-06
7980 3.33333e-06
7990 1.66667e-06
8000 3.33333e-06
8010 1.66667e-06
8020 1.66667e-06
8030 1.66667e-06
8040 1.66667e-06
8050 1.66667e-06
8060 2.77556e-17
8070 2.77556e-17
8080 1.66667e-06
8090 2.77556e-17
8100 1.66667e-06
8110 2.77556e-17
8120 1.66667e-06
8130 1.66667e-06
8140 2.77556e-17
8150 2.77556e-17
8160 3.33333e-06
8170 1.66667e-06
8180 1.66667e-06
8190 1.66667e-06
8200 2.77556e-17
8210 1.66667e-06
8220 2.77556e-17
8230 3.33333e-06
8240 1.66667e-06
8250 2.77556e-17
8260 1.66667e-06
8270 1.66667e-06
8280 3.33333e-06
8290 2.77556e-17
8300 1.66667e-06
8310 1.66667e-06
8320 3.33333e-06
8330 3.33333e-06
8340 1.66667e-06
8350 1.66667e-06
8360 1.66667e-06
8370 3.33333e-06
8380 1.66667e-06
8390 3.33333e-06
8400 1.66667e-06
8410 2.77556e-17
8420 2.77556e-17
8430 1.66667e-06
8440 2.77556e-17
8450 3.33333e-06
8460 2.77556e-17
8470 2.77556e-17
8480 2.77556e-17
8490 2.77556e-17
8500 1.66667e-06
8510 1.66667e-06
8520 2.77556e-17
8530 1.66667e-06
8540 1.66667e-06
8550 1.66667e-06
8560 2.77556e-17
8570 1.66667e-06
8580 3.33333e-06
8590 2.77556e-17
8600 1.66667e-06
8610 2.77556e-17
8620 2.77556e-17
8630 3.33333e-06
8640 3.33333e-06
8650 1.66667e-06
8660 1.66667e-06
8670 1.66667e-06
8680 1.66667e-06
8690 3.33333e-06
8700 1.66667e-06
8710 1.66667e-06
8720 3.33333e-06
8730 1.66667e-06
8740 2.77556e-17
8750 1.66667e-06
8760 2.77556e-17
8770 3.33333e-06
8780 1.66667e-06
8790 1.66667e-06
8800 2.77556e-17
8810 1.66667e-06
8820 1.66667e-06
8830 1.66667e-06
8840 3.33333e-06
8850 2.77556e-17
8860 1.66667e-06
8870 3.33333e-06
8880 1.66667e-06
8890 2.77556e-17
8900 1.66667e-06
8910 3.33333e-06
8920 1.66667e-06
8930 1.66667e-06
8940 1.66667e-06
8950 1.66667e-06
8960 2.77556e-17
8970 2.77556e-17
8980 1.66667e-06
8990 3.33333e-06
9000 2.77556e-17
9010 1.66667e-06
9020 3.33333e-06
9030 1.66667e-06
9040 2.77556e-17
9050 1.66667e-06
9060 1.66667e-06
9070 1.66667e-06
9080 1.66667e-06
9090 3.33333e-06
9100 2.77556e-17
9110 2.77556e-17
9120 1.66667e-06
9130 3.33333e-06
9140 1.66667e-06
9150 2.77556e-17
9160 2.77556e-17
9170 1.66667e-06
9180 3.33333e-06
9190 1.66667e-06
9200 2.77556e-17
9210 2.77556e-17
9220 3.33333e-06
9230 3.33333e-06
9240 3.33333e-06
9250 1.66667e-06
9260 3.33333e-06
9270 2.77556e-17
9280 2.77556e-17
9290 3.33333e-06
9300 1.66667e-06
9310 1.66667e-06
9320 2.77556e-17
9330 1.66667e-06
9340 2.77556e-17
9350 3.33333e-06
9360 3.33333e-06
9370 3.33333e-06
9380 3.33333e-06
9390 3.33333e-06
9400 3.33333e-06
9410 3.33333e-06
9420 2.77556e-17
9430 2.77556e-17
9440 1.66667e-06
9450 3.33333e-06
9460 1.66667e-06
9470 1.66667e-06
9480 2.77556e-17
9490 3.33333e-06
9500 1.66667e-06
9510 1.66667e-06
9520 1.66667e-06
9530 1.66667e-06
9540 1.66667e-06
9550 3.33333e-06
9560 1.66667e-06
9570 1.66667e-06
9580 3.33333e-06
9590 2.77556e-17
9600 2.77556e-17
9610 1.66667e-06
9620 2.77556e-17
9630 3.33333e-06
9640 3.33333e-06
9650 1.66667e-06
9660 1.66667e-06
9670 2.77556e-17
9680 3.33333e-06
9690 3.33333e-06
9700 1.66667e-06
9710 2.77556e-17
9720 1.66667e-06
9730 1.66667e-06
9740 1.66667e-06
9750 1.66667e-06
9760 2.77556e-17
9770 3.33333e-06
9780 1.66667e-06
9790 2.77556e-17
9800 1.66667e-06
9810 3.33333e-06
9820 2.77556e-17
9830 1.66667e-06
9840 1.66667e-06
9850 1.66667e-06
9860 2.77556e-17
9870 3.33333e-06
9880 1.66667e-06
9890 1.66667e-06
9900 1.66667e-06
9910 3.33333e-06
9920 2.77556e-17
9930 1.66667e-06
9940 1.66667e-06
9950 2.77556e-17
9960 1.66667e-06
9970 1.66667e-06
9980 1.66667e-06
9990 2.77556e-17
10000 1.66667e-06
10010 2.77556e-17
10020 1.66667e-06
10030 1.66667e-06
10040 1.66667e-06
10050 1.66667e-06
10060 3.33333e-06
10070 2.77556e-17
10080 2.77556e-17
10090 3.33333e-06
10100 2.77556e-17
10110 1.66667e-06
10120 1.66667e-06
10130 2.77556e-17
10140 3.33333e-06
10150 1.66667e-06
10160 2.77556e-17
10170 1.66667e-06
10180 2.77556e-17
10190 3.33333e-06
10200 1.66667e-06
10210 1.66667e-06
10220 3.33333e-06
10230 1.66667e-06
10240 1.66667e-06
10250 1.66667e-06
10260 1.66667e-06
10270 1.66667e-06
10280 2.77556e-17
10290 1.66667e-06
10300 1.66667e-06
10310 2.77556e-17
10320 2.77556e-17
10330 1.66667e-06
10340 2.77556e-17
10350 2.77556e-17
10360 2.77556e-17
10370 1.66667e-06
10380 3.33333e-06
10390 3.33333e-06
10400 1.66667e-06
10410 2.77556e-17
10420 1.66667e-06
10430 1.66667e-06
10440 3.33333e-06
10450 1.66667e-06
10460 2.77556e-17
10470 2.77556e-17
10480 2.77556e-17
10490 1.66667e-06
10500 1.66667e-06
10510 1.66667e-06
10520 1.66667e-06
10530 1.66667e-06
10540 2.77556e-17
10550 1.66667e-06
10560 2.77556e-17
10570 1.66667e-06
10580 2.77556e-17
10590 3.33333e-06
10600 3.33333e-06
10610 1.66667e-06
10620 1.66667e-06
10630 1.66667e-06
10640 1.66667e-06
10650 1.66667e-06
10660 2.77556e-17
10670 1.66667e-06
10680 3.33333e-06
10690 1.66667e-06
10700 2.77556e-17
10710 2.77556e-17
10720 2.77556e-17
10730 1.66667e-06
10740 3.33333e-06
10750 1.66667e-06
10760 1.66667e-06
10770 3.33333e-06
10780 1.66667e-06
10790 1.66667e-06
10800 2.77556e-17
10810 2.77556e-17
10820 3.33333e-06
10830 1.66667e-06
10840 3.33333e-06
10850 1.66667e-06
10860 1.66667e-06
10870 1.66667e-06
10880 3.33333e-06
10890 1.66667e-06
10900 3.33333e-06
10910 2.77556e-17
10920 2.77556e-17
10930 2.77556e-17
10940 2.77556e-17
10950 1.66667e-06
10960 2.77556e-17
10970 1.66667e-06
10980 2.77556e-17
10990 2.77556e-17
11000 2.77556e-17
11010 2.77556e-17
11020 3.33333e-06
11030 1.66667e-06
11040 3.33333e-06
11050 1.66667e-06
11060 1.66667e-06
11070 1.66667e-06
11080 1.66667e-06
11090 2.77556e-17
11100 1.66667e-06
11110 3.33333e-06
11120 1.66667e-06
11130 1.66667e-06
11140 3.33333e-06
11150 3.33333e-06
11160 2.77556e-17
11170 1.66667e-06
11180 1.66667e-06
11190 2.77556e-17
11200 1.66667e-06
11210 1.66667e-06
11220 2.77556e-17
11230 2.77556e-17
11240 1.66667e-06
11250 3.33333e-06
11260 1.66667e-06
11270 1.66667e-06
11280 2.77556e-17
11290 2.77556e-17
11300 3.33333e-06
11310 1.66667e-06
11320 1.66667e-06
11330 1.66667e-06
11340 1.66667e-06
11350 2.77556e-17
11360 3.33333e-06
11370 1.66667e-06
11380 1.66667e-06
11390 1.66667e-06
11400 1.66667e-06
11410 1.66667e-06
11420 1.66667e-06
11430 1.66667e-06
11440 1.66667e-06
11450 2.77556e-17
11460 3.33333e-06
11470 2.77556e-17
11480 2.77556e-17
11490 1.66667e-06
11500 2.77556e-17
11510 2.77556e-17
11520 3.33333e-06
11530 3.33333e-06
11540 1.66667e-06
11550 2.77556e-17
11560 2.77556e-17
11570 1.66667e-06
11580 1.66667e-06
11590 3.33333e-06
11600 3.33333e-06
11610 3.33333e-06
11620 1.66667e-06
11630 2.77556e-17
11640 1.66667e-06
11650 1.66667e-06
11660 2.77556e-17
11670 2.77556e-17
11680 1.66667e-06
11690 1.66667e-06
11700 2.77556e-17
11710 2.77556e-17
11720 1.66667e-06
11730 2.77556e-17
11740 3.33333e-06
11750 1.66667e-06
11760 3.33333e-06
11770 1.66667e-06
11780 1.66667e-06
11790 1.66667e-06
11800 1.66667e-06
11810 1.66667e-06
11820 3.33333e-06
11830 2.77556e-17
11840 2.77556e-17
11850 2.77556e-17
11860 2.77556e-17
11870 2.77556e-17
11880 2.77556e-17
11890 1.66667e-06
11900 1.66667e-06
11910 1.66667e-06
11920 3.33333e-06
11930 1.66667e-06
11940 1.66667e-06
11950 1.66667e-06
11960 2.77556e-17
11970 1.66667e-06
11980 3.33333e-06
11990 1.66667e-06
12000 1.66667e-06
12010 3.33333e-06
12020 2.77556e-17
12030 1.66667e-06
12040 2.77556e-17
12050 1.66667e-06
12060 1.66667e-06
12070 1.66667e-06
12080 3.33333e-06
12090 1.66667e-06
12100 1.66667e-06
12110 3.33333e-06
12120 1.66667e-06
12130 1.66667e-06
12140 3.33333e-06
12150 3.33333e-06
12160 3.33333e-06
12170 3.33333e-06
12180 3.33333e-06
12190 1.66667e-06
12200 1.66667e-06
12210 2.77556e-17
12220 1.66667e-06
12230 1.66667e-06
12240 3.33333e-06
12250 1.66667e-06
12260 2.77556e-17
12270 1.66667e-06
12280 3.33333e-06
12290 1.66667e-06
12300 1.66667e-06
12310 1.66667e-06
12320 1.66667e-06
12330 3.33333e-06
12340 1.66667e-06
12350 2.77556e-17
12360 3.33333e-06
12370 3.33333e-06
12380 2.77556e-17
12390 1.66667e-06
12400 1.66667e-06
12410 1.66667e-06
12420 3.33333e-06
12430 1.66667e-06
12440 1.66667e-06
12450 3.33333e-06
12460 2.77556e-17
12470 2.77556e-17
12480 1.66667e-06
12490 3.33333e-06
12500 1.66667e-06
12510 2.77556e-17
12520 1.66667e-06
12530 1.66667e-06
12540 3.33333e-06
12550 3.33333e-06
12560 1.66667e-06
12570 1.66667e-06
12580 3.33333e-06
12590 3.33333e-06
12600 3.33333e-06
12610 3.33333e-06
12620 3.33333e-06
12630 3.33333e-06
12640 1.66667e-06
12650 3.33333e-06
12660 2.77556e-17
12670 2.77556e-17
12680 1.66667e-06
12690 1.66667e-06
12700 3.33333e-06
12710 3.33333e-06
12720 1.66667e-06
12730 1.66667e-06
12740 3.33333e-06
12750 1.66667e-06
12760 1.66667e-06
12770 2.77556e-17
12780 1.66667e-06
12790 3.33333e-06
12800 3.33333e-06
12810 1.66667e-06
12820 1.66667e-06
12830 3.33333e-06
12840 1.66667e-06
12850 1.66667e-06
12860 2.77556e-17
12870 2.77556e-17
12880 1.66667e-06
12890 1.66667e-06
12900 1.66667e-06
12910 1.66667e-06
12920 3.33333e-06
12930 2.77556e-17
12940 3.33333e-06
12950 2.77556e-17
12960 2.77556e-17
12970 1.66667e-06
12980 1.66667e-06
12990 1.66667e-06
13000 1.66667e-06
13010 3.33333e-06
13020 1.66667e-06
13030 3.33333e-06
13040 2.77556e-17
13050 1.66667e-06
13060 3.33333e-06
13070 1.66667e-06
13080 1.66667e-06
13090 3.33333e-06
13100 1.66667e-06
13110 3.33333e-06
13120 1.66667e-06
13130 2.77556e-17
13140 1.66667e-06
13150 1.66667e-06
13160 1.66667e-06
13170 3.33333e-06
13180 2.77556e-17
13190 1.66667e-06
13200 1.66667e-06
13210 2.77556e-17
13220 3.33333e-06
13230 2.77556e-17
13240 2.77556e-17
13250 1.66667e-06
13260 1.66667e-06
13270 1.66667e-06
13280 2.77556e-17
13290 3.33333e-06
13300 3.33333e-06
13310 1.66667e-06
13320 1.66667e-06
13330 1.66667e-06
13340 1.66667e-06
13350 3.33333e-06
13360 3.33333e-06
13370 3.33333e-06
13380 1.66667e-06
13390 1.66667e-06
13400 1.66667e-06
13410 1.66667e-06
13420 3.33333e-06
13430 1.66667e-06
13440 1.66667e-06
13450 1.66667e-06
13460 1.66667e-06
13470 1.66667e-06
13480 1.66667e-06
13490 3.33333e-06
13500 2.77556e-17
13510 1.66667e-06
13520 3.33333e-06
13530 3.33333e-06
13540 1.66667e-06
13550 1.66667e-06
13560 1.66667e-06
13570 2.77556e-17
13580 1.66667e-06
13590 1.66667e-06
13600 3.33333e-06
13610 1.66667e-06
13620 2.77556e-17
13630 1.66667e-06
13640 1.66667e-06
13650 3.33333e-06
13660 1.66667e-06
13670 3.33333e-06
13680 1.66667e-06
13690 1.66667e-06
13700 3.33333e-06
13710 3.33333e-06
13720 1.66667e-06
13730 1.66667e-06
13740 3.33333e-06
13750 1.66667e-06
13760 2.77556e-17
13770 1.66667e-06
13780 1.66667e-06
13790 3.33333e-06
13800 1.66667e-06
13810 2.77556e-17
13820 1.66667e-06
13830 3.33333e-06
13840 1.66667e-06
13850 1.66667e-06
13860 1.66667e-06
13870 1.66667e-06
13880 3.33333e-06
13890 1.66667e-06
13900 2.77556e-17
13910 2.77556e-17
13920 2.77556e-17
13930 2.77556e-17
13940 3.33333e-06
13950 3.33333e-06
13960 1.66667e-06
13970 3.33333e-06
13980 3.33333e-06
13990 1.66667e-06
14000 1.66667e-06
14010 2.77556e-17
14020 2.77556e-17
14030 1.66667e-06
14040 3.33333e-06
14050 2.77556e-17
14060 2.77556e-17
14070 1.66667e-06
14080 3.33333e-06
14090 2.77556e-17
14100 3.33333e-06
14110 1.66667e-06
14120 3.33333e-06
14130 1.66667e-06
14140 3.33333e-06
14150 3.33333e-06
14160 3.33333e-06
14170 1.66667e-06
14180 2.77556e-17
14190 2.77556e-17
14200 2.77556e-17
14210 1.66667e-06
14220 3.33333e-06
14230 1.66667e-06
14240 2.77556e-17
14250 1.66667e-06
14260 1.66667e-06
14270 1.66667e-06
14280 3.33333e-06
14290 3.33333e-06
14300 2.77556e-17
14310 3.33333e-06
14320 1.66667e-06
14330 3.33333e-06
14340 1.66667e-06
14350 2.77556e-17
14360 1.66667e-06
14370 3.33333e-06
14380 3.33333e-06
14390 1.66667e-06
14400 2.77556e-17
14410 2.77556e-17
14420 2.77556e-17
14430 1.66667e-06
14440 3.33333e-06
14450 3.33333e-06
14460 1.66667e-06
14470 1.66667e-06
14480 1.66667e-06
14490 3.33333e-06
14500 1.66667e-06
14510 2.77556e-17
14520 2.77556e-17
14530 1.66667e-06
14540 2.77556e-17
14550 1.66667e-06
14560 2.77556e-17
14570 1.66667e-06
14580 1.66667e-06
14590 3.33333e-06
14600 1.66667e-06
14610 1.66667e-06
14620 1.66667e-06
14630 1.66667e-06
14640 3.33333e-06
14650 1.66667e-06
14660 1.66667e-06
14670 2.77556e-17
14680 2.77556e-17
14690 1.66667e-06
14700 2.77556e-17
14710 3.33333e-06
14720 3.33333e-06
14730 1.66667e-06
14740 1.66667e-06
14750 1.66667e-06
14760 1.66667e-06
14770 1.66667e-06
14780 1.66667e-06
14790 1.66667e-06
14800 2.77556e-17
14810 1.66667e-06
14820 1.66667e-06
14830 2.77556e-17
14840 1.66667e-06
14850 3.33333e-06
14860 1.66667e-06
14870 2.77556e-17
14880 1.66667e-06
14890 1.66667e-06
14900 1.66667e-06
14910 1.66667e-06
14920 1.66667e-06
14930 1.66667e-06
14940 1.66667e-06
14950 1.66667e-06
14960 2.77556e-17
14970 1.66667e-06
14980 1.66667e-06
14990 2.77556e-17
15000 2.77556e-17
15010 1.66667e-06
15020 3.33333e-06
15030 2.77556e-17
15040 3.33333e-06
15050 2.77556e-17
15060 3.33333e-06
15070 1.66667e-06
15080 3.33333e-06
15090 1.66667e-06
15100 1.66667e-06
15110 2.77556e-17
15120 2.77556e-17
15130 1.66667e-06
15140 2.77556e-17
15150 1.66667e-06
15160 2.77556e-17
15170 3.33333e-06
15180 2.77556e-17
15190 1.66667e-06
15200 1.66667e-06
15210 2.77556e-17
15220 1.66667e-06
15230 1.66667e-06
15240 1.66667e-06
15250 1.66667e-06
15260 2.77556e-17
15270 2.77556e-17
15280 3.33333e-06
15290 1.66667e-06
15300 1.66667e-06
15310 1.66667e-06
15320 1.66667e-06
15330 3.33333e-06
15340 3.33333e-06
15350 1.66667e-06
15360 3.33333e-06
15370 1.66667e-06
15380 1.66667e-06
15390 2.77556e-17
15400 2.77556e-17
15410 1.66667e-06
15420 1.66667e-06
15430 2.77556e-17
15440 1.66667e-06
15450 2.77556e-17
15460 2.77556e-17
15470 2.77556e-17
15480 1.66667e-06
15490 3.33333e-06
15500 1.66667e-06
15510 1.66667e-06
15520 1.66667e-06
15530 2.77556e-17
15540 2.77556e-17
15550 2.77556e-17
15560 1.66667e-06
15570 1.66667e-06
15580 1.66667e-06
15590 2.77556e-17
15600 1.66667e-06
15610 3.33333e-06
15620 1.66667e-06
15630 3.33333e-06
15640 1.66667e-06
15650 1.66667e-06
15660 2.77556e-17
15670 3.33333e-06
15680 1.66667e-06
15690 1.66667e-06
15700 1.66667e-06
15710 3.33333e-06
15720 3.33333e-06
15730 1.66667e-06
15740 1.66667e-06
15750 1.66667e-06
15760 2.77556e-17
15770 1.66667e-06
15780 1.66667e-06
15790 2.77556e-17
15800 3.33333e-06
15810 3.33333e-06
15820 3.33333e-06
15830 2.77556e-17
15840 3.33333e-06
15850 1.66667e-06
15860 1.66667e-06
15870 3.33333e-06
15880 3.33333e-06
15890 1.66667e-06
15900 3.33333e-06
15910 3.33333e-06
15920 3.33333e-06
15930 2.77556e-17
15940 1.66667e-06
15950 2.77556e-17
15960 2.77556e-17
15970 2.77556e-17
15980 1.66667e-06
15990 3.33333e-06
16000 1.66667e-06
16010 2.77556e-17
16020 1.66667e-06
16030 2.77556e-17
16040 1.66667e-06
16050 2.77556e-17
16060 1.66667e-06
16070 1.66667e-06
16080 3.33333e-06
16090 1.66667e-06
16100 2.77556e-17
16110 2.77556e-17
16120 2.77556e-17
16130 1.66667e-06
16140 2.77556e-17
16150 3.33333e-06
16160 3.33333e-06
16170 1.66667e-06
16180 1.66667e-06
16190 1.66667e-06
16200 3.33333e-06
16210 1.66667e-06
16220 2.77556e-17
16230 1.66667e-06
16240 1.66667e-06
16250 3.33333e-06
16260 1.66667e-06
16270 1.66667e-06
16280 1.66667e-06
16290 3.33333e-06
16300 3.33333e-06
16310 1.66667e-06
16320 1.66667e-06
16330 1.66667e-06
16340 1.66667e-06
16350 2.77556e-17
16360 1.66667e-06
16370 3.33333e-06
16380 1.66667e-06
16390 2.77556e-17
16400 2.77556e-17
16410 1.66667e-06
16420 1.66667e-06
16430 3.33333e-06
16440 1.66667e-06
16450 2.77556e-17
16460 1.66667e-06
16470 1.66667e-06
16480 3.33333e-06
16490 1.66667e-06
16500 1.66667e-06
16510 1.66667e-06
16520 3.33333e-06
16530 3.33333e-06
16540 1.66667e-06
16550 3.33333e-06
16560 1.66667e-06
16570 1.66667e-06
16580 1.66667e-06
16590 1.66667e-06
16600 3.33333e-06
16610 3.33333e-06
16620 1.66667e-06
16630 1.66667e-06
16640 1.66667e-06
16650 1.66667e-06
16660 3.33333e-06
16670 3.33333e-06
16680 2.77556e-17
16690 1.66667e-06
16700 3.33333e-06
16710 3.33333e-06
16720 3.33333e-06
16730 1.66667e-06
16740 3.33333e-06
16750 3.33333e-06
16760 1.66667e-06
16770 3.33333e-06
16780 1.66667e-06
16790 2.77556e-17
16800 1.66667e-06
16810 1.66667e-06
16820 1.66667e-06
16830 1.66667e-06
16840 1.66667e-06
16850 3.33333e-06
16860 1.66667e-06
16870 1.66667e-06
16880 1.66667e-06
16890 3.33333e-06
16900 2.77556e-17
16910 1.66667e-06
16920 1.66667e-06
16930 1.66667e-06
16940 2.77556e-17
16950 1.66667e-06
16960 1.66667e-06
16970 3.33333e-06
16980 2.77556e-17
16990 2.77556e-17
17000 3.33333e-06
17010 1.66667e-06
17020 1.66667e-06
17030 2.77556e-17
17040 1.66667e-06
17050 1.66667e-06
17060 2.77556e-17
17070 3.33333e-06
17080 1.66667e-06
17090 1.66667e-06
17100 3.33333e-06
17110 2.77556e-17
17120 3.33333e-06
17130 2.77556e-17
17140 3.33333e-06
17150 2.77556e-17
17160 1.66667e-06
17170 1.66667e-06
17180 2.77556e-17
17190 2.77556e-17
17200 1.66667e-06
17210 1.66667e-06
17220 2.77556e-17
17230 3.33333e-06
17240 2.77556e-17
17250 1.66667e-06
17260 2.77556e-17
17270 1.66667e-06
17280 3.33333e-06
17290 3.33333e-06
17300 2.77556e-17
17310 1.66667e-06
17320 2.77556e-17
17330 3.33333e-06
17340 1.66667e-06
17350 1.66667e-06
17360 1.66667e-06
17370 1.66667e-06
17380 1.66667e-06
17390 3.33333e-06
17400 1.66667e-06
17410 1.66667e-06
17420 1.66667e-06
17430 2.77556e-17
17440 2.77556e-17
17450 3.33333e-06
17460 2.77556e-17
17470 2.77556e-17
17480 3.33333e-06
17490 3.33333e-06
17500 1.66667e-06
17510 1.66667e-06
17520 2.77556e-17
17530 1.66667e-06
17540 2.77556e-17
17550 1.66667e-06
17560 3.33333e-06
17570 1.66667e-06
17580 1.66667e-06
17590 2.77556e-17
17600 2.77556e-17
17610 3.33333e-06
17620 3.33333e-06
17630 3.33333e-06
17640 1.66667e-06
17650 1.66667e-06
17660 2.77556e-17
17670 1.66667e-06
17680 1.66667e-06
17690 2.77556e-17
17700 1.66667e-06
17710 3.33333e-06
17720 1.66667e-06
17730 3.33333e-06
17740 1.66667e-06
17750 1.66667e-06
17760 1.66667e-06
17770 3.33333e-06
17780 3.33333e-06
17790 1.66667e-06
17800 1.66667e-06
17810 2.77556e-17
17820 3.33333e-06
17830 1.66667e-06
17840 1.66667e-06
17850 1.66667e-06
17860 3.33333e-06
17870 1.66667e-06
17880 1.66667e-06
17890 3.33333e-06
17900 1.66667e-06
17910 1.66667e-06
17920 1.66667e-06
17930 1.66667e-06
17940 1.66667e-06
17950 1.66667e-06
17960 3.33333e-06
17970 1.66667e-06
17980 2.77556e-17
17990 1.66667e-06
18000 1.66667e-06
18010 1.66667e-06
18020 2.77556e-17
18030 1.66667e-06
18040 3.33333e-06
18050 3.33333e-06
18060 2.77556e-17
18070 2.77556e-17
18080 2.77556e-17
18090 1.66667e-06
18100 1.66667e-06
18110 1.66667e-06
18120 1.66667e-06
18130 1.66667e-06
18140 3.33333e-06
18150 1.66667e-06
18160 2.77556e-17
18170 3.33333e-06
18180 1.66667e-06
18190 2.77556e-17
18200 1.66667e-06
18210 1.66667e-06
18220 1.66667e-06
18230 1.66667e-06
18240 3.33333e-06
18250 1.66667e-06
18260 3.33333e-06
18270 1.66667e-06
18280 3.33333e-06
18290 2.77556e-17
18300 2.77556e-17
18310 2.77556e-17
18320 3.33333e-06
18330 1.66667e-06
18340 3.33333e-06
18350 3.33333e-06
18360 1.66667e-06
18370 3.33333e-06
18380 3.33333e-06
18390 3.33333e-06
18400 3.33333e-06
18410 2.77556e-17
18420 1.66667e-06
18430 1.66667e-06
18440 1.66667e-06
18450 2.77556e-17
18460 1.66667e-06
18470 1.66667e-06
18480 3.33333e-06
18490 1.66667e-06
18500 3.33333e-06
18510 2.77556e-17
18520 3.33333e-06
18530 1.66667e-06
18540 2.77556e-17
18550 1.66667e-06
18560 1.66667e-06
18570 1.66667e-06
18580 2.77556e-17
18590 2.77556e-17
18600 1.66667e-06
18610 3.33333e-06
18620 1.66667e-06
18630 2.77556e-17
18640 3.33333e-06
18650 1.66667e-06
18660 3.33333e-06
18670 1.66667e-06
18680 2.77556e-17
18690 3.33333e-06
18700 3.33333e-06
18710 3.33333e-06
18720 3.33333e-06
18730 1.66667e-06
18740 3.33333e-06
18750 1.66667e-06
18760 3.33333e-06
18770 1.66667e-06
18780 3.33333e-06
18790 1.66667e-06
18800 3.33333e-06
18810 1.66667e-06
18820 1.66667e-06
18830 1.66667e-06
18840 1.66667e-06
18850 3.33333e-06
18860 1.66667e-06
18870 1.66667e-06
18880 1.66667e-06
18890 1.66667e-06
18900 2.77556e-17
18910 2.77556e-17
18920 2.77556e-17
18930 2.77556e-17
18940 3.33333e-06
18950 3.33333e-06
18960 1.66667e-06
18970 1.66667e-06
18980 3.33333e-06
18990 1.66667e-06
19000 3.33333e-06
19010 3.33333e-06
19020 1.66667e-06
19030 1.66667e-06
19040 3.33333e-06
19050 3.33333e-06
19060 3.33333e-06
19070 1.66667e-06
19080 1.66667e-06
19090 3.33333e-06
19100 3.33333e-06
19110 1.66667e-06
19120 1.66667e-06
19130 1.66667e-06
19140 1.66667e-06
19150 1.66667e-06
19160 3.33333e-06
19170 1.66667e-06
19180 1.66667e-06
19190 1.66667e-06
19200 2.77556e-17
19210 1.66667e-06
19220 1.66667e-06
19230 1.66667e-06
19240 2.77556e-17
19250 1.66667e-06
19260 1.66667e-06
19270 2.77556e-17
19280 2.77556e-17
19290 1.66667e-06
19300 3.33333e-06
19310 3.33333e-06
19320 1.66667e-06
19330 1.66667e-06
19340 1.66667e-06
19350 1.66667e-06
19360 1.66667e-06
19370 1.66667e-06
19380 1.66667e-06
19390 2.77556e-17
19400 1.66667e-06
19410 2.77556e-17
19420 3.33333e-06
19430 1.66667e-06
19440 1.66667e-06
19450 2.77556e-17
19460 1.66667e-06
19470 2.77556e-17
19480 1.66667e-06
19490 1.66667e-06
19500 3.33333e-06
19510 3.33333e-06
19520 3.33333e-06
19530 1.66667e-06
19540 1.66667e-06
19550 1.66667e-06
19560 1.66667e-06
19570 3.33333e-06
19580 1.66667e-06
19590 1.66667e-06
19600 2.77556e-17
19610 2.77556e-17
19620 2.77556e-17
19630 1.66667e-06
19640 3.33333e-06
19650 3.33333e-06
19660 2.77556e-17
19670 1.66667e-06
19680 1.66667e-06
19690 3.33333e-06
19700 2.77556e-17
19710 3.33333e-06
19720 1.66667e-06
19730 2.77556e-17
19740 3.33333e-06
19750 2.77556e-17
19760 1.66667e-06
19770 1.66667e-06
19780 1.66667e-06
19790 2.77556e-17
19800 2.77556e-17
19810 2.77556e-17
19820 2.77556e-17
19830 1.66667e-06
19840 3.33333e-06
19850 3.33333e-06
19860 1.66667e-06
19870 2.77556e-17
19880 1.66667e-06
19890 1.66667e-06
19900 1.66667e-06
19910 2.77556e-17
19920 3.33333e-06
19930 1.66667e-06
19940 1.66667e-06
19950 3.33333e-06
19960 2.77556e-17
19970 3.33333e-06
19980 3.33333e-06
19990 1.66667e-06
20000 1.66667e-06
20010 2.77556e-17
20020 1.66667e-06
20030 1.66667e-06
20040 2.77556e-17
20050 1.66667e-06
20060 3.33333e-06
20070 1.66667e-06
20080 1.66667e-06
20090 2.77556e-17
20100 1.66667e-06
20110 1.66667e-06
20120 1.66667e-06
20130 1.66667e-06
20140 1.66667e-06
20150 1.66667e-06
20160 3.33333e-06
20170 1.66667e-06
20180 1.66667e-06
20190 1.66667e-06
20200 1.66667e-06
20210 1.66667e-06
20220 1.66667e-06
20230 2.77556e-17
20240 1.66667e-06
20250 1.66667e-06
20260 1.66667e-06
20270 1.66667e-06
20280 2.77556e-17
20290 1.66667e-06
20300 1.66667e-06
20310 1.66667e-06
20320 1.66667e-06
20330 2.77556e-17
20340 1.66667e-06
20350 1.66667e-06
20360 1.66667e-06
20370 3.33333e-06
20380 2.77556e-17
20390 3.33333e-06
20400 1.66667e-06
20410 1.66667e-06
20420 3.33333e-06
20430 3.33333e-06
20440 3.33333e-06
20450 3.33333e-06
20460 1.66667e-06
20470 2.77556e-17
20480 2.77556e-17
20490 3.33333e-06
20500 3.33333e-06
20510 2.77556e-17
20520 1.66667e-06
20530 2.77556e-17
20540 1.66667e-06
20550 1.66667e-06
20560 1.66667e-06
20570 3.33333e-06
20580 1.66667e-06
20590 3.33333e-06
20600 3.33333e-06
20610 1.66667e-06
20620 1.66667e-06
20630 1.66667e-06
20640 2.77556e-17
20650 1.66667e-06
20660 3.33333e-06
20670 3.33333e-06
20680 1.66667e-06
20690 2.77556e-17
20700 1.66667e-06
20710 3.33333e-06
20720 1.66667e-06
20730 1.66667e-06
20740 1.66667e-06
20750 3.33333e-06
20760 1.66667e-06
20770 1.66667e-06
20780 3.33333e-06
20790 3.33333e-06
20800 3.33333e-06
20810 2.77556e-17
20820 1.66667e-06
20830 1.66667e-06
20840 2.77556e-17
20850 3.33333e-06
20860 2.77556e-17
20870 1.66667e-06
20880 1.66667e-06
20890 1.66667e-06
20900 2.77556e-17
20910 3.33333e-06
20920 1.66667e-06
20930 3.33333e-06
20940 2.77556e-17
20950 3.33333e-06
20960 2.77556e-17
20970 3.33333e-06
20980 1.66667e-06
20990 3.33333e-06
21000 3.33333e-06
21010 1.66667e-06
21020 2.77556e-17
21030 2.77556e-17
21040 1.66667e-06
21050 3.33333e-06
21060 2.77556e-17
21070 3.33333e-06
21080 1.66667e-06
21090 2.77556e-17
21100 2.77556e-17
21110 1.66667e-06
21120 3.33333e-06
21130 1.66667e-06
21140 3.33333e-06
21150 3.33333e-06
21160 1.66667e-06
21170 3.33333e-06
21180 3.33333e-06
21190 1.66667e-06
21200 3.33333e-06
21210 3.33333e-06
21220 1.66667e-06
21230 1.66667e-06
21240 3.33333e-06
21250 3.33333e-06
21260 1.66667e-06
21270 3.33333e-06
21280 1.66667e-06
21290 3.33333e-06
21300 1.66667e-06
21310 3.33333e-06
21320 2.77556e-17
21330 3.33333e-06
21340 3.33333e-06
21350 1.66667e-06
21360 2.77556e-17
21370 1.66667e-06
21380 3.33333e-06
21390 1.66667e-06
21400 2.77556e-17
21410 2.77556e-17
21420 1.66667e-06
21430 1.66667e-06
21440 1.66667e-06
21450 3.33333e-06
21460 1.66667e-06
21470 1.66667e-06
21480 1.66667e-06
21490 1.66667e-06
21500 3.33333e-06
21510 3.33333e-06
21520 3.33333e-06
21530 3.33333e-06
21540 3.33333e-06
21550 1.66667e-06
21560 1.66667e-06
21570 1.66667e-06
21580 1.66667e-06
21590 3.33333e-06
21600 1.66667e-06
21610 3.33333e-06
21620 2.77556e-17
21630 1.66667e-06
21640 3.33333e-06
21650 1.66667e-06
21660 2.77556e-17
21670 3.33333e-06
21680 1.66667e-06
21690 2.77556e-17
21700 3.33333e-06
21710 1.66667e-06
21720 3.33333e-06
21730 1.66667e-06
21740 2.77556e-17
21750 1.66667e-06
21760 1.66667e-06
21770 3.33333e-06
21780 3.33333e-06
21790 1.66667e-06
21800 3.33333e-06
21810 1.66667e-06
21820 1.66667e-06
21830 1.66667e-06
21840 1.66667e-06
21850 3.33333e-06
21860 1.66667e-06
21870 3.33333e-06
21880 1.66667e-06
21890 3.33333e-06
21900 3.33333e-06
21910 2.77556e-17
21920 1.66667e-06
21930 1.66667e-06
21940 1.66667e-06
21950 3.33333e-06
21960 1.66667e-06
21970 1.66667e-06
21980 3.33333e-06
21990 2.77556e-17
22000 2.77556e-17
22010 1.66667e-06
22020 1.66667e-06
22030 1.66667e-06
22040 1.66667e-06
22050 2.77556e-17
22060 2.77556e-17
22070 2.77556e-17
22080 3.33333e-06
22090 1.66667e-06
22100 1.66667e-06
22110 3.33333e-06
22120 3.33333e-06
22130 1.66667e-06
22140 3.33333e-06
22150 1.66667e-06
22160 3.33333e-06
22170 3.33333e-06
22180 3.33333e-06
22190 2.77556e-17
22200 1.66667e-06
22210 1.66667e-06
22220 1.66667e-06
22230 1.66667e-06
22240 1.66667e-06
22250 1.66667e-06
22260 1.66667e-06
22270 2.77556e-17
22280 1.66667e-06
22290 3.33333e-06
22300 2.77556e-17
22310 3.33333e-06
22320 2.77556e-17
22330 1.66667e-06
22340 1.66667e-06
22350 3.33333e-06
22360 3.33333e-06
22370 3.33333e-06
22380 3.33333e-06
22390 1.66667e-06
22400 3.33333e-06
22410 3.33333e-06
22420 1.66667e-06
22430 3.33333e-06
22440 2.77556e-17
22450 3.33333e-06
22460 2.77556e-17
22470 2.77556e-17
22480 2.77556e-17
22490 3.33333e-06
22500 1.66667e-06
22510 1.66667e-06
22520 1.66667e-06
22530 1.66667e-06
22540 3.33333e-06
22550 3.33333e-06
22560 1.66667e-06
22570 2.77556e-17
22580 3.33333e-06
22590 1.66667e-06
22600 3.33333e-06
22610 1.66667e-06
22620 1.66667e-06
22630 3.33333e-06
22640 3.33333e-06
22650 2.77556e-17
22660 1.66667e-06
22670 1.66667e-06
22680 2.77556e-17
22690 2.77556e-17
22700 3.33333e-06
22710 2.77556e-17
22720 3.33333e-06
22730 3.33333e-06
22740 2.77556e-17
22750 1.66667e-06
22760 1.66667e-06
22770 3.33333e-06
22780 2.77556e-17
22790 2.77556e-17
22800 1.66667e-06
22810 2.77556e-17
22820 1.66667e-06
22830 1.66667e-06
22840 2.77556e-17
22850 3.33333e-06
22860 2.77556e-17
22870 1.66667e-06
22880 3.33333e-06
22890 1.66667e-06
22900 1.66667e-06
22910 3.33333e-06
22920 1.66667e-06
22930 1.66667e-06
22940 1.66667e-06
22950 1.66667e-06
22960 1.66667e-06
22970 1.66667e-06
22980 1.66667e-06
22990 1.66667e-06
23000 1.66667e-06
23010 2.77556e-17
23020 3.33333e-06
23030 1.66667e-06
23040 1.66667e-06
23050 1.66667e-06
23060 3.33333e-06
23070 3.33333e-06
23080 1.66667e-06
23090 3.33333e-06
23100 1.66667e-06
23110 1.66667e-06
23120 2.77556e-17
23130 2.77556e-17
23140 3.33333e-06
23150 1.66667e-06
23160 3.33333e-06
23170 3.33333e-06
23180 3.33333e-06
23190 3.33333e-06
23200 1.66667e-06
23210 1.66667e-06
23220 1.66667e-06
23230 1.66667e-06
23240 1.66667e-06
23250 3.33333e-06
23260 1.66667e-06
23270 1.66667e-06
23280 3.33333e-06
23290 3.33333e-06
23300 1.66667e-06
23310 3.33333e-06
23320 3.33333e-06
23330 3.33333e-06
23340 3.33333e-06
23350 1.66667e-06
23360 3.33333e-06
23370 1.66667e-06
23380 1.66667e-06
23390 3.33333e-06
23400 2.77556e-17
23410 1.66667e-06
23420 1.66667e-06
23430 3.33333e-06
23440 3.33333e-06
23450 3.33333e-06
23460 1.66667e-06
23470 2.77556e-17
23480 2.77556e-17
23490 1.66667e-06
23500 3.33333e-06
23510 3.33333e-06
23520 1.66667e-06
23530 2.77556e-17
23540 1.66667e-06
23550 2.77556e-17
23560 2.77556e-17
23570 1.66667e-06
23580 1.66667e-06
23590 3.33333e-06
23600 3.33333e-06
23610 1.66667e-06
23620 1.66667e-06
23630 1.66667e-06
23640 3.33333e-06
23650 2.77556e-17
23660 1.66667e-06
23670 2.77556e-17
23680 1.66667e-06
23690 2.77556e-17
23700 2.77556e-17
23710 1.66667e-06
23720 1.66667e-06
23730 1.66667e-06
23740 1.66667e-06
23750 2.77556e-17
23760 3.33333e-06
23770 1.66667e-06
23780 1.66667e-06
23790 2.77556e-17
23800 1.66667e-06
23810 2.77556e-17
23820 1.66667e-06
23830 1.66667e-06
23840 1.66667e-06
23850 3.33333e-06
23860 3.33333e-06
23870 2.77556e-17
23880 1.66667e-06
23890 1.66667e-06
23900 1.66667e-06
23910 1.66667e-06
23920 1.66667e-06
23930 1.66667e-06
23940 2.77556e-17
23950 2.77556e-17
23960 1.66667e-06
23970 2.77556e-17
23980 3.33333e-06
23990 3.33333e-06
24000 2.77556e-17
24010 2.77556e-17
24020 1.66667e-06
24030 3.33333e-06
24040 2.77556e-17
24050 2.77556e-17
24060 2.77556e-17
24070 3.33333e-06
24080 1.66667e-06
24090 3.33333e-06
24100 2.77556e-17
24110 2.77556e-17
24120 2.77556e-17
24130 3.33333e-06
24140 1.66667e-06
24150 2.77556e-17
24160 3.33333e-06
24170 1.66667e-06
24180 1.66667e-06
24190 3.33333e-06
24200 2.77556e-17
24210 2.77556e-17
24220 1.66667e-06
24230 3.33333e-06
24240 1.66667e-06
24250 2.77556e-17
24260 1.66667e-06
24270 2.77556e-17
24280 3.33333e-06
24290 1.66667e-06
24300 3.33333e-06
24310 3.33333e-06
24320 2.77556e-17
24330 1.66667e-06
24340 1.66667e-06
24350 3.33333e-06
24360 3.33333e-06
24370 1.66667e-06
24380 1.66667e-06
24390 1.66667e-06
24400 1.66667e-06
24410 3.33333e-06
24420 1.66667e-06
24430 1.66667e-06
24440 1.66667e-06
24450 1.66667e-06
24460 1.66667e-06
24470 2.77556e-17
24480 3.33333e-06
24490 3.33333e-06
24500 1.66667e-06
24510 2.77556e-17
24520 1.66667e-06
24530 1.66667e-06
24540 3.33333e-06
24550 3.33333e-06
24560 1.66667e-06
24570 1.66667e-06
24580 2.77556e-17
24590 1.66667e-06
24600 2.77556e-17
24610 1.66667e-06
24620 3.33333e-06
24630 3.33333e-06
24640 1.66667e-06
24650 2.77556e-17
24660 1.66667e-06
24670 1.66667e-06
24680 1.66667e-06
24690 1.66667e-06
24700 1.66667e-06
24710 1.66667e-06
24720 1.66667e-06
24730 2.77556e-17
24740 2.77556e-17
24750 3.33333e-06
24760 3.33333e-06
24770 3.33333e-06
24780 1.66667e-06
24790 1.66667e-06
24800 1.66667e-06
24810 1.66667e-06
24820 1.66667e-06
24830 1.66667e-06
24840 3.33333e-06
24850 1.66667e-06
24860 1.66667e-06
24870 1.66667e-06
24880 1.66667e-06
24890 1.66667e-06
24900 1.66667e-06
24910 3.33333e-06
24920 1.66667e-06
24930 1.66667e-06
24940 3.33333e-06
24950 3.33333e-06
24960 3.33333e-06
24970 2.77556e-17
24980 1.66667e-06
24990 2.77556e-17
25000 3.33333e-06
25010 1.66667e-06
25020 1.66667e-06
25030 1.66667e-06
25040 2.77556e-17
25050 3.33333e-06
25060 1.66667e-06
25070 1.66667e-06
25080 1.66667e-06
25090 1.66667e-06
25100 2.77556e-17
25110 1.66667e-06
25120 2.77556e-17
25130 2.77556e-17
25140 1.66667e-06
25150 3.33333e-06
25160 3.33333e-06
25170 3.33333e-06
25180 3.33333e-06
25190 3.33333e-06
25200 1.66667e-06
25210 3.33333e-06
25220 1.66667e-06
25230 3.33333e-06
25240 1.66667e-06
25250 1.66667e-06
25260 3.33333e-06
25270 1.66667e-06
25280 1.66667e-06
25290 1.66667e-06
25300 3.33333e-06
25310 3.33333e-06
25320 2.77556e-17
25330 1.66667e-06
25340 1.66667e-06
25350 1.66667e-06
25360 3.33333e-06
25370 3.33333e-06
25380 3.33333e-06
25390 3.33333e-06
25400 1.66667e-06
25410 3.33333e-06
25420 1.66667e-06
25430 3.33333e-06
25440 1.66667e-06
25450 1.66667e-06
25460 1.66667e-06
25470 1.66667e-06
25480 2.77556e-17
25490 3.33333e-06
25500 1.66667e-06
25510 3.33333e-06
25520 3.33333e-06
25530 3.33333e-06
25540 1.66667e-06
25550 2.77556e-17
25560 2.77556e-17
25570 3.33333e-06
25580 1.66667e-06
25590 1.66667e-06
25600 3.33333e-06
25610 1.66667e-06
25620 2.77556e-17
25630 3.33333e-06
25640 1.66667e-06
25650 1.66667e-06
25660 3.33333e-06
25670 1.66667e-06
25680 1.66667e-06
25690 1.66667e-06
25700 3.33333e-06
25710 3.33333e-06
25720 1.66667e-06
25730 3.33333e-06
25740 1.66667e-06
25750 3.33333e-06
25760 1.66667e-06
25770 1.66667e-06
25780 1.66667e-06
25790 2.77556e-17
25800 1.66667e-06
25810 1.66667e-06
25820 3.33333e-06
25830 3.33333e-06
25840 2.77556e-17
25850 2.77556e-17
25860 1.66667e-06
25870 1.66667e-06
25880 2.77556e-17
25890 3.33333e-06
25900 1.66667e-06
25910 3.33333e-06
25920 1.66667e-06
25930 3.33333e-06
25940 1.66667e-06
25950 2.77556e-17
25960 1.66667e-06
25970 3.33333e-06
25980 1.66667e-06
25990 3.33333e-06
26000 1.66667e-06
26010 1.66667e-06
26020 2.77556e-17
26030 1.66667e-06
26040 1.66667e-06
26050 1.66667e-06
26060 1.66667e-06
26070 1.66667e-06
26080 3.33333e-06
26090 1.66667e-06
26100 1.66667e-06
26110 1.66667e-06
26120 1.66667e-06
26130 1.66667e-06
26140 1.66667e-06
26150 1.66667e-06
26160 1.66667e-06
26170 1.66667e-06
26180 1.66667e-06
26190 1.66667e-06
26200 1.66667e-06
26210 1.66667e-06
26220 1.66667e-06
26230 2.77556e-17
26240 3.33333e-06
26250 1.66667e-06
26260 2.77556e-17
26270 3.33333e-06
26280 3.33333e-06
26290 3.33333e-06
26300 2.77556e-17
26310 1.66667e-06
26320 1.66667e-06
26330 1.66667e-06
26340 3.33333e-06
26350 1.66667e-06
26360 2.77556e-17
26370 1.66667e-06
26380 3.33333e-06
26390 3.33333e-06
26400 1.66667e-06
26410 3.33333e-06
26420 1.66667e-06
26430 2.77556e-17
26440 1.66667e-06
26450 1.66667e-06
26460 1.66667e-06
26470 2.77556e-17
26480 1.66667e-06
26490 1.66667e-06
26500 1.66667e-06
26510 1.66667e-06
26520 1.66667e-06
26530 1.66667e-06
26540 3.33333e-06
26550 3.33333e-06
26560 2.77556e-17
26570 3.33333e-06
26580 1.66667e-06
26590 1.66667e-06
26600 1.66667e-06
26610 3.33333e-06
26620 2.77556e-17
26630 1.66667e-06
26640 1.66667e-06
26650 1.66667e-06
26660 3.33333e-06
26670 3.33333e-06
26680 1.66667e-06
26690 3.33333e-06
26700 3.33333e-06
26710 2.77556e-17
26720 1.66667e-06
26730 2.77556e-17
26740 2.77556e-17
26750 1.66667e-06
26760 3.33333e-06
26770 1.66667e-06
26780 1.66667e-06
26790 1.66667e-06
26800 3.33333e-06
26810 1.66667e-06
26820 1.66667e-06
26830 1.66667e-06
26840 1.66667e-06
26850 1.66667e-06
26860 1.66667e-06
26870 1.66667e-06
26880 1.66667e-06
26890 2.77556e-17
26900 3.33333e-06
26910 3.33333e-06
26920 2.77556e-17
26930 2.77556e-17
26940 1.66667e-06
26950 1.66667e-06
26960 3.33333e-06
26970 3.33333e-06
26980 3.33333e-06
26990 3.33333e-06
27000 1.66667e-06
27010 3.33333e-06
27020 3.33333e-06
27030 3.33333e-06
27040 1.66667e-06
27050 2.77556e-17
27060 1.66667e-06
27070 1.66667e-06
27080 1.66667e-06
27090 1.66667e-06
27100 3.33333e-06
27110 1.66667e-06
27120 3.33333e-06
27130 1.66667e-06
27140 1.66667e-06
27150 2.77556e-17
27160 1.66667e-06
27170 1.66667e-06
27180 3.33333e-06
27190 1.66667e-06
27200 1.66667e-06
27210 1.66667e-06
27220 3.33333e-06
27230 1.66667e-06
27240 3.33333e-06
27250 1.66667e-06
27260 2.77556e-17
27270 1.66667e-06
27280 3.33333e-06
27290 1.66667e-06
27300 3.33333e-06
27310 3.33333e-06
27320 3.33333e-06
27330 2.77556e-17
27340 3.33333e-06
27350 3.33333e-06
27360 1.66667e-06
27370 1.66667e-06
27380 3.33333e-06
27390 2.77556e-17
27400 1.66667e-06
27410 2.77556e-17
27420 1.66667e-06
27430 2.77556e-17
27440 3.33333e-06
27450 3.33333e-06
27460 3.33333e-06
27470 1.66667e-06
27480 1.66667e-06
27490 2.77556e-17
27500 1.66667e-06
27510 1.66667e-06
27520 1.66667e-06
27530 1.66667e-06
27540 1.66667e-06
27550 1.66667e-06
27560 3.33333e-06
27570 1.66667e-06
27580 1.66667e-06
27590 3.33333e-06
27600 2.77556e-17
27610 1.66667e-06
27620 1.66667e-06
27630 1.66667e-06
27640 1.66667e-06
27650 1.66667e-06
27660 2.77556e-17
27670 3.33333e-06
27680 3.33333e-06
27690 3.33333e-06
27700 3.33333e-06
27710 3.33333e-06
27720 3.33333e-06
27730 2.77556e-17
27740 3.33333e-06
27750 3.33333e-06
27760 1.66667e-06
27770 2.77556e-17
27780 1.66667e-06
27790 3.33333e-06
27800 3.33333e-06
27810 3.33333e-06
27820 3.33333e-06
27830 1.66667e-06
27840 1.66667e-06
27850 2.77556e-17
27860 1.66667e-06
27870 1.66667e-06
27880 1.66667e-06
27890 2.77556e-17
27900 3.33333e-06
27910 2.77556e-17
27920 1.66667e-06
27930 3.33333e-06
27940 1.66667e-06
27950 1.66667e-06
27960 2.77556e-17
27970 2.77556e-17
27980 2.77556e-17
27990 1.66667e-06
28000 1.66667e-06
28010 2.77556e-17
28020 2.77556e-17
28030 3.33333e-06
28040 1.66667e-06
28050 1.66667e-06
28060 1.66667e-06
28070 1.66667e-06
28080 2.77556e-17
28090 3.33333e-06
28100 2.77556e-17
28110 1.66667e-06
28120 1.66667e-06
28130 2.77556e-17
28140 1.66667e-06
28150 3.33333e-06
28160 1.66667e-06
28170 1.66667e-06
28180 3.33333e-06
28190 2.77556e-17
28200 1.66667e-06
28210 2.77556e-17
28220 3.33333e-06
28230 1.66667e-06
28240 3.33333e-06
28250 1.66667e-06
28260 1.66667e-06
28270 3.33333e-06
28280 3.33333e-06
28290 1.66667e-06
28300 2.77556e-17
28310 1.66667e-06
28320 1.66667e-06
28330 3.33333e-06
28340 1.66667e-06
28350 3.33333e-06
28360 3.33333e-06
28370 2.77556e-17
28380 1.66667e-06
28390 3.33333e-06
28400 1.66667e-06
28410 2.77556e-17
28420 2.77556e-17
28430 1.66667e-06
28440 2.77556e-17
28450 1.66667e-06
28460 1.66667e-06
28470 1.66667e-06
28480 1.66667e-06
28490 1.66667e-06
28500 1.66667e-06
28510 3.33333e-06
28520 2.77556e-17
28530 3.33333e-06
28540 1.66667e-06
28550 2.77556e-17
28560 1.66667e-06
28570 3.33333e-06
28580 1.66667e-06
28590 2.77556e-17
28600 3.33333e-06
28610 1.66667e-06
28620 1.66667e-06
28630 3.33333e-06
28640 1.66667e-06
28650 1.66667e-06
28660 1.66667e-06
28670 2.77556e-17
28680 2.77556e-17
28690 1.66667e-06
28700 1.66667e-06
28710 2.77556e-17
28720 1.66667e-06
28730 1.66667e-06
28740 1.66667e-06
28750 1.66667e-06
28760 1.66667e-06
28770 1.66667e-06
28780 2.77556e-17
28790 2.77556e-17
28800 3.33333e-06
28810 2.77556e-17
28820 2.77556e-17
28830 2.77556e-17
28840 2.77556e-17
28850 1.66667e-06
28860 1.66667e-06
28870 1.66667e-06
28880 1.66667e-06
28890 1.66667e-06
28900 3.33333e-06
28910 1.66667e-06
28920 1.66667e-06
28930 2.77556e-17
28940 1.66667e-06
28950 1.66667e-06
28960 1.66667e-06
28970 3.33333e-06
28980 2.77556e-17
28990 3.33333e-06
29000 2.77556e-17
29010 1.66667e-06
29020 2.77556e-17
29030 1.66667e-06
29040 3.33333e-06
29050 3.33333e-06
29060 2.77556e-17
29070 2.77556e-17
29080 2.77556e-17
29090 1.66667e-06
29100 2.77556e-17
29110 3.33333e-06
29120 1.66667e-06
29130 2.77556e-17
29140 1.66667e-06
29150 2.77556e-17
29160 1.66667e-06
29170 3.33333e-06
29180 2.77556e-17
29190 2.77556e-17
29200 2.77556e-17
29210 2.77556e-17
29220 2.77556e-17
29230 3.33333e-06
29240 1.66667e-06
29250 3.33333e-06
29260 1.66667e-06
29270 2.77556e-17
29280 1.66667e-06
29290 1.66667e-06
29300 3.33333e-06
29310 1.66667e-06
29320 1.66667e-06
29330 3.33333e-06
29340 3.33333e-06
29350 1.66667e-06
29360 1.66667e-06
29370 1.66667e-06
29380 2.77556e-17
29390 3.33333e-06
29400 1.66667e-06
29410 2.77556e-17
29420 3.33333e-06
29430 3.33333e-06
29440 1.66667e-06
29450 1.66667e-06
29460 1.66667e-06
29470 3.33333e-06
29480 3.33333e-06
29490 1.66667e-06
29500 1.66667e-06
29510 1.66667e-06
29520 1.66667e-06
29530 3.33333e-06
29540 1.66667e-06
29550 1.66667e-06
29560 3.33333e-06
29570 2.77556e-17
29580 1.66667e-06
29590 1.66667e-06
29600 1.66667e-06
29610 3.33333e-06
29620 2.77556e-17
29630 1.66667e-06
29640 1.66667e-06
29650 1.66667e-06
29660 3.33333e-06
29670 2.77556e-17
29680 1.66667e-06
29690 1.66667e-06
29700 1.66667e-06
29710 1.66667e-06
29720 2.77556e-17
29730 1.66667e-06
29740 1.66667e-06
29750 1.66667e-06
29760 3.33333e-06
29770 3.33333e-06
29780 1.66667e-06
29790 1.66667e-06
29800 1.66667e-06
29810 2.77556e-17
29820 1.66667e-06
29830 1.66667e-06
29840 1.66667e-06
29850 1.66667e-06
29860 1.66667e-06
29870 1.66667e-06
29880 2.77556e-17
29890 3.33333e-06
29900 2.77556e-17
29910 1.66667e-06
29920 1.66667e-06
29930 1.66667e-06
29940 2.77556e-17
29950 1.66667e-06
29960 1.66667e-06
29970 3.33333e-06
29980 3.33333e-06
29990 1.66667e-06
30000 3.33333e-06
30010 1.66667e-06
30020 3.33333e-06
30030 1.66667e-06
30040 1.66667e-06
30050 1.66667e-06
30060 2.77556e-17
30070 3.33333e-06
30080 1.66667e-06
30090 2.77556e-17
30100 1.66667e-06
30110 3.33333e-06
30120 1.66667e-06
30130 3.33333e-06
30140 3.33333e-06
30150 1.66667e-06
30160 2.77556e-17
30170 1.66667e-06
30180 1.66667e-06
30190 3.33333e-06
30200 2.77556e-17
30210 2.77556e-17
30220 3.33333e-06
30230 1.66667e-06
30240 3.33333e-06
30250 3.33333e-06
30260 1.66667e-06
30270 3.33333e-06
30280 3.33333e-06
30290 1.66667e-06
30300 1.66667e-06
30310 3.33333e-06
30320 3.33333e-06
30330 3.33333e-06
30340 2.77556e-17
30350 3.33333e-06
30360 3.33333e-06
30370 1.66667e-06
30380 2.77556e-17
30390 3.33333e-06
30400 1.66667e-06
30410 1.66667e-06
30420 3.33333e-06
30430 1.66667e-06
30440 1.66667e-06
30450 1.66667e-06
30460 1.66667e-06
30470 3.33333e-06
30480 3.33333e-06
30490 3.33333e-06
30500 1.66667e-06
30510 2.77556e-17
30520 3.33333e-06
30530 1.66667e-06
30540 1.66667e-06
30550 1.66667e-06
30560 3.33333e-06
30570 1.66667e-06
30580 2.77556e-17
30590 2.77556e-17
30600 3.33333e-06
30610 2.77556e-17
30620 1.66667e-06
30630 1.66667e-06
30640 1.66667e-06
30650 1.66667e-06
30660 1.66667e-06
30670 1.66667e-06
30680 3.33333e-06
30690 1.66667e-06
30700 1.66667e-06
30710 2.77556e-17
30720 2.77556e-17
30730 1.66667e-06
30740 2.77556e-17
30750 2.77556e-17
30760 1.66667e-06
30770 3.33333e-06
30780 1.66667e-06
30790 1.66667e-06
30800 1.66667e-06
30810 3.33333e-06
30820 1.66667e-06
30830 1.66667e-06
30840 1.66667e-06
30850 2.77556e-17
30860 1.66667e-06
30870 2.77556e-17
30880 1.66667e-06
30890 3.33333e-06
30900 3.33333e-06
30910 2.77556e-17
30920 1.66667e-06
30930 1.66667e-06
30940 1.66667e-06
30950 3.33333e-06
30960 2.77556e-17
30970 3.33333e-06
30980 3.33333e-06
30990 3.33333e-06
31000 1.66667e-06
31010 1.66667e-06
31020 1.66667e-06
31030 3.33333e-06
31040 3.33333e-06
31050 1.66667e-06
31060 1.66667e-06
31070 1.66667e-06
31080 2.77556e-17
31090 3.33333e-06
31100 1.66667e-06
31110 2.77556e-17
31120 1.66667e-06
31130 2.77556e-17
31140 1.66667e-06
31150 1.66667e-06
31160 1.66667e-06
31170 3.33333e-06
31180 1.66667e-06
31190 1.66667e-06
31200 1.66667e-06
31210 1.66667e-06
31220 1.66667e-06
31230 1.66667e-06
31240 3.33333e-06
31250 1.66667e-06
31260 3.33333e-06
31270 1.66667e-06
31280 1.66667e-06
31290 1.66667e-06
31300 3.33333e-06
31310 1.66667e-06
31320 1.66667e-06
31330 1.66667e-06
31340 3.33333e-06
31350 3.33333e-06
31360 3.33333e-06
31370 1.66667e-06
31380 3.33333e-06
31390 2.77556e-17
31400 2.77556e-17
31410 3.33333e-06
31420 1.66667e-06
31430 3.33333e-06
31440 3.33333e-06
31450 1.66667e-06
31460 1.66667e-06
31470 1.66667e-06
31480 1.66667e-06
31490 3.33333e-06
31500 1.66667e-06
31510 1.66667e-06
31520 1.66667e-06
31530 2.77556e-17
31540 3.33333e-06
31550 2.77556e-17
31560 1.66667e-06
31570 1.66667e-06
31580 2.77556e-17
31590 2.77556e-17
31600 2.77556e-17
31610 2.77556e-17
31620 1.66667e-06
31630 3.33333e-06
31640 1.66667e-06
31650 3.33333e-06
31660 3.33333e-06
31670 2.77556e-17
31680 1.66667e-06
31690 1.66667e-06
31700 1.66667e-06
31710 1.66667e-06
31720 1.66667e-06
31730 3.33333e-06
31740 2.77556e-17
31750 2.77556e-17
31760 3.33333e-06
31770 1.66667e-06
31780 1.66667e-06
31790 1.66667e-06
31800 3.33333e-06
31810 1.66667e-06
31820 2.77556e-17
31830 1.66667e-06
31840 2.77556e-17
31850 1.66667e-06
31860 3.33333e-06
31870 2.77556e-17
31880 3.33333e-06
31890 3.33333e-06
31900 1.66667e-06
31910 1.66667e-06
31920 2.77556e-17
31930 2.77556e-17
31940 1.66667e-06
31950 3.33333e-06
31960 1.66667e-06
31970 2.77556e-17
31980 1.66667e-06
31990 2.77556e-17
32000 2.77556e-17
32010 1.66667e-06
32020 1.66667e-06
32030 2.77556e-17
32040 1.66667e-06
32050 3.33333e-06
32060 1.66667e-06
32070 1.66667e-06
32080 3.33333e-06
32090 1.66667e-06
32100 1.66667e-06
32110 3.33333e-06
32120 1.66667e-06
32130 2.77556e-17
32140 2.77556e-17
32150 2.77556e-17
32160 1.66667e-06
32170 1.66667e-06
32180 2.77556e-17
32190 1.66667e-06
32200 2.77556e-17
32210 2.77556e-17
32220 2.77556e-17
32230 2.77556e-17
32240 2.77556e-17
32250 1.66667e-06
32260 3.33333e-06
32270 2.77556e-17
32280 1.66667e-06
32290 2.77556e-17
32300 1.66667e-06
32310 1.66667e-06
32320 2.77556e-17
32330 2.77556e-17
32340 3.33333e-06
32350 3.33333e-06
32360 3.33333e-06
32370 1.66667e-06
32380 2.77556e-17
32390 1.66667e-06
32400 1.66667e-06
32410 1.66667e-06
32420 1.66667e-06
32430 2.77556e-17
32440 3.33333e-06
32450 3.33333e-06
32460 2.77556e-17
32470 1.66667e-06
32480 1.66667e-06
32490 1.66667e-06
32500 1.66667e-06
32510 3.33333e-06
32520 1.66667e-06
32530 1.66667e-06
32540 3.33333e-06
32550 1.66667e-06
32560 2.77556e-17
32570 1.66667e-06
32580 3.33333e-06
32590 2.77556e-17
32600 1.66667e-06
32610 3.33333e-06
32620 2.77556e-17
32630 3.33333e-06
32640 1.66667e-06
32650 1.66667e-06
32660 2.77556e-17
32670 1.66667e-06
32680 1.66667e-06
32690 2.77556e-17
32700 2.77556e-17
32710 1.66667e-06
32720 1.66667e-06
32730 2.77556e-17
32740 3.33333e-06
32750 1.66667e-06
32760 1.66667e-06
32770 2.77556e-17
32780 2.77556e-17
32790 3.33333e-06
32800 3.33333e-06
32810 3.33333e-06
32820 3.33333e-06
32830 1.66667e-06
32840 2.77556e-17
32850 3.33333e-06
32860 2.77556e-17
32870 2.77556e-17
32880 2.77556e-17
32890 2.77556e-17
32900 1.66667e-06
32910 2.77556e-17
32920 1.66667e-06
32930 1.66667e-06
32940 2.77556e-17
32950 2.77556e-17
32960 1.66667e-06
32970 1.66667e-06
32980 1.66667e-06
32990 1.66667e-06
33000 1.66667e-06
33010 1.66667e-06
33020 3.33333e-06
33030 1.66667e-06
33040 1.66667e-06
33050 1.66667e-06
33060 2.77556e-17
33070 1.66667e-06
33080 3.33333e-06
33090 1.66667e-06
33100 3.33333e-06
33110 1.66667e-06
33120 2.77556e-17
33130 1.66667e-06
33140 2.77556e-17
33150 3.33333e-06
33160 2.77556e-17
33170 1.66667e-06
33180 1.66667e-06
33190 3.33333e-06
33200 1.66667e-06
33210 1.66667e-06
33220 3.33333e-06
33230 1.66667e-06
33240 3.33333e-06
33250 1.66667e-06
33260 2.77556e-17
33270 3.33333e-06
33280 1.66667e-06
33290 2.77556e-17
33300 2.77556e-17
33310 3.33333e-06
33320 3.33333e-06
33330 3.33333e-06
33340 2.77556e-17
33350 1.66667e-06
33360 3.33333e-06
33370 2.77556e-17
33380 1.66667e-06
33390 1.66667e-06
33400 1.66667e-06
33410 3.33333e-06
33420 1.66667e-06
33430 1.66667e-06
33440 2.77556e-17
33450 1.66667e-06
33460 2.77556e-17
33470 2.77556e-17
33480 3.33333e-06
33490 1.66667e-06
33500 1.66667e-06
33510 3.33333e-06
33520 1.66667e-06
33530 1.66667e-06
33540 2.77556e-17
33550 1.66667e-06
33560 2.77556e-17
33570 2.77556e-17
33580 1.66667e-06
33590 1.66667e-06
33600 2.77556e-17
33610 2.77556e-17
33620 1.66667e-06
33630 2.77556e-17
33640 3.33333e-06
33650 1.66667e-06
33660 1.66667e-06
33670 1.66667e-06
33680 1.66667e-06
33690 3.33333e-06
33700 1.66667e-06
33710 2.77556e-17
33720 1.66667e-06
33730 3.33333e-06
33740 3.33333e-06
33750 1.66667e-06
33760 1.66667e-06
33770 1.66667e-06
33780 1.66667e-06
33790 1.66667e-06
33800 2.77556e-17
33810 2.77556e-17
33820 1.66667e-06
33830 1.66667e-06
33840 1.66667e-06
33850 1.66667e-06
33860 1.66667e-06
33870 3.33333e-06
33880 1.66667e-06
33890 3.33333e-06
33900 3.33333e-06
33910 3.33333e-06
33920 1.66667e-06
33930 1.66667e-06
33940 1.66667e-06
33950 1.66667e-06
33960 2.77556e-17
33970 3.33333e-06
33980 3.33333e-06
33990 3.33333e-06
34000 3.33333e-06
34010 1.66667e-06
34020 1.66667e-06
34030 3.33333e-06
34040 1.66667e-06
34050 3.33333e-06
34060 1.66667e-06
34070 3.33333e-06
34080 3.33333e-06
34090 2.77556e-17
34100 3.33333e-06
34110 2.77556e-17
34120 1.66667e-06
34130 1.66667e-06
34140 1.66667e-06
34150 1.66667e-06
34160 3.33333e-06
34170 1.66667e-06
34180 3.33333e-06
34190 1.66667e-06
34200 1.66667e-06
34210 1.66667e-06
34220 1.66667e-06
34230 1.66667e-06
34240 1.66667e-06
34250 2.77556e-17
34260 1.66667e-06
34270 1.66667e-06
34280 3.33333e-06
34290 2.77556e-17
34300 3.33333e-06
34310 1.66667e-06
34320 3.33333e-06
34330 2.77556e-17
34340 2.77556e-17
34350 2.77556e-17
34360 3.33333e-06
34370 1.66667e-06
34380 2.77556e-17
34390 2.77556e-17
34400 2.77556e-17
34410 1.66667e-06
34420 1.66667e-06
34430 3.33333e-06
34440 1.66667e-06
34450 1.66667e-06
34460 3.33333e-06
34470 1.66667e-06
34480 3.33333e-06
34490 1.66667e-06
34500 2.77556e-17
34510 1.66667e-06
34520 2.77556e-17
34530 2.77556e-17
34540 1.66667e-06
34550 1.66667e-06
34560 1.66667e-06
34570 3.33333e-06
34580 2.77556e-17
34590 1.66667e-06
34600 1.66667e-06
34610 3.33333e-06
34620 1.66667e-06
34630 3.33333e-06
34640 1.66667e-06
34650 3.33333e-06
34660 1.66667e-06
34670 1.66667e-06
34680 1.66667e-06
34690 2.77556e-17
34700 1.66667e-06
34710 3.33333e-06
34720 3.33333e-06
34730 2.77556e-17
34740 1.66667e-06
34750 2.77556e-17
34760 1.66667e-06
34770 1.66667e-06
34780 1.66667e-06
34790 1.66667e-06
34800 1.66667e-06
34810 2.77556e-17
34820 3.33333e-06
34830 3.33333e-06
34840 1.66667e-06
34850 1.66667e-06
34860 1.66667e-06
34870 3.33333e-06
34880 1.66667e-06
34890 1.66667e-06
34900 2.77556e-17
34910 1.66667e-06
34920 1.66667e-06
34930 1.66667e-06
34940 2.77556e-17
34950 2.77556e-17
34960 2.77556e-17
34970 2.77556e-17
34980 1.66667e-06
34990 1.66667e-06
35000 1.66667e-06
35010 1.66667e-06
35020 1.66667e-06
35030 1.66667e-06
35040 2.77556e-17
35050 1.66667e-06
35060 1.66667e-06
35070 1.66667e-06
35080 3.33333e-06
35090 1.66667e-06
35100 1.66667e-06
35110 2.77556e-17
35120 1.66667e-06
35130 2.77556e-17
35140 3.33333e-06
35150 1.66667e-06
35160 1.66667e-06
35170 1.66667e-06
35180 1.66667e-06
35190 1.66667e-06
35200 3.33333e-06
35210 3.33333e-06
35220 2.77556e-17
35230 2.77556e-17
35240 2.77556e-17
35250 2.77556e-17
35260 1.66667e-06
35270 1.66667e-06
35280 1.66667e-06
35290 3.33333e-06
35300 3.33333e-06
35310 1.66667e-06
35320 3.33333e-06
35330 3.33333e-06
35340 1.66667e-06
35350 3.33333e-06
35360 3.33333e-06
35370 2.77556e-17
35380 1.66667e-06
35390 3.33333e-06
35400 1.66667e-06
35410 2.77556e-17
35420 1.66667e-06
35430 1.66667e-06
35440 1.66667e-06
35450 2.77556e-17
35460 1.66667e-06
35470 2.77556e-17
35480 2.77556e-17
35490 2.77556e-17
35500 2.77556e-17
35510 1.66667e-06
35520 3.33333e-06
35530 3.33333e-06
35540 2.77556e-17
35550 3.33333e-06
35560 1.66667e-06
35570 1.66667e-06
35580 2.77556e-17
35590 2.77556e-17
35600 1.66667e-06
35610 2.77556e-17
35620 3.33333e-06
35630 3.33333e-06
35640 1.66667e-06
35650 1.66667e-06
35660 1.66667e-06
35670 2.77556e-17
35680 3.33333e-06
35690 1.66667e-06
35700 3.33333e-06
35710 2.77556e-17
35720 2.77556e-17
35730 1.66667e-06
35740 1.66667e-06
35750 1.66667e-06
35760 1.66667e-06
35770 3.33333e-06
35780 1.66667e-06
35790 2.77556e-17
35800 3.33333e-06
35810 1.66667e-06
35820 3.33333e-06
35830 1.66667e-06
35840 3.33333e-06
35850 2.77556e-17
35860 3.33333e-06
35870 3.33333e-06
35880 3.33333e-06
35890 1.66667e-06
35900 1.66667e-06
35910 2.77556e-17
35920 2.77556e-17
35930 1.66667e-06
35940 2.77556e-17
35950 1.66667e-06
35960 1.66667e-06
35970 2.77556e-17
35980 1.66667e-06
35990 1.66667e-06
36000 3.33333e-06
36010 1.66667e-06
36020 1.66667e-06
36030 1.66667e-06
36040 1.66667e-06
36050 1.66667e-06
36060 2.77556e-17
36070 1.66667e-06
36080 1.66667e-06
36090 1.66667e-06
36100 2.77556e-17
36110 1.66667e-06
36120 1.66667e-06
36130 2.77556e-17
36140 2.77556e-17
36150 1.66667e-06
36160 2.77556e-17
36170 1.66667e-06
36180 3.33333e-06
36190 1.66667e-06
36200 2.77556e-17
36210 1.66667e-06
36220 1.66667e-06
36230 2.77556e-17
36240 3.33333e-06
36250 2.77556e-17
36260 1.66667e-06
36270 1.66667e-06
36280 2.77556e-17
36290 1.66667e-06
36300 1.66667e-06
36310 1.66667e-06
36320 3.33333e-06
36330 1.66667e-06
36340 1.66667e-06
36350 1.66667e-06
36360 1.66667e-06
36370 2.77556e-17
36380 2.77556e-17
36390 1.66667e-06
36400 3.33333e-06
36410 3.33333e-06
36420 1.66667e-06
36430 1.66667e-06
36440 1.66667e-06
36450 2.77556e-17
36460 1.66667e-06
36470 3.33333e-06
36480 1.66667e-06
36490 1.66667e-06
36500 3.33333e-06
36510 2.77556e-17
36520 2.77556e-17
36530 2.77556e-17
36540 3.33333e-06
36550 3.33333e-06
36560 1.66667e-06
36570 1.66667e-06
36580 1.66667e-06
36590 2.77556e-17
36600 1.66667e-06
36610 1.66667e-06
36620 2.77556e-17
36630 1.66667e-06
36640 1.66667e-06
36650 1.66667e-06
36660 1.66667e-06
36670 2.77556e-17
36680 1.66667e-06
36690 1.66667e-06
36700 1.66667e-06
36710 1.66667e-06
36720 3.33333e-06
36730 2.77556e-17
36740 1.66667e-06
36750 1.66667e-06
36760 1.66667e-06
36770 2.77556e-17
36780 1.66667e-06
36790 2.77556e-17
36800 2.77556e-17
36810 1.66667e-06
36820 3.33333e-06
36830 3.33333e-06
36840 3.33333e-06
36850 3.33333e-06
36860 3.33333e-06
36870 2.77556e-17
36880 1.66667e-06
36890 2.77556e-17
36900 3.33333e-06
36910 1.66667e-06
36920 2.77556e-17
36930 1.66667e-06
36940 1.66667e-06
36950 1.66667e-06
36960 1.66667e-06
36970 1.66667e-06
36980 3.33333e-06
36990 2.77556e-17
37000 2.77556e-17
37010 3.33333e-06
37020 1.66667e-06
37030 1.66667e-06
37040 1.66667e-06
37050 2.77556e-17
37060 2.77556e-17
37070 2.77556e-17
37080 3.33333e-06
37090 2.77556e-17
37100 1.66667e-06
37110 1.66667e-06
37120 1.66667e-06
37130 1.66667e-06
37140 2.77556e-17
37150 2.77556e-17
37160 3.33333e-06
37170 3.33333e-06
37180 1.66667e-06
37190 2.77556e-17
37200 3.33333e-06
37210 1.66667e-06
37220 2.77556e-17
37230 2.77556e-17
37240 1.66667e-06
37250 3.33333e-06
37260 1.66667e-06
37270 3.33333e-06
37280 2.77556e-17
37290 1.66667e-06
37300 1.66667e-06
37310 1.66667e-06
37320 2.77556e-17
37330 1.66667e-06
37340 3.33333e-06
37350 1.66667e-06
37360 2.77556e-17
37370 1.66667e-06
37380 2.77556e-17
37390 2.77556e-17
37400 1.66667e-06
37410 1.66667e-06
37420 2.77556e-17
37430 1.66667e-06
37440 3.33333e-06
37450 3.33333e-06
37460 1.66667e-06
37470 3.33333e-06
37480 2.77556e-17
37490 1.66667e-06
37500 1.66667e-06
37510 1.66667e-06
37520 1.66667e-06
37530 1.66667e-06
37540 1.66667e-06
37550 3.33333e-06
37560 1.66667e-06
37570 1.66667e-06
37580 1.66667e-06
37590 1.66667e-06
37600 1.66667e-06
37610 2.77556e-17
37620 2.77556e-17
37630 1.66667e-06
37640 1.66667e-06
37650 1.66667e-06
37660 1.66667e-06
37670 1.66667e-06
37680 1.66667e-06
37690 3.33333e-06
37700 1.66667e-06
37710 3.33333e-06
37720 2.77556e-17
37730 2.77556e-17
37740 1.66667e-06
37750 1.66667e-06
37760 1.66667e-06
37770 1.66667e-06
37780 2.77556e-17
37790 1.66667e-06
37800 1.66667e-06
37810 2.77556e-17
37820 1.66667e-06
37830 1.66667e-06
37840 2.77556e-17
37850 2.77556e-17
37860 1.66667e-06
37870 1.66667e-06
37880 1.66667e-06
37890 1.66667e-06
37900 2.77556e-17
37910 1.66667e-06
37920 3.33333e-06
37930 1.66667e-06
37940 3.33333e-06
37950 3.33333e-06
37960 1.66667e-06
37970 1.66667e-06
37980 2.77556e-17
37990 1.66667e-06
38000 1.66667e-06
38010 1.66667e-06
38020 1.66667e-06
38030 3.33333e-06
38040 2.77556e-17
38050 1.66667e-06
38060 1.66667e-06
38070 3.33333e-06
38080 2.77556e-17
38090 1.66667e-06
38100 1.66667e-06
38110 1.66667e-06
38120 2.77556e-17
38130 1.66667e-06
38140 1.66667e-06
38150 3.33333e-06
38160 2.77556e-17
38170 1.66667e-06
38180 2.77556e-17
38190 1.66667e-06
38200 1.66667e-06
38210 2.77556e-17
38220 3.33333e-06
38230 1.66667e-06
38240 1.66667e-06
38250 3.33333e-06
38260 3.33333e-06
38270 1.66667e-06
38280 1.66667e-06
38290 2.77556e-17
38300 1.66667e-06
38310 3.33333e-06
38320 1.66667e-06
38330 3.33333e-06
38340 1.66667e-06
38350 3.33333e-06
38360 3.33333e-06
38370 2.77556e-17
38380 3.33333e-06
38390 3.33333e-06
38400 2.77556e-17
38410 3.33333e-06
38420 1.66667e-06
38430 1.66667e-06
38440 2.77556e-17
38450 2.77556e-17
38460 3.33333e-06
38470 1.66667e-06
38480 3.33333e-06
38490 1.66667e-06
38500 1.66667e-06
38510 1.66667e-06
38520 1.66667e-06
38530 1.66667e-06
38540 3.33333e-06
38550 3.33333e-06
38560 2.77556e-17
38570 2.77556e-17
38580 2.77556e-17
38590 2.77556e-17
38600 2.77556e-17
38610 2.77556e-17
38620 2.77556e-17
38630 2.77556e-17
38640 1.66667e-06
38650 1.66667e-06
38660 2.77556e-17
38670 2.77556e-17
38680 1.66667e-06
38690 1.66667e-06
38700 3.33333e-06
38710 1.66667e-06
38720 2.77556e-17
38730 2.77556e-17
38740 2.77556e-17
38750 2.77556e-17
38760 2.77556e-17
38770 3.33333e-06
38780 1.66667e-06
38790 1.66667e-06
38800 3.33333e-06
38810 1.66667e-06
38820 3.33333e-06
38830 1.66667e-06
38840 1.66667e-06
38850 2.77556e-17
38860 1.66667e-06
38870 1.66667e-06
38880 2.77556e-17
38890 1.66667e-06
38900 1.66667e-06
38910 3.33333e-06
38920 1.66667e-06
38930 2.77556e-17
38940 2.77556e-17
38950 2.77556e-17
38960 3.33333e-06
38970 3.33333e-06
38980 1.66667e-06
38990 1.66667e-06
39000 1.66667e-06
39010 2.77556e-17
39020 1.66667e-06
39030 3.33333e-06
39040 2.77556e-17
39050 1.66667e-06
39060 2.77556e-17
39070 1.66667e-06
39080 1.66667e-06
39090 2.77556e-17
39100 3.33333e-06
39110 1.66667e-06
39120 3.33333e-06
39130 2.77556e-17
39140 3.33333e-06
39150 1.66667e-06
39160 2.77556e-17
39170 1.66667e-06
39180 1.66667e-06
39190 2.77556e-17
39200 2.77556e-17
39210 1.66667e-06
39220 1.66667e-06
39230 3.33333e-06
39240 2.77556e-17
39250 1.66667e-06
39260 2.77556e-17
39270 2.77556e-17
39280 2.77556e-17
39290 1.66667e-06
39300 1.66667e-06
39310 1.66667e-06
39320 2.77556e-17
39330 3.33333e-06
39340 3.33333e-06
39350 1.66667e-06
39360 1.66667e-06
39370 1.66667e-06
39380 1.66667e-06
39390 2.77556e-17
39400 1.66667e-06
39410 1.66667e-06
39420 2.77556e-17
39430 1.66667e-06
39440 1.66667e-06
39450 3.33333e-06
39460 1.66667e-06
39470 1.66667e-06
39480 2.77556e-17
39490 1.66667e-06
39500 1.66667e-06
39510 1.66667e-06
39520 1.66667e-06
39530 1.66667e-06
39540 3.33333e-06
39550 2.77556e-17
39560 1.66667e-06
39570 1.66667e-06
39580 3.33333e-06
39590 1.66667e-06
39600 2.77556e-17
39610 2.77556e-17
39620 1.66667e-06
39630 1.66667e-06
39640 1.66667e-06
39650 1.66667e-06
39660 3.33333e-06
39670 1.66667e-06
39680 2.77556e-17
39690 2.77556e-17
39700 2.77556e-17
39710 3.33333e-06
39720 1.66667e-06
39730 3.33333e-06
39740 1.66667e-06
39750 1.66667e-06
39760 1.66667e-06
39770 1.66667e-06
39780 2.77556e-17
39790 3.33333e-06
39800 1.66667e-06
39810 1.66667e-06
39820 1.66667e-06
39830 1.66667e-06
39840 1.66667e-06
39850 2.77556e-17
39860 3.33333e-06
39870 1.66667e-06
39880 1.66667e-06
39890 3.33333e-06
39900 1.66667e-06
39910 1.66667e-06
39920 1.66667e-06
39930 3.33333e-06
39940 1.66667e-06
39950 3.33333e-06
39960 1.66667e-06
39970 1.66667e-06
39980 1.66667e-06
39990 2.77556e-17
40000 2.77556e-17
40010 2.77556e-17
40020 1.66667e-06
40030 2.77556e-17
40040 1.66667e-06
40050 1.66667e-06
40060 3.33333e-06
40070 1.66667e-06
40080 1.66667e-06
40090 1.66667e-06
40100 1.66667e-06
40110 1.66667e-06
40120 2.77556e-17
40130 1.66667e-06
40140 3.33333e-06
40150 2.77556e-17
40160 1.66667e-06
40170 2.77556e-17
40180 2.77556e-17
40190 1.66667e-06
40200 1.66667e-06
40210 1.66667e-06
40220 3.33333e-06
40230 1.66667e-06
40240 2.77556e-17
40250 2.77556e-17
40260 1.66667e-06
40270 2.77556e-17
40280 2.77556e-17
40290 1.66667e-06
40300 2.77556e-17
40310 1.66667e-06
40320 1.66667e-06
40330 2.77556e-17
40340 1.66667e-06
40350 1.66667e-06
40360 1.66667e-06
40370 2.77556e-17
40380 2.77556e-17
40390 3.33333e-06
40400 3.33333e-06
40410 2.77556e-17
40420 1.66667e-06
40430 1.66667e-06
40440 1.66667e-06
40450 1.66667e-06
40460 2.77556e-17
40470 2.77556e-17
40480 1.66667e-06
40490 1.66667e-06
40500 3.33333e-06
40510 1.66667e-06
40520 2.77556e-17
40530 2.77556e-17
40540 1.66667e-06
40550 3.33333e-06
40560 1.66667e-06
40570 1.66667e-06
40580 1.66667e-06
40590 2.77556e-17
40600 2.77556e-17
40610 1.66667e-06
40620 2.77556e-17
40630 1.66667e-06
40640 2.77556e-17
40650 1.66667e-06
40660 2.77556e-17
40670 2.77556e-17
40680 1.66667e-06
40690 3.33333e-06
40700 2.77556e-17
40710 1.66667e-06
40720 1.66667e-06
40730 1.66667e-06
40740 1.66667e-06
40750 1.66667e-06
40760 2.77556e-17
40770 2.77556e-17
40780 2.77556e-17
40790 3.33333e-06
40800 1.66667e-06
40810 1.66667e-06
40820 3.33333e-06
40830 1.66667e-06
40840 1.66667e-06
40850 3.33333e-06
40860 1.66667e-06
40870 2.77556e-17
40880 1.66667e-06
40890 1.66667e-06
40900 3.33333e-06
40910 2.77556e-17
40920 3.33333e-06
40930 1.66667e-06
40940 2.77556e-17
40950 2.77556e-17
40960 1.66667e-06
40970 1.66667e-06
40980 1.66667e-06
40990 2.77556e-17
41000 1.66667e-06
41010 1.66667e-06
41020 1.66667e-06
41030 2.77556e-17
41040 1.66667e-06
41050 1.66667e-06
41060 1.66667e-06
41070 1.66667e-06
41080 1.66667e-06
41090 3.33333e-06
41100 3.33333e-06
41110 1.66667e-06
41120 3.33333e-06
41130 2.77556e-17
41140 3.33333e-06
41150 1.66667e-06
41160 1.66667e-06
41170 1.66667e-06
41180 1.66667e-06
41190 2.77556e-17
41200 1.66667e-06
41210 2.77556e-17
41220 1.66667e-06
41230 1.66667e-06
41240 2.77556e-17
41250 2.77556e-17
41260 1.66667e-06
41270 2.77556e-17
41280 3.33333e-06
41290 2.77556e-17
41300 1.66667e-06
41310 1.66667e-06
41320 2.77556e-17
41330 2.77556e-17
41340 2.77556e-17
41350 1.66667e-06
41360 1.66667e-06
41370 1.66667e-06
41380 1.66667e-06
41390 1.66667e-06
41400 2.77556e-17
41410 2.77556e-17
41420 3.33333e-06
41430 1.66667e-06
41440 1.66667e-06
41450 3.33333e-06
41460 3.33333e-06
41470 1.66667e-06
41480 2.77556e-17
41490 1.66667e-06
41500 1.66667e-06
41510 1.66667e-06
41520 2.77556e-17
41530 1.66667e-06
41540 3.33333e-06
41550 1.66667e-06
41560 2.77556e-17
41570 2.77556e-17
41580 1.66667e-06
41590 1.66667e-06
41600 2.77556e-17
41610 1.66667e-06
41620 2.77556e-17
41630 1.66667e-06
41640 1.66667e-06
41650 2.77556e-17
41660 2.77556e-17
41670 3.33333e-06
41680 3.33333e-06
41690 1.66667e-06
41700 3.33333e-06
41710 1.66667e-06
41720 1.66667e-06
41730 1.66667e-06
41740 1.66667e-06
41750 1.66667e-06
41760 1.66667e-06
41770 3.33333e-06
41780 1.66667e-06
41790 1.66667e-06
41800 3.33333e-06
41810 1.66667e-06
41820 1.66667e-06
41830 3.33333e-06
41840 3.33333e-06
41850 1.66667e-06
41860 1.66667e-06
41870 2.77556e-17
41880 1.66667e-06
41890 1.66667e-06
41900 3.33333e-06
41910 2.77556e-17
41920 1.66667e-06
41930 2.77556e-17
41940 1.66667e-06
41950 2.77556e-17
41960 1.66667e-06
41970 3.33333e-06
41980 1.66667e-06
41990 2.77556e-17
42000 2.77556e-17
42010 2.77556e-17
42020 2.77556e-17
42030 3.33333e-06
42040 2.77556e-17
42050 1.66667e-06
42060 1.66667e-06
42070 1.66667e-06
42080 1.66667e-06
42090 3.33333e-06
42100 1.66667e-06
42110 1.66667e-06
42120 3.33333e-06
42130 2.77556e-17
42140 2.77556e-17
42150 1.66667e-06
42160 2.77556e-17
42170 1.66667e-06
42180 1.66667e-06
42190 1.66667e-06
42200 3.33333e-06
42210 2.77556e-17
42220 2.77556e-17
42230 1.66667e-06
42240 3.33333e-06
42250 1.66667e-06
42260 1.66667e-06
42270 2.77556e-17
42280 1.66667e-06
42290 1.66667e-06
42300 2.77556e-17
42310 1.66667e-06
42320 3.33333e-06
42330 3.33333e-06
42340 2.77556e-17
42350 2.77556e-17
42360 2.77556e-17
42370 3.33333e-06
42380 1.66667e-06
42390 1.66667e-06
42400 1.66667e-06
42410 3.33333e-06
42420 1.66667e-06
42430 2.77556e-17
42440 1.66667e-06
42450 1.66667e-06
42460 2.77556e-17
42470 2.77556e-17
42480 2.77556e-17
42490 1.66667e-06
42500 3.33333e-06
42510 2.77556e-17
42520 2.77556e-17
42530 1.66667e-06
42540 1.66667e-06
42550 2.77556e-17
42560 2.77556e-17
42570 3.33333e-06
42580 3.33333e-06
42590 1.66667e-06
42600 1.66667e-06
42610 1.66667e-06
42620 1.66667e-06
42630 1.66667e-06
42640 3.33333e-06
42650 1.66667e-06
42660 1.66667e-06
42670 1.66667e-06
42680 3.33333e-06
42690 2.77556e-17
42700 2.77556e-17
42710 1.66667e-06
42720 2.77556e-17
42730 1.66667e-06
42740 2.77556e-17
42750 1.66667e-06
42760 3.33333e-06
42770 1.66667e-06
42780 2.77556e-17
42790 3.33333e-06
42800 2.77556e-17
42810 1.66667e-06
42820 1.66667e-06
42830 3.33333e-06
42840 3.33333e-06
42850 3.33333e-06
42860 3.33333e-06
42870 2.77556e-17
42880 1.66667e-06
42890 1.66667e-06
42900 1.66667e-06
42910 1.66667e-06
42920 3.33333e-06
42930 2.77556e-17
42940 3.33333e-06
42950 1.66667e-06
42960 1.66667e-06
42970 1.66667e-06
42980 1.66667e-06
42990 2.77556e-17
43000 1.66667e-06
43010 1.66667e-06
43020 1.66667e-06
43030 1.66667e-06
43040 2.77556e-17
43050 3.33333e-06
43060 1.66667e-06
43070 1.66667e-06
43080 2.77556e-17
43090 2.77556e-17
43100 3.33333e-06
43110 3.33333e-06
43120 1.66667e-06
43130 1.66667e-06
43140 1.66667e-06
43150 2.77556e-17
43160 3.33333e-06
43170 3.33333e-06
43180 1.66667e-06
43190 2.77556e-17
43200 2.77556e-17
43210 3.33333e-06
43220 1.66667e-06
43230 3.33333e-06
43240 1.66667e-06
43250 1.66667e-06
43260 2.77556e-17
43270 2.77556e-17
43280 2.77556e-17
43290 1.66667e-06
43300 2.77556e-17
43310 2.77556e-17
43320 3.33333e-06
43330 3.33333e-06
43340 1.66667e-06
43350 1.66667e-06
43360 2.77556e-17
43370 2.77556e-17
43380 1.66667e-06
43390 2.77556e-17
43400 1.66667e-06
43410 1.66667e-06
43420 1.66667e-06
43430 2.77556e-17
43440 1.66667e-06
43450 1.66667e-06
43460 1.66667e-06
43470 3.33333e-06
43480 3.33333e-06
43490 1.66667e-06
43500 1.66667e-06
43510 2.77556e-17
43520 1.66667e-06
43530 2.77556e-17
43540 2.77556e-17
43550 3.33333e-06
43560 1.66667e-06
43570 3.33333e-06
43580 3.33333e-06
43590 1.66667e-06
43600 2.77556e-17
43610 2.77556e-17
43620 1.66667e-06
43630 1.66667e-06
43640 1.66667e-06
43650 2.77556e-17
43660 3.33333e-06
43670 1.66667e-06
43680 3.33333e-06
43690 2.77556e-17
43700 2.77556e-17
43710 1.66667e-06
43720 2.77556e-17
43730 1.66667e-06
43740 3.33333e-06
43750 1.66667e-06
43760 1.66667e-06
43770 2.77556e-17
43780 1.66667e-06
43790 1.66667e-06
43800 1.66667e-06
43810 2.77556e-17
43820 2.77556e-17
43830 3.33333e-06
43840 3.33333e-06
43850 1.66667e-06
43860 1.66667e-06
43870 2.77556e-17
43880 2.77556e-17
43890 1.66667e-06
43900 2.77556e-17
43910 2.77556e-17
43920 2.77556e-17
43930 1.66667e-06
43940 2.77556e-17
43950 1.66667e-06
43960 1.66667e-06
43970 1.66667e-06
43980 3.33333e-06
43990 3.33333e-06
44000 3.33333e-06
44010 1.66667e-06
44020 1.66667e-06
44030 3.33333e-06
44040 2.77556e-17
44050 2.77556e-17
44060 2.77556e-17
44070 2.77556e-17
44080 2.77556e-17
44090 2.77556e-17
44100 1.66667e-06
44110 1.66667e-06
44120 2.77556e-17
44130 1.66667e-06
44140 2.77556e-17
44150 3.33333e-06
44160 2.77556e-17
44170 1.66667e-06
44180 1.66667e-06
44190 1.66667e-06
44200 1.66667e-06
44210 2.77556e-17
44220 3.33333e-06
44230 1.66667e-06
44240 1.66667e-06
44250 3.33333e-06
44260 3.33333e-06
44270 3.33333e-06
44280 1.66667e-06
44290 1.66667e-06
44300 1.66667e-06
44310 2.77556e-17
44320 1.66667e-06
44330 2.77556e-17
44340 3.33333e-06
44350 2.77556e-17
44360 2.77556e-17
44370 1.66667e-06
44380 1.66667e-06
44390 1.66667e-06
44400 2.77556e-17
44410 1.66667e-06
44420 3.33333e-06
44430 2.77556e-17
44440 1.66667e-06
44450 3.33333e-06
44460 1.66667e-06
44470 1.66667e-06
44480 3.33333e-06
44490 3.33333e-06
44500 1.66667e-06
44510 3.33333e-06
44520 1.66667e-06
44530 2.77556e-17
44540 1.66667e-06
44550 3.33333e-06
44560 3.33333e-06
44570 3.33333e-06
44580 1.66667e-06
44590 1.66667e-06
44600 3.33333e-06
44610 1.66667e-06
44620 2.77556e-17
44630 2.77556e-17
44640 3.33333e-06
44650 3.33333e-06
44660 2.77556e-17
44670 1.66667e-06
44680 3.33333e-06
44690 1.66667e-06
44700 1.66667e-06
44710 2.77556e-17
44720 2.77556e-17
44730 1.66667e-06
44740 3.33333e-06
44750 2.77556e-17
44760 1.66667e-06
44770 1.66667e-06
44780 2.77556e-17
44790 1.66667e-06
44800 2.77556e-17
44810 1.66667e-06
44820 1.66667e-06
44830 1.66667e-06
44840 1.66667e-06
44850 1.66667e-06
44860 2.77556e-17
44870 1.66667e-06
44880 1.66667e-06
44890 2.77556e-17
44900 2.77556e-17
44910 2.77556e-17
44920 2.77556e-17
44930 2.77556e-17
44940 3.33333e-06
44950 2.77556e-17
44960 1.66667e-06
44970 1.66667e-06
44980 1.66667e-06
44990 3.33333e-06
45000 1.66667e-06
45010 2.77556e-17
45020 1.66667e-06
45030 2.77556e-17
45040 2.77556e-17
45050 2.77556e-17
45060 3.33333e-06
45070 2.77556e-17
45080 1.66667e-06
45090 1.66667e-06
45100 1.66667e-06
45110 2.77556e-17
45120 1.66667e-06
45130 2.77556e-17
45140 1.66667e-06
45150 1.66667e-06
45160 2.77556e-17
45170 1.66667e-06
45180 1.66667e-06
45190 1.66667e-06
45200 1.66667e-06
45210 2.77556e-17
45220 1.66667e-06
45230 3.33333e-06
45240 3.33333e-06
45250 1.66667e-06
45260 2.77556e-17
45270 1.66667e-06
45280 2.77556e-17
45290 1.66667e-06
45300 2.77556e-17
45310 2.77556e-17
45320 2.77556e-17
45330 3.33333e-06
45340 1.66667e-06
45350 1.66667e-06
45360 2.77556e-17
45370 1.66667e-06
45380 1.66667e-06
45390 1.66667e-06
45400 1.66667e-06
45410 2.77556e-17
45420 3.33333e-06
45430 3.33333e-06
45440 1.66667e-06
45450 1.66667e-06
45460 3.33333e-06
45470 1.66667e-06
45480 2.77556e-17
45490 2.77556e-17
45500 2.77556e-17
45510 1.66667e-06
45520 3.33333e-06
45530 1.66667e-06
45540 2.77556e-17
45550 1.66667e-06
45560 1.66667e-06
45570 2.77556e-17
45580 3.33333e-06
45590 1.66667e-06
45600 2.77556e-17
45610 3.33333e-06
45620 3.33333e-06
45630 1.66667e-06
45640 1.66667e-06
45650 3.33333e-06
45660 1.66667e-06
45670 1.66667e-06
45680 1.66667e-06
45690 1.66667e-06
45700 1.66667e-06
45710 2.77556e-17
45720 1.66667e-06
45730 1.66667e-06
45740 2.77556e-17
45750 1.66667e-06
45760 2.77556e-17
45770 1.66667e-06
45780 1.66667e-06
45790 1.66667e-06
45800 1.66667e-06
45810 1.66667e-06
45820 1.66667e-06
45830 3.33333e-06
45840 2.77556e-17
45850 1.66667e-06
45860 3.33333e-06
45870 3.33333e-06
45880 3.33333e-06
45890 2.77556e-17
45900 1.66667e-06
45910 2.77556e-17
45920 1.66667e-06
45930 1.66667e-06
45940 3.33333e-06
45950 3.33333e-06
45960 3.33333e-06
45970 1.66667e-06
45980 1.66667e-06
45990 2.77556e-17
46000 1.66667e-06
46010 3.33333e-06
46020 1.66667e-06
46030 2.77556e-17
46040 1.66667e-06
46050 1.66667e-06
46060 1.66667e-06
46070 2.77556e-17
46080 2.77556e-17
46090 1.66667e-06
46100 1.66667e-06
46110 1.66667e-06
46120 2.77556e-17
46130 3.33333e-06
46140 2.77556e-17
46150 1.66667e-06
46160 1.66667e-06
46170 1.66667e-06
46180 2.77556e-17
46190 3.33333e-06
46200 1.66667e-06
46210 1.66667e-06
46220 1.66667e-06
46230 2.77556e-17
46240 1.66667e-06
46250 2.77556e-17
46260 3.33333e-06
46270 1.66667e-06
46280 2.77556e-17
46290 1.66667e-06
46300 3.33333e-06
46310 1.66667e-06
46320 1.66667e-06
46330 2.77556e-17
46340 2.77556e-17
46350 3.33333e-06
46360 3.33333e-06
46370 3.33333e-06
46380 3.33333e-06
46390 1.66667e-06
46400 3.33333e-06
46410 3.33333e-06
46420 3.33333e-06
46430 1.66667e-06
46440 1.66667e-06
46450 1.66667e-06
46460 1.66667e-06
46470 1.66667e-06
46480 2.77556e-17
46490 1.66667e-06
46500 2.77556e-17
46510 1.66667e-06
46520 1.66667e-06
46530 3.33333e-06
46540 2.77556e-17
46550 3.33333e-06
46560 1.66667e-06
46570 2.77556e-17
46580 1.66667e-06
46590 1.66667e-06
46600 1.66667e-06
46610 1.66667e-06
46620 1.66667e-06
46630 2.77556e-17
46640 2.77556e-17
46650 3.33333e-06
46660 1.66667e-06
46670 1.66667e-06
46680 1.66667e-06
46690 3.33333e-06
46700 1.66667e-06
46710 2.77556e-17
46720 2.77556e-17
46730 3.33333e-06
46740 2.77556e-17
46750 3.33333e-06
46760 3.33333e-06
46770 3.33333e-06
46780 3.33333e-06
46790 3.33333e-06
46800 3.33333e-06
46810 1.66667e-06
46820 3.33333e-06
46830 3.33333e-06
46840 1.66667e-06
46850 2.77556e-17
46860 1.66667e-06
46870 1.66667e-06
46880 2.77556e-17
46890 3.33333e-06
46900 2.77556e-17
46910 3.33333e-06
46920 1.66667e-06
46930 2.77556e-17
46940 1.66667e-06
46950 1.66667e-06
46960 1.66667e-06
46970 1.66667e-06
46980 3.33333e-06
46990 3.33333e-06
47000 1.66667e-06
47010 3.33333e-06
47020 1.66667e-06
47030 1.66667e-06
47040 2.77556e-17
47050 1.66667e-06
47060 1.66667e-06
47070 1.66667e-06
47080 2.77556e-17
47090 1.66667e-06
47100 1.66667e-06
47110 1.66667e-06
47120 3.33333e-06
47130 1.66667e-06
47140 1.66667e-06
47150 1.66667e-06
47160 2.77556e-17
47170 1.66667e-06
47180 1.66667e-06
47190 2.77556e-17
47200 3.33333e-06
47210 2.77556e-17
47220 1.66667e-06
47230 2.77556e-17
47240 3.33333e-06
47250 2.77556e-17
47260 3.33333e-06
47270 1.66667e-06
47280 1.66667e-06
47290 1.66667e-06
47300 1.66667e-06
47310 2.77556e-17
47320 1.66667e-06
47330 2.77556e-17
47340 2.77556e-17
47350 1.66667e-06
47360 1.66667e-06
47370 1.66667e-06
47380 1.66667e-06
47390 1.66667e-06
47400 1.66667e-06
47410 1.66667e-06
47420 3.33333e-06
47430 1.66667e-06
47440 1.66667e-06
47450 1.66667e-06
47460 2.77556e-17
47470 1.66667e-06
47480 1.66667e-06
47490 1.66667e-06
47500 1.66667e-06
47510 1.66667e-06
47520 1.66667e-06
47530 1.66667e-06
47540 1.66667e-06
47550 1.66667e-06
47560 2.77556e-17
47570 1.66667e-06
47580 1.66667e-06
47590 1.66667e-06
47600 2.77556e-17
47610 1.66667e-06
47620 2.77556e-17
47630 1.66667e-06
47640 2.77556e-17
47650 2.77556e-17
47660 2.77556e-17
47670 2.77556e-17
47680 2.77556e-17
47690 3.33333e-06
47700 3.33333e-06
47710 2.77556e-17
47720 2.77556e-17
47730 2.77556e-17
47740 2.77556e-17
47750 3.33333e-06
47760 1.66667e-06
47770 1.66667e-06
47780 2.77556e-17
47790 1.66667e-06
47800 2.77556e-17
47810 2.77556e-17
47820 2.77556e-17
47830 2.77556e-17
47840 3.33333e-06
47850 3.33333e-06
47860 1.66667e-06
47870 1.66667e-06
47880 1.66667e-06
47890 1.66667e-06
47900 3.33333e-06
47910 1.66667e-06
47920 1.66667e-06
47930 3.33333e-06
47940 3.33333e-06
47950 1.66667e-06
47960 2.77556e-17
47970 3.33333e-06
47980 2.77556e-17
47990 3.33333e-06
48000 2.77556e-17
48010 1.66667e-06
48020 3.33333e-06
48030 1.66667e-06
48040 2.77556e-17
48050 1.66667e-06
48060 1.66667e-06
48070 1.66667e-06
48080 1.66667e-06
48090 3.33333e-06
48100 2.77556e-17
48110 2.77556e-17
48120 3.33333e-06
48130 1.66667e-06
48140 3.33333e-06
48150 1.66667e-06
48160 3.33333e-06
48170 2.77556e-17
48180 3.33333e-06
48190 2.77556e-17
48200 1.66667e-06
48210 3.33333e-06
48220 3.33333e-06
48230 1.66667e-06
48240 3.33333e-06
48250 1.66667e-06
48260 1.66667e-06
48270 1.66667e-06
48280 1.66667e-06
48290 3.33333e-06
48300 2.77556e-17
48310 2.77556e-17
48320 1.66667e-06
48330 3.33333e-06
48340 1.66667e-06
48350 3.33333e-06
48360 1.66667e-06
48370 3.33333e-06
48380 2.77556e-17
48390 1.66667e-06
48400 1.66667e-06
48410 2.77556e-17
48420 2.77556e-17
48430 2.77556e-17
48440 2.77556e-17
48450 1.66667e-06
48460 2.77556e-17
48470 3.33333e-06
48480 1.66667e-06
48490 2.77556e-17
48500 1.66667e-06
48510 1.66667e-06
48520 2.77556e-17
48530 2.77556e-17
48540 1.66667e-06
48550 1.66667e-06
48560 3.33333e-06
48570 1.66667e-06
48580 1.66667e-06
48590 1.66667e-06
48600 2.77556e-17
48610 3.33333e-06
48620 1.66667e-06
48630 2.77556e-17
48640 2.77556e-17
48650 1.66667e-06
48660 2.77556e-17
48670 3.33333e-06
48680 3.33333e-06
48690 3.33333e-06
48700 2.77556e-17
48710 2.77556e-17
48720 1.66667e-06
48730 3.33333e-06
48740 1.66667e-06
48750 1.66667e-06
48760 1.66667e-06
48770 3.33333e-06
48780 2.77556e-17
48790 2.77556e-17
48800 1.66667e-06
48810 2.77556e-17
48820 2.77556e-17
48830 2.77556e-17
48840 1.66667e-06
48850 1.66667e-06
48860 1.66667e-06
48870 3.33333e-06
48880 1.66667e-06
48890 1.66667e-06
48900 3.33333e-06
48910 3.33333e-06
48920 3.33333e-06
48930 3.33333e-06
48940 2.77556e-17
48950 1.66667e-06
48960 3.33333e-06
48970 1.66667e-06
48980 3.33333e-06
48990 3.33333e-06
49000 1.66667e-06
49010 1.66667e-06
49020 1.66667e-06
49030 1.66667e-06
49040 3.33333e-06
49050 2.77556e-17
49060 1.66667e-06
49070 1.66667e-06
49080 2.77556e-17
49090 1.66667e-06
49100 2.77556e-17
49110 1.66667e-06
49120 1.66667e-06
49130 3.33333e-06
49140 1.66667e-06
49150 2.77556e-17
49160 1.66667e-06
49170 3.33333e-06
49180 1.66667e-06
49190 1.66667e-06
49200 1.66667e-06
49210 3.33333e-06
49220 1.66667e-06
49230 1.66667e-06
49240 2.77556e-17
49250 2.77556e-17
49260 2.77556e-17
49270 2.77556e-17
49280 1.66667e-06
49290 2.77556e-17
49300 1.66667e-06
49310 2.77556e-17
49320 1.66667e-06
49330 2.77556e-17
49340 2.77556e-17
49350 3.33333e-06
49360 1.66667e-06
49370 1.66667e-06
49380 1.66667e-06
49390 1.66667e-06
49400 3.33333e-06
49410 1.66667e-06
49420 1.66667e-06
49430 1.66667e-06
49440 1.66667e-06
49450 1.66667e-06
49460 1.66667e-06
49470 2.77556e-17
49480 1.66667e-06
49490 1.66667e-06
49500 2.77556e-17
49510 1.66667e-06
49520 1.66667e-06
49530 3.33333e-06
49540 2.77556e-17
49550 1.66667e-06
49560 3.33333e-06
49570 2.77556e-17
49580 3.33333e-06
49590 2.77556e-17
49600 2.77556e-17
49610 2.77556e-17
49620 3.33333e-06
49630 3.33333e-06
49640 1.66667e-06
49650 2.77556e-17
49660 2.77556e-17
49670 1.66667e-06
49680 1.66667e-06
49690 2.77556e-17
49700 1.66667e-06
49710 2.77556e-17
49720 2.77556e-17
49730 1.66667e-06
49740 1.66667e-06
49750 3.33333e-06
49760 2.77556e-17
49770 1.66667e-06
49780 3.33333e-06
49790 3.33333e-06
49800 3.33333e-06
49810 1.66667e-06
49820 1.66667e-06
49830 1.66667e-06
49840 1.66667e-06
49850 1.66667e-06
49860 2.77556e-17
49870 1.66667e-06
49880 1.66667e-06
49890 1.66667e-06
49900 2.77556e-17
49910 3.33333e-06
49920 3.33333e-06
49930 3.33333e-06
49940 1.66667e-06
49950 1.66667e-06
49960 1.66667e-06
49970 1.66667e-06
49980 1.66667e-06
49990 3.33333e-06
50000 2.77556e-17
50010 1.66667e-06
50020 2.77556e-17
50030 2.77556e-17
50040 2.77556e-17
50050 3.33333e-06
50060 3.33333e-06
50070 3.33333e-06
50080 1.66667e-06
50090 3.33333e-06
50100 3.33333e-06
50110 1.66667e-06
50120 3.33333e-06
50130 1.66667e-06
50140 1.66667e-06
50150 3.33333e-06
50160 1.66667e-06
50170 3.33333e-06
50180 3.33333e-06
50190 1.66667e-06
50200 2.77556e-17
50210 1.66667e-06
50220 2.77556e-17
50230 2.77556e-17
50240 3.33333e-06
50250 3.33333e-06
50260 1.66667e-06
50270 1.66667e-06
50280 3.33333e-06
50290 3.33333e-06
50300 2.77556e-17
50310 1.66667e-06
50320 2.77556e-17
50330 2.77556e-17
50340 1.66667e-06
50350 2.77556e-17
50360 2.77556e-17
50370 1.66667e-06
50380 2.77556e-17
50390 3.33333e-06
50400 3.33333e-06
50410 1.66667e-06
50420 2.77556e-17
50430 1.66667e-06
50440 3.33333e-06
50450 1.66667e-06
50460 3.33333e-06
50470 3.33333e-06
50480 1.66667e-06
50490 3.33333e-06
50500 1.66667e-06
50510 1.66667e-06
50520 3.33333e-06
50530 1.66667e-06
50540 1.66667e-06
50550 3.33333e-06
50560 3.33333e-06
50570 1.66667e-06
50580 3.33333e-06
50590 3.33333e-06
50600 1.66667e-06
50610 1.66667e-06
50620 1.66667e-06
50630 1.66667e-06
50640 1.66667e-06
50650 1.66667e-06
50660 1.66667e-06
50670 2.77556e-17
50680 1.66667e-06
50690 1.66667e-06
50700 3.33333e-06
50710 1.66667e-06
50720 3.33333e-06
50730 1.66667e-06
50740 3.33333e-06
50750 1.66667e-06
50760 3.33333e-06
50770 1.66667e-06
50780 1.66667e-06
50790 3.33333e-06
50800 3.33333e-06
50810 3.33333e-06
50820 1.66667e-06
50830 1.66667e-06
50840 1.66667e-06
50850 3.33333e-06
50860 3.33333e-06
50870 1.66667e-06
50880 1.66667e-06
50890 1.66667e-06
50900 1.66667e-06
50910 1.66667e-06
50920 1.66667e-06
50930 1.66667e-06
50940 1.66667e-06
50950 1.66667e-06
50960 1.66667e-06
50970 1.66667e-06
50980 1.66667e-06
50990 2.77556e-17
51000 3.33333e-06
51010 2.77556e-17
51020 2.77556e-17
51030 1.66667e-06
51040 2.77556e-17
51050 3.33333e-06
51060 1.66667e-06
51070 3.33333e-06
51080 1.66667e-06
51090 3.33333e-06
51100 1.66667e-06
51110 2.77556e-17
51120 1.66667e-06
51130 3.33333e-06
51140 1.66667e-06
51150 3.33333e-06
51160 1.66667e-06
51170 2.77556e-17
51180 1.66667e-06
51190 3.33333e-06
51200 1.66667e-06
51210 1.66667e-06
51220 1.66667e-06
51230 2.77556e-17
51240 1.66667e-06
51250 2.77556e-17
51260 2.77556e-17
51270 1.66667e-06
51280 1.66667e-06
51290 3.33333e-06
51300 1.66667e-06
51310 2.77556e-17
51320 2.77556e-17
51330 3.33333e-06
51340 2.77556e-17
51350 2.77556e-17
51360 1.66667e-06
51370 3.33333e-06
51380 2.77556e-17
51390 1.66667e-06
51400 2.77556e-17
51410 3.33333e-06
51420 1.66667e-06
51430 1.66667e-06
51440 1.66667e-06
51450 2.77556e-17
51460 2.77556e-17
51470 1.66667e-06
51480 1.66667e-06
51490 1.66667e-06
51500 1.66667e-06
51510 1.66667e-06
51520 1.66667e-06
51530 1.66667e-06
51540 3.33333e-06
51550 1.66667e-06
51560 2.77556e-17
51570 3.33333e-06
51580 2.77556e-17
51590 1.66667e-06
51600 1.66667e-06
51610 3.33333e-06
51620 2.77556e-17
51630 1.66667e-06
51640 2.77556e-17
51650 3.33333e-06
51660 1.66667e-06
51670 1.66667e-06
51680 3.33333e-06
51690 1.66667e-06
51700 1.66667e-06
51710 3.33333e-06
51720 1.66667e-06
51730 1.66667e-06
51740 2.77556e-17
51750 1.66667e-06
51760 1.66667e-06
51770 3.33333e-06
51780 1.66667e-06
51790 1.66667e-06
51800 2.77556e-17
51810 2.77556e-17
51820 2.77556e-17
51830 1.66667e-06
51840 1.66667e-06
51850 1.66667e-06
51860 1.66667e-06
51870 1.66667e-06
51880 1.66667e-06
51890 3.33333e-06
51900 3.33333e-06
51910 3.33333e-06
51920 1.66667e-06
51930 3.33333e-06
51940 1.66667e-06
51950 1.66667e-06
51960 3.33333e-06
51970 1.66667e-06
51980 3.33333e-06
51990 1.66667e-06
52000 2.77556e-17
52010 3.33333e-06
52020 1.66667e-06
52030 2.77556e-17
52040 3.33333e-06
52050 1.66667e-06
52060 3.33333e-06
52070 1.66667e-06
52080 2.77556e-17
52090 1.66667e-06
52100 1.66667e-06
52110 2.77556e-17
52120 1.66667e-06
52130 1.66667e-06
52140 2.77556e-17
52150 1.66667e-06
52160 1.66667e-06
52170 2.77556e-17
52180 1.66667e-06
52190 2.77556e-17
52200 2.77556e-17
52210 1.66667e-06
52220 2.77556e-17
52230 1.66667e-06
52240 1.66667e-06
52250 1.66667e-06
52260 1.66667e-06
52270 3.33333e-06
52280 1.66667e-06
52290 3.33333e-06
52300 1.66667e-06
52310 1.66667e-06
52320 1.66667e-06
52330 3.33333e-06
52340 3.33333e-06
52350 1.66667e-06
52360 1.66667e-06
52370 1.66667e-06
52380 1.66667e-06
52390 1.66667e-06
52400 2.77556e-17
52410 1.66667e-06
52420 1.66667e-06
52430 2.77556e-17
52440 2.77556e-17
52450 1.66667e-06
52460 1.66667e-06
52470 1.66667e-06
52480 2.77556e-17
52490 3.33333e-06
52500 3.33333e-06
52510 3.33333e-06
52520 2.77556e-17
52530 1.66667e-06
52540 1.66667e-06
52550 1.66667e-06
52560 1.66667e-06
52570 1.66667e-06
52580 3.33333e-06
52590 1.66667e-06
52600 1.66667e-06
52610 1.66667e-06
52620 1.66667e-06
52630 1.66667e-06
52640 1.66667e-06
52650 3.33333e-06
52660 1.66667e-06
52670 1.66667e-06
52680 3.33333e-06
52690 1.66667e-06
52700 3.33333e-06
52710 1.66667e-06
52720 1.66667e-06
52730 3.33333e-06
52740 1.66667e-06
52750 1.66667e-06
52760 1.66667e-06
52770 1.66667e-06
52780 1.66667e-06
52790 3.33333e-06
52800 2.77556e-17
52810 1.66667e-06
52820 2.77556e-17
52830 1.66667e-06
52840 1.66667e-06
52850 2.77556e-17
52860 1.66667e-06
52870 2.77556e-17
52880 2.77556e-17
52890 1.66667e-06
52900 1.66667e-06
52910 1.66667e-06
52920 3.33333e-06
52930 1.66667e-06
52940 2.77556e-17
52950 1.66667e-06
52960 1.66667e-06
52970 2.77556e-17
52980 3.33333e-06
52990 3.33333e-06
53000 3.33333e-06
53010 2.77556e-17
53020 3.33333e-06
53030 3.33333e-06
53040 1.66667e-06
53050 2.77556e-17
53060 1.66667e-06
53070 2.77556e-17
53080 1.66667e-06
53090 1.66667e-06
53100 2.77556e-17
53110 2.77556e-17
53120 1.66667e-06
53130 1.66667e-06
53140 1.66667e-06
53150 2.77556e-17
53160 2.77556e-17
53170 2.77556e-17
53180 1.66667e-06
53190 3.33333e-06
53200 1.66667e-06
53210 1.66667e-06
53220 2.77556e-17
53230 2.77556e-17
53240 2.77556e-17
53250 2.77556e-17
53260 2.77556e-17
53270 1.66667e-06
53280 2.77556e-17
53290 1.66667e-06
53300 2.77556e-17
53310 1.66667e-06
53320 1.66667e-06
53330 1.66667e-06
53340 2.77556e-17
53350 2.77556e-17
53360 1.66667e-06
53370 1.66667e-06
53380 1.66667e-06
53390 2.77556e-17
53400 2.77556e-17
53410 3.33333e-06
53420 1.66667e-06
53430 2.77556e-17
53440 1.66667e-06
53450 1.66667e-06
53460 1.66667e-06
53470 3.33333e-06
53480 1.66667e-06
53490 2.77556e-17
53500 1.66667e-06
53510 1.66667e-06
53520 2.77556e-17
53530 2.77556e-17
53540 1.66667e-06
53550 3.33333e-06
53560 1.66667e-06
53570 1.66667e-06
53580 3.33333e-06
53590 3.33333e-06
53600 2.77556e-17
53610 2.77556e-17
53620 3.33333e-06
53630 1.66667e-06
53640 1.66667e-06
53650 2.77556e-17
53660 2.77556e-17
53670 3.33333e-06
53680 3.33333e-06
53690 2.77556e-17
53700 3.33333e-06
53710 2.77556e-17
53720 1.66667e-06
53730 3.33333e-06
53740 2.77556e-17
53750 3.33333e-06
53760 1.66667e-06
53770 1.66667e-06
53780 2.77556e-17
53790 1.66667e-06
53800 2.77556e-17
53810 1.66667e-06
53820 3.33333e-06
53830 3.33333e-06
53840 3.33333e-06
53850 2.77556e-17
53860 1.66667e-06
53870 1.66667e-06
53880 1.66667e-06
53890 3.33333e-06
53900 3.33333e-06
53910 2.77556e-17
53920 3.33333e-06
53930 1.66667e-06
53940 2.77556e-17
53950 2.77556e-17
53960 3.33333e-06
53970 3.33333e-06
53980 2.77556e-17
53990 3.33333e-06
54000 1.66667e-06
54010 2.77556e-17
54020 3.33333e-06
54030 2.77556e-17
54040 1.66667e-06
54050 1.66667e-06
54060 2.77556e-17
54070 1.66667e-06
54080 1.66667e-06
54090 2.77556e-17
54100 1.66667e-06
54110 1.66667e-06
54120 3.33333e-06
54130 1.66667e-06
54140 1.66667e-06
54150 1.66667e-06
54160 2.77556e-17
54170 2.77556e-17
54180 3.33333e-06
54190 1.66667e-06
54200 1.66667e-06
54210 2.77556e-17
54220 2.77556e-17
54230 2.77556e-17
54240 1.66667e-06
54250 2.77556e-17
54260 1.66667e-06
54270 2.77556e-17
54280 1.66667e-06
54290 3.33333e-06
54300 3.33333e-06
54310 1.66667e-06
54320 1.66667e-06
54330 3.33333e-06
54340 1.66667e-06
54350 3.33333e-06
54360 3.33333e-06
54370 1.66667e-06
54380 2.77556e-17
54390 1.66667e-06
54400 2.77556e-17
54410 1.66667e-06
54420 1.66667e-06
54430 1.66667e-06
54440 2.77556e-17
54450 1.66667e-06
54460 1.66667e-06
54470 1.66667e-06
54480 3.33333e-06
54490 2.77556e-17
54500 3.33333e-06
54510 2.77556e-17
54520 2.77556e-17
54530 1.66667e-06
54540 1.66667e-06
54550 1.66667e-06
54560 1.66667e-06
54570 2.77556e-17
54580 1.66667e-06
54590 2.77556e-17
54600 1.66667e-06
54610 1.66667e-06
54620 3.33333e-06
54630 1.66667e-06
54640 3.33333e-06
54650 3.33333e-06
54660 3.33333e-06
54670 1.66667e-06
54680 2.77556e-17
54690 3.33333e-06
54700 1.66667e-06
54710 1.66667e-06
54720 3.33333e-06
54730 3.33333e-06
54740 2.77556e-17
54750 3.33333e-06
54760 3.33333e-06
54770 3.33333e-06
54780 1.66667e-06
54790 2.77556e-17
54800 2.77556e-17
54810 3.33333e-06
54820 1.66667e-06
54830 2.77556e-17
54840 1.66667e-06
54850 1.66667e-06
54860 1.66667e-06
54870 1.66667e-06
54880 2.77556e-17
54890 2.77556e-17
54900 1.66667e-06
54910 1.66667e-06
54920 2.77556e-17
54930 1.66667e-06
54940 3.33333e-06
54950 1.66667e-06
54960 1.66667e-06
54970 2.77556e-17
54980 3.33333e-06
54990 1.66667e-06
55000 2.77556e-17
55010 1.66667e-06
55020 1.66667e-06
55030 1.66667e-06
55040 2.77556e-17
55050 1.66667e-06
55060 3.33333e-06
55070 1.66667e-06
55080 2.77556e-17
55090 2.77556e-17
55100 1.66667e-06
55110 1.66667e-06
55120 1.66667e-06
55130 1.66667e-06
55140 1.66667e-06
55150 1.66667e-06
55160 1.66667e-06
55170 1.66667e-06
55180 1.66667e-06
55190 1.66667e-06
55200 1.66667e-06
55210 1.66667e-06
55220 3.33333e-06
55230 1.66667e-06
55240 3.33333e-06
55250 2.77556e-17
55260 2.77556e-17
55270 3.33333e-06
55280 2.77556e-17
55290 1.66667e-06
55300 1.66667e-06
55310 3.33333e-06
55320 3.33333e-06
55330 2.77556e-17
55340 1.66667e-06
55350 2.77556e-17
55360 1.66667e-06
55370 1.66667e-06
55380 1.66667e-06
55390 2.77556e-17
55400 1.66667e-06
55410 1.66667e-06
55420 1.66667e-06
55430 2.77556e-17
55440 1.66667e-06
55450 3.33333e-06
55460 1.66667e-06
55470 3.33333e-06
55480 2.77556e-17
55490 3.33333e-06
55500 1.66667e-06
55510 1.66667e-06
55520 2.77556e-17
55530 1.66667e-06
55540 3.33333e-06
55550 2.77556e-17
55560 2.77556e-17
55570 1.66667e-06
55580 1.66667e-06
55590 3.33333e-06
55600 1.66667e-06
55610 3.33333e-06
55620 1.66667e-06
55630 1.66667e-06
55640 2.77556e-17
55650 3.33333e-06
55660 2.77556e-17
55670 1.66667e-06
55680 2.77556e-17
55690 2.77556e-17
55700 2.77556e-17
55710 1.66667e-06
55720 2.77556e-17
55730 2.77556e-17
55740 1.66667e-06
55750 1.66667e-06
55760 1.66667e-06
55770 3.33333e-06
55780 2.77556e-17
55790 1.66667e-06
55800 1.66667e-06
55810 2.77556e-17
55820 2.77556e-17
55830 1.66667e-06
55840 3.33333e-06
55850 3.33333e-06
55860 1.66667e-06
55870 3.33333e-06
55880 2.77556e-17
55890 1.66667e-06
55900 3.33333e-06
55910 1.66667e-06
55920 1.66667e-06
55930 1.66667e-06
55940 2.77556e-17
55950 1.66667e-06
55960 1.66667e-06
55970 1.66667e-06
55980 1.66667e-06
55990 3.33333e-06
56000 1.66667e-06
56010 3.33333e-06
56020 3.33333e-06
56030 3.33333e-06
56040 1.66667e-06
56050 1.66667e-06
56060 2.77556e-17
56070 3.33333e-06
56080 2.77556e-17
56090 1.66667e-06
56100 1.66667e-06
56110 3.33333e-06
56120 3.33333e-06
56130 2.77556e-17
56140 1.66667e-06
56150 2.77556e-17
56160 1.66667e-06
56170 3.33333e-06
56180 1.66667e-06
56190 1.66667e-06
56200 1.66667e-06
56210 1.66667e-06
56220 2.77556e-17
56230 3.33333e-06
56240 1.66667e-06
56250 2.77556e-17
56260 2.77556e-17
56270 3.33333e-06
56280 3.33333e-06
56290 1.66667e-06
56300 3.33333e-06
56310 2.77556e-17
56320 3.33333e-06
56330 2.77556e-17
56340 1.66667e-06
56350 1.66667e-06
56360 1.66667e-06
56370 3.33333e-06
56380 1.66667e-06
56390 3.33333e-06
56400 1.66667e-06
56410 1.66667e-06
56420 3.33333e-06
56430 1.66667e-06
56440 1.66667e-06
56450 1.66667e-06
56460 3.33333e-06
56470 1.66667e-06
56480 3.33333e-06
56490 2.77556e-17
56500 3.33333e-06
56510 1.66667e-06
56520 1.66667e-06
56530 1.66667e-06
56540 1.66667e-06
56550 3.33333e-06
56560 1.66667e-06
56570 3.33333e-06
56580 3.33333e-06
56590 2.77556e-17
56600 1.66667e-06
56610 1.66667e-06
56620 3.33333e-06
56630 1.66667e-06
56640 1.66667e-06
56650 1.66667e-06
56660 1.66667e-06
56670 2.77556e-17
56680 2.77556e-17
56690 1.66667e-06
56700 1.66667e-06
56710 1.66667e-06
56720 2.77556e-17
56730 2.77556e-17
56740 1.66667e-06
56750 1.66667e-06
56760 2.77556e-17
56770 1.66667e-06
56780 1.66667e-06
56790 1.66667e-06
56800 3.33333e-06
56810 3.33333e-06
56820 3.33333e-06
56830 1.66667e-06
56840 3.33333e-06
56850 3.33333e-06
56860 1.66667e-06
56870 3.33333e-06
56880 1.66667e-06
56890 3.33333e-06
56900 3.33333e-06
56910 3.33333e-06
56920 1.66667e-06
56930 1.66667e-06
56940 1.66667e-06
56950 2.77556e-17
56960 1.66667e-06
56970 2.77556e-17
56980 3.33333e-06
56990 3.33333e-06
57000 1.66667e-06
57010 1.66667e-06
57020 3.33333e-06
57030 2.77556e-17
57040 1.66667e-06
57050 3.33333e-06
57060 1.66667e-06
57070 2.77556e-17
57080 3.33333e-06
57090 1.66667e-06
57100 3.33333e-06
57110 1.66667e-06
57120 1.66667e-06
57130 1.66667e-06
57140 3.33333e-06
57150 2.77556e-17
57160 1.66667e-06
57170 2.77556e-17
57180 3.33333e-06
57190 3.33333e-06
57200 2.77556e-17
57210 2.77556e-17
57220 1.66667e-06
57230 3.33333e-06
57240 2.77556e-17
57250 1.66667e-06
57260 1.66667e-06
57270 2.77556e-17
57280 1.66667e-06
57290 3.33333e-06
57300 2.77556e-17
57310 1.66667e-06
57320 1.66667e-06
57330 2.77556e-17
57340 1.66667e-06
57350 1.66667e-06
57360 2.77556e-17
57370 1.66667e-06
57380 3.33333e-06
57390 3.33333e-06
57400 2.77556e-17
57410 1.66667e-06
57420 2.77556e-17
57430 3.33333e-06
57440 1.66667e-06
57450 1.66667e-06
57460 3.33333e-06
57470 2.77556e-17
57480 1.66667e-06
57490 2.77556e-17
57500 1.66667e-06
57510 1.66667e-06
57520 1.66667e-06
57530 1.66667e-06
57540 1.66667e-06
57550 3.33333e-06
57560 1.66667e-06
57570 1.66667e-06
57580 1.66667e-06
57590 1.66667e-06
57600 2.77556e-17
57610 1.66667e-06
57620 1.66667e-06
57630 3.33333e-06
57640 1.66667e-06
57650 3.33333e-06
57660 1.66667e-06
57670 1.66667e-06
57680 2.77556e-17
57690 1.66667e-06
57700 2.77556e-17
57710 2.77556e-17
57720 1.66667e-06
57730 3.33333e-06
57740 1.66667e-06
57750 3.33333e-06
57760 2.77556e-17
57770 2.77556e-17
57780 2.77556e-17
57790 1.66667e-06
57800 3.33333e-06
57810 1.66667e-06
57820 3.33333e-06
57830 1.66667e-06
57840 1.66667e-06
57850 1.66667e-06
57860 1.66667e-06
57870 1.66667e-06
57880 2.77556e-17
57890 1.66667e-06
57900 2.77556e-17
57910 3.33333e-06
57920 1.66667e-06
57930 1.66667e-06
57940 3.33333e-06
57950 2.77556e-17
57960 3.33333e-06
57970 1.66667e-06
57980 2.77556e-17
57990 2.77556e-17
58000 1.66667e-06
58010 1.66667e-06
58020 1.66667e-06
58030 2.77556e-17
58040 2.77556e-17
58050 1.66667e-06
58060 1.66667e-06
58070 1.66667e-06
58080 3.33333e-06
58090 1.66667e-06
58100 2.77556e-17
58110 1.66667e-06
58120 1.66667e-06
58130 3.33333e-06
58140 1.66667e-06
58150 1.66667e-06
58160 1.66667e-06
58170 1.66667e-06
58180 2.77556e-17
58190 2.77556e-17
58200 1.66667e-06
58210 1.66667e-06
58220 1.66667e-06
58230 2.77556e-17
58240 2.77556e-17
58250 1.66667e-06
58260 1.66667e-06
58270 1.66667e-06
58280 1.66667e-06
58290 1.66667e-06
58300 2.77556e-17
58310 1.66667e-06
58320 1.66667e-06
58330 3.33333e-06
58340 1.66667e-06
58350 2.77556e-17
58360 1.66667e-06
58370 1.66667e-06
58380 1.66667e-06
58390 3.33333e-06
58400 3.33333e-06
58410 1.66667e-06
58420 2.77556e-17
58430 2.77556e-17
58440 1.66667e-06
58450 1.66667e-06
58460 2.77556e-17
58470 2.77556e-17
58480 3.33333e-06
58490 2.77556e-17
58500 1.66667e-06
58510 3.33333e-06
58520 1.66667e-06
58530 2.77556e-17
58540 3.33333e-06
58550 2.77556e-17
58560 1.66667e-06
58570 1.66667e-06
58580 3.33333e-06
58590 1.66667e-06
58600 1.66667e-06
58610 1.66667e-06
58620 1.66667e-06
58630 1.66667e-06
58640 3.33333e-06
58650 3.33333e-06
58660 1.66667e-06
58670 3.33333e-06
58680 2.77556e-17
58690 1.66667e-06
58700 3.33333e-06
58710 3.33333e-06
58720 1.66667e-06
58730 1.66667e-06
58740 1.66667e-06
58750 2.77556e-17
58760 2.77556e-17
58770 1.66667e-06
58780 2.77556e-17
58790 1.66667e-06
58800 2.77556e-17
58810 3.33333e-06
58820 3.33333e-06
58830 3.33333e-06
58840 2.77556e-17
58850 2.77556e-17
58860 2.77556e-17
58870 1.66667e-06
58880 1.66667e-06
58890 3.33333e-06
58900 1.66667e-06
58910 3.33333e-06
58920 3.33333e-06
58930 3.33333e-06
58940 2.77556e-17
58950 2.77556e-17
58960 2.77556e-17
58970 3.33333e-06
58980 1.66667e-06
58990 3.33333e-06
59000 1.66667e-06
59010 3.33333e-06
59020 1.66667e-06
59030 1.66667e-06
59040 1.66667e-06
59050 1.66667e-06
59060 3.33333e-06
59070 3.33333e-06
59080 1.66667e-06
59090 3.33333e-06
59100 2.77556e-17
59110 2.77556e-17
59120 2.77556e-17
59130 3.33333e-06
59140 3.33333e-06
59150 1.66667e-06
59160 2.77556e-17
59170 2.77556e-17
59180 1.66667e-06
59190 1.66667e-06
59200 1.66667e-06
59210 1.66667e-06
59220 1.66667e-06
59230 1.66667e-06
59240 3.33333e-06
59250 1.66667e-06
59260 2.77556e-17
59270 1.66667e-06
59280 3.33333e-06
59290 3.33333e-06
59300 1.66667e-06
59310 1.66667e-06
59320 1.66667e-06
59330 2.77556e-17
59340 1.66667e-06
59350 1.66667e-06
59360 1.66667e-06
59370 1.66667e-06
59380 2.77556e-17
59390 1.66667e-06
59400 1.66667e-06
59410 1.66667e-06
59420 1.66667e-06
59430 1.66667e-06
59440 1.66667e-06
59450 1.66667e-06
59460 2.77556e-17
59470 2.77556e-17
59480 1.66667e-06
59490 1.66667e-06
59500 3.33333e-06
59510 1.66667e-06
59520 1.66667e-06
59530 1.66667e-06
59540 1.66667e-06
59550 3.33333e-06
59560 1.66667e-06
59570 1.66667e-06
59580 1.66667e-06
59590 3.33333e-06
59600 1.66667e-06
59610 3.33333e-06
59620 1.66667e-06
59630 2.77556e-17
59640 2.77556e-17
59650 1.66667e-06
59660 1.66667e-06
59670 1.66667e-06
59680 3.33333e-06
59690 1.66667e-06
59700 1.66667e-06
59710 2.77556e-17
59720 1.66667e-06
59730 2.77556e-17
59740 3.33333e-06
59750 1.66667e-06
59760 1.66667e-06
59770 3.33333e-06
59780 1.66667e-06
59790 2.77556e-17
59800 1.66667e-06
59810 1.66667e-06
59820 3.33333e-06
59830 1.66667e-06
59840 2.77556e-17
59850 2.77556e-17
59860 2.77556e-17
59870 2.77556e-17
59880 2.77556e-17
59890 1.66667e-06
59900 2.77556e-17
59910 1.66667e-06
59920 2.77556e-17
59930 1.66667e-06
59940 1.66667e-06
59950 1.66667e-06
59960 1.66667e-06
59970 1.66667e-06
59980 2.77556e-17
59990 3.33333e-06
60000 1.66667e-06
60010 1.66667e-06
60020 1.66667e-06
60030 3.33333e-06
60040 1.66667e-06
60050 1.66667e-06
60060 2.77556e-17
60070 1.66667e-06
60080 1.66667e-06
60090 3.33333e-06
60100 1.66667e-06
60110 2.77556e-17
60120 2.77556e-17
60130 3.33333e-06
60140 1.66667e-06
60150 1.66667e-06
60160 1.66667e-06
60170 1.66667e-06
60180 2.77556e-17
60190 2.77556e-17
60200 3.33333e-06
60210 2.77556e-17
60220 2.77556e-17
60230 1.66667e-06
60240 2.77556e-17
60250 1.66667e-06
60260 1.66667e-06
60270 1.66667e-06
60280 1.66667e-06
60290 3.33333e-06
60300 3.33333e-06
60310 3.33333e-06
60320 2.77556e-17
60330 1.66667e-06
60340 2.77556e-17
60350 2.77556e-17
60360 1.66667e-06
60370 1.66667e-06
60380 3.33333e-06
60390 1.66667e-06
60400 1.66667e-06
60410 1.66667e-06
60420 1.66667e-06
60430 2.77556e-17
60440 1.66667e-06
60450 3.33333e-06
60460 3.33333e-06
60470 1.66667e-06
60480 1.66667e-06
60490 1.66667e-06
60500 2.77556e-17
60510 2.77556e-17
60520 1.66667e-06
60530 2.77556e-17
60540 1.66667e-06
60550 1.66667e-06
60560 2.77556e-17
60570 3.33333e-06
60580 1.66667e-06
60590 2.77556e-17
60600 2.77556e-17
60610 1.66667e-06
60620 3.33333e-06
60630 1.66667e-06
60640 1.66667e-06
60650 2.77556e-17
60660 1.66667e-06
60670 3.33333e-06
60680 1.66667e-06
