10 0.222225
20 1.66667e-06
30 0.166668
40 0.222225
50 0.0555583
60 1.66667e-06
70 0.0555583
80 1.66667e-06
90 1.66667e-06
100 1.66667e-06
110 0.16667
120 1.66667e-06
130 1.66667e-06
140 2.77556e-17
150 0.166668
160 1.66667e-06
170 0.0555583
180 0.166668
190 1.66667e-06
200 0.0555583
210 1.66667e-06
220 3.33333e-06
230 3.33333e-06
240 1.66667e-06
250 1.66667e-06
260 1.66667e-06
270 0.166668
280 1.66667e-06
290 1.66667e-06
300 1.66667e-06
310 0.166668
320 0.16667
330 0.16667
340 2.77556e-17
350 1.66667e-06
360 2.77556e-17
370 2.77556e-17
380 3.33333e-06
390 1.66667e-06
400 0.0555583
410 3.33333e-06
420 1.66667e-06
430 1.66667e-06
440 2.77556e-17
450 3.33333e-06
460 2.77556e-17
470 3.33333e-06
480 3.33333e-06
490 1.66667e-06
500 1.66667e-06
510 1.66667e-06
520 3.33333e-06
530 3.33333e-06
540 3.33333e-06
550 1.66667e-06
560 1.66667e-06
570 1.66667e-06
580 1.66667e-06
590 1.66667e-06
600 1.66667e-06
610 0.16667
620 1.66667e-06
630 2.77556e-17
640 1.66667e-06
650 1.66667e-06
660 1.66667e-06
670 2.77556e-17
680 1.66667e-06
690 2.77556e-17
700 2.77556e-17
710 1.66667e-06
720 3.33333e-06
730 3.33333e-06
740 3.33333e-06
750 2.77556e-17
760 2.77556e-17
770 2.77556e-17
780 2.77556e-17
790 3.33333e-06
800 1.66667e-06
810 2.77556e-17
820 3.33333e-06
830 1.66667e-06
840 1.66667e-06
850 1.66667e-06
860 3.33333e-06
870 3.33333e-06
880 3.33333e-06
890 2.77556e-17
900 1.66667e-06
910 1.66667e-06
920 2.77556e-17
930 2.77556e-17
940 2.77556e-17
950 1.66667e-06
960 1.66667e-06
970 2.77556e-17
980 3.33333e-06
990 3.33333e-06
1000 1.66667e-06
1010 1.66667e-06
1020 1.66667e-06
1030 1.66667e-06
1040 2.77556e-17
1050 2.77556e-17
1060 2.77556e-17
1070 3.33333e-06
1080 1.66667e-06
1090 3.33333e-06
1100 1.66667e-06
1110 1.66667e-06
1120 1.66667e-06
1130 3.33333e-06
1140 1.66667e-06
1150 1.66667e-06
1160 1.66667e-06
1170 1.66667e-06
1180 2.77556e-17
1190 1.66667e-06
1200 1.66667e-06
1210 2.77556e-17
1220 2.77556e-17
1230 2.77556e-17
1240 1.66667e-06
1250 3.33333e-06
1260 0.0555583
1270 3.33333e-06
1280 1.66667e-06
1290 3.33333e-06
1300 2.77556e-17
1310 1.66667e-06
1320 3.33333e-06
1330 3.33333e-06
1340 3.33333e-06
1350 1.66667e-06
1360 1.66667e-06
1370 3.33333e-06
1380 2.77556e-17
1390 2.77556e-17
1400 2.77556e-17
1410 1.66667e-06
1420 1.66667e-06
1430 1.66667e-06
1440 3.33333e-06
1450 2.77556e-17
1460 1.66667e-06
1470 3.33333e-06
1480 2.77556e-17
1490 1.66667e-06
1500 1.66667e-06
1510 1.66667e-06
1520 1.66667e-06
1530 3.33333e-06
1540 1.66667e-06
1550 3.33333e-06
1560 2.77556e-17
1570 2.77556e-17
1580 1.66667e-06
1590 1.66667e-06
1600 2.77556e-17
1610 1.66667e-06
1620 3.33333e-06
1630 3.33333e-06
1640 2.77556e-17
1650 1.66667e-06
1660 1.66667e-06
1670 2.77556e-17
1680 1.66667e-06
1690 3.33333e-06
1700 3.33333e-06
1710 1.66667e-06
1720 2.77556e-17
1730 1.66667e-06
1740 2.77556e-17
1750 1.66667e-06
1760 1.66667e-06
1770 1.66667e-06
1780 1.66667e-06
1790 2.77556e-17
1800 1.66667e-06
1810 1.66667e-06
1820 1.66667e-06
1830 2.77556e-17
1840 1.66667e-06
1850 3.33333e-06
1860 2.77556e-17
1870 2.77556e-17
1880 2.77556e-17
1890 2.77556e-17
1900 1.66667e-06
1910 3.33333e-06
1920 1.66667e-06
1930 2.77556e-17
1940 2.77556e-17
1950 3.33333e-06
1960 3.33333e-06
1970 1.66667e-06
1980 1.66667e-06
1990 1.66667e-06
2000 3.33333e-06
2010 1.66667e-06
2020 2.77556e-17
2030 2.77556e-17
2040 1.66667e-06
2050 1.66667e-06
2060 3.33333e-06
2070 3.33333e-06
2080 3.33333e-06
2090 1.66667e-06
2100 1.66667e-06
2110 1.66667e-06
2120 2.77556e-17
2130 3.33333e-06
2140 1.66667e-06
2150 2.77556e-17
2160 1.66667e-06
2170 2.77556e-17
2180 2.77556e-17
2190 1.66667e-06
2200 1.66667e-06
2210 1.66667e-06
2220 3.33333e-06
2230 2.77556e-17
2240 1.66667e-06
2250 1.66667e-06
2260 3.33333e-06
2270 2.77556e-17
2280 2.77556e-17
2290 1.66667e-06
2300 1.66667e-06
2310 1.66667e-06
2320 2.77556e-17
2330 1.66667e-06
2340 1.66667e-06
2350 1.66667e-06
2360 3.33333e-06
2370 2.77556e-17
2380 1.66667e-06
2390 3.33333e-06
2400 3.33333e-06
2410 3.33333e-06
2420 1.66667e-06
2430 1.66667e-06
2440 1.66667e-06
2450 1.66667e-06
2460 3.33333e-06
2470 1.66667e-06
2480 1.66667e-06
2490 2.77556e-17
2500 2.77556e-17
2510 1.66667e-06
2520 1.66667e-06
2530 2.77556e-17
2540 1.66667e-06
2550 2.77556e-17
2560 1.66667e-06
2570 1.66667e-06
2580 3.33333e-06
2590 2.77556e-17
2600 2.77556e-17
2610 3.33333e-06
2620 1.66667e-06
2630 1.66667e-06
2640 2.77556e-17
2650 1.66667e-06
2660 2.77556e-17
2670 1.66667e-06
2680 2.77556e-17
2690 2.77556e-17
2700 2.77556e-17
2710 1.66667e-06
2720 1.66667e-06
2730 1.66667e-06
2740 3.33333e-06
2750 2.77556e-17
2760 1.66667e-06
2770 2.77556e-17
2780 3.33333e-06
2790 2.77556e-17
2800 1.66667e-06
2810 3.33333e-06
2820 1.66667e-06
2830 1.66667e-06
2840 2.77556e-17
2850 2.77556e-17
2860 1.66667e-06
2870 1.66667e-06
2880 1.66667e-06
2890 2.77556e-17
2900 2.77556e-17
2910 1.66667e-06
2920 1.66667e-06
2930 2.77556e-17
2940 1.66667e-06
2950 1.66667e-06
2960 1.66667e-06
2970 3.33333e-06
2980 1.66667e-06
2990 3.33333e-06
3000 3.33333e-06
3010 3.33333e-06
3020 3.33333e-06
3030 1.66667e-06
3040 1.66667e-06
3050 1.66667e-06
3060 2.77556e-17
3070 1.66667e-06
3080 2.77556e-17
3090 1.66667e-06
3100 1.66667e-06
3110 2.77556e-17
3120 2.77556e-17
3130 1.66667e-06
3140 1.66667e-06
3150 0.16667
3160 1.66667e-06
3170 2.77556e-17
3180 2.77556e-17
3190 2.77556e-17
3200 1.66667e-06
3210 2.77556e-17
3220 1.66667e-06
3230 2.77556e-17
3240 1.66667e-06
3250 1.66667e-06
3260 2.77556e-17
3270 1.66667e-06
3280 1.66667e-06
3290 2.77556e-17
3300 2.77556e-17
3310 2.77556e-17
3320 2.77556e-17
3330 2.77556e-17
3340 1.66667e-06
3350 1.66667e-06
3360 1.66667e-06
3370 2.77556e-17
3380 1.66667e-06
3390 3.33333e-06
3400 1.66667e-06
3410 3.33333e-06
3420 3.33333e-06
3430 3.33333e-06
3440 1.66667e-06
3450 2.77556e-17
3460 3.33333e-06
3470 1.66667e-06
3480 2.77556e-17
3490 2.77556e-17
3500 1.66667e-06
3510 1.66667e-06
3520 1.66667e-06
3530 1.66667e-06
3540 3.33333e-06
3550 3.33333e-06
3560 3.33333e-06
3570 1.66667e-06
3580 2.77556e-17
3590 2.77556e-17
3600 1.66667e-06
3610 3.33333e-06
3620 1.66667e-06
3630 1.66667e-06
3640 3.33333e-06
3650 3.33333e-06
3660 1.66667e-06
3670 3.33333e-06
3680 1.66667e-06
3690 1.66667e-06
3700 1.66667e-06
3710 1.66667e-06
3720 3.33333e-06
3730 2.77556e-17
3740 1.66667e-06
3750 2.77556e-17
3760 1.66667e-06
3770 3.33333e-06
3780 1.66667e-06
3790 1.66667e-06
3800 3.33333e-06
3810 1.66667e-06
3820 1.66667e-06
3830 1.66667e-06
3840 1.66667e-06
3850 3.33333e-06
3860 1.66667e-06
3870 1.66667e-06
3880 1.66667e-06
3890 2.77556e-17
3900 2.77556e-17
3910 1.66667e-06
3920 2.77556e-17
3930 1.66667e-06
3940 1.66667e-06
3950 1.66667e-06
3960 2.77556e-17
3970 3.33333e-06
3980 2.77556e-17
3990 1.66667e-06
4000 1.66667e-06
4010 2.77556e-17
4020 2.77556e-17
4030 2.77556e-17
4040 1.66667e-06
4050 2.77556e-17
4060 2.77556e-17
4070 1.66667e-06
4080 1.66667e-06
4090 1.66667e-06
4100 1.66667e-06
4110 3.33333e-06
4120 1.66667e-06
4130 2.77556e-17
4140 2.77556e-17
4150 1.66667e-06
4160 3.33333e-06
4170 1.66667e-06
4180 1.66667e-06
4190 1.66667e-06
4200 1.66667e-06
4210 1.66667e-06
4220 3.33333e-06
4230 1.66667e-06
4240 1.66667e-06
4250 3.33333e-06
4260 2.77556e-17
4270 2.77556e-17
4280 1.66667e-06
4290 2.77556e-17
4300 1.66667e-06
4310 2.77556e-17
4320 2.77556e-17
4330 2.77556e-17
4340 3.33333e-06
4350 1.66667e-06
4360 1.66667e-06
4370 3.33333e-06
4380 1.66667e-06
4390 2.77556e-17
4400 2.77556e-17
4410 1.66667e-06
4420 2.77556e-17
4430 2.77556e-17
4440 2.77556e-17
4450 2.77556e-17
4460 1.66667e-06
4470 2.77556e-17
4480 1.66667e-06
4490 2.77556e-17
4500 2.77556e-17
4510 3.33333e-06
4520 3.33333e-06
4530 1.66667e-06
4540 2.77556e-17
4550 2.77556e-17
4560 2.77556e-17
4570 1.66667e-06
4580 1.66667e-06
4590 1.66667e-06
4600 1.66667e-06
4610 2.77556e-17
4620 1.66667e-06
4630 2.77556e-17
4640 1.66667e-06
4650 1.66667e-06
4660 1.66667e-06
4670 1.66667e-06
4680 1.66667e-06
4690 1.66667e-06
4700 2.77556e-17
4710 1.66667e-06
4720 3.33333e-06
4730 1.66667e-06
4740 1.66667e-06
4750 1.66667e-06
4760 1.66667e-06
4770 1.66667e-06
4780 2.77556e-17
4790 2.77556e-17
4800 2.77556e-17
4810 2.77556e-17
4820 3.33333e-06
4830 1.66667e-06
4840 3.33333e-06
4850 1.66667e-06
4860 1.66667e-06
4870 1.66667e-06
4880 1.66667e-06
4890 3.33333e-06
4900 3.33333e-06
4910 2.77556e-17
4920 2.77556e-17
4930 1.66667e-06
4940 2.77556e-17
4950 1.66667e-06
4960 3.33333e-06
4970 1.66667e-06
4980 2.77556e-17
4990 2.77556e-17
5000 3.33333e-06
5010 1.66667e-06
5020 3.33333e-06
5030 1.66667e-06
5040 1.66667e-06
5050 1.66667e-06
5060 1.66667e-06
5070 2.77556e-17
5080 1.66667e-06
5090 3.33333e-06
5100 3.33333e-06
5110 2.77556e-17
5120 1.66667e-06
5130 1.66667e-06
5140 2.77556e-17
5150 1.66667e-06
5160 3.33333e-06
5170 2.77556e-17
5180 3.33333e-06
5190 1.66667e-06
5200 1.66667e-06
5210 1.66667e-06
5220 1.66667e-06
5230 2.77556e-17
5240 1.66667e-06
5250 3.33333e-06
5260 2.77556e-17
5270 2.77556e-17
5280 2.77556e-17
5290 2.77556e-17
5300 2.77556e-17
5310 1.66667e-06
5320 2.77556e-17
5330 1.66667e-06
5340 3.33333e-06
5350 2.77556e-17
5360 3.33333e-06
5370 1.66667e-06
5380 2.77556e-17
5390 1.66667e-06
5400 1.66667e-06
5410 1.66667e-06
5420 2.77556e-17
5430 3.33333e-06
5440 1.66667e-06
5450 1.66667e-06
5460 1.66667e-06
5470 2.77556e-17
5480 1.66667e-06
5490 1.66667e-06
5500 1.66667e-06
5510 1.66667e-06
5520 2.77556e-17
5530 2.77556e-17
5540 1.66667e-06
5550 1.66667e-06
5560 1.66667e-06
5570 3.33333e-06
5580 1.66667e-06
5590 1.66667e-06
5600 3.33333e-06
5610 3.33333e-06
5620 1.66667e-06
5630 3.33333e-06
5640 3.33333e-06
5650 2.77556e-17
5660 2.77556e-17
5670 3.33333e-06
5680 1.66667e-06
5690 1.66667e-06
5700 1.66667e-06
5710 3.33333e-06
5720 1.66667e-06
5730 1.66667e-06
5740 3.33333e-06
5750 2.77556e-17
5760 2.77556e-17
5770 1.66667e-06
5780 1.66667e-06
5790 1.66667e-06
5800 1.66667e-06
5810 3.33333e-06
5820 1.66667e-06
5830 3.33333e-06
5840 1.66667e-06
5850 1.66667e-06
5860 2.77556e-17
5870 3.33333e-06
5880 2.77556e-17
5890 2.77556e-17
5900 3.33333e-06
5910 3.33333e-06
5920 2.77556e-17
5930 2.77556e-17
5940 2.77556e-17
5950 1.66667e-06
5960 3.33333e-06
5970 2.77556e-17
5980 3.33333e-06
5990 2.77556e-17
6000 3.33333e-06
6010 3.33333e-06
6020 1.66667e-06
6030 3.33333e-06
6040 2.77556e-17
6050 2.77556e-17
6060 1.66667e-06
6070 3.33333e-06
6080 3.33333e-06
6090 1.66667e-06
6100 3.33333e-06
6110 1.66667e-06
6120 2.77556e-17
6130 2.77556e-17
6140 2.77556e-17
6150 1.66667e-06
6160 2.77556e-17
6170 2.77556e-17
6180 3.33333e-06
6190 3.33333e-06
6200 2.77556e-17
6210 3.33333e-06
6220 1.66667e-06
6230 2.77556e-17
6240 1.66667e-06
6250 1.66667e-06
6260 1.66667e-06
6270 1.66667e-06
6280 1.66667e-06
6290 2.77556e-17
6300 2.77556e-17
6310 3.33333e-06
6320 1.66667e-06
6330 1.66667e-06
6340 2.77556e-17
6350 3.33333e-06
6360 3.33333e-06
6370 1.66667e-06
6380 1.66667e-06
6390 2.77556e-17
6400 1.66667e-06
6410 3.33333e-06
6420 1.66667e-06
6430 3.33333e-06
6440 2.77556e-17
6450 3.33333e-06
6460 1.66667e-06
6470 3.33333e-06
6480 3.33333e-06
6490 1.66667e-06
6500 2.77556e-17
6510 1.66667e-06
6520 3.33333e-06
6530 1.66667e-06
6540 1.66667e-06
6550 1.66667e-06
6560 1.66667e-06
6570 1.66667e-06
6580 1.66667e-06
6590 2.77556e-17
6600 1.66667e-06
6610 3.33333e-06
6620 3.33333e-06
6630 2.77556e-17
6640 2.77556e-17
6650 2.77556e-17
6660 1.66667e-06
6670 1.66667e-06
6680 3.33333e-06
6690 2.77556e-17
6700 1.66667e-06
6710 3.33333e-06
6720 2.77556e-17
6730 1.66667e-06
6740 1.66667e-06
6750 1.66667e-06
6760 2.77556e-17
6770 1.66667e-06
6780 1.66667e-06
6790 2.77556e-17
6800 1.66667e-06
6810 1.66667e-06
6820 1.66667e-06
6830 1.66667e-06
6840 1.66667e-06
6850 1.66667e-06
6860 1.66667e-06
6870 2.77556e-17
6880 1.66667e-06
6890 1.66667e-06
6900 1.66667e-06
6910 1.66667e-06
6920 1.66667e-06
6930 3.33333e-06
6940 3.33333e-06
6950 3.33333e-06
6960 1.66667e-06
6970 1.66667e-06
6980 3.33333e-06
6990 3.33333e-06
7000 3.33333e-06
7010 1.66667e-06
7020 3.33333e-06
7030 3.33333e-06
7040 1.66667e-06
7050 1.66667e-06
7060 2.77556e-17
7070 1.66667e-06
7080 1.66667e-06
7090 3.33333e-06
7100 0.166668
7110 1.66667e-06
7120 1.66667e-06
7130 1.66667e-06
7140 1.66667e-06
7150 2.77556e-17
7160 1.66667e-06
7170 1.66667e-06
7180 1.66667e-06
7190 2.77556e-17
7200 1.66667e-06
7210 2.77556e-17
7220 2.77556e-17
7230 2.77556e-17
7240 1.66667e-06
7250 3.33333e-06
7260 1.66667e-06
7270 3.33333e-06
7280 1.66667e-06
7290 1.66667e-06
7300 2.77556e-17
7310 1.66667e-06
7320 2.77556e-17
7330 2.77556e-17
7340 3.33333e-06
7350 3.33333e-06
7360 1.66667e-06
7370 2.77556e-17
7380 1.66667e-06
7390 3.33333e-06
7400 1.66667e-06
7410 1.66667e-06
7420 2.77556e-17
7430 2.77556e-17
7440 1.66667e-06
7450 1.66667e-06
7460 3.33333e-06
7470 1.66667e-06
7480 1.66667e-06
7490 1.66667e-06
7500 1.66667e-06
7510 3.33333e-06
7520 3.33333e-06
7530 2.77556e-17
7540 1.66667e-06
7550 1.66667e-06
7560 1.66667e-06
7570 1.66667e-06
7580 3.33333e-06
7590 3.33333e-06
7600 3.33333e-06
7610 1.66667e-06
7620 1.66667e-06
7630 3.33333e-06
7640 3.33333e-06
7650 3.33333e-06
7660 3.33333e-06
7670 3.33333e-06
7680 1.66667e-06
7690 1.66667e-06
7700 3.33333e-06
7710 1.66667e-06
7720 3.33333e-06
7730 1.66667e-06
7740 1.66667e-06
7750 2.77556e-17
7760 3.33333e-06
7770 2.77556e-17
7780 1.66667e-06
7790 3.33333e-06
7800 1.66667e-06
7810 1.66667e-06
7820 1.66667e-06
7830 3.33333e-06
7840 1.66667e-06
7850 1.66667e-06
7860 3.33333e-06
7870 2.77556e-17
7880 2.77556e-17
7890 2.77556e-17
7900 2.77556e-17
7910 1.66667e-06
7920 3.33333e-06
7930 3.33333e-06
7940 1.66667e-06
7950 1.66667e-06
7960 1.66667e-06
7970 3.33333e-06
7980 3.33333e-06
7990 1.66667e-06
8000 3.33333e-06
8010 1.66667e-06
8020 1.66667e-06
8030 3.33333e-06
8040 2.77556e-17
8050 3.33333e-06
8060 2.77556e-17
8070 1.66667e-06
8080 2.77556e-17
8090 3.33333e-06
8100 1.66667e-06
8110 1.66667e-06
8120 1.66667e-06
8130 1.66667e-06
8140 1.66667e-06
8150 3.33333e-06
8160 2.77556e-17
8170 2.77556e-17
8180 1.66667e-06
8190 1.66667e-06
8200 3.33333e-06
8210 1.66667e-06
8220 1.66667e-06
8230 2.77556e-17
8240 1.66667e-06
8250 1.66667e-06
8260 3.33333e-06
8270 1.66667e-06
8280 3.33333e-06
8290 3.33333e-06
8300 2.77556e-17
8310 1.66667e-06
8320 3.33333e-06
8330 3.33333e-06
8340 1.66667e-06
8350 1.66667e-06
8360 1.66667e-06
8370 1.66667e-06
8380 2.77556e-17
8390 2.77556e-17
8400 1.66667e-06
8410 3.33333e-06
8420 1.66667e-06
8430 2.77556e-17
8440 2.77556e-17
8450 2.77556e-17
8460 1.66667e-06
8470 2.77556e-17
8480 1.66667e-06
8490 3.33333e-06
8500 3.33333e-06
8510 2.77556e-17
8520 1.66667e-06
8530 3.33333e-06
8540 2.77556e-17
8550 1.66667e-06
8560 3.33333e-06
8570 2.77556e-17
8580 3.33333e-06
8590 1.66667e-06
8600 1.66667e-06
8610 3.33333e-06
8620 1.66667e-06
8630 1.66667e-06
8640 2.77556e-17
8650 3.33333e-06
8660 2.77556e-17
8670 1.66667e-06
8680 1.66667e-06
8690 1.66667e-06
8700 3.33333e-06
8710 1.66667e-06
8720 1.66667e-06
8730 3.33333e-06
8740 2.77556e-17
8750 1.66667e-06
8760 1.66667e-06
8770 1.66667e-06
8780 3.33333e-06
8790 1.66667e-06
8800 1.66667e-06
8810 1.66667e-06
8820 1.66667e-06
8830 1.66667e-06
8840 2.77556e-17
8850 1.66667e-06
8860 1.66667e-06
8870 1.66667e-06
8880 2.77556e-17
8890 1.66667e-06
8900 1.66667e-06
8910 1.66667e-06
8920 3.33333e-06
8930 1.66667e-06
8940 1.66667e-06
8950 3.33333e-06
8960 2.77556e-17
8970 2.77556e-17
8980 2.77556e-17
8990 3.33333e-06
9000 3.33333e-06
9010 2.77556e-17
9020 2.77556e-17
9030 1.66667e-06
9040 3.33333e-06
9050 2.77556e-17
9060 2.77556e-17
9070 3.33333e-06
9080 3.33333e-06
9090 1.66667e-06
9100 3.33333e-06
9110 3.33333e-06
9120 1.66667e-06
9130 2.77556e-17
9140 2.77556e-17
9150 1.66667e-06
9160 3.33333e-06
9170 1.66667e-06
9180 1.66667e-06
9190 3.33333e-06
9200 3.33333e-06
9210 1.66667e-06
9220 2.77556e-17
9230 1.66667e-06
9240 3.33333e-06
9250 1.66667e-06
9260 1.66667e-06
9270 2.77556e-17
9280 3.33333e-06
9290 2.77556e-17
9300 2.77556e-17
9310 2.77556e-17
9320 2.77556e-17
9330 3.33333e-06
9340 1.66667e-06
9350 1.66667e-06
9360 2.77556e-17
9370 1.66667e-06
9380 1.66667e-06
9390 2.77556e-17
9400 2.77556e-17
9410 1.66667e-06
9420 2.77556e-17
9430 1.66667e-06
9440 1.66667e-06
9450 1.66667e-06
9460 2.77556e-17
9470 1.66667e-06
9480 1.66667e-06
9490 1.66667e-06
9500 1.66667e-06
9510 1.66667e-06
9520 2.77556e-17
9530 1.66667e-06
9540 3.33333e-06
9550 1.66667e-06
9560 1.66667e-06
9570 2.77556e-17
9580 1.66667e-06
9590 1.66667e-06
9600 2.77556e-17
9610 1.66667e-06
9620 2.77556e-17
9630 2.77556e-17
9640 1.66667e-06
9650 1.66667e-06
9660 3.33333e-06
9670 3.33333e-06
9680 3.33333e-06
9690 2.77556e-17
9700 3.33333e-06
9710 1.66667e-06
9720 3.33333e-06
9730 2.77556e-17
9740 2.77556e-17
9750 2.77556e-17
9760 1.66667e-06
9770 1.66667e-06
9780 3.33333e-06
9790 2.77556e-17
9800 1.66667e-06
9810 3.33333e-06
9820 1.66667e-06
9830 1.66667e-06
9840 2.77556e-17
9850 1.66667e-06
9860 3.33333e-06
9870 3.33333e-06
9880 1.66667e-06
9890 1.66667e-06
9900 2.77556e-17
9910 2.77556e-17
9920 2.77556e-17
9930 3.33333e-06
9940 1.66667e-06
9950 2.77556e-17
9960 1.66667e-06
9970 1.66667e-06
9980 3.33333e-06
9990 3.33333e-06
10000 2.77556e-17
10010 1.66667e-06
10020 1.66667e-06
10030 3.33333e-06
10040 3.33333e-06
10050 3.33333e-06
10060 3.33333e-06
10070 2.77556e-17
10080 3.33333e-06
10090 2.77556e-17
10100 3.33333e-06
10110 3.33333e-06
10120 3.33333e-06
10130 3.33333e-06
10140 3.33333e-06
10150 2.77556e-17
10160 2.77556e-17
10170 1.66667e-06
10180 2.77556e-17
10190 2.77556e-17
10200 2.77556e-17
10210 1.66667e-06
10220 1.66667e-06
10230 1.66667e-06
10240 1.66667e-06
10250 1.66667e-06
10260 2.77556e-17
10270 3.33333e-06
10280 3.33333e-06
10290 3.33333e-06
10300 3.33333e-06
10310 1.66667e-06
10320 1.66667e-06
10330 1.66667e-06
10340 1.66667e-06
10350 2.77556e-17
10360 1.66667e-06
10370 1.66667e-06
10380 2.77556e-17
10390 1.66667e-06
10400 1.66667e-06
10410 2.77556e-17
10420 3.33333e-06
10430 1.66667e-06
10440 3.33333e-06
10450 1.66667e-06
10460 1.66667e-06
10470 1.66667e-06
10480 2.77556e-17
10490 1.66667e-06
10500 1.66667e-06
10510 1.66667e-06
10520 1.66667e-06
10530 2.77556e-17
10540 1.66667e-06
10550 1.66667e-06
10560 3.33333e-06
10570 1.66667e-06
10580 1.66667e-06
10590 3.33333e-06
10600 3.33333e-06
10610 2.77556e-17
10620 3.33333e-06
10630 2.77556e-17
10640 3.33333e-06
10650 1.66667e-06
10660 2.77556e-17
10670 1.66667e-06
10680 1.66667e-06
10690 2.77556e-17
10700 1.66667e-06
10710 1.66667e-06
10720 1.66667e-06
10730 1.66667e-06
10740 1.66667e-06
10750 1.66667e-06
10760 3.33333e-06
10770 3.33333e-06
10780 3.33333e-06
10790 3.33333e-06
10800 1.66667e-06
10810 3.33333e-06
10820 2.77556e-17
10830 2.77556e-17
10840 3.33333e-06
10850 1.66667e-06
10860 1.66667e-06
10870 1.66667e-06
10880 3.33333e-06
10890 1.66667e-06
10900 2.77556e-17
10910 2.77556e-17
10920 2.77556e-17
10930 1.66667e-06
10940 1.66667e-06
10950 2.77556e-17
10960 1.66667e-06
10970 3.33333e-06
10980 3.33333e-06
10990 3.33333e-06
11000 3.33333e-06
11010 1.66667e-06
11020 1.66667e-06
11030 3.33333e-06
11040 1.66667e-06
11050 1.66667e-06
11060 1.66667e-06
11070 1.66667e-06
11080 1.66667e-06
11090 3.33333e-06
11100 1.66667e-06
11110 1.66667e-06
11120 2.77556e-17
11130 1.66667e-06
11140 1.66667e-06
11150 1.66667e-06
11160 1.66667e-06
11170 1.66667e-06
11180 3.33333e-06
11190 1.66667e-06
11200 2.77556e-17
11210 1.66667e-06
11220 2.77556e-17
11230 1.66667e-06
11240 1.66667e-06
11250 1.66667e-06
11260 1.66667e-06
11270 1.66667e-06
11280 1.66667e-06
11290 2.77556e-17
11300 2.77556e-17
11310 1.66667e-06
11320 2.77556e-17
11330 1.66667e-06
11340 1.66667e-06
11350 1.66667e-06
11360 2.77556e-17
11370 2.77556e-17
11380 1.66667e-06
11390 1.66667e-06
11400 1.66667e-06
11410 3.33333e-06
11420 3.33333e-06
11430 1.66667e-06
11440 1.66667e-06
11450 2.77556e-17
11460 2.77556e-17
11470 1.66667e-06
11480 1.66667e-06
11490 1.66667e-06
11500 2.77556e-17
11510 2.77556e-17
11520 1.66667e-06
11530 3.33333e-06
11540 1.66667e-06
11550 2.77556e-17
11560 2.77556e-17
11570 2.77556e-17
11580 1.66667e-06
11590 3.33333e-06
11600 3.33333e-06
11610 2.77556e-17
11620 3.33333e-06
11630 3.33333e-06
11640 2.77556e-17
11650 3.33333e-06
11660 3.33333e-06
11670 2.77556e-17
11680 2.77556e-17
11690 2.77556e-17
11700 2.77556e-17
11710 2.77556e-17
11720 2.77556e-17
11730 2.77556e-17
11740 2.77556e-17
11750 1.66667e-06
11760 1.66667e-06
11770 1.66667e-06
11780 2.77556e-17
11790 1.66667e-06
11800 3.33333e-06
11810 1.66667e-06
11820 3.33333e-06
11830 2.77556e-17
11840 3.33333e-06
11850 2.77556e-17
11860 3.33333e-06
11870 1.66667e-06
11880 1.66667e-06
11890 1.66667e-06
11900 3.33333e-06
11910 3.33333e-06
11920 1.66667e-06
11930 1.66667e-06
11940 3.33333e-06
11950 1.66667e-06
11960 1.66667e-06
11970 2.77556e-17
11980 3.33333e-06
11990 1.66667e-06
12000 1.66667e-06
12010 2.77556e-17
12020 1.66667e-06
12030 2.77556e-17
12040 2.77556e-17
12050 1.66667e-06
12060 2.77556e-17
12070 2.77556e-17
12080 1.66667e-06
12090 3.33333e-06
12100 1.66667e-06
12110 1.66667e-06
12120 2.77556e-17
12130 2.77556e-17
12140 3.33333e-06
12150 1.66667e-06
12160 2.77556e-17
12170 2.77556e-17
12180 1.66667e-06
12190 1.66667e-06
12200 2.77556e-17
12210 2.77556e-17
12220 2.77556e-17
12230 3.33333e-06
12240 1.66667e-06
12250 3.33333e-06
12260 1.66667e-06
12270 3.33333e-06
12280 1.66667e-06
12290 1.66667e-06
12300 1.66667e-06
12310 2.77556e-17
12320 2.77556e-17
12330 2.77556e-17
12340 2.77556e-17
12350 2.77556e-17
12360 3.33333e-06
12370 3.33333e-06
12380 1.66667e-06
12390 2.77556e-17
12400 1.66667e-06
12410 2.77556e-17
12420 2.77556e-17
12430 2.77556e-17
12440 1.66667e-06
12450 3.33333e-06
12460 3.33333e-06
12470 1.66667e-06
12480 3.33333e-06
12490 1.66667e-06
12500 2.77556e-17
12510 1.66667e-06
12520 1.66667e-06
12530 1.66667e-06
12540 2.77556e-17
12550 2.77556e-17
12560 2.77556e-17
12570 1.66667e-06
12580 1.66667e-06
12590 2.77556e-17
12600 2.77556e-17
12610 1.66667e-06
12620 1.66667e-06
12630 1.66667e-06
12640 3.33333e-06
12650 2.77556e-17
12660 2.77556e-17
12670 3.33333e-06
12680 1.66667e-06
12690 3.33333e-06
12700 3.33333e-06
12710 1.66667e-06
12720 3.33333e-06
12730 2.77556e-17
12740 1.66667e-06
12750 1.66667e-06
12760 1.66667e-06
12770 1.66667e-06
12780 1.66667e-06
12790 2.77556e-17
12800 1.66667e-06
12810 2.77556e-17
12820 3.33333e-06
12830 3.33333e-06
12840 2.77556e-17
12850 1.66667e-06
12860 1.66667e-06
12870 1.66667e-06
12880 1.66667e-06
12890 1.66667e-06
12900 1.66667e-06
12910 2.77556e-17
12920 1.66667e-06
12930 1.66667e-06
12940 2.77556e-17
12950 1.66667e-06
12960 2.77556e-17
12970 1.66667e-06
12980 2.77556e-17
12990 1.66667e-06
13000 1.66667e-06
13010 1.66667e-06
13020 1.66667e-06
13030 1.66667e-06
13040 2.77556e-17
13050 1.66667e-06
13060 1.66667e-06
13070 1.66667e-06
13080 1.66667e-06
13090 2.77556e-17
13100 1.66667e-06
13110 2.77556e-17
13120 1.66667e-06
13130 1.66667e-06
13140 1.66667e-06
13150 1.66667e-06
13160 2.77556e-17
13170 2.77556e-17
13180 3.33333e-06
13190 2.77556e-17
13200 1.66667e-06
13210 2.77556e-17
13220 1.66667e-06
13230 3.33333e-06
13240 2.77556e-17
13250 3.33333e-06
13260 1.66667e-06
13270 2.77556e-17
13280 1.66667e-06
13290 3.33333e-06
13300 1.66667e-06
13310 1.66667e-06
13320 1.66667e-06
13330 2.77556e-17
13340 1.66667e-06
13350 1.66667e-06
13360 3.33333e-06
13370 2.77556e-17
13380 2.77556e-17
13390 1.66667e-06
13400 3.33333e-06
13410 2.77556e-17
13420 1.66667e-06
13430 1.66667e-06
13440 1.66667e-06
13450 2.77556e-17
13460 1.66667e-06
13470 1.66667e-06
13480 3.33333e-06
13490 2.77556e-17
13500 1.66667e-06
13510 1.66667e-06
13520 2.77556e-17
13530 1.66667e-06
13540 2.77556e-17
13550 2.77556e-17
13560 1.66667e-06
13570 1.66667e-06
13580 1.66667e-06
13590 2.77556e-17
13600 1.66667e-06
13610 2.77556e-17
13620 1.66667e-06
13630 1.66667e-06
13640 3.33333e-06
13650 3.33333e-06
13660 1.66667e-06
13670 3.33333e-06
13680 2.77556e-17
13690 1.66667e-06
13700 1.66667e-06
13710 2.77556e-17
13720 3.33333e-06
13730 1.66667e-06
13740 3.33333e-06
13750 3.33333e-06
13760 1.66667e-06
13770 3.33333e-06
13780 2.77556e-17
13790 1.66667e-06
13800 2.77556e-17
13810 2.77556e-17
13820 1.66667e-06
13830 3.33333e-06
13840 1.66667e-06
13850 1.66667e-06
13860 3.33333e-06
13870 3.33333e-06
13880 1.66667e-06
13890 3.33333e-06
13900 2.77556e-17
13910 3.33333e-06
13920 1.66667e-06
13930 1.66667e-06
13940 1.66667e-06
13950 1.66667e-06
13960 2.77556e-17
13970 1.66667e-06
13980 1.66667e-06
13990 2.77556e-17
14000 1.66667e-06
14010 1.66667e-06
14020 2.77556e-17
14030 1.66667e-06
14040 1.66667e-06
14050 2.77556e-17
14060 2.77556e-17
14070 1.66667e-06
14080 2.77556e-17
14090 1.66667e-06
14100 2.77556e-17
14110 1.66667e-06
14120 3.33333e-06
14130 2.77556e-17
14140 1.66667e-06
14150 3.33333e-06
14160 1.66667e-06
14170 2.77556e-17
14180 1.66667e-06
14190 2.77556e-17
14200 2.77556e-17
14210 3.33333e-06
14220 1.66667e-06
14230 2.77556e-17
14240 3.33333e-06
14250 2.77556e-17
14260 1.66667e-06
14270 3.33333e-06
14280 3.33333e-06
14290 3.33333e-06
14300 1.66667e-06
14310 3.33333e-06
14320 1.66667e-06
14330 3.33333e-06
14340 1.66667e-06
14350 3.33333e-06
14360 3.33333e-06
14370 3.33333e-06
14380 2.77556e-17
14390 3.33333e-06
14400 2.77556e-17
14410 2.77556e-17
14420 1.66667e-06
14430 2.77556e-17
14440 2.77556e-17
14450 1.66667e-06
14460 3.33333e-06
14470 1.66667e-06
14480 1.66667e-06
14490 1.66667e-06
14500 3.33333e-06
14510 1.66667e-06
14520 3.33333e-06
14530 1.66667e-06
14540 3.33333e-06
14550 3.33333e-06
14560 1.66667e-06
14570 1.66667e-06
14580 1.66667e-06
14590 1.66667e-06
14600 1.66667e-06
14610 1.66667e-06
14620 3.33333e-06
14630 3.33333e-06
14640 2.77556e-17
14650 3.33333e-06
14660 1.66667e-06
14670 3.33333e-06
14680 3.33333e-06
14690 1.66667e-06
14700 1.66667e-06
14710 1.66667e-06
14720 1.66667e-06
14730 1.66667e-06
14740 1.66667e-06
14750 1.66667e-06
14760 1.66667e-06
14770 2.77556e-17
14780 1.66667e-06
14790 3.33333e-06
14800 3.33333e-06
14810 1.66667e-06
14820 1.66667e-06
14830 2.77556e-17
14840 3.33333e-06
14850 1.66667e-06
14860 2.77556e-17
14870 1.66667e-06
14880 2.77556e-17
14890 1.66667e-06
14900 1.66667e-06
14910 1.66667e-06
14920 1.66667e-06
14930 1.66667e-06
14940 1.66667e-06
14950 1.66667e-06
14960 3.33333e-06
14970 2.77556e-17
14980 1.66667e-06
14990 2.77556e-17
15000 3.33333e-06
15010 1.66667e-06
15020 1.66667e-06
15030 2.77556e-17
15040 1.66667e-06
15050 3.33333e-06
15060 1.66667e-06
15070 3.33333e-06
15080 1.66667e-06
15090 3.33333e-06
15100 1.66667e-06
15110 2.77556e-17
15120 1.66667e-06
15130 3.33333e-06
15140 1.66667e-06
15150 1.66667e-06
15160 2.77556e-17
15170 3.33333e-06
15180 1.66667e-06
15190 2.77556e-17
15200 1.66667e-06
15210 3.33333e-06
15220 2.77556e-17
15230 2.77556e-17
15240 1.66667e-06
15250 2.77556e-17
15260 2.77556e-17
15270 2.77556e-17
15280 1.66667e-06
15290 1.66667e-06
15300 2.77556e-17
15310 1.66667e-06
15320 1.66667e-06
15330 3.33333e-06
15340 1.66667e-06
15350 3.33333e-06
15360 1.66667e-06
15370 3.33333e-06
15380 1.66667e-06
15390 1.66667e-06
15400 1.66667e-06
15410 1.66667e-06
15420 2.77556e-17
15430 1.66667e-06
15440 1.66667e-06
15450 3.33333e-06
15460 2.77556e-17
15470 2.77556e-17
15480 1.66667e-06
15490 2.77556e-17
15500 2.77556e-17
15510 2.77556e-17
15520 2.77556e-17
15530 1.66667e-06
15540 2.77556e-17
15550 3.33333e-06
15560 2.77556e-17
15570 3.33333e-06
15580 3.33333e-06
15590 2.77556e-17
15600 1.66667e-06
15610 1.66667e-06
15620 3.33333e-06
15630 3.33333e-06
15640 1.66667e-06
15650 2.77556e-17
15660 1.66667e-06
15670 3.33333e-06
15680 1.66667e-06
15690 2.77556e-17
15700 3.33333e-06
15710 2.77556e-17
15720 1.66667e-06
15730 1.66667e-06
15740 3.33333e-06
15750 2.77556e-17
15760 2.77556e-17
15770 1.66667e-06
15780 1.66667e-06
15790 3.33333e-06
15800 1.66667e-06
15810 2.77556e-17
15820 1.66667e-06
15830 1.66667e-06
15840 3.33333e-06
15850 3.33333e-06
15860 1.66667e-06
15870 1.66667e-06
15880 1.66667e-06
15890 3.33333e-06
15900 3.33333e-06
15910 1.66667e-06
15920 2.77556e-17
15930 2.77556e-17
15940 1.66667e-06
15950 1.66667e-06
15960 3.33333e-06
15970 1.66667e-06
15980 2.77556e-17
15990 1.66667e-06
16000 1.66667e-06
16010 3.33333e-06
16020 2.77556e-17
16030 2.77556e-17
16040 1.66667e-06
16050 1.66667e-06
16060 1.66667e-06
16070 2.77556e-17
16080 1.66667e-06
16090 1.66667e-06
16100 2.77556e-17
16110 2.77556e-17
16120 1.66667e-06
16130 2.77556e-17
16140 2.77556e-17
16150 3.33333e-06
16160 3.33333e-06
16170 1.66667e-06
16180 3.33333e-06
16190 2.77556e-17
16200 1.66667e-06
16210 1.66667e-06
16220 1.66667e-06
16230 1.66667e-06
16240 2.77556e-17
16250 3.33333e-06
16260 1.66667e-06
16270 1.66667e-06
16280 3.33333e-06
16290 1.66667e-06
16300 3.33333e-06
16310 2.77556e-17
16320 3.33333e-06
16330 2.77556e-17
16340 1.66667e-06
16350 1.66667e-06
16360 2.77556e-17
16370 1.66667e-06
16380 1.66667e-06
16390 1.66667e-06
16400 1.66667e-06
16410 1.66667e-06
16420 1.66667e-06
16430 1.66667e-06
16440 3.33333e-06
16450 1.66667e-06
16460 1.66667e-06
16470 3.33333e-06
16480 1.66667e-06
16490 1.66667e-06
16500 1.66667e-06
16510 3.33333e-06
16520 2.77556e-17
16530 1.66667e-06
16540 2.77556e-17
16550 1.66667e-06
16560 1.66667e-06
16570 2.77556e-17
16580 1.66667e-06
16590 1.66667e-06
16600 2.77556e-17
16610 1.66667e-06
16620 1.66667e-06
16630 1.66667e-06
16640 2.77556e-17
16650 2.77556e-17
16660 3.33333e-06
16670 1.66667e-06
16680 3.33333e-06
16690 3.33333e-06
16700 3.33333e-06
16710 3.33333e-06
16720 1.66667e-06
16730 2.77556e-17
16740 1.66667e-06
16750 2.77556e-17
16760 2.77556e-17
16770 2.77556e-17
16780 1.66667e-06
16790 1.66667e-06
16800 2.77556e-17
16810 2.77556e-17
16820 2.77556e-17
16830 1.66667e-06
16840 3.33333e-06
16850 2.77556e-17
16860 2.77556e-17
16870 1.66667e-06
16880 1.66667e-06
16890 2.77556e-17
16900 2.77556e-17
16910 3.33333e-06
16920 1.66667e-06
16930 1.66667e-06
16940 2.77556e-17
16950 1.66667e-06
16960 1.66667e-06
16970 1.66667e-06
16980 1.66667e-06
16990 3.33333e-06
17000 2.77556e-17
17010 2.77556e-17
17020 3.33333e-06
17030 1.66667e-06
17040 1.66667e-06
17050 1.66667e-06
17060 3.33333e-06
17070 1.66667e-06
17080 1.66667e-06
17090 3.33333e-06
17100 1.66667e-06
17110 1.66667e-06
17120 1.66667e-06
17130 3.33333e-06
17140 1.66667e-06
17150 1.66667e-06
17160 2.77556e-17
17170 3.33333e-06
17180 3.33333e-06
17190 1.66667e-06
17200 3.33333e-06
17210 2.77556e-17
17220 2.77556e-17
17230 2.77556e-17
17240 1.66667e-06
17250 3.33333e-06
17260 3.33333e-06
17270 1.66667e-06
17280 3.33333e-06
17290 1.66667e-06
17300 1.66667e-06
17310 2.77556e-17
17320 1.66667e-06
17330 2.77556e-17
17340 2.77556e-17
17350 1.66667e-06
17360 3.33333e-06
17370 2.77556e-17
17380 1.66667e-06
17390 3.33333e-06
17400 1.66667e-06
17410 1.66667e-06
17420 1.66667e-06
17430 1.66667e-06
17440 2.77556e-17
17450 1.66667e-06
17460 1.66667e-06
17470 3.33333e-06
17480 1.66667e-06
17490 3.33333e-06
17500 3.33333e-06
17510 2.77556e-17
17520 1.66667e-06
17530 1.66667e-06
17540 1.66667e-06
17550 1.66667e-06
17560 3.33333e-06
17570 2.77556e-17
17580 1.66667e-06
17590 1.66667e-06
17600 3.33333e-06
17610 1.66667e-06
17620 2.77556e-17
17630 1.66667e-06
17640 2.77556e-17
17650 2.77556e-17
17660 1.66667e-06
17670 2.77556e-17
17680 1.66667e-06
17690 1.66667e-06
17700 3.33333e-06
17710 1.66667e-06
17720 3.33333e-06
17730 3.33333e-06
17740 3.33333e-06
17750 1.66667e-06
17760 1.66667e-06
17770 2.77556e-17
17780 1.66667e-06
17790 1.66667e-06
17800 2.77556e-17
17810 1.66667e-06
17820 1.66667e-06
17830 2.77556e-17
17840 1.66667e-06
17850 1.66667e-06
17860 2.77556e-17
17870 2.77556e-17
17880 3.33333e-06
17890 1.66667e-06
17900 1.66667e-06
17910 2.77556e-17
17920 3.33333e-06
17930 1.66667e-06
17940 1.66667e-06
17950 2.77556e-17
17960 2.77556e-17
17970 1.66667e-06
17980 2.77556e-17
17990 2.77556e-17
18000 3.33333e-06
18010 3.33333e-06
18020 2.77556e-17
18030 1.66667e-06
18040 2.77556e-17
18050 1.66667e-06
18060 2.77556e-17
18070 1.66667e-06
18080 2.77556e-17
18090 1.66667e-06
18100 1.66667e-06
18110 1.66667e-06
18120 3.33333e-06
18130 1.66667e-06
18140 1.66667e-06
18150 1.66667e-06
18160 2.77556e-17
18170 1.66667e-06
18180 3.33333e-06
18190 1.66667e-06
18200 3.33333e-06
18210 1.66667e-06
18220 2.77556e-17
18230 1.66667e-06
18240 1.66667e-06
18250 2.77556e-17
18260 2.77556e-17
18270 2.77556e-17
18280 1.66667e-06
18290 2.77556e-17
18300 2.77556e-17
18310 3.33333e-06
18320 1.66667e-06
18330 2.77556e-17
18340 1.66667e-06
18350 1.66667e-06
18360 3.33333e-06
18370 2.77556e-17
18380 1.66667e-06
18390 2.77556e-17
18400 2.77556e-17
18410 2.77556e-17
18420 1.66667e-06
18430 2.77556e-17
18440 2.77556e-17
18450 1.66667e-06
18460 1.66667e-06
18470 3.33333e-06
18480 2.77556e-17
18490 1.66667e-06
18500 1.66667e-06
18510 3.33333e-06
18520 1.66667e-06
18530 1.66667e-06
18540 1.66667e-06
18550 2.77556e-17
18560 1.66667e-06
18570 3.33333e-06
18580 1.66667e-06
18590 2.77556e-17
18600 3.33333e-06
18610 1.66667e-06
18620 1.66667e-06
18630 2.77556e-17
18640 3.33333e-06
18650 3.33333e-06
18660 1.66667e-06
18670 1.66667e-06
18680 1.66667e-06
18690 1.66667e-06
18700 1.66667e-06
18710 1.66667e-06
18720 1.66667e-06
18730 3.33333e-06
18740 1.66667e-06
18750 1.66667e-06
18760 1.66667e-06
18770 1.66667e-06
18780 1.66667e-06
18790 3.33333e-06
18800 1.66667e-06
18810 1.66667e-06
18820 3.33333e-06
18830 1.66667e-06
18840 1.66667e-06
18850 1.66667e-06
18860 1.66667e-06
18870 2.77556e-17
18880 1.66667e-06
18890 1.66667e-06
18900 2.77556e-17
18910 1.66667e-06
18920 1.66667e-06
18930 1.66667e-06
18940 1.66667e-06
18950 1.66667e-06
18960 1.66667e-06
18970 1.66667e-06
18980 1.66667e-06
18990 3.33333e-06
19000 3.33333e-06
19010 1.66667e-06
19020 2.77556e-17
19030 2.77556e-17
19040 1.66667e-06
19050 2.77556e-17
19060 3.33333e-06
19070 1.66667e-06
19080 2.77556e-17
19090 2.77556e-17
19100 1.66667e-06
19110 1.66667e-06
19120 3.33333e-06
19130 2.77556e-17
19140 3.33333e-06
19150 2.77556e-17
19160 1.66667e-06
19170 2.77556e-17
19180 3.33333e-06
19190 1.66667e-06
19200 2.77556e-17
19210 2.77556e-17
19220 3.33333e-06
19230 1.66667e-06
19240 1.66667e-06
19250 1.66667e-06
19260 1.66667e-06
19270 2.77556e-17
19280 1.66667e-06
19290 2.77556e-17
19300 1.66667e-06
19310 3.33333e-06
19320 1.66667e-06
19330 2.77556e-17
19340 3.33333e-06
19350 3.33333e-06
19360 1.66667e-06
19370 1.66667e-06
19380 1.66667e-06
19390 3.33333e-06
19400 2.77556e-17
19410 2.77556e-17
19420 2.77556e-17
19430 2.77556e-17
19440 1.66667e-06
19450 1.66667e-06
19460 1.66667e-06
19470 1.66667e-06
19480 2.77556e-17
19490 2.77556e-17
19500 2.77556e-17
19510 1.66667e-06
19520 1.66667e-06
19530 3.33333e-06
19540 2.77556e-17
19550 1.66667e-06
19560 3.33333e-06
19570 3.33333e-06
19580 2.77556e-17
19590 1.66667e-06
19600 1.66667e-06
19610 2.77556e-17
19620 2.77556e-17
19630 1.66667e-06
19640 1.66667e-06
19650 1.66667e-06
19660 1.66667e-06
19670 1.66667e-06
19680 3.33333e-06
19690 1.66667e-06
19700 1.66667e-06
19710 1.66667e-06
19720 3.33333e-06
19730 1.66667e-06
19740 1.66667e-06
19750 1.66667e-06
19760 1.66667e-06
19770 1.66667e-06
19780 2.77556e-17
19790 1.66667e-06
19800 1.66667e-06
19810 1.66667e-06
19820 1.66667e-06
19830 2.77556e-17
19840 1.66667e-06
19850 1.66667e-06
19860 3.33333e-06
19870 1.66667e-06
19880 2.77556e-17
19890 1.66667e-06
19900 2.77556e-17
19910 2.77556e-17
19920 2.77556e-17
19930 2.77556e-17
19940 1.66667e-06
19950 2.77556e-17
19960 2.77556e-17
19970 1.66667e-06
19980 1.66667e-06
19990 1.66667e-06
20000 1.66667e-06
20010 3.33333e-06
20020 2.77556e-17
20030 2.77556e-17
20040 1.66667e-06
20050 1.66667e-06
20060 2.77556e-17
20070 1.66667e-06
20080 2.77556e-17
20090 2.77556e-17
20100 1.66667e-06
20110 2.77556e-17
20120 2.77556e-17
20130 1.66667e-06
20140 1.66667e-06
20150 1.66667e-06
20160 1.66667e-06
20170 2.77556e-17
20180 1.66667e-06
20190 1.66667e-06
20200 1.66667e-06
20210 3.33333e-06
20220 2.77556e-17
20230 3.33333e-06
20240 1.66667e-06
20250 3.33333e-06
20260 1.66667e-06
20270 2.77556e-17
20280 1.66667e-06
20290 3.33333e-06
20300 2.77556e-17
20310 1.66667e-06
20320 3.33333e-06
20330 1.66667e-06
20340 2.77556e-17
20350 1.66667e-06
20360 1.66667e-06
20370 3.33333e-06
20380 1.66667e-06
20390 1.66667e-06
20400 1.66667e-06
20410 1.66667e-06
20420 2.77556e-17
20430 1.66667e-06
20440 3.33333e-06
20450 2.77556e-17
20460 3.33333e-06
20470 1.66667e-06
20480 3.33333e-06
20490 1.66667e-06
20500 1.66667e-06
20510 3.33333e-06
20520 1.66667e-06
20530 2.77556e-17
20540 1.66667e-06
20550 3.33333e-06
20560 1.66667e-06
20570 3.33333e-06
20580 2.77556e-17
20590 1.66667e-06
20600 3.33333e-06
20610 1.66667e-06
20620 1.66667e-06
20630 3.33333e-06
20640 3.33333e-06
20650 2.77556e-17
20660 2.77556e-17
20670 2.77556e-17
20680 1.66667e-06
20690 3.33333e-06
20700 1.66667e-06
20710 2.77556e-17
20720 1.66667e-06
20730 1.66667e-06
20740 1.66667e-06
20750 1.66667e-06
20760 2.77556e-17
20770 1.66667e-06
20780 3.33333e-06
20790 2.77556e-17
20800 2.77556e-17
20810 2.77556e-17
20820 3.33333e-06
20830 1.66667e-06
20840 3.33333e-06
20850 2.77556e-17
20860 1.66667e-06
20870 1.66667e-06
20880 1.66667e-06
20890 2.77556e-17
20900 1.66667e-06
20910 1.66667e-06
20920 3.33333e-06
20930 3.33333e-06
20940 1.66667e-06
20950 1.66667e-06
20960 1.66667e-06
20970 3.33333e-06
20980 2.77556e-17
20990 2.77556e-17
21000 2.77556e-17
21010 1.66667e-06
21020 2.77556e-17
21030 2.77556e-17
21040 3.33333e-06
21050 1.66667e-06
21060 3.33333e-06
21070 3.33333e-06
21080 3.33333e-06
21090 1.66667e-06
21100 1.66667e-06
21110 2.77556e-17
21120 3.33333e-06
21130 2.77556e-17
21140 1.66667e-06
21150 1.66667e-06
21160 2.77556e-17
21170 3.33333e-06
21180 1.66667e-06
21190 2.77556e-17
21200 2.77556e-17
21210 1.66667e-06
21220 2.77556e-17
21230 2.77556e-17
21240 3.33333e-06
21250 1.66667e-06
21260 1.66667e-06
21270 1.66667e-06
21280 1.66667e-06
21290 2.77556e-17
21300 3.33333e-06
21310 3.33333e-06
21320 1.66667e-06
21330 1.66667e-06
21340 3.33333e-06
21350 2.77556e-17
21360 1.66667e-06
21370 2.77556e-17
21380 2.77556e-17
21390 1.66667e-06
21400 3.33333e-06
21410 2.77556e-17
21420 1.66667e-06
21430 1.66667e-06
21440 3.33333e-06
21450 1.66667e-06
21460 3.33333e-06
21470 1.66667e-06
21480 3.33333e-06
21490 2.77556e-17
21500 1.66667e-06
21510 3.33333e-06
21520 2.77556e-17
21530 3.33333e-06
21540 1.66667e-06
21550 3.33333e-06
21560 2.77556e-17
21570 3.33333e-06
21580 1.66667e-06
21590 1.66667e-06
21600 2.77556e-17
21610 1.66667e-06
21620 3.33333e-06
21630 3.33333e-06
21640 1.66667e-06
21650 1.66667e-06
21660 2.77556e-17
21670 3.33333e-06
21680 2.77556e-17
21690 2.77556e-17
21700 2.77556e-17
21710 1.66667e-06
21720 2.77556e-17
21730 1.66667e-06
21740 1.66667e-06
21750 2.77556e-17
21760 3.33333e-06
21770 3.33333e-06
21780 3.33333e-06
21790 1.66667e-06
21800 2.77556e-17
21810 1.66667e-06
21820 2.77556e-17
21830 1.66667e-06
21840 1.66667e-06
21850 1.66667e-06
21860 3.33333e-06
21870 3.33333e-06
21880 3.33333e-06
21890 3.33333e-06
21900 1.66667e-06
21910 2.77556e-17
21920 2.77556e-17
21930 1.66667e-06
21940 1.66667e-06
21950 1.66667e-06
21960 1.66667e-06
21970 2.77556e-17
21980 3.33333e-06
21990 3.33333e-06
22000 2.77556e-17
22010 1.66667e-06
22020 2.77556e-17
22030 1.66667e-06
22040 1.66667e-06
22050 1.66667e-06
22060 1.66667e-06
22070 1.66667e-06
22080 2.77556e-17
22090 3.33333e-06
22100 1.66667e-06
22110 1.66667e-06
22120 3.33333e-06
22130 2.77556e-17
22140 3.33333e-06
22150 1.66667e-06
22160 2.77556e-17
22170 1.66667e-06
22180 1.66667e-06
22190 1.66667e-06
22200 2.77556e-17
22210 2.77556e-17
22220 3.33333e-06
22230 2.77556e-17
22240 2.77556e-17
22250 2.77556e-17
22260 1.66667e-06
22270 1.66667e-06
22280 1.66667e-06
22290 1.66667e-06
22300 2.77556e-17
22310 3.33333e-06
22320 3.33333e-06
22330 3.33333e-06
22340 3.33333e-06
22350 3.33333e-06
22360 2.77556e-17
22370 2.77556e-17
22380 1.66667e-06
22390 1.66667e-06
22400 2.77556e-17
22410 2.77556e-17
22420 3.33333e-06
22430 1.66667e-06
22440 2.77556e-17
22450 2.77556e-17
22460 1.66667e-06
22470 2.77556e-17
22480 1.66667e-06
22490 2.77556e-17
22500 1.66667e-06
22510 1.66667e-06
22520 1.66667e-06
22530 3.33333e-06
22540 1.66667e-06
22550 2.77556e-17
22560 2.77556e-17
22570 1.66667e-06
22580 1.66667e-06
22590 1.66667e-06
22600 3.33333e-06
22610 1.66667e-06
22620 1.66667e-06
22630 1.66667e-06
22640 1.66667e-06
22650 1.66667e-06
22660 3.33333e-06
22670 2.77556e-17
22680 1.66667e-06
22690 3.33333e-06
22700 3.33333e-06
22710 2.77556e-17
22720 1.66667e-06
22730 1.66667e-06
22740 3.33333e-06
22750 1.66667e-06
22760 1.66667e-06
22770 2.77556e-17
22780 3.33333e-06
22790 1.66667e-06
22800 2.77556e-17
22810 2.77556e-17
22820 1.66667e-06
22830 1.66667e-06
22840 1.66667e-06
22850 1.66667e-06
22860 2.77556e-17
22870 2.77556e-17
22880 1.66667e-06
22890 1.66667e-06
22900 2.77556e-17
22910 2.77556e-17
22920 1.66667e-06
22930 3.33333e-06
22940 1.66667e-06
22950 1.66667e-06
22960 1.66667e-06
22970 3.33333e-06
22980 1.66667e-06
22990 1.66667e-06
23000 1.66667e-06
23010 1.66667e-06
23020 2.77556e-17
23030 3.33333e-06
23040 2.77556e-17
23050 2.77556e-17
23060 2.77556e-17
23070 1.66667e-06
23080 1.66667e-06
23090 1.66667e-06
23100 2.77556e-17
23110 1.66667e-06
23120 2.77556e-17
23130 1.66667e-06
23140 3.33333e-06
23150 1.66667e-06
23160 3.33333e-06
23170 1.66667e-06
23180 3.33333e-06
23190 1.66667e-06
23200 1.66667e-06
23210 1.66667e-06
23220 2.77556e-17
23230 1.66667e-06
23240 1.66667e-06
23250 1.66667e-06
23260 2.77556e-17
23270 1.66667e-06
23280 2.77556e-17
23290 2.77556e-17
23300 2.77556e-17
23310 3.33333e-06
23320 2.77556e-17
23330 2.77556e-17
23340 2.77556e-17
23350 2.77556e-17
23360 1.66667e-06
23370 2.77556e-17
23380 2.77556e-17
23390 1.66667e-06
23400 3.33333e-06
23410 1.66667e-06
23420 3.33333e-06
23430 1.66667e-06
23440 2.77556e-17
23450 1.66667e-06
23460 3.33333e-06
23470 2.77556e-17
23480 1.66667e-06
23490 2.77556e-17
23500 1.66667e-06
23510 2.77556e-17
23520 2.77556e-17
23530 3.33333e-06
23540 1.66667e-06
23550 3.33333e-06
23560 1.66667e-06
23570 3.33333e-06
23580 1.66667e-06
23590 1.66667e-06
23600 1.66667e-06
23610 1.66667e-06
23620 1.66667e-06
23630 1.66667e-06
23640 1.66667e-06
23650 3.33333e-06
23660 1.66667e-06
23670 3.33333e-06
23680 3.33333e-06
23690 1.66667e-06
23700 2.77556e-17
23710 1.66667e-06
23720 2.77556e-17
23730 2.77556e-17
23740 3.33333e-06
23750 1.66667e-06
23760 3.33333e-06
23770 3.33333e-06
23780 3.33333e-06
23790 1.66667e-06
23800 1.66667e-06
23810 1.66667e-06
23820 3.33333e-06
23830 1.66667e-06
23840 1.66667e-06
23850 1.66667e-06
23860 1.66667e-06
23870 1.66667e-06
23880 1.66667e-06
23890 2.77556e-17
23900 1.66667e-06
23910 2.77556e-17
23920 1.66667e-06
23930 1.66667e-06
23940 2.77556e-17
23950 3.33333e-06
23960 2.77556e-17
23970 2.77556e-17
23980 2.77556e-17
23990 1.66667e-06
24000 2.77556e-17
24010 3.33333e-06
24020 3.33333e-06
24030 2.77556e-17
24040 1.66667e-06
24050 2.77556e-17
24060 1.66667e-06
24070 2.77556e-17
24080 3.33333e-06
24090 1.66667e-06
24100 1.66667e-06
24110 1.66667e-06
24120 2.77556e-17
24130 2.77556e-17
24140 2.77556e-17
24150 3.33333e-06
24160 1.66667e-06
24170 3.33333e-06
24180 1.66667e-06
24190 1.66667e-06
24200 1.66667e-06
24210 3.33333e-06
24220 2.77556e-17
24230 2.77556e-17
24240 1.66667e-06
24250 3.33333e-06
24260 1.66667e-06
24270 1.66667e-06
24280 2.77556e-17
24290 1.66667e-06
24300 2.77556e-17
24310 1.66667e-06
24320 3.33333e-06
24330 1.66667e-06
24340 2.77556e-17
24350 1.66667e-06
24360 1.66667e-06
24370 1.66667e-06
24380 3.33333e-06
24390 1.66667e-06
24400 2.77556e-17
24410 3.33333e-06
24420 3.33333e-06
24430 3.33333e-06
24440 3.33333e-06
24450 3.33333e-06
24460 1.66667e-06
24470 2.77556e-17
24480 2.77556e-17
24490 1.66667e-06
24500 2.77556e-17
24510 3.33333e-06
24520 1.66667e-06
24530 1.66667e-06
24540 1.66667e-06
24550 3.33333e-06
24560 1.66667e-06
24570 2.77556e-17
24580 3.33333e-06
24590 1.66667e-06
24600 1.66667e-06
24610 2.77556e-17
24620 1.66667e-06
24630 1.66667e-06
24640 3.33333e-06
24650 1.66667e-06
24660 2.77556e-17
24670 2.77556e-17
24680 1.66667e-06
24690 3.33333e-06
24700 2.77556e-17
24710 1.66667e-06
24720 1.66667e-06
24730 1.66667e-06
24740 3.33333e-06
24750 3.33333e-06
24760 3.33333e-06
24770 1.66667e-06
24780 1.66667e-06
24790 1.66667e-06
24800 3.33333e-06
24810 2.77556e-17
24820 1.66667e-06
24830 1.66667e-06
24840 1.66667e-06
24850 2.77556e-17
24860 1.66667e-06
24870 2.77556e-17
24880 3.33333e-06
24890 2.77556e-17
24900 3.33333e-06
24910 3.33333e-06
24920 2.77556e-17
24930 2.77556e-17
24940 3.33333e-06
24950 1.66667e-06
24960 2.77556e-17
24970 1.66667e-06
24980 1.66667e-06
24990 2.77556e-17
25000 1.66667e-06
25010 1.66667e-06
25020 3.33333e-06
25030 1.66667e-06
25040 3.33333e-06
25050 2.77556e-17
25060 1.66667e-06
25070 2.77556e-17
25080 2.77556e-17
25090 1.66667e-06
25100 1.66667e-06
25110 1.66667e-06
25120 3.33333e-06
25130 1.66667e-06
25140 1.66667e-06
25150 2.77556e-17
25160 1.66667e-06
25170 1.66667e-06
25180 3.33333e-06
25190 3.33333e-06
25200 1.66667e-06
25210 2.77556e-17
25220 2.77556e-17
25230 2.77556e-17
25240 2.77556e-17
25250 3.33333e-06
25260 1.66667e-06
25270 2.77556e-17
25280 3.33333e-06
25290 2.77556e-17
25300 2.77556e-17
25310 3.33333e-06
25320 3.33333e-06
25330 1.66667e-06
25340 1.66667e-06
25350 1.66667e-06
25360 1.66667e-06
25370 3.33333e-06
25380 2.77556e-17
25390 1.66667e-06
25400 2.77556e-17
25410 3.33333e-06
25420 1.66667e-06
25430 1.66667e-06
25440 1.66667e-06
25450 1.66667e-06
25460 1.66667e-06
25470 2.77556e-17
25480 1.66667e-06
25490 1.66667e-06
25500 3.33333e-06
25510 1.66667e-06
25520 2.77556e-17
25530 1.66667e-06
25540 1.66667e-06
25550 1.66667e-06
25560 1.66667e-06
25570 3.33333e-06
25580 2.77556e-17
25590 1.66667e-06
25600 1.66667e-06
25610 2.77556e-17
25620 3.33333e-06
25630 2.77556e-17
25640 1.66667e-06
25650 2.77556e-17
25660 1.66667e-06
25670 2.77556e-17
25680 1.66667e-06
25690 3.33333e-06
25700 3.33333e-06
25710 1.66667e-06
25720 3.33333e-06
25730 1.66667e-06
25740 1.66667e-06
25750 2.77556e-17
25760 1.66667e-06
25770 1.66667e-06
25780 1.66667e-06
25790 1.66667e-06
25800 3.33333e-06
25810 1.66667e-06
25820 1.66667e-06
25830 2.77556e-17
25840 3.33333e-06
25850 1.66667e-06
25860 1.66667e-06
25870 3.33333e-06
25880 1.66667e-06
25890 3.33333e-06
25900 1.66667e-06
25910 1.66667e-06
25920 1.66667e-06
25930 1.66667e-06
25940 3.33333e-06
25950 2.77556e-17
25960 2.77556e-17
25970 2.77556e-17
25980 2.77556e-17
25990 2.77556e-17
26000 1.66667e-06
26010 3.33333e-06
26020 1.66667e-06
26030 2.77556e-17
26040 2.77556e-17
26050 1.66667e-06
26060 2.77556e-17
26070 1.66667e-06
26080 1.66667e-06
26090 1.66667e-06
26100 1.66667e-06
26110 1.66667e-06
26120 1.66667e-06
26130 1.66667e-06
26140 1.66667e-06
26150 1.66667e-06
26160 1.66667e-06
26170 1.66667e-06
26180 1.66667e-06
26190 2.77556e-17
26200 2.77556e-17
26210 1.66667e-06
26220 2.77556e-17
26230 1.66667e-06
26240 1.66667e-06
26250 2.77556e-17
26260 1.66667e-06
26270 1.66667e-06
26280 3.33333e-06
26290 2.77556e-17
26300 2.77556e-17
26310 1.66667e-06
26320 2.77556e-17
26330 1.66667e-06
26340 2.77556e-17
26350 1.66667e-06
26360 1.66667e-06
26370 1.66667e-06
26380 1.66667e-06
26390 1.66667e-06
26400 2.77556e-17
26410 1.66667e-06
26420 2.77556e-17
26430 2.77556e-17
26440 1.66667e-06
26450 2.77556e-17
26460 2.77556e-17
26470 1.66667e-06
26480 1.66667e-06
26490 2.77556e-17
26500 1.66667e-06
26510 2.77556e-17
26520 1.66667e-06
26530 3.33333e-06
26540 1.66667e-06
26550 2.77556e-17
26560 3.33333e-06
26570 2.77556e-17
26580 1.66667e-06
26590 2.77556e-17
26600 1.66667e-06
26610 2.77556e-17
26620 3.33333e-06
26630 1.66667e-06
26640 1.66667e-06
26650 2.77556e-17
26660 2.77556e-17
26670 1.66667e-06
26680 3.33333e-06
26690 1.66667e-06
26700 1.66667e-06
26710 1.66667e-06
26720 3.33333e-06
26730 3.33333e-06
26740 2.77556e-17
26750 3.33333e-06
26760 1.66667e-06
26770 1.66667e-06
26780 3.33333e-06
26790 3.33333e-06
26800 3.33333e-06
26810 3.33333e-06
26820 1.66667e-06
26830 1.66667e-06
26840 3.33333e-06
26850 3.33333e-06
26860 1.66667e-06
26870 1.66667e-06
26880 2.77556e-17
26890 3.33333e-06
26900 2.77556e-17
26910 1.66667e-06
26920 1.66667e-06
26930 1.66667e-06
26940 1.66667e-06
26950 3.33333e-06
26960 2.77556e-17
26970 1.66667e-06
26980 1.66667e-06
26990 3.33333e-06
27000 3.33333e-06
27010 3.33333e-06
27020 2.77556e-17
27030 3.33333e-06
27040 2.77556e-17
27050 2.77556e-17
27060 3.33333e-06
27070 1.66667e-06
27080 1.66667e-06
27090 1.66667e-06
27100 2.77556e-17
27110 1.66667e-06
27120 1.66667e-06
27130 2.77556e-17
27140 1.66667e-06
27150 1.66667e-06
27160 2.77556e-17
27170 1.66667e-06
27180 1.66667e-06
27190 2.77556e-17
27200 2.77556e-17
27210 3.33333e-06
27220 2.77556e-17
27230 1.66667e-06
27240 3.33333e-06
27250 1.66667e-06
27260 1.66667e-06
27270 3.33333e-06
27280 1.66667e-06
27290 3.33333e-06
27300 1.66667e-06
27310 2.77556e-17
27320 2.77556e-17
27330 2.77556e-17
27340 2.77556e-17
27350 2.77556e-17
27360 1.66667e-06
27370 1.66667e-06
27380 2.77556e-17
27390 1.66667e-06
27400 3.33333e-06
27410 3.33333e-06
27420 3.33333e-06
27430 1.66667e-06
27440 3.33333e-06
27450 1.66667e-06
27460 1.66667e-06
27470 2.77556e-17
27480 1.66667e-06
27490 1.66667e-06
27500 1.66667e-06
27510 1.66667e-06
27520 1.66667e-06
27530 1.66667e-06
27540 1.66667e-06
27550 3.33333e-06
27560 1.66667e-06
27570 1.66667e-06
27580 1.66667e-06
27590 2.77556e-17
27600 1.66667e-06
27610 1.66667e-06
27620 1.66667e-06
27630 1.66667e-06
27640 2.77556e-17
27650 1.66667e-06
27660 3.33333e-06
27670 3.33333e-06
27680 3.33333e-06
27690 1.66667e-06
27700 3.33333e-06
27710 1.66667e-06
27720 3.33333e-06
27730 3.33333e-06
27740 3.33333e-06
27750 3.33333e-06
27760 1.66667e-06
27770 1.66667e-06
27780 1.66667e-06
27790 2.77556e-17
27800 2.77556e-17
27810 2.77556e-17
27820 1.66667e-06
27830 1.66667e-06
27840 3.33333e-06
27850 3.33333e-06
27860 3.33333e-06
27870 2.77556e-17
27880 3.33333e-06
27890 1.66667e-06
27900 3.33333e-06
27910 2.77556e-17
27920 3.33333e-06
27930 1.66667e-06
27940 1.66667e-06
27950 1.66667e-06
27960 1.66667e-06
27970 1.66667e-06
27980 1.66667e-06
27990 1.66667e-06
28000 3.33333e-06
28010 2.77556e-17
28020 1.66667e-06
28030 1.66667e-06
28040 2.77556e-17
28050 2.77556e-17
28060 2.77556e-17
28070 2.77556e-17
28080 2.77556e-17
28090 2.77556e-17
28100 1.66667e-06
28110 1.66667e-06
28120 1.66667e-06
28130 1.66667e-06
28140 1.66667e-06
28150 1.66667e-06
28160 3.33333e-06
28170 1.66667e-06
28180 1.66667e-06
28190 1.66667e-06
28200 3.33333e-06
28210 3.33333e-06
28220 2.77556e-17
28230 1.66667e-06
28240 1.66667e-06
28250 2.77556e-17
28260 2.77556e-17
28270 3.33333e-06
28280 1.66667e-06
28290 1.66667e-06
28300 1.66667e-06
28310 1.66667e-06
28320 1.66667e-06
28330 3.33333e-06
28340 3.33333e-06
28350 1.66667e-06
28360 2.77556e-17
28370 2.77556e-17
28380 1.66667e-06
28390 1.66667e-06
28400 1.66667e-06
28410 3.33333e-06
28420 1.66667e-06
28430 1.66667e-06
28440 3.33333e-06
28450 2.77556e-17
28460 3.33333e-06
28470 1.66667e-06
28480 2.77556e-17
28490 3.33333e-06
28500 1.66667e-06
28510 3.33333e-06
28520 1.66667e-06
28530 2.77556e-17
28540 1.66667e-06
28550 1.66667e-06
28560 3.33333e-06
28570 1.66667e-06
28580 1.66667e-06
28590 2.77556e-17
28600 1.66667e-06
28610 1.66667e-06
28620 1.66667e-06
28630 2.77556e-17
28640 1.66667e-06
28650 3.33333e-06
28660 1.66667e-06
28670 3.33333e-06
28680 2.77556e-17
28690 2.77556e-17
28700 3.33333e-06
28710 2.77556e-17
28720 1.66667e-06
28730 2.77556e-17
28740 1.66667e-06
28750 2.77556e-17
28760 3.33333e-06
28770 1.66667e-06
28780 3.33333e-06
28790 2.77556e-17
28800 2.77556e-17
28810 3.33333e-06
28820 3.33333e-06
28830 3.33333e-06
28840 3.33333e-06
28850 3.33333e-06
28860 1.66667e-06
28870 1.66667e-06
28880 3.33333e-06
28890 3.33333e-06
28900 2.77556e-17
28910 1.66667e-06
28920 1.66667e-06
28930 1.66667e-06
28940 1.66667e-06
28950 2.77556e-17
28960 3.33333e-06
28970 1.66667e-06
28980 1.66667e-06
28990 2.77556e-17
29000 3.33333e-06
29010 1.66667e-06
29020 2.77556e-17
29030 3.33333e-06
29040 2.77556e-17
29050 2.77556e-17
29060 3.33333e-06
29070 3.33333e-06
29080 1.66667e-06
29090 1.66667e-06
29100 2.77556e-17
29110 2.77556e-17
29120 1.66667e-06
29130 1.66667e-06
29140 3.33333e-06
29150 1.66667e-06
29160 3.33333e-06
29170 2.77556e-17
29180 1.66667e-06
29190 2.77556e-17
29200 3.33333e-06
29210 1.66667e-06
29220 3.33333e-06
29230 3.33333e-06
29240 1.66667e-06
29250 1.66667e-06
29260 3.33333e-06
29270 1.66667e-06
29280 1.66667e-06
29290 1.66667e-06
29300 3.33333e-06
29310 2.77556e-17
29320 1.66667e-06
29330 1.66667e-06
29340 2.77556e-17
29350 1.66667e-06
29360 1.66667e-06
29370 3.33333e-06
29380 2.77556e-17
29390 1.66667e-06
29400 3.33333e-06
29410 1.66667e-06
29420 3.33333e-06
29430 3.33333e-06
29440 3.33333e-06
29450 1.66667e-06
29460 3.33333e-06
29470 3.33333e-06
29480 3.33333e-06
29490 1.66667e-06
29500 1.66667e-06
29510 3.33333e-06
29520 1.66667e-06
29530 1.66667e-06
29540 1.66667e-06
29550 3.33333e-06
29560 1.66667e-06
29570 1.66667e-06
29580 1.66667e-06
29590 2.77556e-17
29600 1.66667e-06
29610 1.66667e-06
29620 1.66667e-06
29630 3.33333e-06
29640 1.66667e-06
29650 3.33333e-06
29660 3.33333e-06
29670 2.77556e-17
29680 1.66667e-06
29690 3.33333e-06
29700 1.66667e-06
29710 1.66667e-06
29720 1.66667e-06
29730 3.33333e-06
29740 1.66667e-06
29750 3.33333e-06
29760 3.33333e-06
29770 3.33333e-06
29780 1.66667e-06
29790 1.66667e-06
29800 1.66667e-06
29810 1.66667e-06
29820 2.77556e-17
29830 1.66667e-06
29840 1.66667e-06
29850 2.77556e-17
29860 2.77556e-17
29870 3.33333e-06
29880 1.66667e-06
29890 1.66667e-06
29900 1.66667e-06
29910 3.33333e-06
29920 1.66667e-06
29930 3.33333e-06
29940 1.66667e-06
29950 2.77556e-17
29960 1.66667e-06
29970 1.66667e-06
29980 1.66667e-06
29990 2.77556e-17
30000 1.66667e-06
30010 3.33333e-06
30020 1.66667e-06
30030 3.33333e-06
30040 1.66667e-06
30050 1.66667e-06
30060 1.66667e-06
30070 1.66667e-06
30080 3.33333e-06
30090 2.77556e-17
30100 2.77556e-17
30110 1.66667e-06
30120 1.66667e-06
30130 1.66667e-06
30140 1.66667e-06
30150 3.33333e-06
30160 2.77556e-17
30170 1.66667e-06
30180 1.66667e-06
30190 2.77556e-17
30200 1.66667e-06
30210 1.66667e-06
30220 2.77556e-17
30230 3.33333e-06
30240 2.77556e-17
30250 1.66667e-06
30260 1.66667e-06
30270 1.66667e-06
30280 3.33333e-06
30290 1.66667e-06
30300 1.66667e-06
30310 1.66667e-06
30320 1.66667e-06
30330 2.77556e-17
30340 1.66667e-06
30350 1.66667e-06
30360 1.66667e-06
30370 2.77556e-17
30380 1.66667e-06
30390 1.66667e-06
30400 2.77556e-17
30410 1.66667e-06
30420 1.66667e-06
30430 3.33333e-06
30440 1.66667e-06
30450 3.33333e-06
30460 1.66667e-06
30470 3.33333e-06
30480 1.66667e-06
30490 1.66667e-06
30500 1.66667e-06
30510 1.66667e-06
30520 3.33333e-06
30530 3.33333e-06
30540 3.33333e-06
30550 2.77556e-17
30560 1.66667e-06
30570 1.66667e-06
30580 1.66667e-06
30590 3.33333e-06
30600 1.66667e-06
30610 3.33333e-06
30620 2.77556e-17
30630 3.33333e-06
30640 3.33333e-06
30650 2.77556e-17
30660 2.77556e-17
30670 1.66667e-06
30680 3.33333e-06
30690 1.66667e-06
30700 1.66667e-06
30710 1.66667e-06
30720 1.66667e-06
30730 2.77556e-17
30740 3.33333e-06
30750 1.66667e-06
30760 3.33333e-06
30770 2.77556e-17
30780 2.77556e-17
30790 1.66667e-06
30800 3.33333e-06
30810 2.77556e-17
30820 3.33333e-06
30830 1.66667e-06
30840 2.77556e-17
30850 2.77556e-17
30860 2.77556e-17
30870 1.66667e-06
30880 1.66667e-06
30890 1.66667e-06
30900 1.66667e-06
30910 2.77556e-17
30920 2.77556e-17
30930 1.66667e-06
30940 2.77556e-17
30950 2.77556e-17
30960 3.33333e-06
30970 2.77556e-17
30980 1.66667e-06
30990 1.66667e-06
31000 2.77556e-17
31010 1.66667e-06
31020 3.33333e-06
31030 3.33333e-06
31040 2.77556e-17
31050 1.66667e-06
31060 1.66667e-06
31070 2.77556e-17
31080 3.33333e-06
31090 1.66667e-06
31100 3.33333e-06
31110 1.66667e-06
31120 2.77556e-17
31130 2.77556e-17
31140 3.33333e-06
31150 2.77556e-17
31160 2.77556e-17
31170 1.66667e-06
31180 2.77556e-17
31190 3.33333e-06
31200 2.77556e-17
31210 3.33333e-06
31220 3.33333e-06
31230 1.66667e-06
31240 1.66667e-06
31250 2.77556e-17
31260 1.66667e-06
31270 2.77556e-17
31280 2.77556e-17
31290 2.77556e-17
31300 1.66667e-06
31310 2.77556e-17
31320 1.66667e-06
31330 2.77556e-17
31340 3.33333e-06
31350 1.66667e-06
31360 1.66667e-06
31370 1.66667e-06
31380 1.66667e-06
31390 2.77556e-17
31400 2.77556e-17
31410 3.33333e-06
31420 1.66667e-06
31430 3.33333e-06
31440 1.66667e-06
31450 1.66667e-06
31460 2.77556e-17
31470 1.66667e-06
31480 1.66667e-06
31490 2.77556e-17
31500 3.33333e-06
31510 3.33333e-06
31520 2.77556e-17
31530 2.77556e-17
31540 2.77556e-17
31550 1.66667e-06
31560 1.66667e-06
31570 1.66667e-06
31580 1.66667e-06
31590 3.33333e-06
31600 1.66667e-06
31610 1.66667e-06
31620 2.77556e-17
31630 1.66667e-06
31640 1.66667e-06
31650 2.77556e-17
31660 2.77556e-17
31670 1.66667e-06
31680 2.77556e-17
31690 2.77556e-17
31700 1.66667e-06
31710 1.66667e-06
31720 3.33333e-06
31730 3.33333e-06
31740 3.33333e-06
31750 1.66667e-06
31760 1.66667e-06
31770 1.66667e-06
31780 1.66667e-06
31790 1.66667e-06
31800 1.66667e-06
31810 2.77556e-17
31820 2.77556e-17
31830 1.66667e-06
31840 3.33333e-06
31850 3.33333e-06
31860 1.66667e-06
31870 2.77556e-17
31880 1.66667e-06
31890 1.66667e-06
31900 2.77556e-17
31910 1.66667e-06
31920 3.33333e-06
31930 3.33333e-06
31940 2.77556e-17
31950 1.66667e-06
31960 1.66667e-06
31970 1.66667e-06
31980 1.66667e-06
31990 3.33333e-06
32000 3.33333e-06
32010 1.66667e-06
32020 3.33333e-06
32030 3.33333e-06
32040 1.66667e-06
32050 3.33333e-06
32060 1.66667e-06
32070 1.66667e-06
32080 1.66667e-06
32090 1.66667e-06
32100 1.66667e-06
32110 1.66667e-06
32120 3.33333e-06
32130 3.33333e-06
32140 1.66667e-06
32150 1.66667e-06
32160 2.77556e-17
32170 2.77556e-17
32180 1.66667e-06
32190 2.77556e-17
32200 1.66667e-06
32210 1.66667e-06
32220 1.66667e-06
32230 1.66667e-06
32240 2.77556e-17
32250 2.77556e-17
32260 1.66667e-06
32270 3.33333e-06
32280 1.66667e-06
32290 2.77556e-17
32300 1.66667e-06
32310 2.77556e-17
32320 3.33333e-06
32330 3.33333e-06
32340 1.66667e-06
32350 3.33333e-06
32360 3.33333e-06
32370 2.77556e-17
32380 3.33333e-06
32390 1.66667e-06
32400 1.66667e-06
32410 3.33333e-06
32420 1.66667e-06
32430 3.33333e-06
32440 2.77556e-17
32450 2.77556e-17
32460 3.33333e-06
32470 3.33333e-06
32480 3.33333e-06
32490 3.33333e-06
32500 3.33333e-06
32510 1.66667e-06
32520 2.77556e-17
32530 3.33333e-06
32540 3.33333e-06
32550 1.66667e-06
32560 1.66667e-06
32570 1.66667e-06
32580 3.33333e-06
32590 3.33333e-06
32600 1.66667e-06
32610 1.66667e-06
32620 2.77556e-17
32630 1.66667e-06
32640 1.66667e-06
32650 3.33333e-06
32660 2.77556e-17
32670 2.77556e-17
32680 3.33333e-06
32690 3.33333e-06
32700 3.33333e-06
32710 1.66667e-06
32720 3.33333e-06
32730 1.66667e-06
32740 1.66667e-06
32750 2.77556e-17
32760 1.66667e-06
32770 1.66667e-06
32780 1.66667e-06
32790 3.33333e-06
32800 1.66667e-06
32810 1.66667e-06
32820 2.77556e-17
32830 1.66667e-06
32840 2.77556e-17
32850 2.77556e-17
32860 1.66667e-06
32870 1.66667e-06
32880 3.33333e-06
32890 3.33333e-06
32900 2.77556e-17
32910 1.66667e-06
32920 3.33333e-06
32930 3.33333e-06
32940 1.66667e-06
32950 1.66667e-06
32960 3.33333e-06
32970 1.66667e-06
32980 1.66667e-06
32990 3.33333e-06
33000 3.33333e-06
33010 1.66667e-06
33020 1.66667e-06
33030 1.66667e-06
33040 2.77556e-17
33050 1.66667e-06
33060 1.66667e-06
33070 1.66667e-06
33080 2.77556e-17
33090 1.66667e-06
33100 1.66667e-06
33110 1.66667e-06
33120 3.33333e-06
33130 2.77556e-17
33140 1.66667e-06
33150 3.33333e-06
33160 1.66667e-06
33170 3.33333e-06
33180 2.77556e-17
33190 2.77556e-17
33200 1.66667e-06
33210 1.66667e-06
33220 3.33333e-06
33230 1.66667e-06
33240 1.66667e-06
33250 3.33333e-06
33260 1.66667e-06
33270 2.77556e-17
33280 2.77556e-17
33290 1.66667e-06
33300 3.33333e-06
33310 1.66667e-06
33320 1.66667e-06
33330 1.66667e-06
33340 2.77556e-17
33350 2.77556e-17
33360 2.77556e-17
33370 1.66667e-06
33380 3.33333e-06
33390 3.33333e-06
33400 2.77556e-17
33410 3.33333e-06
33420 2.77556e-17
33430 1.66667e-06
33440 1.66667e-06
33450 1.66667e-06
33460 1.66667e-06
33470 1.66667e-06
33480 1.66667e-06
33490 2.77556e-17
33500 1.66667e-06
33510 3.33333e-06
33520 1.66667e-06
33530 1.66667e-06
33540 1.66667e-06
33550 1.66667e-06
33560 2.77556e-17
33570 3.33333e-06
33580 3.33333e-06
33590 3.33333e-06
33600 1.66667e-06
33610 1.66667e-06
33620 2.77556e-17
33630 3.33333e-06
33640 2.77556e-17
33650 2.77556e-17
33660 2.77556e-17
33670 3.33333e-06
33680 1.66667e-06
33690 1.66667e-06
33700 1.66667e-06
33710 1.66667e-06
33720 1.66667e-06
33730 1.66667e-06
33740 3.33333e-06
33750 1.66667e-06
33760 1.66667e-06
33770 1.66667e-06
33780 1.66667e-06
33790 1.66667e-06
33800 3.33333e-06
33810 3.33333e-06
33820 2.77556e-17
33830 2.77556e-17
33840 1.66667e-06
33850 1.66667e-06
33860 2.77556e-17
33870 1.66667e-06
33880 1.66667e-06
33890 1.66667e-06
33900 1.66667e-06
33910 2.77556e-17
33920 3.33333e-06
33930 1.66667e-06
33940 1.66667e-06
33950 1.66667e-06
33960 1.66667e-06
33970 2.77556e-17
33980 2.77556e-17
33990 2.77556e-17
34000 2.77556e-17
34010 1.66667e-06
34020 2.77556e-17
34030 2.77556e-17
34040 1.66667e-06
34050 2.77556e-17
34060 1.66667e-06
34070 3.33333e-06
34080 1.66667e-06
34090 3.33333e-06
34100 1.66667e-06
34110 2.77556e-17
34120 1.66667e-06
34130 2.77556e-17
34140 1.66667e-06
34150 1.66667e-06
34160 3.33333e-06
34170 1.66667e-06
34180 3.33333e-06
34190 3.33333e-06
34200 3.33333e-06
34210 2.77556e-17
34220 1.66667e-06
34230 1.66667e-06
34240 1.66667e-06
34250 1.66667e-06
34260 3.33333e-06
34270 1.66667e-06
34280 3.33333e-06
34290 3.33333e-06
34300 1.66667e-06
34310 2.77556e-17
34320 2.77556e-17
34330 1.66667e-06
34340 3.33333e-06
34350 1.66667e-06
34360 1.66667e-06
34370 3.33333e-06
34380 3.33333e-06
34390 2.77556e-17
34400 1.66667e-06
34410 2.77556e-17
34420 2.77556e-17
34430 1.66667e-06
34440 2.77556e-17
34450 1.66667e-06
34460 1.66667e-06
34470 1.66667e-06
34480 1.66667e-06
34490 1.66667e-06
34500 2.77556e-17
34510 1.66667e-06
34520 1.66667e-06
34530 1.66667e-06
34540 1.66667e-06
34550 3.33333e-06
34560 2.77556e-17
34570 3.33333e-06
34580 2.77556e-17
34590 2.77556e-17
34600 1.66667e-06
34610 2.77556e-17
34620 2.77556e-17
34630 1.66667e-06
34640 1.66667e-06
34650 2.77556e-17
34660 3.33333e-06
34670 1.66667e-06
34680 1.66667e-06
34690 2.77556e-17
34700 1.66667e-06
34710 1.66667e-06
34720 3.33333e-06
34730 1.66667e-06
34740 2.77556e-17
34750 1.66667e-06
34760 3.33333e-06
34770 3.33333e-06
34780 1.66667e-06
34790 1.66667e-06
34800 1.66667e-06
34810 3.33333e-06
34820 1.66667e-06
34830 1.66667e-06
34840 1.66667e-06
34850 1.66667e-06
34860 2.77556e-17
34870 3.33333e-06
34880 3.33333e-06
34890 2.77556e-17
34900 1.66667e-06
34910 1.66667e-06
34920 1.66667e-06
34930 3.33333e-06
34940 1.66667e-06
34950 2.77556e-17
34960 2.77556e-17
34970 2.77556e-17
34980 2.77556e-17
34990 2.77556e-17
35000 3.33333e-06
35010 3.33333e-06
35020 1.66667e-06
35030 1.66667e-06
35040 3.33333e-06
35050 1.66667e-06
35060 1.66667e-06
35070 3.33333e-06
35080 1.66667e-06
35090 1.66667e-06
35100 1.66667e-06
35110 1.66667e-06
35120 1.66667e-06
35130 2.77556e-17
35140 3.33333e-06
35150 1.66667e-06
35160 1.66667e-06
35170 1.66667e-06
35180 1.66667e-06
35190 1.66667e-06
35200 1.66667e-06
35210 1.66667e-06
35220 3.33333e-06
35230 1.66667e-06
35240 3.33333e-06
35250 2.77556e-17
35260 1.66667e-06
35270 3.33333e-06
35280 3.33333e-06
35290 3.33333e-06
35300 3.33333e-06
35310 1.66667e-06
35320 3.33333e-06
35330 1.66667e-06
35340 1.66667e-06
35350 1.66667e-06
35360 1.66667e-06
35370 1.66667e-06
35380 1.66667e-06
35390 2.77556e-17
35400 1.66667e-06
35410 1.66667e-06
35420 1.66667e-06
35430 1.66667e-06
35440 3.33333e-06
35450 1.66667e-06
35460 3.33333e-06
35470 1.66667e-06
35480 1.66667e-06
35490 1.66667e-06
35500 1.66667e-06
35510 2.77556e-17
35520 2.77556e-17
35530 1.66667e-06
35540 2.77556e-17
35550 3.33333e-06
35560 1.66667e-06
35570 1.66667e-06
35580 1.66667e-06
35590 2.77556e-17
35600 1.66667e-06
35610 2.77556e-17
35620 1.66667e-06
35630 1.66667e-06
35640 1.66667e-06
35650 1.66667e-06
35660 3.33333e-06
35670 2.77556e-17
35680 2.77556e-17
35690 3.33333e-06
35700 2.77556e-17
35710 1.66667e-06
35720 2.77556e-17
35730 2.77556e-17
35740 1.66667e-06
35750 3.33333e-06
35760 3.33333e-06
35770 3.33333e-06
35780 1.66667e-06
35790 2.77556e-17
35800 1.66667e-06
35810 1.66667e-06
35820 3.33333e-06
35830 1.66667e-06
35840 2.77556e-17
35850 1.66667e-06
35860 2.77556e-17
35870 1.66667e-06
35880 1.66667e-06
35890 1.66667e-06
35900 1.66667e-06
35910 3.33333e-06
35920 1.66667e-06
35930 1.66667e-06
35940 3.33333e-06
35950 1.66667e-06
35960 1.66667e-06
35970 1.66667e-06
35980 1.66667e-06
35990 2.77556e-17
36000 3.33333e-06
36010 3.33333e-06
36020 2.77556e-17
36030 3.33333e-06
36040 2.77556e-17
36050 3.33333e-06
36060 2.77556e-17
36070 1.66667e-06
36080 1.66667e-06
36090 2.77556e-17
36100 1.66667e-06
36110 2.77556e-17
36120 1.66667e-06
36130 2.77556e-17
36140 1.66667e-06
36150 2.77556e-17
36160 1.66667e-06
36170 1.66667e-06
36180 1.66667e-06
36190 3.33333e-06
36200 1.66667e-06
36210 3.33333e-06
36220 2.77556e-17
36230 3.33333e-06
36240 2.77556e-17
36250 1.66667e-06
36260 1.66667e-06
36270 2.77556e-17
36280 2.77556e-17
36290 3.33333e-06
36300 1.66667e-06
36310 3.33333e-06
36320 1.66667e-06
36330 2.77556e-17
36340 1.66667e-06
36350 1.66667e-06
36360 3.33333e-06
36370 2.77556e-17
36380 3.33333e-06
36390 2.77556e-17
36400 3.33333e-06
36410 3.33333e-06
36420 1.66667e-06
36430 2.77556e-17
36440 1.66667e-06
36450 1.66667e-06
36460 2.77556e-17
36470 1.66667e-06
36480 1.66667e-06
36490 1.66667e-06
36500 3.33333e-06
36510 3.33333e-06
36520 1.66667e-06
36530 3.33333e-06
36540 3.33333e-06
36550 2.77556e-17
36560 1.66667e-06
36570 2.77556e-17
36580 1.66667e-06
36590 1.66667e-06
36600 3.33333e-06
36610 1.66667e-06
36620 3.33333e-06
36630 1.66667e-06
36640 1.66667e-06
36650 1.66667e-06
36660 2.77556e-17
36670 1.66667e-06
36680 3.33333e-06
36690 3.33333e-06
36700 2.77556e-17
36710 2.77556e-17
36720 1.66667e-06
36730 1.66667e-06
36740 2.77556e-17
36750 2.77556e-17
36760 1.66667e-06
36770 1.66667e-06
36780 1.66667e-06
36790 2.77556e-17
36800 1.66667e-06
36810 3.33333e-06
36820 3.33333e-06
36830 1.66667e-06
36840 3.33333e-06
36850 1.66667e-06
36860 2.77556e-17
36870 1.66667e-06
36880 3.33333e-06
36890 1.66667e-06
36900 3.33333e-06
36910 1.66667e-06
36920 1.66667e-06
36930 3.33333e-06
36940 1.66667e-06
36950 3.33333e-06
36960 2.77556e-17
36970 1.66667e-06
36980 3.33333e-06
36990 3.33333e-06
37000 1.66667e-06
37010 2.77556e-17
37020 1.66667e-06
37030 1.66667e-06
37040 1.66667e-06
37050 1.66667e-06
37060 2.77556e-17
37070 1.66667e-06
37080 2.77556e-17
37090 2.77556e-17
37100 1.66667e-06
37110 3.33333e-06
37120 2.77556e-17
37130 2.77556e-17
37140 1.66667e-06
37150 1.66667e-06
37160 2.77556e-17
37170 1.66667e-06
37180 2.77556e-17
37190 3.33333e-06
37200 1.66667e-06
37210 3.33333e-06
37220 1.66667e-06
37230 1.66667e-06
37240 2.77556e-17
37250 1.66667e-06
37260 2.77556e-17
37270 1.66667e-06
37280 1.66667e-06
37290 1.66667e-06
37300 1.66667e-06
37310 1.66667e-06
37320 3.33333e-06
37330 3.33333e-06
37340 3.33333e-06
37350 1.66667e-06
37360 3.33333e-06
37370 1.66667e-06
37380 1.66667e-06
37390 3.33333e-06
37400 3.33333e-06
37410 1.66667e-06
37420 2.77556e-17
37430 3.33333e-06
37440 1.66667e-06
37450 2.77556e-17
37460 2.77556e-17
37470 3.33333e-06
37480 3.33333e-06
37490 3.33333e-06
37500 1.66667e-06
37510 3.33333e-06
37520 1.66667e-06
37530 1.66667e-06
37540 1.66667e-06
37550 1.66667e-06
37560 3.33333e-06
37570 2.77556e-17
37580 1.66667e-06
37590 2.77556e-17
37600 1.66667e-06
37610 1.66667e-06
37620 3.33333e-06
37630 2.77556e-17
37640 3.33333e-06
37650 3.33333e-06
37660 1.66667e-06
37670 1.66667e-06
37680 3.33333e-06
37690 1.66667e-06
37700 1.66667e-06
37710 1.66667e-06
37720 2.77556e-17
37730 1.66667e-06
37740 2.77556e-17
37750 1.66667e-06
37760 3.33333e-06
37770 3.33333e-06
37780 1.66667e-06
37790 1.66667e-06
37800 1.66667e-06
37810 2.77556e-17
37820 1.66667e-06
37830 2.77556e-17
37840 3.33333e-06
37850 1.66667e-06
37860 2.77556e-17
37870 1.66667e-06
37880 1.66667e-06
37890 2.77556e-17
37900 1.66667e-06
37910 1.66667e-06
37920 1.66667e-06
37930 1.66667e-06
37940 3.33333e-06
37950 2.77556e-17
37960 1.66667e-06
37970 2.77556e-17
37980 2.77556e-17
37990 1.66667e-06
38000 1.66667e-06
38010 1.66667e-06
38020 1.66667e-06
38030 1.66667e-06
38040 2.77556e-17
38050 1.66667e-06
38060 2.77556e-17
38070 3.33333e-06
38080 1.66667e-06
38090 1.66667e-06
38100 3.33333e-06
38110 3.33333e-06
38120 1.66667e-06
38130 3.33333e-06
38140 1.66667e-06
38150 1.66667e-06
38160 1.66667e-06
38170 1.66667e-06
38180 3.33333e-06
38190 3.33333e-06
38200 1.66667e-06
38210 3.33333e-06
38220 1.66667e-06
38230 3.33333e-06
38240 1.66667e-06
38250 3.33333e-06
38260 1.66667e-06
38270 3.33333e-06
38280 3.33333e-06
38290 1.66667e-06
38300 2.77556e-17
38310 1.66667e-06
38320 3.33333e-06
38330 1.66667e-06
38340 1.66667e-06
38350 1.66667e-06
38360 2.77556e-17
38370 1.66667e-06
38380 3.33333e-06
38390 1.66667e-06
38400 2.77556e-17
38410 3.33333e-06
38420 3.33333e-06
38430 2.77556e-17
38440 3.33333e-06
38450 3.33333e-06
38460 1.66667e-06
38470 2.77556e-17
38480 2.77556e-17
38490 2.77556e-17
38500 3.33333e-06
38510 2.77556e-17
38520 3.33333e-06
38530 1.66667e-06
38540 2.77556e-17
38550 1.66667e-06
38560 2.77556e-17
38570 1.66667e-06
38580 1.66667e-06
38590 2.77556e-17
38600 2.77556e-17
38610 2.77556e-17
38620 1.66667e-06
38630 3.33333e-06
38640 1.66667e-06
38650 3.33333e-06
38660 1.66667e-06
38670 1.66667e-06
38680 2.77556e-17
38690 1.66667e-06
38700 1.66667e-06
38710 1.66667e-06
38720 1.66667e-06
38730 1.66667e-06
38740 3.33333e-06
38750 2.77556e-17
38760 3.33333e-06
38770 1.66667e-06
38780 3.33333e-06
38790 2.77556e-17
38800 3.33333e-06
38810 2.77556e-17
38820 1.66667e-06
38830 3.33333e-06
38840 2.77556e-17
38850 1.66667e-06
38860 1.66667e-06
38870 2.77556e-17
38880 2.77556e-17
38890 3.33333e-06
38900 1.66667e-06
38910 3.33333e-06
38920 1.66667e-06
38930 1.66667e-06
38940 2.77556e-17
38950 3.33333e-06
38960 2.77556e-17
38970 1.66667e-06
38980 1.66667e-06
38990 1.66667e-06
39000 1.66667e-06
39010 1.66667e-06
39020 1.66667e-06
39030 1.66667e-06
39040 1.66667e-06
39050 3.33333e-06
39060 2.77556e-17
39070 3.33333e-06
39080 1.66667e-06
39090 1.66667e-06
39100 2.77556e-17
39110 3.33333e-06
39120 3.33333e-06
39130 1.66667e-06
39140 2.77556e-17
39150 1.66667e-06
39160 3.33333e-06
39170 1.66667e-06
39180 1.66667e-06
39190 1.66667e-06
39200 1.66667e-06
39210 3.33333e-06
39220 1.66667e-06
39230 1.66667e-06
39240 3.33333e-06
39250 2.77556e-17
39260 1.66667e-06
39270 3.33333e-06
39280 3.33333e-06
39290 1.66667e-06
39300 1.66667e-06
39310 1.66667e-06
39320 1.66667e-06
39330 3.33333e-06
39340 1.66667e-06
39350 2.77556e-17
39360 1.66667e-06
39370 1.66667e-06
39380 3.33333e-06
39390 1.66667e-06
39400 1.66667e-06
39410 1.66667e-06
39420 3.33333e-06
39430 2.77556e-17
39440 2.77556e-17
39450 1.66667e-06
39460 2.77556e-17
39470 1.66667e-06
39480 2.77556e-17
39490 1.66667e-06
39500 1.66667e-06
39510 3.33333e-06
39520 3.33333e-06
39530 1.66667e-06
39540 1.66667e-06
39550 1.66667e-06
39560 2.77556e-17
39570 1.66667e-06
39580 3.33333e-06
39590 1.66667e-06
39600 1.66667e-06
39610 1.66667e-06
39620 3.33333e-06
39630 1.66667e-06
39640 1.66667e-06
39650 1.66667e-06
39660 3.33333e-06
39670 1.66667e-06
39680 1.66667e-06
39690 1.66667e-06
39700 1.66667e-06
39710 2.77556e-17
39720 1.66667e-06
39730 2.77556e-17
39740 2.77556e-17
39750 1.66667e-06
39760 3.33333e-06
39770 1.66667e-06
39780 1.66667e-06
39790 1.66667e-06
39800 1.66667e-06
39810 1.66667e-06
39820 2.77556e-17
39830 2.77556e-17
39840 2.77556e-17
39850 2.77556e-17
39860 3.33333e-06
39870 3.33333e-06
39880 3.33333e-06
39890 3.33333e-06
39900 3.33333e-06
39910 1.66667e-06
39920 2.77556e-17
39930 2.77556e-17
39940 2.77556e-17
39950 1.66667e-06
39960 3.33333e-06
39970 3.33333e-06
39980 1.66667e-06
39990 1.66667e-06
40000 3.33333e-06
40010 2.77556e-17
40020 2.77556e-17
40030 2.77556e-17
40040 3.33333e-06
40050 3.33333e-06
40060 1.66667e-06
40070 1.66667e-06
40080 1.66667e-06
40090 2.77556e-17
40100 1.66667e-06
40110 3.33333e-06
40120 1.66667e-06
40130 3.33333e-06
40140 1.66667e-06
40150 1.66667e-06
40160 3.33333e-06
40170 1.66667e-06
40180 1.66667e-06
40190 2.77556e-17
40200 1.66667e-06
40210 2.77556e-17
40220 1.66667e-06
40230 2.77556e-17
40240 1.66667e-06
40250 1.66667e-06
40260 1.66667e-06
40270 3.33333e-06
40280 2.77556e-17
40290 2.77556e-17
40300 1.66667e-06
40310 3.33333e-06
40320 1.66667e-06
40330 1.66667e-06
40340 1.66667e-06
40350 1.66667e-06
40360 1.66667e-06
40370 1.66667e-06
40380 1.66667e-06
40390 3.33333e-06
40400 3.33333e-06
40410 3.33333e-06
40420 3.33333e-06
40430 1.66667e-06
40440 1.66667e-06
40450 3.33333e-06
40460 1.66667e-06
40470 1.66667e-06
40480 1.66667e-06
40490 1.66667e-06
40500 1.66667e-06
40510 1.66667e-06
40520 1.66667e-06
40530 1.66667e-06
40540 3.33333e-06
40550 2.77556e-17
40560 3.33333e-06
40570 2.77556e-17
40580 3.33333e-06
40590 1.66667e-06
40600 2.77556e-17
40610 2.77556e-17
40620 1.66667e-06
40630 1.66667e-06
40640 1.66667e-06
40650 1.66667e-06
40660 1.66667e-06
40670 2.77556e-17
40680 1.66667e-06
40690 1.66667e-06
40700 1.66667e-06
40710 1.66667e-06
40720 1.66667e-06
40730 3.33333e-06
40740 3.33333e-06
40750 1.66667e-06
40760 3.33333e-06
40770 2.77556e-17
40780 3.33333e-06
40790 3.33333e-06
40800 2.77556e-17
40810 3.33333e-06
40820 2.77556e-17
40830 2.77556e-17
40840 1.66667e-06
40850 2.77556e-17
40860 1.66667e-06
40870 1.66667e-06
40880 3.33333e-06
40890 1.66667e-06
40900 2.77556e-17
40910 2.77556e-17
40920 1.66667e-06
40930 3.33333e-06
40940 3.33333e-06
40950 1.66667e-06
40960 1.66667e-06
40970 1.66667e-06
40980 1.66667e-06
40990 1.66667e-06
41000 1.66667e-06
41010 2.77556e-17
41020 1.66667e-06
41030 1.66667e-06
41040 1.66667e-06
41050 1.66667e-06
41060 3.33333e-06
41070 1.66667e-06
41080 1.66667e-06
41090 3.33333e-06
41100 2.77556e-17
41110 2.77556e-17
41120 1.66667e-06
41130 2.77556e-17
41140 3.33333e-06
41150 2.77556e-17
41160 1.66667e-06
41170 3.33333e-06
41180 2.77556e-17
41190 1.66667e-06
41200 3.33333e-06
41210 1.66667e-06
41220 1.66667e-06
41230 1.66667e-06
41240 2.77556e-17
41250 3.33333e-06
41260 1.66667e-06
41270 1.66667e-06
41280 2.77556e-17
41290 1.66667e-06
41300 1.66667e-06
41310 1.66667e-06
41320 1.66667e-06
41330 1.66667e-06
41340 2.77556e-17
41350 1.66667e-06
41360 1.66667e-06
41370 1.66667e-06
41380 2.77556e-17
41390 3.33333e-06
41400 3.33333e-06
41410 1.66667e-06
41420 1.66667e-06
41430 1.66667e-06
41440 1.66667e-06
41450 1.66667e-06
41460 2.77556e-17
41470 2.77556e-17
41480 2.77556e-17
41490 1.66667e-06
41500 3.33333e-06
41510 2.77556e-17
41520 3.33333e-06
41530 1.66667e-06
41540 1.66667e-06
41550 1.66667e-06
41560 1.66667e-06
41570 3.33333e-06
41580 2.77556e-17
41590 1.66667e-06
41600 1.66667e-06
41610 2.77556e-17
41620 2.77556e-17
41630 3.33333e-06
41640 1.66667e-06
41650 1.66667e-06
41660 1.66667e-06
41670 1.66667e-06
41680 3.33333e-06
41690 1.66667e-06
41700 3.33333e-06
41710 3.33333e-06
41720 3.33333e-06
41730 3.33333e-06
41740 1.66667e-06
41750 2.77556e-17
41760 1.66667e-06
41770 1.66667e-06
41780 1.66667e-06
41790 1.66667e-06
41800 2.77556e-17
41810 2.77556e-17
41820 1.66667e-06
41830 1.66667e-06
41840 3.33333e-06
41850 2.77556e-17
41860 3.33333e-06
41870 1.66667e-06
41880 3.33333e-06
41890 1.66667e-06
41900 1.66667e-06
41910 1.66667e-06
41920 1.66667e-06
41930 3.33333e-06
41940 1.66667e-06
41950 1.66667e-06
41960 1.66667e-06
41970 1.66667e-06
41980 1.66667e-06
41990 1.66667e-06
42000 3.33333e-06
42010 1.66667e-06
42020 1.66667e-06
42030 1.66667e-06
42040 2.77556e-17
42050 2.77556e-17
42060 1.66667e-06
42070 1.66667e-06
42080 3.33333e-06
42090 3.33333e-06
42100 2.77556e-17
42110 3.33333e-06
42120 3.33333e-06
42130 3.33333e-06
42140 1.66667e-06
42150 1.66667e-06
42160 1.66667e-06
42170 1.66667e-06
42180 1.66667e-06
42190 1.66667e-06
42200 3.33333e-06
42210 3.33333e-06
42220 2.77556e-17
42230 1.66667e-06
42240 2.77556e-17
42250 2.77556e-17
42260 2.77556e-17
42270 1.66667e-06
42280 1.66667e-06
42290 3.33333e-06
42300 1.66667e-06
42310 2.77556e-17
42320 3.33333e-06
42330 1.66667e-06
42340 2.77556e-17
42350 2.77556e-17
42360 3.33333e-06
42370 1.66667e-06
42380 2.77556e-17
42390 1.66667e-06
42400 1.66667e-06
42410 1.66667e-06
42420 2.77556e-17
42430 1.66667e-06
42440 2.77556e-17
42450 2.77556e-17
42460 2.77556e-17
42470 2.77556e-17
42480 3.33333e-06
42490 1.66667e-06
42500 1.66667e-06
42510 1.66667e-06
42520 1.66667e-06
42530 1.66667e-06
42540 1.66667e-06
42550 1.66667e-06
42560 2.77556e-17
42570 1.66667e-06
42580 2.77556e-17
42590 3.33333e-06
42600 3.33333e-06
42610 1.66667e-06
42620 1.66667e-06
42630 3.33333e-06
42640 1.66667e-06
42650 1.66667e-06
42660 2.77556e-17
42670 1.66667e-06
42680 3.33333e-06
42690 1.66667e-06
42700 1.66667e-06
42710 1.66667e-06
42720 1.66667e-06
42730 1.66667e-06
42740 3.33333e-06
42750 1.66667e-06
42760 3.33333e-06
42770 1.66667e-06
42780 2.77556e-17
42790 2.77556e-17
42800 1.66667e-06
42810 2.77556e-17
42820 1.66667e-06
42830 1.66667e-06
42840 3.33333e-06
42850 1.66667e-06
42860 1.66667e-06
42870 1.66667e-06
42880 3.33333e-06
42890 2.77556e-17
42900 1.66667e-06
42910 1.66667e-06
42920 1.66667e-06
42930 1.66667e-06
42940 1.66667e-06
42950 1.66667e-06
42960 1.66667e-06
42970 2.77556e-17
42980 1.66667e-06
42990 2.77556e-17
43000 2.77556e-17
43010 2.77556e-17
43020 2.77556e-17
43030 3.33333e-06
43040 3.33333e-06
43050 1.66667e-06
43060 3.33333e-06
43070 1.66667e-06
43080 2.77556e-17
43090 1.66667e-06
43100 1.66667e-06
43110 2.77556e-17
43120 1.66667e-06
43130 3.33333e-06
43140 1.66667e-06
43150 2.77556e-17
43160 1.66667e-06
43170 1.66667e-06
43180 3.33333e-06
43190 3.33333e-06
43200 1.66667e-06
43210 1.66667e-06
43220 1.66667e-06
43230 1.66667e-06
43240 3.33333e-06
43250 3.33333e-06
43260 2.77556e-17
43270 1.66667e-06
43280 1.66667e-06
43290 1.66667e-06
43300 1.66667e-06
43310 3.33333e-06
43320 3.33333e-06
43330 3.33333e-06
43340 1.66667e-06
43350 1.66667e-06
43360 2.77556e-17
43370 2.77556e-17
43380 3.33333e-06
43390 3.33333e-06
43400 2.77556e-17
43410 2.77556e-17
43420 1.66667e-06
43430 1.66667e-06
43440 1.66667e-06
43450 1.66667e-06
43460 2.77556e-17
43470 1.66667e-06
43480 1.66667e-06
43490 3.33333e-06
43500 1.66667e-06
43510 2.77556e-17
43520 1.66667e-06
43530 1.66667e-06
43540 1.66667e-06
43550 3.33333e-06
43560 1.66667e-06
43570 1.66667e-06
43580 1.66667e-06
43590 2.77556e-17
43600 1.66667e-06
43610 1.66667e-06
43620 2.77556e-17
43630 1.66667e-06
43640 3.33333e-06
43650 1.66667e-06
43660 1.66667e-06
43670 1.66667e-06
43680 1.66667e-06
43690 3.33333e-06
43700 1.66667e-06
43710 3.33333e-06
43720 1.66667e-06
43730 1.66667e-06
43740 2.77556e-17
43750 1.66667e-06
43760 2.77556e-17
43770 2.77556e-17
43780 3.33333e-06
43790 3.33333e-06
43800 3.33333e-06
43810 3.33333e-06
43820 1.66667e-06
43830 2.77556e-17
43840 2.77556e-17
43850 2.77556e-17
43860 1.66667e-06
43870 2.77556e-17
43880 3.33333e-06
43890 1.66667e-06
43900 2.77556e-17
43910 1.66667e-06
43920 3.33333e-06
43930 2.77556e-17
43940 3.33333e-06
43950 1.66667e-06
43960 2.77556e-17
43970 3.33333e-06
43980 3.33333e-06
43990 2.77556e-17
44000 1.66667e-06
44010 2.77556e-17
44020 1.66667e-06
44030 1.66667e-06
44040 1.66667e-06
44050 3.33333e-06
44060 1.66667e-06
44070 1.66667e-06
44080 1.66667e-06
44090 1.66667e-06
44100 1.66667e-06
44110 2.77556e-17
44120 2.77556e-17
44130 2.77556e-17
44140 3.33333e-06
44150 1.66667e-06
44160 3.33333e-06
44170 1.66667e-06
44180 3.33333e-06
44190 1.66667e-06
44200 2.77556e-17
44210 3.33333e-06
44220 1.66667e-06
44230 1.66667e-06
44240 2.77556e-17
44250 3.33333e-06
44260 2.77556e-17
44270 2.77556e-17
44280 3.33333e-06
44290 3.33333e-06
44300 3.33333e-06
44310 1.66667e-06
44320 3.33333e-06
44330 3.33333e-06
44340 1.66667e-06
44350 3.33333e-06
44360 3.33333e-06
44370 3.33333e-06
44380 2.77556e-17
44390 1.66667e-06
44400 3.33333e-06
44410 1.66667e-06
44420 1.66667e-06
44430 1.66667e-06
44440 1.66667e-06
44450 2.77556e-17
44460 1.66667e-06
44470 1.66667e-06
44480 1.66667e-06
44490 1.66667e-06
44500 3.33333e-06
44510 1.66667e-06
44520 1.66667e-06
44530 1.66667e-06
44540 2.77556e-17
44550 2.77556e-17
44560 1.66667e-06
44570 3.33333e-06
44580 1.66667e-06
44590 1.66667e-06
44600 1.66667e-06
44610 2.77556e-17
44620 2.77556e-17
44630 2.77556e-17
44640 2.77556e-17
44650 1.66667e-06
44660 3.33333e-06
44670 1.66667e-06
44680 1.66667e-06
44690 1.66667e-06
44700 3.33333e-06
44710 2.77556e-17
44720 1.66667e-06
44730 3.33333e-06
44740 3.33333e-06
44750 3.33333e-06
44760 1.66667e-06
44770 1.66667e-06
44780 1.66667e-06
44790 1.66667e-06
44800 3.33333e-06
44810 3.33333e-06
44820 1.66667e-06
44830 1.66667e-06
44840 3.33333e-06
44850 1.66667e-06
44860 1.66667e-06
44870 1.66667e-06
44880 1.66667e-06
44890 1.66667e-06
44900 2.77556e-17
44910 1.66667e-06
44920 1.66667e-06
44930 1.66667e-06
44940 1.66667e-06
44950 3.33333e-06
44960 3.33333e-06
44970 3.33333e-06
44980 1.66667e-06
44990 3.33333e-06
45000 1.66667e-06
45010 1.66667e-06
45020 1.66667e-06
45030 1.66667e-06
45040 3.33333e-06
45050 1.66667e-06
45060 1.66667e-06
45070 3.33333e-06
45080 3.33333e-06
45090 1.66667e-06
45100 1.66667e-06
45110 1.66667e-06
45120 3.33333e-06
45130 1.66667e-06
45140 3.33333e-06
45150 3.33333e-06
45160 2.77556e-17
45170 1.66667e-06
45180 1.66667e-06
45190 3.33333e-06
45200 3.33333e-06
45210 1.66667e-06
45220 3.33333e-06
45230 2.77556e-17
45240 3.33333e-06
45250 3.33333e-06
45260 1.66667e-06
45270 1.66667e-06
45280 1.66667e-06
45290 3.33333e-06
45300 1.66667e-06
45310 1.66667e-06
45320 2.77556e-17
45330 2.77556e-17
45340 1.66667e-06
45350 1.66667e-06
45360 1.66667e-06
45370 3.33333e-06
45380 1.66667e-06
45390 2.77556e-17
45400 1.66667e-06
45410 1.66667e-06
45420 1.66667e-06
45430 3.33333e-06
45440 2.77556e-17
45450 1.66667e-06
45460 3.33333e-06
45470 1.66667e-06
45480 1.66667e-06
45490 2.77556e-17
45500 1.66667e-06
45510 1.66667e-06
45520 2.77556e-17
45530 2.77556e-17
45540 1.66667e-06
45550 1.66667e-06
45560 1.66667e-06
45570 1.66667e-06
45580 2.77556e-17
45590 3.33333e-06
45600 3.33333e-06
45610 3.33333e-06
45620 1.66667e-06
45630 1.66667e-06
45640 1.66667e-06
45650 1.66667e-06
45660 2.77556e-17
45670 1.66667e-06
45680 3.33333e-06
45690 2.77556e-17
45700 3.33333e-06
45710 3.33333e-06
45720 3.33333e-06
45730 1.66667e-06
45740 1.66667e-06
45750 2.77556e-17
45760 2.77556e-17
45770 2.77556e-17
45780 1.66667e-06
45790 3.33333e-06
45800 1.66667e-06
45810 3.33333e-06
45820 2.77556e-17
45830 1.66667e-06
45840 2.77556e-17
45850 2.77556e-17
45860 3.33333e-06
45870 1.66667e-06
45880 2.77556e-17
45890 2.77556e-17
45900 1.66667e-06
45910 3.33333e-06
45920 1.66667e-06
45930 1.66667e-06
45940 1.66667e-06
45950 3.33333e-06
45960 3.33333e-06
45970 3.33333e-06
45980 1.66667e-06
45990 1.66667e-06
46000 1.66667e-06
46010 1.66667e-06
46020 1.66667e-06
46030 1.66667e-06
46040 2.77556e-17
46050 2.77556e-17
46060 2.77556e-17
46070 1.66667e-06
46080 1.66667e-06
46090 2.77556e-17
46100 1.66667e-06
46110 1.66667e-06
46120 1.66667e-06
46130 1.66667e-06
46140 2.77556e-17
46150 3.33333e-06
46160 2.77556e-17
46170 2.77556e-17
46180 3.33333e-06
46190 1.66667e-06
46200 1.66667e-06
46210 1.66667e-06
46220 3.33333e-06
46230 1.66667e-06
46240 1.66667e-06
46250 2.77556e-17
46260 3.33333e-06
46270 1.66667e-06
46280 1.66667e-06
46290 2.77556e-17
46300 1.66667e-06
46310 3.33333e-06
46320 1.66667e-06
46330 1.66667e-06
46340 1.66667e-06
46350 2.77556e-17
46360 3.33333e-06
46370 1.66667e-06
46380 2.77556e-17
46390 2.77556e-17
46400 2.77556e-17
46410 3.33333e-06
46420 3.33333e-06
46430 2.77556e-17
46440 3.33333e-06
46450 2.77556e-17
46460 3.33333e-06
46470 1.66667e-06
46480 1.66667e-06
46490 3.33333e-06
46500 1.66667e-06
46510 1.66667e-06
46520 3.33333e-06
46530 1.66667e-06
46540 3.33333e-06
46550 2.77556e-17
46560 2.77556e-17
46570 1.66667e-06
46580 1.66667e-06
46590 2.77556e-17
46600 3.33333e-06
46610 1.66667e-06
46620 1.66667e-06
46630 3.33333e-06
46640 1.66667e-06
46650 3.33333e-06
46660 1.66667e-06
46670 2.77556e-17
46680 2.77556e-17
46690 2.77556e-17
46700 2.77556e-17
46710 1.66667e-06
46720 1.66667e-06
46730 1.66667e-06
46740 2.77556e-17
46750 2.77556e-17
46760 1.66667e-06
46770 1.66667e-06
46780 2.77556e-17
46790 1.66667e-06
46800 3.33333e-06
46810 1.66667e-06
46820 1.66667e-06
46830 3.33333e-06
46840 3.33333e-06
46850 1.66667e-06
46860 1.66667e-06
46870 1.66667e-06
46880 3.33333e-06
46890 3.33333e-06
46900 1.66667e-06
46910 1.66667e-06
46920 2.77556e-17
46930 3.33333e-06
46940 3.33333e-06
46950 1.66667e-06
46960 3.33333e-06
46970 3.33333e-06
46980 3.33333e-06
46990 3.33333e-06
47000 3.33333e-06
47010 1.66667e-06
47020 1.66667e-06
47030 2.77556e-17
47040 1.66667e-06
47050 2.77556e-17
47060 2.77556e-17
47070 1.66667e-06
47080 1.66667e-06
47090 3.33333e-06
47100 3.33333e-06
47110 1.66667e-06
47120 3.33333e-06
47130 1.66667e-06
47140 1.66667e-06
47150 3.33333e-06
47160 1.66667e-06
47170 2.77556e-17
47180 1.66667e-06
47190 2.77556e-17
47200 3.33333e-06
47210 1.66667e-06
47220 3.33333e-06
47230 2.77556e-17
47240 3.33333e-06
47250 2.77556e-17
47260 2.77556e-17
47270 3.33333e-06
47280 2.77556e-17
47290 3.33333e-06
47300 1.66667e-06
47310 2.77556e-17
47320 1.66667e-06
47330 2.77556e-17
47340 1.66667e-06
47350 3.33333e-06
47360 1.66667e-06
47370 1.66667e-06
47380 2.77556e-17
47390 3.33333e-06
47400 1.66667e-06
47410 3.33333e-06
47420 1.66667e-06
47430 1.66667e-06
47440 2.77556e-17
47450 1.66667e-06
47460 3.33333e-06
47470 3.33333e-06
47480 1.66667e-06
47490 1.66667e-06
47500 1.66667e-06
47510 1.66667e-06
47520 1.66667e-06
47530 3.33333e-06
47540 3.33333e-06
47550 1.66667e-06
47560 2.77556e-17
47570 3.33333e-06
47580 3.33333e-06
47590 1.66667e-06
47600 2.77556e-17
47610 2.77556e-17
47620 3.33333e-06
47630 3.33333e-06
47640 1.66667e-06
47650 3.33333e-06
47660 3.33333e-06
47670 1.66667e-06
47680 1.66667e-06
47690 2.77556e-17
47700 1.66667e-06
47710 3.33333e-06
47720 1.66667e-06
47730 2.77556e-17
47740 1.66667e-06
47750 3.33333e-06
47760 3.33333e-06
47770 1.66667e-06
47780 1.66667e-06
47790 3.33333e-06
47800 3.33333e-06
47810 3.33333e-06
47820 3.33333e-06
47830 1.66667e-06
47840 2.77556e-17
47850 2.77556e-17
47860 1.66667e-06
47870 1.66667e-06
47880 2.77556e-17
47890 1.66667e-06
47900 1.66667e-06
47910 2.77556e-17
47920 3.33333e-06
47930 1.66667e-06
47940 1.66667e-06
47950 3.33333e-06
47960 1.66667e-06
47970 1.66667e-06
47980 2.77556e-17
47990 2.77556e-17
48000 1.66667e-06
48010 1.66667e-06
48020 1.66667e-06
48030 1.66667e-06
48040 3.33333e-06
48050 3.33333e-06
48060 3.33333e-06
48070 3.33333e-06
48080 2.77556e-17
48090 3.33333e-06
48100 1.66667e-06
48110 3.33333e-06
48120 1.66667e-06
48130 3.33333e-06
48140 2.77556e-17
48150 2.77556e-17
48160 1.66667e-06
48170 1.66667e-06
48180 3.33333e-06
48190 3.33333e-06
48200 3.33333e-06
48210 3.33333e-06
48220 1.66667e-06
48230 1.66667e-06
48240 1.66667e-06
48250 3.33333e-06
48260 1.66667e-06
48270 1.66667e-06
48280 1.66667e-06
48290 3.33333e-06
48300 2.77556e-17
48310 1.66667e-06
48320 2.77556e-17
48330 1.66667e-06
48340 3.33333e-06
48350 3.33333e-06
48360 1.66667e-06
48370 1.66667e-06
48380 1.66667e-06
48390 2.77556e-17
48400 1.66667e-06
48410 1.66667e-06
48420 3.33333e-06
48430 1.66667e-06
48440 1.66667e-06
48450 2.77556e-17
48460 2.77556e-17
48470 2.77556e-17
48480 2.77556e-17
48490 2.77556e-17
48500 1.66667e-06
48510 3.33333e-06
48520 3.33333e-06
48530 2.77556e-17
48540 2.77556e-17
48550 2.77556e-17
48560 2.77556e-17
48570 1.66667e-06
48580 2.77556e-17
48590 2.77556e-17
48600 3.33333e-06
48610 2.77556e-17
48620 2.77556e-17
48630 1.66667e-06
48640 3.33333e-06
48650 1.66667e-06
48660 2.77556e-17
48670 1.66667e-06
48680 3.33333e-06
48690 1.66667e-06
48700 1.66667e-06
48710 2.77556e-17
48720 3.33333e-06
48730 3.33333e-06
48740 3.33333e-06
48750 3.33333e-06
48760 1.66667e-06
48770 2.77556e-17
48780 3.33333e-06
48790 1.66667e-06
48800 1.66667e-06
48810 2.77556e-17
48820 1.66667e-06
48830 1.66667e-06
48840 3.33333e-06
48850 3.33333e-06
48860 1.66667e-06
48870 1.66667e-06
48880 3.33333e-06
48890 2.77556e-17
48900 1.66667e-06
48910 1.66667e-06
48920 1.66667e-06
48930 3.33333e-06
48940 3.33333e-06
48950 2.77556e-17
48960 2.77556e-17
48970 1.66667e-06
48980 1.66667e-06
48990 2.77556e-17
49000 3.33333e-06
49010 3.33333e-06
49020 2.77556e-17
49030 1.66667e-06
49040 1.66667e-06
49050 1.66667e-06
49060 2.77556e-17
49070 2.77556e-17
49080 1.66667e-06
49090 1.66667e-06
49100 1.66667e-06
49110 1.66667e-06
49120 3.33333e-06
49130 1.66667e-06
49140 2.77556e-17
49150 1.66667e-06
49160 3.33333e-06
49170 1.66667e-06
49180 1.66667e-06
49190 3.33333e-06
49200 2.77556e-17
49210 1.66667e-06
49220 1.66667e-06
49230 1.66667e-06
49240 3.33333e-06
49250 3.33333e-06
49260 1.66667e-06
49270 1.66667e-06
49280 3.33333e-06
49290 1.66667e-06
49300 2.77556e-17
49310 1.66667e-06
49320 1.66667e-06
49330 1.66667e-06
49340 2.77556e-17
49350 1.66667e-06
49360 1.66667e-06
49370 2.77556e-17
49380 1.66667e-06
49390 2.77556e-17
49400 2.77556e-17
49410 2.77556e-17
49420 2.77556e-17
49430 2.77556e-17
49440 1.66667e-06
49450 1.66667e-06
49460 1.66667e-06
49470 1.66667e-06
49480 1.66667e-06
49490 2.77556e-17
49500 1.66667e-06
49510 2.77556e-17
49520 1.66667e-06
49530 1.66667e-06
49540 3.33333e-06
49550 2.77556e-17
49560 1.66667e-06
49570 1.66667e-06
49580 2.77556e-17
49590 1.66667e-06
49600 2.77556e-17
49610 1.66667e-06
49620 1.66667e-06
49630 1.66667e-06
49640 3.33333e-06
49650 1.66667e-06
49660 1.66667e-06
49670 1.66667e-06
49680 1.66667e-06
49690 1.66667e-06
49700 1.66667e-06
49710 1.66667e-06
49720 1.66667e-06
49730 1.66667e-06
49740 2.77556e-17
49750 1.66667e-06
49760 3.33333e-06
49770 3.33333e-06
49780 1.66667e-06
49790 1.66667e-06
49800 2.77556e-17
49810 2.77556e-17
49820 1.66667e-06
49830 1.66667e-06
49840 3.33333e-06
49850 2.77556e-17
49860 3.33333e-06
49870 3.33333e-06
49880 1.66667e-06
49890 1.66667e-06
49900 1.66667e-06
49910 1.66667e-06
49920 1.66667e-06
49930 3.33333e-06
49940 1.66667e-06
49950 3.33333e-06
49960 1.66667e-06
49970 1.66667e-06
49980 1.66667e-06
49990 1.66667e-06
50000 1.66667e-06
50010 1.66667e-06
50020 1.66667e-06
50030 1.66667e-06
50040 1.66667e-06
50050 1.66667e-06
50060 1.66667e-06
50070 1.66667e-06
50080 1.66667e-06
50090 3.33333e-06
50100 3.33333e-06
50110 1.66667e-06
50120 1.66667e-06
50130 3.33333e-06
50140 3.33333e-06
50150 1.66667e-06
50160 2.77556e-17
50170 1.66667e-06
50180 2.77556e-17
50190 2.77556e-17
50200 2.77556e-17
50210 1.66667e-06
50220 3.33333e-06
50230 1.66667e-06
50240 1.66667e-06
50250 1.66667e-06
50260 1.66667e-06
50270 1.66667e-06
50280 3.33333e-06
50290 3.33333e-06
50300 1.66667e-06
50310 1.66667e-06
50320 2.77556e-17
50330 2.77556e-17
50340 3.33333e-06
50350 3.33333e-06
50360 2.77556e-17
50370 1.66667e-06
50380 1.66667e-06
50390 1.66667e-06
50400 1.66667e-06
50410 1.66667e-06
50420 3.33333e-06
50430 3.33333e-06
50440 1.66667e-06
50450 1.66667e-06
50460 1.66667e-06
50470 1.66667e-06
50480 1.66667e-06
50490 1.66667e-06
50500 1.66667e-06
50510 1.66667e-06
50520 1.66667e-06
50530 3.33333e-06
50540 1.66667e-06
50550 2.77556e-17
50560 1.66667e-06
50570 2.77556e-17
50580 1.66667e-06
50590 1.66667e-06
50600 2.77556e-17
50610 3.33333e-06
50620 3.33333e-06
50630 1.66667e-06
50640 1.66667e-06
50650 1.66667e-06
50660 1.66667e-06
50670 3.33333e-06
50680 1.66667e-06
50690 2.77556e-17
50700 1.66667e-06
50710 2.77556e-17
50720 1.66667e-06
50730 1.66667e-06
50740 1.66667e-06
50750 3.33333e-06
50760 1.66667e-06
50770 1.66667e-06
50780 2.77556e-17
50790 1.66667e-06
50800 3.33333e-06
50810 1.66667e-06
50820 1.66667e-06
50830 3.33333e-06
50840 3.33333e-06
50850 2.77556e-17
50860 2.77556e-17
50870 1.66667e-06
50880 2.77556e-17
50890 1.66667e-06
50900 2.77556e-17
50910 1.66667e-06
50920 1.66667e-06
50930 1.66667e-06
50940 1.66667e-06
50950 3.33333e-06
50960 2.77556e-17
50970 1.66667e-06
50980 2.77556e-17
50990 1.66667e-06
51000 2.77556e-17
51010 2.77556e-17
51020 1.66667e-06
51030 1.66667e-06
51040 3.33333e-06
51050 3.33333e-06
51060 2.77556e-17
51070 2.77556e-17
51080 1.66667e-06
51090 1.66667e-06
51100 3.33333e-06
51110 3.33333e-06
51120 1.66667e-06
51130 2.77556e-17
51140 2.77556e-17
51150 1.66667e-06
51160 1.66667e-06
51170 3.33333e-06
51180 3.33333e-06
51190 2.77556e-17
51200 2.77556e-17
51210 2.77556e-17
51220 3.33333e-06
51230 1.66667e-06
51240 2.77556e-17
51250 2.77556e-17
51260 3.33333e-06
51270 2.77556e-17
51280 2.77556e-17
51290 1.66667e-06
51300 1.66667e-06
51310 1.66667e-06
51320 1.66667e-06
51330 2.77556e-17
51340 1.66667e-06
51350 1.66667e-06
51360 3.33333e-06
51370 1.66667e-06
51380 1.66667e-06
51390 1.66667e-06
51400 1.66667e-06
51410 3.33333e-06
51420 1.66667e-06
51430 3.33333e-06
51440 1.66667e-06
51450 1.66667e-06
51460 2.77556e-17
51470 2.77556e-17
51480 3.33333e-06
51490 3.33333e-06
51500 3.33333e-06
51510 3.33333e-06
51520 2.77556e-17
51530 2.77556e-17
51540 3.33333e-06
51550 1.66667e-06
51560 3.33333e-06
51570 1.66667e-06
51580 3.33333e-06
51590 1.66667e-06
51600 1.66667e-06
51610 3.33333e-06
51620 1.66667e-06
51630 1.66667e-06
51640 1.66667e-06
51650 2.77556e-17
51660 1.66667e-06
51670 3.33333e-06
51680 3.33333e-06
51690 1.66667e-06
51700 3.33333e-06
51710 1.66667e-06
51720 3.33333e-06
51730 1.66667e-06
51740 3.33333e-06
51750 2.77556e-17
51760 2.77556e-17
51770 1.66667e-06
51780 1.66667e-06
51790 2.77556e-17
51800 2.77556e-17
51810 1.66667e-06
51820 3.33333e-06
51830 3.33333e-06
51840 1.66667e-06
51850 1.66667e-06
51860 1.66667e-06
51870 2.77556e-17
51880 1.66667e-06
51890 1.66667e-06
51900 1.66667e-06
51910 3.33333e-06
51920 2.77556e-17
51930 3.33333e-06
51940 3.33333e-06
51950 3.33333e-06
51960 1.66667e-06
51970 1.66667e-06
51980 1.66667e-06
51990 2.77556e-17
52000 1.66667e-06
52010 3.33333e-06
52020 1.66667e-06
52030 3.33333e-06
52040 2.77556e-17
52050 2.77556e-17
52060 2.77556e-17
52070 3.33333e-06
52080 1.66667e-06
52090 1.66667e-06
52100 2.77556e-17
52110 3.33333e-06
52120 2.77556e-17
52130 2.77556e-17
52140 1.66667e-06
52150 3.33333e-06
52160 1.66667e-06
52170 1.66667e-06
52180 1.66667e-06
52190 1.66667e-06
52200 3.33333e-06
52210 1.66667e-06
52220 1.66667e-06
52230 1.66667e-06
52240 2.77556e-17
52250 1.66667e-06
52260 2.77556e-17
52270 3.33333e-06
52280 1.66667e-06
52290 2.77556e-17
52300 1.66667e-06
52310 1.66667e-06
52320 3.33333e-06
52330 3.33333e-06
52340 3.33333e-06
52350 1.66667e-06
52360 2.77556e-17
52370 3.33333e-06
52380 2.77556e-17
52390 1.66667e-06
52400 2.77556e-17
52410 2.77556e-17
52420 2.77556e-17
52430 1.66667e-06
52440 3.33333e-06
52450 1.66667e-06
52460 1.66667e-06
52470 2.77556e-17
52480 2.77556e-17
52490 2.77556e-17
52500 2.77556e-17
52510 1.66667e-06
52520 2.77556e-17
52530 2.77556e-17
52540 1.66667e-06
52550 1.66667e-06
52560 3.33333e-06
52570 1.66667e-06
52580 1.66667e-06
52590 2.77556e-17
52600 3.33333e-06
52610 1.66667e-06
52620 1.66667e-06
52630 3.33333e-06
52640 1.66667e-06
52650 1.66667e-06
52660 1.66667e-06
52670 1.66667e-06
52680 2.77556e-17
52690 2.77556e-17
52700 1.66667e-06
52710 3.33333e-06
52720 3.33333e-06
52730 3.33333e-06
52740 1.66667e-06
52750 2.77556e-17
52760 2.77556e-17
52770 3.33333e-06
52780 1.66667e-06
52790 2.77556e-17
52800 3.33333e-06
52810 3.33333e-06
52820 1.66667e-06
52830 2.77556e-17
52840 3.33333e-06
52850 2.77556e-17
52860 1.66667e-06
52870 1.66667e-06
52880 2.77556e-17
52890 3.33333e-06
52900 3.33333e-06
52910 3.33333e-06
52920 1.66667e-06
52930 2.77556e-17
52940 3.33333e-06
52950 3.33333e-06
52960 1.66667e-06
52970 3.33333e-06
52980 2.77556e-17
52990 1.66667e-06
53000 3.33333e-06
53010 2.77556e-17
53020 1.66667e-06
53030 1.66667e-06
53040 1.66667e-06
53050 2.77556e-17
53060 1.66667e-06
53070 1.66667e-06
53080 2.77556e-17
53090 1.66667e-06
53100 1.66667e-06
53110 1.66667e-06
53120 1.66667e-06
53130 3.33333e-06
53140 1.66667e-06
53150 1.66667e-06
53160 1.66667e-06
53170 2.77556e-17
53180 2.77556e-17
53190 3.33333e-06
53200 2.77556e-17
53210 3.33333e-06
53220 1.66667e-06
53230 3.33333e-06
53240 1.66667e-06
53250 1.66667e-06
53260 1.66667e-06
53270 2.77556e-17
53280 3.33333e-06
53290 1.66667e-06
53300 1.66667e-06
53310 1.66667e-06
53320 2.77556e-17
53330 3.33333e-06
53340 3.33333e-06
53350 1.66667e-06
53360 2.77556e-17
53370 1.66667e-06
53380 3.33333e-06
53390 1.66667e-06
53400 1.66667e-06
53410 1.66667e-06
53420 3.33333e-06
53430 1.66667e-06
53440 2.77556e-17
53450 2.77556e-17
53460 1.66667e-06
53470 1.66667e-06
53480 2.77556e-17
53490 1.66667e-06
53500 1.66667e-06
53510 2.77556e-17
53520 2.77556e-17
53530 1.66667e-06
53540 3.33333e-06
53550 2.77556e-17
53560 1.66667e-06
53570 3.33333e-06
53580 1.66667e-06
53590 1.66667e-06
53600 1.66667e-06
53610 3.33333e-06
53620 1.66667e-06
53630 1.66667e-06
53640 1.66667e-06
53650 1.66667e-06
53660 2.77556e-17
53670 2.77556e-17
53680 2.77556e-17
53690 2.77556e-17
53700 2.77556e-17
53710 3.33333e-06
53720 2.77556e-17
53730 1.66667e-06
53740 3.33333e-06
53750 2.77556e-17
53760 1.66667e-06
53770 2.77556e-17
53780 2.77556e-17
53790 1.66667e-06
53800 1.66667e-06
53810 1.66667e-06
53820 2.77556e-17
53830 3.33333e-06
53840 2.77556e-17
53850 3.33333e-06
53860 1.66667e-06
53870 2.77556e-17
53880 1.66667e-06
53890 2.77556e-17
53900 3.33333e-06
53910 3.33333e-06
53920 3.33333e-06
53930 1.66667e-06
53940 3.33333e-06
53950 2.77556e-17
53960 2.77556e-17
53970 1.66667e-06
53980 1.66667e-06
53990 1.66667e-06
54000 1.66667e-06
54010 2.77556e-17
54020 2.77556e-17
54030 1.66667e-06
54040 1.66667e-06
54050 3.33333e-06
54060 1.66667e-06
54070 1.66667e-06
54080 3.33333e-06
54090 1.66667e-06
54100 1.66667e-06
54110 1.66667e-06
54120 1.66667e-06
54130 1.66667e-06
54140 2.77556e-17
54150 1.66667e-06
54160 3.33333e-06
54170 1.66667e-06
54180 2.77556e-17
54190 2.77556e-17
54200 1.66667e-06
54210 3.33333e-06
54220 3.33333e-06
54230 3.33333e-06
54240 1.66667e-06
54250 2.77556e-17
54260 1.66667e-06
54270 3.33333e-06
54280 3.33333e-06
54290 2.77556e-17
54300 1.66667e-06
54310 3.33333e-06
54320 3.33333e-06
54330 3.33333e-06
54340 1.66667e-06
54350 3.33333e-06
54360 3.33333e-06
54370 1.66667e-06
54380 1.66667e-06
54390 1.66667e-06
54400 1.66667e-06
54410 3.33333e-06
54420 2.77556e-17
54430 1.66667e-06
54440 1.66667e-06
54450 1.66667e-06
54460 2.77556e-17
54470 2.77556e-17
54480 1.66667e-06
54490 1.66667e-06
54500 1.66667e-06
54510 1.66667e-06
54520 1.66667e-06
54530 3.33333e-06
54540 1.66667e-06
54550 3.33333e-06
54560 1.66667e-06
54570 1.66667e-06
54580 1.66667e-06
54590 1.66667e-06
54600 3.33333e-06
54610 2.77556e-17
54620 2.77556e-17
54630 2.77556e-17
54640 1.66667e-06
54650 1.66667e-06
54660 3.33333e-06
54670 1.66667e-06
54680 1.66667e-06
54690 1.66667e-06
54700 1.66667e-06
54710 2.77556e-17
54720 1.66667e-06
54730 3.33333e-06
54740 1.66667e-06
54750 1.66667e-06
54760 2.77556e-17
54770 1.66667e-06
54780 1.66667e-06
54790 1.66667e-06
54800 1.66667e-06
54810 2.77556e-17
54820 1.66667e-06
54830 1.66667e-06
54840 3.33333e-06
54850 3.33333e-06
54860 1.66667e-06
54870 1.66667e-06
54880 2.77556e-17
54890 2.77556e-17
54900 2.77556e-17
54910 1.66667e-06
54920 1.66667e-06
54930 1.66667e-06
54940 1.66667e-06
54950 1.66667e-06
54960 3.33333e-06
54970 2.77556e-17
54980 1.66667e-06
54990 1.66667e-06
55000 2.77556e-17
55010 3.33333e-06
55020 2.77556e-17
55030 1.66667e-06
55040 1.66667e-06
55050 2.77556e-17
55060 1.66667e-06
55070 1.66667e-06
55080 3.33333e-06
55090 2.77556e-17
55100 1.66667e-06
55110 3.33333e-06
55120 1.66667e-06
55130 2.77556e-17
55140 2.77556e-17
55150 1.66667e-06
55160 1.66667e-06
55170 1.66667e-06
55180 3.33333e-06
55190 1.66667e-06
55200 1.66667e-06
55210 3.33333e-06
55220 1.66667e-06
55230 1.66667e-06
55240 1.66667e-06
55250 3.33333e-06
55260 2.77556e-17
55270 2.77556e-17
55280 1.66667e-06
55290 1.66667e-06
55300 1.66667e-06
55310 1.66667e-06
55320 1.66667e-06
55330 3.33333e-06
55340 1.66667e-06
55350 1.66667e-06
55360 1.66667e-06
55370 1.66667e-06
55380 1.66667e-06
55390 2.77556e-17
55400 3.33333e-06
55410 2.77556e-17
55420 2.77556e-17
55430 1.66667e-06
55440 2.77556e-17
55450 1.66667e-06
55460 2.77556e-17
55470 3.33333e-06
55480 1.66667e-06
55490 1.66667e-06
55500 3.33333e-06
55510 1.66667e-06
55520 1.66667e-06
55530 1.66667e-06
55540 2.77556e-17
55550 1.66667e-06
55560 3.33333e-06
55570 2.77556e-17
55580 1.66667e-06
55590 1.66667e-06
55600 3.33333e-06
55610 1.66667e-06
55620 2.77556e-17
55630 3.33333e-06
55640 3.33333e-06
55650 1.66667e-06
55660 1.66667e-06
55670 3.33333e-06
55680 3.33333e-06
55690 2.77556e-17
55700 2.77556e-17
55710 2.77556e-17
55720 2.77556e-17
55730 2.77556e-17
55740 2.77556e-17
55750 1.66667e-06
55760 3.33333e-06
55770 1.66667e-06
55780 1.66667e-06
55790 1.66667e-06
55800 2.77556e-17
55810 2.77556e-17
55820 1.66667e-06
55830 2.77556e-17
55840 2.77556e-17
55850 1.66667e-06
55860 1.66667e-06
55870 1.66667e-06
55880 1.66667e-06
55890 2.77556e-17
55900 1.66667e-06
55910 1.66667e-06
55920 1.66667e-06
55930 2.77556e-17
55940 1.66667e-06
55950 2.77556e-17
55960 3.33333e-06
55970 2.77556e-17
55980 1.66667e-06
55990 1.66667e-06
56000 2.77556e-17
56010 3.33333e-06
56020 1.66667e-06
56030 1.66667e-06
56040 2.77556e-17
56050 1.66667e-06
56060 3.33333e-06
56070 1.66667e-06
56080 1.66667e-06
56090 3.33333e-06
56100 1.66667e-06
56110 1.66667e-06
56120 1.66667e-06
56130 1.66667e-06
56140 1.66667e-06
56150 2.77556e-17
56160 3.33333e-06
56170 3.33333e-06
56180 1.66667e-06
56190 1.66667e-06
56200 3.33333e-06
56210 2.77556e-17
56220 3.33333e-06
56230 3.33333e-06
56240 3.33333e-06
56250 1.66667e-06
56260 1.66667e-06
56270 1.66667e-06
56280 1.66667e-06
56290 2.77556e-17
56300 2.77556e-17
56310 3.33333e-06
56320 3.33333e-06
56330 1.66667e-06
56340 1.66667e-06
56350 1.66667e-06
56360 3.33333e-06
56370 1.66667e-06
56380 1.66667e-06
56390 1.66667e-06
56400 3.33333e-06
56410 2.77556e-17
56420 3.33333e-06
56430 1.66667e-06
56440 1.66667e-06
56450 3.33333e-06
56460 3.33333e-06
56470 1.66667e-06
56480 1.66667e-06
56490 1.66667e-06
56500 1.66667e-06
56510 1.66667e-06
56520 1.66667e-06
56530 3.33333e-06
56540 3.33333e-06
56550 1.66667e-06
56560 3.33333e-06
56570 3.33333e-06
56580 2.77556e-17
56590 2.77556e-17
56600 2.77556e-17
56610 2.77556e-17
56620 2.77556e-17
56630 1.66667e-06
56640 1.66667e-06
56650 2.77556e-17
56660 1.66667e-06
56670 1.66667e-06
56680 3.33333e-06
56690 1.66667e-06
56700 1.66667e-06
56710 1.66667e-06
56720 2.77556e-17
56730 2.77556e-17
56740 1.66667e-06
56750 1.66667e-06
56760 2.77556e-17
56770 1.66667e-06
56780 2.77556e-17
56790 2.77556e-17
56800 3.33333e-06
56810 3.33333e-06
56820 1.66667e-06
56830 2.77556e-17
56840 1.66667e-06
56850 1.66667e-06
56860 1.66667e-06
56870 1.66667e-06
56880 1.66667e-06
56890 3.33333e-06
56900 1.66667e-06
56910 3.33333e-06
56920 2.77556e-17
56930 2.77556e-17
56940 3.33333e-06
56950 1.66667e-06
56960 2.77556e-17
56970 2.77556e-17
56980 1.66667e-06
56990 3.33333e-06
57000 3.33333e-06
57010 1.66667e-06
57020 2.77556e-17
57030 2.77556e-17
57040 2.77556e-17
57050 3.33333e-06
57060 3.33333e-06
57070 1.66667e-06
57080 3.33333e-06
57090 1.66667e-06
57100 3.33333e-06
57110 2.77556e-17
57120 3.33333e-06
57130 1.66667e-06
57140 2.77556e-17
57150 1.66667e-06
57160 2.77556e-17
57170 2.77556e-17
57180 1.66667e-06
57190 3.33333e-06
57200 2.77556e-17
57210 1.66667e-06
57220 3.33333e-06
57230 2.77556e-17
57240 3.33333e-06
57250 1.66667e-06
57260 3.33333e-06
57270 2.77556e-17
57280 2.77556e-17
57290 1.66667e-06
57300 1.66667e-06
57310 1.66667e-06
57320 1.66667e-06
57330 1.66667e-06
57340 2.77556e-17
57350 1.66667e-06
57360 1.66667e-06
57370 3.33333e-06
57380 3.33333e-06
57390 1.66667e-06
57400 1.66667e-06
57410 1.66667e-06
57420 1.66667e-06
57430 1.66667e-06
57440 1.66667e-06
57450 3.33333e-06
57460 3.33333e-06
57470 1.66667e-06
57480 3.33333e-06
57490 1.66667e-06
57500 1.66667e-06
57510 1.66667e-06
57520 1.66667e-06
57530 3.33333e-06
57540 1.66667e-06
57550 1.66667e-06
57560 3.33333e-06
57570 1.66667e-06
57580 1.66667e-06
57590 3.33333e-06
57600 2.77556e-17
57610 1.66667e-06
57620 3.33333e-06
57630 3.33333e-06
57640 1.66667e-06
57650 2.77556e-17
57660 2.77556e-17
57670 1.66667e-06
57680 1.66667e-06
57690 1.66667e-06
57700 1.66667e-06
57710 1.66667e-06
57720 2.77556e-17
57730 2.77556e-17
57740 1.66667e-06
57750 3.33333e-06
57760 1.66667e-06
57770 1.66667e-06
57780 1.66667e-06
57790 3.33333e-06
57800 1.66667e-06
57810 1.66667e-06
57820 2.77556e-17
57830 1.66667e-06
57840 2.77556e-17
57850 2.77556e-17
57860 1.66667e-06
57870 1.66667e-06
57880 2.77556e-17
57890 1.66667e-06
57900 1.66667e-06
57910 2.77556e-17
57920 3.33333e-06
57930 2.77556e-17
57940 1.66667e-06
57950 1.66667e-06
57960 3.33333e-06
57970 1.66667e-06
57980 2.77556e-17
57990 1.66667e-06
58000 3.33333e-06
58010 1.66667e-06
58020 2.77556e-17
58030 1.66667e-06
58040 3.33333e-06
58050 1.66667e-06
58060 3.33333e-06
58070 3.33333e-06
58080 3.33333e-06
58090 1.66667e-06
58100 1.66667e-06
58110 1.66667e-06
58120 3.33333e-06
58130 2.77556e-17
58140 1.66667e-06
58150 3.33333e-06
58160 1.66667e-06
58170 2.77556e-17
58180 3.33333e-06
58190 2.77556e-17
58200 1.66667e-06
58210 1.66667e-06
58220 1.66667e-06
58230 3.33333e-06
58240 3.33333e-06
58250 3.33333e-06
58260 3.33333e-06
58270 3.33333e-06
58280 3.33333e-06
58290 3.33333e-06
58300 3.33333e-06
58310 1.66667e-06
58320 2.77556e-17
58330 2.77556e-17
58340 1.66667e-06
58350 1.66667e-06
58360 1.66667e-06
58370 3.33333e-06
58380 2.77556e-17
58390 2.77556e-17
58400 3.33333e-06
58410 2.77556e-17
58420 2.77556e-17
58430 1.66667e-06
58440 1.66667e-06
58450 1.66667e-06
58460 3.33333e-06
58470 2.77556e-17
58480 1.66667e-06
58490 1.66667e-06
58500 1.66667e-06
58510 1.66667e-06
58520 1.66667e-06
58530 3.33333e-06
58540 1.66667e-06
58550 1.66667e-06
58560 1.66667e-06
58570 1.66667e-06
58580 2.77556e-17
58590 3.33333e-06
58600 1.66667e-06
58610 1.66667e-06
58620 3.33333e-06
58630 3.33333e-06
58640 1.66667e-06
58650 3.33333e-06
58660 1.66667e-06
58670 3.33333e-06
58680 1.66667e-06
58690 2.77556e-17
58700 1.66667e-06
58710 2.77556e-17
58720 3.33333e-06
58730 1.66667e-06
58740 3.33333e-06
58750 3.33333e-06
58760 2.77556e-17
58770 2.77556e-17
58780 1.66667e-06
58790 2.77556e-17
58800 3.33333e-06
58810 1.66667e-06
58820 3.33333e-06
58830 2.77556e-17
58840 3.33333e-06
58850 1.66667e-06
58860 1.66667e-06
58870 1.66667e-06
58880 2.77556e-17
58890 1.66667e-06
58900 3.33333e-06
58910 2.77556e-17
58920 2.77556e-17
58930 2.77556e-17
58940 1.66667e-06
58950 2.77556e-17
58960 3.33333e-06
58970 1.66667e-06
58980 1.66667e-06
58990 2.77556e-17
59000 1.66667e-06
59010 1.66667e-06
59020 1.66667e-06
59030 3.33333e-06
59040 3.33333e-06
59050 1.66667e-06
59060 3.33333e-06
59070 1.66667e-06
59080 3.33333e-06
59090 1.66667e-06
59100 2.77556e-17
59110 2.77556e-17
59120 1.66667e-06
59130 3.33333e-06
59140 1.66667e-06
59150 1.66667e-06
59160 1.66667e-06
59170 1.66667e-06
59180 2.77556e-17
59190 3.33333e-06
59200 1.66667e-06
59210 1.66667e-06
59220 2.77556e-17
59230 1.66667e-06
59240 3.33333e-06
59250 1.66667e-06
59260 1.66667e-06
59270 3.33333e-06
59280 1.66667e-06
59290 2.77556e-17
59300 2.77556e-17
59310 1.66667e-06
59320 1.66667e-06
59330 1.66667e-06
59340 2.77556e-17
59350 2.77556e-17
59360 3.33333e-06
59370 2.77556e-17
59380 3.33333e-06
59390 1.66667e-06
59400 1.66667e-06
59410 1.66667e-06
59420 1.66667e-06
59430 3.33333e-06
59440 1.66667e-06
59450 1.66667e-06
59460 1.66667e-06
59470 3.33333e-06
59480 1.66667e-06
59490 1.66667e-06
59500 1.66667e-06
59510 1.66667e-06
59520 2.77556e-17
59530 2.77556e-17
59540 1.66667e-06
59550 1.66667e-06
59560 2.77556e-17
59570 3.33333e-06
59580 3.33333e-06
59590 1.66667e-06
59600 2.77556e-17
59610 3.33333e-06
59620 3.33333e-06
59630 2.77556e-17
59640 1.66667e-06
59650 2.77556e-17
59660 3.33333e-06
59670 3.33333e-06
59680 3.33333e-06
59690 2.77556e-17
59700 1.66667e-06
59710 2.77556e-17
59720 3.33333e-06
59730 2.77556e-17
59740 2.77556e-17
59750 1.66667e-06
59760 1.66667e-06
59770 1.66667e-06
59780 1.66667e-06
59790 1.66667e-06
59800 2.77556e-17
59810 1.66667e-06
59820 1.66667e-06
59830 1.66667e-06
59840 1.66667e-06
59850 1.66667e-06
59860 1.66667e-06
59870 2.77556e-17
59880 3.33333e-06
59890 3.33333e-06
59900 1.66667e-06
59910 1.66667e-06
59920 2.77556e-17
59930 3.33333e-06
59940 1.66667e-06
59950 1.66667e-06
59960 2.77556e-17
59970 2.77556e-17
59980 2.77556e-17
59990 1.66667e-06
60000 3.33333e-06
60010 2.77556e-17
60020 2.77556e-17
60030 3.33333e-06
60040 1.66667e-06
60050 1.66667e-06
60060 2.77556e-17
60070 2.77556e-17
60080 1.66667e-06
60090 1.66667e-06
60100 1.66667e-06
60110 3.33333e-06
60120 3.33333e-06
60130 2.77556e-17
60140 3.33333e-06
60150 1.66667e-06
60160 1.66667e-06
60170 1.66667e-06
60180 3.33333e-06
60190 3.33333e-06
60200 2.77556e-17
60210 3.33333e-06
60220 2.77556e-17
60230 2.77556e-17
60240 1.66667e-06
60250 3.33333e-06
60260 2.77556e-17
60270 1.66667e-06
60280 1.66667e-06
60290 3.33333e-06
60300 3.33333e-06
60310 2.77556e-17
60320 1.66667e-06
60330 3.33333e-06
60340 1.66667e-06
60350 1.66667e-06
60360 3.33333e-06
60370 1.66667e-06
60380 1.66667e-06
60390 3.33333e-06
60400 1.66667e-06
60410 3.33333e-06
60420 3.33333e-06
60430 2.77556e-17
60440 2.77556e-17
60450 2.77556e-17
60460 2.77556e-17
60470 3.33333e-06
60480 1.66667e-06
60490 1.66667e-06
60500 2.77556e-17
60510 1.66667e-06
60520 1.66667e-06
60530 1.66667e-06
60540 2.77556e-17
60550 3.33333e-06
60560 2.77556e-17
60570 3.33333e-06
60580 2.77556e-17
60590 1.66667e-06
60600 2.77556e-17
60610 2.77556e-17
60620 1.66667e-06
60630 1.66667e-06
60640 3.33333e-06
60650 1.66667e-06
60660 1.66667e-06
60670 1.66667e-06
60680 2.77556e-17
60690 3.33333e-06
60700 1.66667e-06
60710 1.66667e-06
60720 1.66667e-06
60730 2.77556e-17
60740 2.77556e-17
60750 2.77556e-17
60760 3.33333e-06
60770 3.33333e-06
60780 1.66667e-06
60790 1.66667e-06
60800 1.66667e-06
60810 1.66667e-06
60820 1.66667e-06
60830 2.77556e-17
60840 3.33333e-06
60850 3.33333e-06
60860 3.33333e-06
60870 1.66667e-06
60880 1.66667e-06
60890 2.77556e-17
60900 3.33333e-06
60910 1.66667e-06
60920 3.33333e-06
60930 1.66667e-06
60940 1.66667e-06
60950 1.66667e-06
