10 0.16667
20 2.77556e-17
30 0.166668
40 0.166668
50 0.16667
60 0.16667
70 0.16667
80 1.66667e-06
90 3.33333e-06
100 1.66667e-06
110 1.66667e-06
120 1.66667e-06
130 3.33333e-06
140 2.77556e-17
150 1.66667e-06
160 1.66667e-06
170 1.66667e-06
180 3.33333e-06
190 1.66667e-06
200 1.66667e-06
210 0.166668
220 1.66667e-06
230 3.33333e-06
240 1.66667e-06
250 0.16667
260 1.66667e-06
270 2.77556e-17
280 1.66667e-06
290 2.77556e-17
300 3.33333e-06
310 0.16667
320 0.16667
330 3.33333e-06
340 1.66667e-06
350 3.33333e-06
360 1.66667e-06
370 2.77556e-17
380 2.77556e-17
390 1.66667e-06
400 3.33333e-06
410 0.166668
420 1.66667e-06
430 1.66667e-06
440 2.77556e-17
450 0.166668
460 2.77556e-17
470 0.166668
480 0.16667
490 2.77556e-17
500 1.66667e-06
510 1.66667e-06
520 1.66667e-06
530 2.77556e-17
540 0.166668
550 2.77556e-17
560 1.66667e-06
570 3.33333e-06
580 2.77556e-17
590 3.33333e-06
600 1.66667e-06
610 1.66667e-06
620 3.33333e-06
630 1.66667e-06
640 2.77556e-17
650 1.66667e-06
660 2.77556e-17
670 1.66667e-06
680 1.66667e-06
690 3.33333e-06
700 1.66667e-06
710 0.0555583
720 0.0555567
730 2.77556e-17
740 3.33333e-06
750 1.66667e-06
760 2.77556e-17
770 0.166668
780 1.66667e-06
790 3.33333e-06
800 3.33333e-06
810 3.33333e-06
820 2.77556e-17
830 3.33333e-06
840 3.33333e-06
850 1.66667e-06
860 1.66667e-06
870 1.66667e-06
880 0.0555567
890 0.0555583
900 3.33333e-06
910 1.66667e-06
920 3.33333e-06
930 2.77556e-17
940 0.16667
950 1.66667e-06
960 2.77556e-17
970 1.66667e-06
980 1.66667e-06
990 1.66667e-06
1000 0.166668
1010 3.33333e-06
1020 0.0555567
1030 0.0555567
1040 0.0555583
1050 0.0555567
1060 0.0555583
1070 1.66667e-06
1080 3.33333e-06
1090 3.33333e-06
1100 1.66667e-06
1110 1.66667e-06
1120 0.0555567
1130 1.66667e-06
1140 1.66667e-06
1150 1.66667e-06
1160 1.66667e-06
1170 1.66667e-06
1180 0.16667
1190 1.66667e-06
1200 3.33333e-06
1210 3.33333e-06
1220 1.66667e-06
1230 3.33333e-06
1240 1.66667e-06
1250 2.77556e-17
1260 2.77556e-17
1270 1.66667e-06
1280 1.66667e-06
1290 3.33333e-06
1300 0.16667
1310 1.66667e-06
1320 1.66667e-06
1330 2.77556e-17
1340 3.33333e-06
1350 1.66667e-06
1360 2.77556e-17
1370 1.66667e-06
1380 1.66667e-06
1390 2.77556e-17
1400 3.33333e-06
1410 2.77556e-17
1420 1.66667e-06
1430 2.77556e-17
1440 3.33333e-06
1450 3.33333e-06
1460 3.33333e-06
1470 1.66667e-06
1480 2.77556e-17
1490 2.77556e-17
1500 2.77556e-17
1510 2.77556e-17
1520 3.33333e-06
1530 2.77556e-17
1540 1.66667e-06
1550 1.66667e-06
1560 2.77556e-17
1570 1.66667e-06
1580 1.66667e-06
1590 2.77556e-17
1600 1.66667e-06
1610 1.66667e-06
1620 3.33333e-06
1630 1.66667e-06
1640 3.33333e-06
1650 1.66667e-06
1660 1.66667e-06
1670 1.66667e-06
1680 1.66667e-06
1690 2.77556e-17
1700 1.66667e-06
1710 1.66667e-06
1720 2.77556e-17
1730 3.33333e-06
1740 1.66667e-06
1750 2.77556e-17
1760 2.77556e-17
1770 1.66667e-06
1780 3.33333e-06
1790 2.77556e-17
1800 2.77556e-17
1810 3.33333e-06
1820 1.66667e-06
1830 3.33333e-06
1840 3.33333e-06
1850 3.33333e-06
1860 1.66667e-06
1870 1.66667e-06
1880 1.66667e-06
1890 1.66667e-06
1900 3.33333e-06
1910 1.66667e-06
1920 1.66667e-06
1930 3.33333e-06
1940 2.77556e-17
1950 2.77556e-17
1960 1.66667e-06
1970 1.66667e-06
1980 3.33333e-06
1990 1.66667e-06
2000 2.77556e-17
2010 2.77556e-17
2020 1.66667e-06
2030 1.66667e-06
2040 1.66667e-06
2050 3.33333e-06
2060 1.66667e-06
2070 3.33333e-06
2080 2.77556e-17
2090 1.66667e-06
2100 1.66667e-06
2110 1.66667e-06
2120 1.66667e-06
2130 2.77556e-17
2140 3.33333e-06
2150 1.66667e-06
2160 3.33333e-06
2170 1.66667e-06
2180 2.77556e-17
2190 1.66667e-06
2200 1.66667e-06
2210 1.66667e-06
2220 1.66667e-06
2230 3.33333e-06
2240 2.77556e-17
2250 2.77556e-17
2260 2.77556e-17
2270 2.77556e-17
2280 3.33333e-06
2290 3.33333e-06
2300 1.66667e-06
2310 3.33333e-06
2320 1.66667e-06
2330 1.66667e-06
2340 1.66667e-06
2350 3.33333e-06
2360 1.66667e-06
2370 1.66667e-06
2380 3.33333e-06
2390 1.66667e-06
2400 3.33333e-06
2410 2.77556e-17
2420 1.66667e-06
2430 2.77556e-17
2440 1.66667e-06
2450 2.77556e-17
2460 1.66667e-06
2470 1.66667e-06
2480 1.66667e-06
2490 1.66667e-06
2500 1.66667e-06
2510 3.33333e-06
2520 3.33333e-06
2530 1.66667e-06
2540 2.77556e-17
2550 2.77556e-17
2560 2.77556e-17
2570 1.66667e-06
2580 1.66667e-06
2590 3.33333e-06
2600 2.77556e-17
2610 3.33333e-06
2620 2.77556e-17
2630 1.66667e-06
2640 1.66667e-06
2650 1.66667e-06
2660 3.33333e-06
2670 1.66667e-06
2680 2.77556e-17
2690 2.77556e-17
2700 2.77556e-17
2710 1.66667e-06
2720 1.66667e-06
2730 1.66667e-06
2740 1.66667e-06
2750 2.77556e-17
2760 1.66667e-06
2770 2.77556e-17
2780 3.33333e-06
2790 2.77556e-17
2800 2.77556e-17
2810 1.66667e-06
2820 1.66667e-06
2830 1.66667e-06
2840 1.66667e-06
2850 2.77556e-17
2860 1.66667e-06
2870 3.33333e-06
2880 1.66667e-06
2890 2.77556e-17
2900 1.66667e-06
2910 1.66667e-06
2920 0.16667
2930 1.66667e-06
2940 1.66667e-06
2950 2.77556e-17
2960 2.77556e-17
2970 2.77556e-17
2980 1.66667e-06
2990 2.77556e-17
3000 2.77556e-17
3010 2.77556e-17
3020 2.77556e-17
3030 1.66667e-06
3040 1.66667e-06
3050 3.33333e-06
3060 1.66667e-06
3070 1.66667e-06
3080 1.66667e-06
3090 3.33333e-06
3100 3.33333e-06
3110 1.66667e-06
3120 1.66667e-06
3130 3.33333e-06
3140 1.66667e-06
3150 1.66667e-06
3160 3.33333e-06
3170 2.77556e-17
3180 2.77556e-17
3190 1.66667e-06
3200 1.66667e-06
3210 1.66667e-06
3220 1.66667e-06
3230 0.166668
3240 2.77556e-17
3250 1.66667e-06
3260 1.66667e-06
3270 3.33333e-06
3280 0.166668
3290 1.66667e-06
3300 1.66667e-06
3310 2.77556e-17
3320 1.66667e-06
3330 2.77556e-17
3340 1.66667e-06
3350 1.66667e-06
3360 3.33333e-06
3370 2.77556e-17
3380 2.77556e-17
3390 1.66667e-06
3400 1.66667e-06
3410 2.77556e-17
3420 1.66667e-06
3430 2.77556e-17
3440 1.66667e-06
3450 3.33333e-06
3460 1.66667e-06
3470 3.33333e-06
3480 3.33333e-06
3490 1.66667e-06
3500 2.77556e-17
3510 2.77556e-17
3520 2.77556e-17
3530 1.66667e-06
3540 1.66667e-06
3550 1.66667e-06
3560 1.66667e-06
3570 1.66667e-06
3580 1.66667e-06
3590 1.66667e-06
3600 1.66667e-06
3610 3.33333e-06
3620 3.33333e-06
3630 3.33333e-06
3640 2.77556e-17
3650 3.33333e-06
3660 1.66667e-06
3670 3.33333e-06
3680 3.33333e-06
3690 3.33333e-06
3700 2.77556e-17
3710 2.77556e-17
3720 2.77556e-17
3730 1.66667e-06
3740 1.66667e-06
3750 1.66667e-06
3760 1.66667e-06
3770 2.77556e-17
3780 3.33333e-06
3790 1.66667e-06
3800 1.66667e-06
3810 3.33333e-06
3820 1.66667e-06
3830 1.66667e-06
3840 2.77556e-17
3850 1.66667e-06
3860 3.33333e-06
3870 1.66667e-06
3880 2.77556e-17
3890 2.77556e-17
3900 1.66667e-06
3910 1.66667e-06
3920 1.66667e-06
3930 1.66667e-06
3940 1.66667e-06
3950 2.77556e-17
3960 1.66667e-06
3970 1.66667e-06
3980 1.66667e-06
3990 2.77556e-17
4000 1.66667e-06
4010 1.66667e-06
4020 1.66667e-06
4030 3.33333e-06
4040 1.66667e-06
4050 1.66667e-06
4060 1.66667e-06
4070 1.66667e-06
4080 3.33333e-06
4090 3.33333e-06
4100 1.66667e-06
4110 2.77556e-17
4120 1.66667e-06
4130 3.33333e-06
4140 1.66667e-06
4150 1.66667e-06
4160 1.66667e-06
4170 3.33333e-06
4180 2.77556e-17
4190 2.77556e-17
4200 1.66667e-06
4210 3.33333e-06
4220 1.66667e-06
4230 3.33333e-06
4240 3.33333e-06
4250 1.66667e-06
4260 1.66667e-06
4270 1.66667e-06
4280 1.66667e-06
4290 2.77556e-17
4300 2.77556e-17
4310 3.33333e-06
4320 1.66667e-06
4330 2.77556e-17
4340 2.77556e-17
4350 3.33333e-06
4360 1.66667e-06
4370 3.33333e-06
4380 1.66667e-06
4390 2.77556e-17
4400 2.77556e-17
4410 3.33333e-06
4420 3.33333e-06
4430 3.33333e-06
4440 3.33333e-06
4450 1.66667e-06
4460 2.77556e-17
4470 1.66667e-06
4480 3.33333e-06
4490 1.66667e-06
4500 3.33333e-06
4510 2.77556e-17
4520 2.77556e-17
4530 1.66667e-06
4540 3.33333e-06
4550 1.66667e-06
4560 2.77556e-17
4570 1.66667e-06
4580 1.66667e-06
4590 1.66667e-06
4600 2.77556e-17
4610 1.66667e-06
4620 1.66667e-06
4630 0.16667
4640 2.77556e-17
4650 1.66667e-06
4660 2.77556e-17
4670 1.66667e-06
4680 1.66667e-06
4690 1.66667e-06
4700 3.33333e-06
4710 2.77556e-17
4720 3.33333e-06
4730 3.33333e-06
4740 1.66667e-06
4750 3.33333e-06
4760 2.77556e-17
4770 1.66667e-06
4780 1.66667e-06
4790 3.33333e-06
4800 1.66667e-06
4810 2.77556e-17
4820 1.66667e-06
4830 1.66667e-06
4840 3.33333e-06
4850 2.77556e-17
4860 1.66667e-06
4870 2.77556e-17
4880 2.77556e-17
4890 3.33333e-06
4900 3.33333e-06
4910 2.77556e-17
4920 2.77556e-17
4930 2.77556e-17
4940 1.66667e-06
4950 3.33333e-06
4960 1.66667e-06
4970 2.77556e-17
4980 2.77556e-17
4990 1.66667e-06
5000 3.33333e-06
5010 2.77556e-17
5020 1.66667e-06
5030 3.33333e-06
5040 1.66667e-06
5050 3.33333e-06
5060 1.66667e-06
5070 1.66667e-06
5080 3.33333e-06
5090 1.66667e-06
5100 1.66667e-06
5110 3.33333e-06
5120 3.33333e-06
5130 1.66667e-06
5140 2.77556e-17
5150 2.77556e-17
5160 3.33333e-06
5170 3.33333e-06
5180 1.66667e-06
5190 2.77556e-17
5200 1.66667e-06
5210 3.33333e-06
5220 1.66667e-06
5230 3.33333e-06
5240 1.66667e-06
5250 3.33333e-06
5260 1.66667e-06
5270 1.66667e-06
5280 1.66667e-06
5290 1.66667e-06
5300 1.66667e-06
5310 2.77556e-17
5320 1.66667e-06
5330 1.66667e-06
5340 1.66667e-06
5350 3.33333e-06
5360 3.33333e-06
5370 1.66667e-06
5380 2.77556e-17
5390 1.66667e-06
5400 2.77556e-17
5410 1.66667e-06
5420 3.33333e-06
5430 1.66667e-06
5440 3.33333e-06
5450 1.66667e-06
5460 1.66667e-06
5470 1.66667e-06
5480 3.33333e-06
5490 3.33333e-06
5500 3.33333e-06
5510 3.33333e-06
5520 1.66667e-06
5530 3.33333e-06
5540 3.33333e-06
5550 1.66667e-06
5560 1.66667e-06
5570 2.77556e-17
5580 3.33333e-06
5590 2.77556e-17
5600 2.77556e-17
5610 1.66667e-06
5620 2.77556e-17
5630 1.66667e-06
5640 1.66667e-06
5650 2.77556e-17
5660 1.66667e-06
5670 1.66667e-06
5680 2.77556e-17
5690 1.66667e-06
5700 1.66667e-06
5710 1.66667e-06
5720 3.33333e-06
5730 1.66667e-06
5740 3.33333e-06
5750 2.77556e-17
5760 3.33333e-06
5770 1.66667e-06
5780 2.77556e-17
5790 3.33333e-06
5800 2.77556e-17
5810 1.66667e-06
5820 2.77556e-17
5830 1.66667e-06
5840 1.66667e-06
5850 1.66667e-06
5860 2.77556e-17
5870 1.66667e-06
5880 2.77556e-17
5890 1.66667e-06
5900 3.33333e-06
5910 3.33333e-06
5920 1.66667e-06
5930 1.66667e-06
5940 3.33333e-06
5950 3.33333e-06
5960 3.33333e-06
5970 1.66667e-06
5980 1.66667e-06
5990 3.33333e-06
6000 2.77556e-17
6010 1.66667e-06
6020 2.77556e-17
6030 3.33333e-06
6040 3.33333e-06
6050 3.33333e-06
6060 1.66667e-06
6070 3.33333e-06
6080 1.66667e-06
6090 1.66667e-06
6100 1.66667e-06
6110 1.66667e-06
6120 3.33333e-06
6130 2.77556e-17
6140 2.77556e-17
6150 1.66667e-06
6160 2.77556e-17
6170 1.66667e-06
6180 2.77556e-17
6190 1.66667e-06
6200 1.66667e-06
6210 1.66667e-06
6220 3.33333e-06
6230 3.33333e-06
6240 3.33333e-06
6250 3.33333e-06
6260 2.77556e-17
6270 2.77556e-17
6280 2.77556e-17
6290 3.33333e-06
6300 2.77556e-17
6310 1.66667e-06
6320 2.77556e-17
6330 3.33333e-06
6340 1.66667e-06
6350 3.33333e-06
6360 1.66667e-06
6370 1.66667e-06
6380 1.66667e-06
6390 3.33333e-06
6400 1.66667e-06
6410 3.33333e-06
6420 2.77556e-17
6430 1.66667e-06
6440 1.66667e-06
6450 1.66667e-06
6460 3.33333e-06
6470 3.33333e-06
6480 1.66667e-06
6490 2.77556e-17
6500 1.66667e-06
6510 1.66667e-06
6520 1.66667e-06
6530 3.33333e-06
6540 1.66667e-06
6550 3.33333e-06
6560 3.33333e-06
6570 2.77556e-17
6580 1.66667e-06
6590 3.33333e-06
6600 3.33333e-06
6610 1.66667e-06
6620 2.77556e-17
6630 3.33333e-06
6640 1.66667e-06
6650 1.66667e-06
6660 2.77556e-17
6670 2.77556e-17
6680 3.33333e-06
6690 2.77556e-17
6700 1.66667e-06
6710 1.66667e-06
6720 1.66667e-06
6730 2.77556e-17
6740 1.66667e-06
6750 3.33333e-06
6760 1.66667e-06
6770 1.66667e-06
6780 3.33333e-06
6790 1.66667e-06
6800 2.77556e-17
6810 3.33333e-06
6820 3.33333e-06
6830 3.33333e-06
6840 3.33333e-06
6850 3.33333e-06
6860 3.33333e-06
6870 3.33333e-06
6880 1.66667e-06
6890 1.66667e-06
6900 3.33333e-06
6910 1.66667e-06
6920 2.77556e-17
6930 1.66667e-06
6940 3.33333e-06
6950 1.66667e-06
6960 1.66667e-06
6970 3.33333e-06
6980 3.33333e-06
6990 1.66667e-06
7000 3.33333e-06
7010 2.77556e-17
7020 1.66667e-06
7030 1.66667e-06
7040 1.66667e-06
7050 1.66667e-06
7060 2.77556e-17
7070 1.66667e-06
7080 1.66667e-06
7090 2.77556e-17
7100 1.66667e-06
7110 1.66667e-06
7120 3.33333e-06
7130 1.66667e-06
7140 2.77556e-17
7150 3.33333e-06
7160 2.77556e-17
7170 2.77556e-17
7180 1.66667e-06
7190 2.77556e-17
7200 2.77556e-17
7210 1.66667e-06
7220 2.77556e-17
7230 1.66667e-06
7240 1.66667e-06
7250 2.77556e-17
7260 2.77556e-17
7270 1.66667e-06
7280 3.33333e-06
7290 1.66667e-06
7300 2.77556e-17
7310 2.77556e-17
7320 1.66667e-06
7330 1.66667e-06
7340 1.66667e-06
7350 3.33333e-06
7360 1.66667e-06
7370 1.66667e-06
7380 1.66667e-06
7390 3.33333e-06
7400 2.77556e-17
7410 1.66667e-06
7420 1.66667e-06
7430 1.66667e-06
7440 3.33333e-06
7450 1.66667e-06
7460 1.66667e-06
7470 1.66667e-06
7480 3.33333e-06
7490 1.66667e-06
7500 3.33333e-06
7510 1.66667e-06
7520 3.33333e-06
7530 1.66667e-06
7540 1.66667e-06
7550 1.66667e-06
7560 3.33333e-06
7570 3.33333e-06
7580 1.66667e-06
7590 2.77556e-17
7600 2.77556e-17
7610 2.77556e-17
7620 1.66667e-06
7630 2.77556e-17
7640 2.77556e-17
7650 2.77556e-17
7660 2.77556e-17
7670 1.66667e-06
7680 1.66667e-06
7690 1.66667e-06
7700 1.66667e-06
7710 2.77556e-17
7720 3.33333e-06
7730 1.66667e-06
7740 3.33333e-06
7750 3.33333e-06
7760 1.66667e-06
7770 1.66667e-06
7780 1.66667e-06
7790 3.33333e-06
7800 3.33333e-06
7810 3.33333e-06
7820 2.77556e-17
7830 2.77556e-17
7840 3.33333e-06
7850 1.66667e-06
7860 2.77556e-17
7870 2.77556e-17
7880 1.66667e-06
7890 2.77556e-17
7900 3.33333e-06
7910 2.77556e-17
7920 3.33333e-06
7930 3.33333e-06
7940 1.66667e-06
7950 1.66667e-06
7960 1.66667e-06
7970 2.77556e-17
7980 1.66667e-06
7990 2.77556e-17
8000 2.77556e-17
8010 1.66667e-06
8020 1.66667e-06
8030 1.66667e-06
8040 1.66667e-06
8050 3.33333e-06
8060 1.66667e-06
8070 1.66667e-06
8080 2.77556e-17
8090 1.66667e-06
8100 3.33333e-06
8110 3.33333e-06
8120 2.77556e-17
8130 2.77556e-17
8140 1.66667e-06
8150 2.77556e-17
8160 1.66667e-06
8170 3.33333e-06
8180 2.77556e-17
8190 2.77556e-17
8200 1.66667e-06
8210 1.66667e-06
8220 1.66667e-06
8230 1.66667e-06
8240 3.33333e-06
8250 1.66667e-06
8260 3.33333e-06
8270 1.66667e-06
8280 1.66667e-06
8290 3.33333e-06
8300 1.66667e-06
8310 1.66667e-06
8320 1.66667e-06
8330 2.77556e-17
8340 1.66667e-06
8350 1.66667e-06
8360 2.77556e-17
8370 2.77556e-17
8380 1.66667e-06
8390 1.66667e-06
8400 2.77556e-17
8410 3.33333e-06
8420 1.66667e-06
8430 1.66667e-06
8440 2.77556e-17
8450 1.66667e-06
8460 1.66667e-06
8470 3.33333e-06
8480 1.66667e-06
8490 3.33333e-06
8500 1.66667e-06
8510 1.66667e-06
8520 2.77556e-17
8530 1.66667e-06
8540 3.33333e-06
8550 1.66667e-06
8560 1.66667e-06
8570 1.66667e-06
8580 3.33333e-06
8590 3.33333e-06
8600 3.33333e-06
8610 1.66667e-06
8620 1.66667e-06
8630 3.33333e-06
8640 1.66667e-06
8650 1.66667e-06
8660 2.77556e-17
8670 3.33333e-06
8680 3.33333e-06
8690 3.33333e-06
8700 1.66667e-06
8710 3.33333e-06
8720 1.66667e-06
8730 3.33333e-06
8740 3.33333e-06
8750 1.66667e-06
8760 1.66667e-06
8770 2.77556e-17
8780 1.66667e-06
8790 3.33333e-06
8800 1.66667e-06
8810 2.77556e-17
8820 1.66667e-06
8830 1.66667e-06
8840 2.77556e-17
8850 2.77556e-17
8860 1.66667e-06
8870 3.33333e-06
8880 3.33333e-06
8890 1.66667e-06
8900 1.66667e-06
8910 3.33333e-06
8920 1.66667e-06
8930 2.77556e-17
8940 2.77556e-17
8950 3.33333e-06
8960 2.77556e-17
8970 2.77556e-17
8980 1.66667e-06
8990 3.33333e-06
9000 1.66667e-06
9010 2.77556e-17
9020 1.66667e-06
9030 3.33333e-06
9040 1.66667e-06
9050 1.66667e-06
9060 3.33333e-06
9070 1.66667e-06
9080 3.33333e-06
9090 1.66667e-06
9100 1.66667e-06
9110 3.33333e-06
9120 3.33333e-06
9130 1.66667e-06
9140 1.66667e-06
9150 1.66667e-06
9160 1.66667e-06
9170 2.77556e-17
9180 3.33333e-06
9190 1.66667e-06
9200 1.66667e-06
9210 1.66667e-06
9220 2.77556e-17
9230 1.66667e-06
9240 1.66667e-06
9250 2.77556e-17
9260 1.66667e-06
9270 3.33333e-06
9280 3.33333e-06
9290 1.66667e-06
9300 1.66667e-06
9310 3.33333e-06
9320 1.66667e-06
9330 1.66667e-06
9340 1.66667e-06
9350 3.33333e-06
9360 1.66667e-06
9370 1.66667e-06
9380 1.66667e-06
9390 2.77556e-17
9400 1.66667e-06
9410 1.66667e-06
9420 3.33333e-06
9430 3.33333e-06
9440 1.66667e-06
9450 3.33333e-06
9460 1.66667e-06
9470 3.33333e-06
9480 1.66667e-06
9490 1.66667e-06
9500 3.33333e-06
9510 1.66667e-06
9520 3.33333e-06
9530 1.66667e-06
9540 1.66667e-06
9550 1.66667e-06
9560 1.66667e-06
9570 1.66667e-06
9580 2.77556e-17
9590 3.33333e-06
9600 2.77556e-17
9610 1.66667e-06
9620 1.66667e-06
9630 1.66667e-06
9640 1.66667e-06
9650 1.66667e-06
9660 3.33333e-06
9670 3.33333e-06
9680 1.66667e-06
9690 2.77556e-17
9700 1.66667e-06
9710 1.66667e-06
9720 3.33333e-06
9730 1.66667e-06
9740 3.33333e-06
9750 1.66667e-06
9760 3.33333e-06
9770 1.66667e-06
9780 2.77556e-17
9790 3.33333e-06
9800 3.33333e-06
9810 1.66667e-06
9820 1.66667e-06
9830 2.77556e-17
9840 3.33333e-06
9850 1.66667e-06
9860 1.66667e-06
9870 3.33333e-06
9880 2.77556e-17
9890 2.77556e-17
9900 1.66667e-06
9910 1.66667e-06
9920 1.66667e-06
9930 1.66667e-06
9940 1.66667e-06
9950 1.66667e-06
9960 3.33333e-06
9970 1.66667e-06
9980 1.66667e-06
9990 1.66667e-06
10000 1.66667e-06
10010 1.66667e-06
10020 3.33333e-06
10030 1.66667e-06
10040 1.66667e-06
10050 1.66667e-06
10060 2.77556e-17
10070 2.77556e-17
10080 3.33333e-06
10090 3.33333e-06
10100 1.66667e-06
10110 3.33333e-06
10120 1.66667e-06
10130 2.77556e-17
10140 2.77556e-17
10150 1.66667e-06
10160 1.66667e-06
10170 3.33333e-06
10180 3.33333e-06
10190 3.33333e-06
10200 2.77556e-17
10210 2.77556e-17
10220 1.66667e-06
10230 1.66667e-06
10240 1.66667e-06
10250 3.33333e-06
10260 3.33333e-06
10270 3.33333e-06
10280 1.66667e-06
10290 3.33333e-06
10300 3.33333e-06
10310 3.33333e-06
10320 2.77556e-17
10330 2.77556e-17
10340 2.77556e-17
10350 1.66667e-06
10360 3.33333e-06
10370 1.66667e-06
10380 1.66667e-06
10390 1.66667e-06
10400 3.33333e-06
10410 3.33333e-06
10420 1.66667e-06
10430 1.66667e-06
10440 3.33333e-06
10450 2.77556e-17
10460 1.66667e-06
10470 1.66667e-06
10480 1.66667e-06
10490 3.33333e-06
10500 3.33333e-06
10510 1.66667e-06
10520 1.66667e-06
10530 2.77556e-17
10540 3.33333e-06
10550 1.66667e-06
10560 1.66667e-06
10570 2.77556e-17
10580 3.33333e-06
10590 2.77556e-17
10600 3.33333e-06
10610 1.66667e-06
10620 1.66667e-06
10630 1.66667e-06
10640 1.66667e-06
10650 1.66667e-06
10660 2.77556e-17
10670 1.66667e-06
10680 3.33333e-06
10690 3.33333e-06
10700 2.77556e-17
10710 2.77556e-17
10720 1.66667e-06
10730 1.66667e-06
10740 2.77556e-17
10750 1.66667e-06
10760 3.33333e-06
10770 2.77556e-17
10780 1.66667e-06
10790 2.77556e-17
10800 1.66667e-06
10810 1.66667e-06
10820 3.33333e-06
10830 1.66667e-06
10840 1.66667e-06
10850 1.66667e-06
10860 3.33333e-06
10870 2.77556e-17
10880 1.66667e-06
10890 3.33333e-06
10900 3.33333e-06
10910 1.66667e-06
10920 2.77556e-17
10930 1.66667e-06
10940 1.66667e-06
10950 2.77556e-17
10960 2.77556e-17
10970 2.77556e-17
10980 1.66667e-06
10990 1.66667e-06
11000 1.66667e-06
11010 1.66667e-06
11020 2.77556e-17
11030 2.77556e-17
11040 1.66667e-06
11050 1.66667e-06
11060 3.33333e-06
11070 1.66667e-06
11080 2.77556e-17
11090 1.66667e-06
11100 2.77556e-17
11110 1.66667e-06
11120 1.66667e-06
11130 3.33333e-06
11140 2.77556e-17
11150 1.66667e-06
11160 1.66667e-06
11170 1.66667e-06
11180 1.66667e-06
11190 3.33333e-06
11200 2.77556e-17
11210 1.66667e-06
11220 1.66667e-06
11230 3.33333e-06
11240 3.33333e-06
11250 3.33333e-06
11260 2.77556e-17
11270 1.66667e-06
11280 1.66667e-06
11290 2.77556e-17
11300 2.77556e-17
11310 2.77556e-17
11320 2.77556e-17
11330 2.77556e-17
11340 2.77556e-17
11350 2.77556e-17
11360 2.77556e-17
11370 1.66667e-06
11380 3.33333e-06
11390 1.66667e-06
11400 1.66667e-06
11410 1.66667e-06
11420 1.66667e-06
11430 1.66667e-06
11440 1.66667e-06
11450 3.33333e-06
11460 3.33333e-06
11470 1.66667e-06
11480 1.66667e-06
11490 1.66667e-06
11500 1.66667e-06
11510 2.77556e-17
11520 2.77556e-17
11530 1.66667e-06
11540 1.66667e-06
11550 2.77556e-17
11560 1.66667e-06
11570 3.33333e-06
11580 1.66667e-06
11590 1.66667e-06
11600 1.66667e-06
11610 1.66667e-06
11620 1.66667e-06
11630 2.77556e-17
11640 1.66667e-06
11650 2.77556e-17
11660 1.66667e-06
11670 2.77556e-17
11680 1.66667e-06
11690 2.77556e-17
11700 2.77556e-17
11710 2.77556e-17
11720 1.66667e-06
11730 2.77556e-17
11740 2.77556e-17
11750 1.66667e-06
11760 3.33333e-06
11770 1.66667e-06
11780 1.66667e-06
11790 1.66667e-06
11800 1.66667e-06
11810 2.77556e-17
11820 2.77556e-17
11830 1.66667e-06
11840 3.33333e-06
11850 3.33333e-06
11860 3.33333e-06
11870 2.77556e-17
11880 2.77556e-17
11890 2.77556e-17
11900 1.66667e-06
11910 1.66667e-06
11920 1.66667e-06
11930 2.77556e-17
11940 1.66667e-06
11950 2.77556e-17
11960 2.77556e-17
11970 2.77556e-17
11980 1.66667e-06
11990 1.66667e-06
12000 1.66667e-06
12010 2.77556e-17
12020 3.33333e-06
12030 1.66667e-06
12040 3.33333e-06
12050 3.33333e-06
12060 2.77556e-17
12070 3.33333e-06
12080 2.77556e-17
12090 1.66667e-06
12100 1.66667e-06
12110 2.77556e-17
12120 1.66667e-06
12130 2.77556e-17
12140 2.77556e-17
12150 1.66667e-06
12160 1.66667e-06
12170 3.33333e-06
12180 1.66667e-06
12190 3.33333e-06
12200 2.77556e-17
12210 1.66667e-06
12220 1.66667e-06
12230 2.77556e-17
12240 3.33333e-06
12250 1.66667e-06
12260 1.66667e-06
12270 3.33333e-06
12280 3.33333e-06
12290 1.66667e-06
12300 1.66667e-06
12310 3.33333e-06
12320 1.66667e-06
12330 3.33333e-06
12340 3.33333e-06
12350 3.33333e-06
12360 1.66667e-06
12370 1.66667e-06
12380 1.66667e-06
12390 2.77556e-17
12400 2.77556e-17
12410 1.66667e-06
12420 2.77556e-17
12430 2.77556e-17
12440 1.66667e-06
12450 3.33333e-06
12460 3.33333e-06
12470 3.33333e-06
12480 3.33333e-06
12490 1.66667e-06
12500 1.66667e-06
12510 1.66667e-06
12520 3.33333e-06
12530 1.66667e-06
12540 1.66667e-06
12550 3.33333e-06
12560 1.66667e-06
12570 1.66667e-06
12580 1.66667e-06
12590 1.66667e-06
12600 1.66667e-06
12610 2.77556e-17
12620 1.66667e-06
12630 2.77556e-17
12640 1.66667e-06
12650 1.66667e-06
12660 1.66667e-06
12670 1.66667e-06
12680 2.77556e-17
12690 1.66667e-06
12700 1.66667e-06
12710 1.66667e-06
12720 1.66667e-06
12730 1.66667e-06
12740 2.77556e-17
12750 3.33333e-06
12760 1.66667e-06
12770 3.33333e-06
12780 1.66667e-06
12790 2.77556e-17
12800 1.66667e-06
12810 1.66667e-06
12820 1.66667e-06
12830 3.33333e-06
12840 1.66667e-06
12850 1.66667e-06
12860 1.66667e-06
12870 1.66667e-06
12880 2.77556e-17
12890 1.66667e-06
12900 1.66667e-06
12910 1.66667e-06
12920 1.66667e-06
12930 2.77556e-17
12940 1.66667e-06
12950 1.66667e-06
12960 3.33333e-06
12970 2.77556e-17
12980 2.77556e-17
12990 1.66667e-06
13000 3.33333e-06
13010 1.66667e-06
13020 2.77556e-17
13030 3.33333e-06
13040 2.77556e-17
13050 1.66667e-06
13060 1.66667e-06
13070 1.66667e-06
13080 1.66667e-06
13090 1.66667e-06
13100 1.66667e-06
13110 1.66667e-06
13120 3.33333e-06
13130 3.33333e-06
13140 3.33333e-06
13150 3.33333e-06
13160 3.33333e-06
13170 3.33333e-06
13180 1.66667e-06
13190 3.33333e-06
13200 2.77556e-17
13210 2.77556e-17
13220 1.66667e-06
13230 2.77556e-17
13240 2.77556e-17
13250 1.66667e-06
13260 1.66667e-06
13270 3.33333e-06
13280 2.77556e-17
13290 2.77556e-17
13300 2.77556e-17
13310 3.33333e-06
13320 1.66667e-06
13330 1.66667e-06
13340 1.66667e-06
13350 2.77556e-17
13360 2.77556e-17
13370 1.66667e-06
13380 1.66667e-06
13390 1.66667e-06
13400 1.66667e-06
13410 2.77556e-17
13420 2.77556e-17
13430 3.33333e-06
13440 1.66667e-06
13450 3.33333e-06
13460 3.33333e-06
13470 3.33333e-06
13480 1.66667e-06
13490 1.66667e-06
13500 2.77556e-17
13510 1.66667e-06
13520 1.66667e-06
13530 3.33333e-06
13540 1.66667e-06
13550 2.77556e-17
13560 1.66667e-06
13570 2.77556e-17
13580 3.33333e-06
13590 1.66667e-06
13600 3.33333e-06
13610 2.77556e-17
13620 2.77556e-17
13630 1.66667e-06
13640 3.33333e-06
13650 2.77556e-17
13660 1.66667e-06
13670 1.66667e-06
13680 2.77556e-17
13690 1.66667e-06
13700 3.33333e-06
13710 2.77556e-17
13720 2.77556e-17
13730 2.77556e-17
13740 3.33333e-06
13750 1.66667e-06
13760 2.77556e-17
13770 2.77556e-17
13780 1.66667e-06
13790 1.66667e-06
13800 1.66667e-06
13810 3.33333e-06
13820 2.77556e-17
13830 2.77556e-17
13840 2.77556e-17
13850 2.77556e-17
13860 1.66667e-06
13870 1.66667e-06
13880 1.66667e-06
13890 3.33333e-06
13900 3.33333e-06
13910 3.33333e-06
13920 1.66667e-06
13930 3.33333e-06
13940 2.77556e-17
13950 2.77556e-17
13960 1.66667e-06
13970 1.66667e-06
13980 1.66667e-06
13990 1.66667e-06
14000 1.66667e-06
14010 1.66667e-06
14020 3.33333e-06
14030 1.66667e-06
14040 3.33333e-06
14050 1.66667e-06
14060 1.66667e-06
14070 2.77556e-17
14080 3.33333e-06
14090 3.33333e-06
14100 1.66667e-06
14110 3.33333e-06
14120 1.66667e-06
14130 2.77556e-17
14140 1.66667e-06
14150 1.66667e-06
14160 3.33333e-06
14170 1.66667e-06
14180 2.77556e-17
14190 1.66667e-06
14200 1.66667e-06
14210 2.77556e-17
14220 1.66667e-06
14230 1.66667e-06
14240 3.33333e-06
14250 2.77556e-17
14260 1.66667e-06
14270 1.66667e-06
14280 1.66667e-06
14290 1.66667e-06
14300 2.77556e-17
14310 2.77556e-17
14320 2.77556e-17
14330 3.33333e-06
14340 3.33333e-06
14350 2.77556e-17
14360 2.77556e-17
14370 1.66667e-06
14380 3.33333e-06
14390 1.66667e-06
14400 1.66667e-06
14410 2.77556e-17
14420 1.66667e-06
14430 1.66667e-06
14440 3.33333e-06
14450 1.66667e-06
14460 1.66667e-06
14470 1.66667e-06
14480 1.66667e-06
14490 1.66667e-06
14500 1.66667e-06
14510 2.77556e-17
14520 3.33333e-06
14530 1.66667e-06
14540 1.66667e-06
14550 2.77556e-17
14560 2.77556e-17
14570 1.66667e-06
14580 1.66667e-06
14590 1.66667e-06
14600 3.33333e-06
14610 3.33333e-06
14620 3.33333e-06
14630 1.66667e-06
14640 1.66667e-06
14650 2.77556e-17
14660 1.66667e-06
14670 1.66667e-06
14680 1.66667e-06
14690 2.77556e-17
14700 1.66667e-06
14710 2.77556e-17
14720 3.33333e-06
14730 3.33333e-06
14740 2.77556e-17
14750 2.77556e-17
14760 3.33333e-06
14770 3.33333e-06
14780 1.66667e-06
14790 1.66667e-06
14800 1.66667e-06
14810 2.77556e-17
14820 2.77556e-17
14830 1.66667e-06
14840 3.33333e-06
14850 2.77556e-17
14860 2.77556e-17
14870 2.77556e-17
14880 1.66667e-06
14890 1.66667e-06
14900 2.77556e-17
14910 1.66667e-06
14920 1.66667e-06
14930 1.66667e-06
14940 2.77556e-17
14950 3.33333e-06
14960 2.77556e-17
14970 2.77556e-17
14980 1.66667e-06
14990 3.33333e-06
15000 1.66667e-06
15010 1.66667e-06
15020 1.66667e-06
15030 1.66667e-06
15040 2.77556e-17
15050 1.66667e-06
15060 1.66667e-06
15070 1.66667e-06
15080 2.77556e-17
15090 1.66667e-06
15100 1.66667e-06
15110 1.66667e-06
15120 1.66667e-06
15130 1.66667e-06
15140 2.77556e-17
15150 2.77556e-17
15160 2.77556e-17
15170 3.33333e-06
15180 1.66667e-06
15190 3.33333e-06
15200 3.33333e-06
15210 1.66667e-06
15220 1.66667e-06
15230 1.66667e-06
15240 1.66667e-06
15250 1.66667e-06
15260 2.77556e-17
15270 2.77556e-17
15280 1.66667e-06
15290 1.66667e-06
15300 2.77556e-17
15310 2.77556e-17
15320 1.66667e-06
15330 2.77556e-17
15340 1.66667e-06
15350 1.66667e-06
15360 1.66667e-06
15370 1.66667e-06
15380 1.66667e-06
15390 1.66667e-06
15400 2.77556e-17
15410 2.77556e-17
15420 2.77556e-17
15430 3.33333e-06
15440 3.33333e-06
15450 3.33333e-06
15460 1.66667e-06
15470 1.66667e-06
15480 2.77556e-17
15490 2.77556e-17
15500 2.77556e-17
15510 1.66667e-06
15520 1.66667e-06
15530 1.66667e-06
15540 3.33333e-06
15550 2.77556e-17
15560 3.33333e-06
15570 1.66667e-06
15580 1.66667e-06
15590 1.66667e-06
15600 3.33333e-06
15610 3.33333e-06
15620 3.33333e-06
15630 1.66667e-06
15640 3.33333e-06
15650 2.77556e-17
15660 2.77556e-17
15670 1.66667e-06
15680 3.33333e-06
15690 1.66667e-06
15700 1.66667e-06
15710 1.66667e-06
15720 2.77556e-17
15730 3.33333e-06
15740 3.33333e-06
15750 1.66667e-06
15760 1.66667e-06
15770 2.77556e-17
15780 1.66667e-06
15790 2.77556e-17
15800 1.66667e-06
15810 1.66667e-06
15820 1.66667e-06
15830 1.66667e-06
15840 1.66667e-06
15850 1.66667e-06
15860 1.66667e-06
15870 1.66667e-06
15880 2.77556e-17
15890 1.66667e-06
15900 2.77556e-17
15910 1.66667e-06
15920 1.66667e-06
15930 2.77556e-17
15940 1.66667e-06
15950 2.77556e-17
15960 3.33333e-06
15970 1.66667e-06
15980 3.33333e-06
15990 3.33333e-06
16000 2.77556e-17
16010 2.77556e-17
16020 3.33333e-06
16030 3.33333e-06
16040 2.77556e-17
16050 1.66667e-06
16060 2.77556e-17
16070 2.77556e-17
16080 1.66667e-06
16090 1.66667e-06
16100 1.66667e-06
16110 1.66667e-06
16120 1.66667e-06
16130 1.66667e-06
16140 1.66667e-06
16150 1.66667e-06
16160 3.33333e-06
16170 1.66667e-06
16180 1.66667e-06
16190 2.77556e-17
16200 2.77556e-17
16210 1.66667e-06
16220 2.77556e-17
16230 1.66667e-06
16240 2.77556e-17
16250 2.77556e-17
16260 2.77556e-17
16270 3.33333e-06
16280 2.77556e-17
16290 1.66667e-06
16300 2.77556e-17
16310 1.66667e-06
16320 2.77556e-17
16330 3.33333e-06
16340 2.77556e-17
16350 1.66667e-06
16360 2.77556e-17
16370 3.33333e-06
16380 1.66667e-06
16390 2.77556e-17
16400 2.77556e-17
16410 2.77556e-17
16420 1.66667e-06
16430 1.66667e-06
16440 1.66667e-06
16450 1.66667e-06
16460 1.66667e-06
16470 1.66667e-06
16480 1.66667e-06
16490 3.33333e-06
16500 2.77556e-17
16510 3.33333e-06
16520 1.66667e-06
16530 3.33333e-06
16540 1.66667e-06
16550 1.66667e-06
16560 3.33333e-06
16570 1.66667e-06
16580 3.33333e-06
16590 2.77556e-17
16600 3.33333e-06
16610 3.33333e-06
16620 1.66667e-06
16630 1.66667e-06
16640 1.66667e-06
16650 2.77556e-17
16660 1.66667e-06
16670 3.33333e-06
16680 2.77556e-17
16690 2.77556e-17
16700 2.77556e-17
16710 2.77556e-17
16720 1.66667e-06
16730 3.33333e-06
16740 3.33333e-06
16750 1.66667e-06
16760 1.66667e-06
16770 1.66667e-06
16780 2.77556e-17
16790 1.66667e-06
16800 2.77556e-17
16810 1.66667e-06
16820 1.66667e-06
16830 2.77556e-17
16840 3.33333e-06
16850 1.66667e-06
16860 1.66667e-06
16870 3.33333e-06
16880 2.77556e-17
16890 1.66667e-06
16900 1.66667e-06
16910 2.77556e-17
16920 1.66667e-06
16930 1.66667e-06
16940 2.77556e-17
16950 1.66667e-06
16960 1.66667e-06
16970 1.66667e-06
16980 2.77556e-17
16990 1.66667e-06
17000 1.66667e-06
17010 1.66667e-06
17020 2.77556e-17
17030 2.77556e-17
17040 1.66667e-06
17050 1.66667e-06
17060 1.66667e-06
17070 2.77556e-17
17080 2.77556e-17
17090 2.77556e-17
17100 1.66667e-06
17110 2.77556e-17
17120 3.33333e-06
17130 1.66667e-06
17140 1.66667e-06
17150 3.33333e-06
17160 1.66667e-06
17170 3.33333e-06
17180 2.77556e-17
17190 1.66667e-06
17200 2.77556e-17
17210 3.33333e-06
17220 3.33333e-06
17230 2.77556e-17
17240 2.77556e-17
17250 2.77556e-17
17260 2.77556e-17
17270 1.66667e-06
17280 1.66667e-06
17290 1.66667e-06
17300 3.33333e-06
17310 1.66667e-06
17320 1.66667e-06
17330 3.33333e-06
17340 2.77556e-17
17350 2.77556e-17
17360 1.66667e-06
17370 3.33333e-06
17380 1.66667e-06
17390 1.66667e-06
17400 2.77556e-17
17410 1.66667e-06
17420 1.66667e-06
17430 2.77556e-17
17440 3.33333e-06
17450 2.77556e-17
17460 1.66667e-06
17470 2.77556e-17
17480 3.33333e-06
17490 2.77556e-17
17500 3.33333e-06
17510 1.66667e-06
17520 1.66667e-06
17530 2.77556e-17
17540 3.33333e-06
17550 1.66667e-06
17560 1.66667e-06
17570 2.77556e-17
17580 3.33333e-06
17590 3.33333e-06
17600 2.77556e-17
17610 1.66667e-06
17620 3.33333e-06
17630 3.33333e-06
17640 1.66667e-06
17650 1.66667e-06
17660 1.66667e-06
17670 2.77556e-17
17680 3.33333e-06
17690 3.33333e-06
17700 3.33333e-06
17710 1.66667e-06
17720 1.66667e-06
17730 2.77556e-17
17740 1.66667e-06
17750 2.77556e-17
17760 3.33333e-06
17770 3.33333e-06
17780 1.66667e-06
17790 2.77556e-17
17800 1.66667e-06
17810 1.66667e-06
17820 3.33333e-06
17830 2.77556e-17
17840 2.77556e-17
17850 1.66667e-06
17860 3.33333e-06
17870 2.77556e-17
17880 2.77556e-17
17890 3.33333e-06
17900 1.66667e-06
17910 2.77556e-17
17920 2.77556e-17
17930 2.77556e-17
17940 2.77556e-17
17950 1.66667e-06
17960 1.66667e-06
17970 1.66667e-06
17980 2.77556e-17
17990 1.66667e-06
18000 3.33333e-06
18010 3.33333e-06
18020 3.33333e-06
18030 1.66667e-06
18040 1.66667e-06
18050 3.33333e-06
18060 2.77556e-17
18070 2.77556e-17
18080 1.66667e-06
18090 1.66667e-06
18100 2.77556e-17
18110 1.66667e-06
18120 1.66667e-06
18130 1.66667e-06
18140 1.66667e-06
18150 3.33333e-06
18160 3.33333e-06
18170 3.33333e-06
18180 1.66667e-06
18190 3.33333e-06
18200 1.66667e-06
18210 1.66667e-06
18220 2.77556e-17
18230 2.77556e-17
18240 3.33333e-06
18250 2.77556e-17
18260 1.66667e-06
18270 1.66667e-06
18280 1.66667e-06
18290 1.66667e-06
18300 3.33333e-06
18310 2.77556e-17
18320 1.66667e-06
18330 1.66667e-06
18340 1.66667e-06
18350 1.66667e-06
18360 1.66667e-06
18370 1.66667e-06
18380 1.66667e-06
18390 3.33333e-06
18400 3.33333e-06
18410 3.33333e-06
18420 1.66667e-06
18430 1.66667e-06
18440 3.33333e-06
18450 1.66667e-06
18460 1.66667e-06
18470 3.33333e-06
18480 1.66667e-06
18490 2.77556e-17
18500 3.33333e-06
18510 1.66667e-06
18520 2.77556e-17
18530 1.66667e-06
18540 2.77556e-17
18550 1.66667e-06
18560 1.66667e-06
18570 2.77556e-17
18580 1.66667e-06
18590 1.66667e-06
18600 2.77556e-17
18610 3.33333e-06
18620 3.33333e-06
18630 1.66667e-06
18640 2.77556e-17
18650 1.66667e-06
18660 1.66667e-06
18670 2.77556e-17
18680 1.66667e-06
18690 1.66667e-06
18700 1.66667e-06
18710 2.77556e-17
18720 2.77556e-17
18730 2.77556e-17
18740 2.77556e-17
18750 2.77556e-17
18760 1.66667e-06
18770 1.66667e-06
18780 1.66667e-06
18790 1.66667e-06
18800 1.66667e-06
18810 3.33333e-06
18820 3.33333e-06
18830 1.66667e-06
18840 3.33333e-06
18850 1.66667e-06
18860 1.66667e-06
18870 2.77556e-17
18880 1.66667e-06
18890 2.77556e-17
18900 1.66667e-06
18910 1.66667e-06
18920 1.66667e-06
18930 3.33333e-06
18940 2.77556e-17
18950 1.66667e-06
18960 1.66667e-06
18970 1.66667e-06
18980 2.77556e-17
18990 1.66667e-06
19000 2.77556e-17
19010 2.77556e-17
19020 1.66667e-06
19030 1.66667e-06
19040 1.66667e-06
19050 1.66667e-06
19060 3.33333e-06
19070 1.66667e-06
19080 1.66667e-06
19090 3.33333e-06
19100 1.66667e-06
19110 1.66667e-06
19120 1.66667e-06
19130 3.33333e-06
19140 1.66667e-06
19150 2.77556e-17
19160 2.77556e-17
19170 1.66667e-06
19180 3.33333e-06
19190 3.33333e-06
19200 2.77556e-17
19210 1.66667e-06
19220 1.66667e-06
19230 2.77556e-17
19240 1.66667e-06
19250 3.33333e-06
19260 1.66667e-06
19270 3.33333e-06
19280 2.77556e-17
19290 2.77556e-17
19300 1.66667e-06
19310 1.66667e-06
19320 1.66667e-06
19330 1.66667e-06
19340 1.66667e-06
19350 3.33333e-06
19360 3.33333e-06
19370 1.66667e-06
19380 1.66667e-06
19390 3.33333e-06
19400 1.66667e-06
19410 1.66667e-06
19420 1.66667e-06
19430 3.33333e-06
19440 3.33333e-06
19450 1.66667e-06
19460 3.33333e-06
19470 1.66667e-06
19480 1.66667e-06
19490 2.77556e-17
19500 1.66667e-06
19510 1.66667e-06
19520 2.77556e-17
19530 3.33333e-06
19540 1.66667e-06
19550 1.66667e-06
19560 3.33333e-06
19570 1.66667e-06
19580 1.66667e-06
19590 2.77556e-17
19600 1.66667e-06
19610 1.66667e-06
19620 1.66667e-06
19630 2.77556e-17
19640 2.77556e-17
19650 1.66667e-06
19660 2.77556e-17
19670 3.33333e-06
19680 1.66667e-06
19690 1.66667e-06
19700 1.66667e-06
19710 1.66667e-06
19720 1.66667e-06
19730 1.66667e-06
19740 1.66667e-06
19750 3.33333e-06
19760 2.77556e-17
19770 3.33333e-06
19780 1.66667e-06
19790 1.66667e-06
19800 3.33333e-06
19810 1.66667e-06
19820 2.77556e-17
19830 3.33333e-06
19840 1.66667e-06
19850 1.66667e-06
19860 2.77556e-17
19870 2.77556e-17
19880 3.33333e-06
19890 1.66667e-06
19900 1.66667e-06
19910 2.77556e-17
19920 1.66667e-06
19930 1.66667e-06
19940 1.66667e-06
19950 2.77556e-17
19960 3.33333e-06
19970 2.77556e-17
19980 1.66667e-06
19990 1.66667e-06
20000 3.33333e-06
20010 1.66667e-06
20020 1.66667e-06
20030 2.77556e-17
20040 2.77556e-17
20050 3.33333e-06
20060 1.66667e-06
20070 3.33333e-06
20080 1.66667e-06
20090 2.77556e-17
20100 1.66667e-06
20110 1.66667e-06
20120 3.33333e-06
20130 1.66667e-06
20140 3.33333e-06
20150 1.66667e-06
20160 1.66667e-06
20170 1.66667e-06
20180 1.66667e-06
20190 2.77556e-17
20200 1.66667e-06
20210 1.66667e-06
20220 2.77556e-17
20230 2.77556e-17
20240 1.66667e-06
20250 2.77556e-17
20260 1.66667e-06
20270 2.77556e-17
20280 2.77556e-17
20290 1.66667e-06
20300 3.33333e-06
20310 3.33333e-06
20320 3.33333e-06
20330 1.66667e-06
20340 1.66667e-06
20350 2.77556e-17
20360 1.66667e-06
20370 3.33333e-06
20380 1.66667e-06
20390 1.66667e-06
20400 1.66667e-06
20410 3.33333e-06
20420 3.33333e-06
20430 1.66667e-06
20440 1.66667e-06
20450 3.33333e-06
20460 1.66667e-06
20470 2.77556e-17
20480 3.33333e-06
20490 3.33333e-06
20500 3.33333e-06
20510 1.66667e-06
20520 3.33333e-06
20530 3.33333e-06
20540 3.33333e-06
20550 1.66667e-06
20560 2.77556e-17
20570 3.33333e-06
20580 1.66667e-06
20590 3.33333e-06
20600 3.33333e-06
20610 2.77556e-17
20620 1.66667e-06
20630 1.66667e-06
20640 2.77556e-17
20650 1.66667e-06
20660 1.66667e-06
20670 1.66667e-06
20680 1.66667e-06
20690 1.66667e-06
20700 1.66667e-06
20710 2.77556e-17
20720 1.66667e-06
20730 2.77556e-17
20740 2.77556e-17
20750 3.33333e-06
20760 2.77556e-17
20770 3.33333e-06
20780 3.33333e-06
20790 1.66667e-06
20800 1.66667e-06
20810 2.77556e-17
20820 2.77556e-17
20830 1.66667e-06
20840 1.66667e-06
20850 2.77556e-17
20860 1.66667e-06
20870 1.66667e-06
20880 1.66667e-06
20890 1.66667e-06
20900 2.77556e-17
20910 3.33333e-06
20920 2.77556e-17
20930 1.66667e-06
20940 2.77556e-17
20950 1.66667e-06
20960 2.77556e-17
20970 3.33333e-06
20980 1.66667e-06
20990 3.33333e-06
21000 1.66667e-06
21010 2.77556e-17
21020 3.33333e-06
21030 3.33333e-06
21040 1.66667e-06
21050 2.77556e-17
21060 2.77556e-17
21070 2.77556e-17
21080 2.77556e-17
21090 3.33333e-06
21100 1.66667e-06
21110 1.66667e-06
21120 2.77556e-17
21130 2.77556e-17
21140 2.77556e-17
21150 1.66667e-06
21160 1.66667e-06
21170 1.66667e-06
21180 1.66667e-06
21190 1.66667e-06
21200 2.77556e-17
21210 2.77556e-17
21220 1.66667e-06
21230 1.66667e-06
21240 1.66667e-06
21250 2.77556e-17
21260 3.33333e-06
21270 1.66667e-06
21280 2.77556e-17
21290 1.66667e-06
21300 1.66667e-06
21310 1.66667e-06
21320 1.66667e-06
21330 2.77556e-17
21340 1.66667e-06
21350 1.66667e-06
21360 1.66667e-06
21370 1.66667e-06
21380 2.77556e-17
21390 1.66667e-06
21400 1.66667e-06
21410 2.77556e-17
21420 1.66667e-06
21430 1.66667e-06
21440 1.66667e-06
21450 1.66667e-06
21460 1.66667e-06
21470 2.77556e-17
21480 2.77556e-17
21490 1.66667e-06
21500 1.66667e-06
21510 2.77556e-17
21520 2.77556e-17
21530 1.66667e-06
21540 2.77556e-17
21550 1.66667e-06
21560 2.77556e-17
21570 1.66667e-06
21580 2.77556e-17
21590 1.66667e-06
21600 1.66667e-06
21610 1.66667e-06
21620 2.77556e-17
21630 1.66667e-06
21640 1.66667e-06
21650 1.66667e-06
21660 2.77556e-17
21670 2.77556e-17
21680 1.66667e-06
21690 1.66667e-06
21700 2.77556e-17
21710 2.77556e-17
21720 1.66667e-06
21730 1.66667e-06
21740 1.66667e-06
21750 2.77556e-17
21760 1.66667e-06
21770 1.66667e-06
21780 2.77556e-17
21790 2.77556e-17
21800 2.77556e-17
21810 2.77556e-17
21820 2.77556e-17
21830 2.77556e-17
21840 1.66667e-06
21850 1.66667e-06
21860 3.33333e-06
21870 1.66667e-06
21880 2.77556e-17
21890 2.77556e-17
21900 1.66667e-06
21910 1.66667e-06
21920 2.77556e-17
21930 1.66667e-06
21940 3.33333e-06
21950 1.66667e-06
21960 1.66667e-06
21970 2.77556e-17
21980 1.66667e-06
21990 1.66667e-06
22000 1.66667e-06
22010 3.33333e-06
22020 2.77556e-17
22030 2.77556e-17
22040 1.66667e-06
22050 1.66667e-06
22060 2.77556e-17
22070 1.66667e-06
22080 2.77556e-17
22090 3.33333e-06
22100 1.66667e-06
22110 1.66667e-06
22120 1.66667e-06
22130 1.66667e-06
22140 1.66667e-06
22150 3.33333e-06
22160 1.66667e-06
22170 1.66667e-06
22180 1.66667e-06
22190 2.77556e-17
22200 2.77556e-17
22210 1.66667e-06
22220 2.77556e-17
22230 3.33333e-06
22240 1.66667e-06
22250 1.66667e-06
22260 2.77556e-17
22270 1.66667e-06
22280 3.33333e-06
22290 3.33333e-06
22300 1.66667e-06
22310 1.66667e-06
22320 1.66667e-06
22330 2.77556e-17
22340 3.33333e-06
22350 1.66667e-06
22360 3.33333e-06
22370 1.66667e-06
22380 3.33333e-06
22390 1.66667e-06
22400 1.66667e-06
22410 3.33333e-06
22420 3.33333e-06
22430 1.66667e-06
22440 1.66667e-06
22450 2.77556e-17
22460 1.66667e-06
22470 1.66667e-06
22480 2.77556e-17
22490 2.77556e-17
22500 1.66667e-06
22510 1.66667e-06
22520 1.66667e-06
22530 3.33333e-06
22540 2.77556e-17
22550 1.66667e-06
22560 3.33333e-06
22570 3.33333e-06
22580 1.66667e-06
22590 1.66667e-06
22600 2.77556e-17
22610 3.33333e-06
22620 1.66667e-06
22630 1.66667e-06
22640 3.33333e-06
22650 1.66667e-06
22660 3.33333e-06
22670 3.33333e-06
22680 3.33333e-06
22690 1.66667e-06
22700 3.33333e-06
22710 3.33333e-06
22720 1.66667e-06
22730 3.33333e-06
22740 1.66667e-06
22750 3.33333e-06
22760 1.66667e-06
22770 2.77556e-17
22780 2.77556e-17
22790 1.66667e-06
22800 3.33333e-06
22810 1.66667e-06
22820 1.66667e-06
22830 1.66667e-06
22840 1.66667e-06
22850 2.77556e-17
22860 2.77556e-17
22870 2.77556e-17
22880 1.66667e-06
22890 2.77556e-17
22900 2.77556e-17
22910 2.77556e-17
22920 2.77556e-17
22930 3.33333e-06
22940 2.77556e-17
22950 1.66667e-06
22960 1.66667e-06
22970 2.77556e-17
22980 1.66667e-06
22990 1.66667e-06
23000 3.33333e-06
23010 1.66667e-06
23020 1.66667e-06
23030 1.66667e-06
23040 1.66667e-06
23050 1.66667e-06
23060 3.33333e-06
23070 2.77556e-17
23080 3.33333e-06
23090 2.77556e-17
23100 1.66667e-06
23110 1.66667e-06
23120 1.66667e-06
23130 1.66667e-06
23140 1.66667e-06
23150 1.66667e-06
23160 1.66667e-06
23170 3.33333e-06
23180 1.66667e-06
23190 1.66667e-06
23200 3.33333e-06
23210 3.33333e-06
23220 3.33333e-06
23230 1.66667e-06
23240 1.66667e-06
23250 1.66667e-06
23260 2.77556e-17
23270 2.77556e-17
23280 1.66667e-06
23290 1.66667e-06
23300 1.66667e-06
23310 1.66667e-06
23320 2.77556e-17
23330 3.33333e-06
23340 2.77556e-17
23350 1.66667e-06
23360 2.77556e-17
23370 1.66667e-06
23380 2.77556e-17
23390 1.66667e-06
23400 2.77556e-17
23410 1.66667e-06
23420 2.77556e-17
23430 1.66667e-06
23440 3.33333e-06
23450 1.66667e-06
23460 1.66667e-06
23470 2.77556e-17
23480 1.66667e-06
23490 1.66667e-06
23500 3.33333e-06
23510 1.66667e-06
23520 2.77556e-17
23530 1.66667e-06
23540 2.77556e-17
23550 2.77556e-17
23560 2.77556e-17
23570 1.66667e-06
23580 2.77556e-17
23590 3.33333e-06
23600 2.77556e-17
23610 2.77556e-17
23620 1.66667e-06
23630 1.66667e-06
23640 1.66667e-06
23650 2.77556e-17
23660 1.66667e-06
23670 2.77556e-17
23680 2.77556e-17
23690 1.66667e-06
23700 2.77556e-17
23710 3.33333e-06
23720 1.66667e-06
23730 1.66667e-06
23740 1.66667e-06
23750 1.66667e-06
23760 2.77556e-17
23770 1.66667e-06
23780 1.66667e-06
23790 2.77556e-17
23800 1.66667e-06
23810 1.66667e-06
23820 3.33333e-06
23830 3.33333e-06
23840 3.33333e-06
23850 3.33333e-06
23860 1.66667e-06
23870 1.66667e-06
23880 1.66667e-06
23890 1.66667e-06
23900 2.77556e-17
23910 2.77556e-17
23920 1.66667e-06
23930 1.66667e-06
23940 1.66667e-06
23950 3.33333e-06
23960 1.66667e-06
23970 1.66667e-06
23980 1.66667e-06
23990 1.66667e-06
24000 1.66667e-06
24010 2.77556e-17
24020 1.66667e-06
24030 2.77556e-17
24040 3.33333e-06
24050 2.77556e-17
24060 3.33333e-06
24070 1.66667e-06
24080 1.66667e-06
24090 1.66667e-06
24100 2.77556e-17
24110 1.66667e-06
24120 1.66667e-06
24130 1.66667e-06
24140 2.77556e-17
24150 2.77556e-17
24160 3.33333e-06
24170 2.77556e-17
24180 1.66667e-06
24190 2.77556e-17
24200 3.33333e-06
24210 3.33333e-06
24220 1.66667e-06
24230 1.66667e-06
24240 1.66667e-06
24250 2.77556e-17
24260 3.33333e-06
24270 1.66667e-06
24280 1.66667e-06
24290 1.66667e-06
24300 3.33333e-06
24310 1.66667e-06
24320 1.66667e-06
24330 1.66667e-06
24340 2.77556e-17
24350 2.77556e-17
24360 1.66667e-06
24370 1.66667e-06
24380 1.66667e-06
24390 1.66667e-06
24400 1.66667e-06
24410 1.66667e-06
24420 1.66667e-06
24430 1.66667e-06
24440 1.66667e-06
24450 1.66667e-06
24460 1.66667e-06
24470 2.77556e-17
24480 3.33333e-06
24490 1.66667e-06
24500 1.66667e-06
24510 1.66667e-06
24520 3.33333e-06
24530 2.77556e-17
24540 2.77556e-17
24550 1.66667e-06
24560 2.77556e-17
24570 1.66667e-06
24580 2.77556e-17
24590 3.33333e-06
24600 2.77556e-17
24610 2.77556e-17
24620 1.66667e-06
24630 2.77556e-17
24640 1.66667e-06
24650 1.66667e-06
24660 2.77556e-17
24670 2.77556e-17
24680 2.77556e-17
24690 2.77556e-17
24700 1.66667e-06
24710 3.33333e-06
24720 3.33333e-06
24730 1.66667e-06
24740 1.66667e-06
24750 1.66667e-06
24760 1.66667e-06
24770 2.77556e-17
24780 1.66667e-06
24790 1.66667e-06
24800 1.66667e-06
24810 2.77556e-17
24820 2.77556e-17
24830 2.77556e-17
24840 1.66667e-06
24850 1.66667e-06
24860 2.77556e-17
24870 3.33333e-06
24880 1.66667e-06
24890 1.66667e-06
24900 3.33333e-06
24910 3.33333e-06
24920 3.33333e-06
24930 3.33333e-06
24940 3.33333e-06
24950 1.66667e-06
24960 3.33333e-06
24970 2.77556e-17
24980 1.66667e-06
24990 1.66667e-06
25000 1.66667e-06
25010 2.77556e-17
25020 1.66667e-06
25030 2.77556e-17
25040 1.66667e-06
25050 2.77556e-17
25060 1.66667e-06
25070 2.77556e-17
25080 2.77556e-17
25090 3.33333e-06
25100 2.77556e-17
25110 1.66667e-06
25120 1.66667e-06
25130 1.66667e-06
25140 1.66667e-06
25150 1.66667e-06
25160 1.66667e-06
25170 1.66667e-06
25180 3.33333e-06
25190 1.66667e-06
25200 3.33333e-06
25210 1.66667e-06
25220 1.66667e-06
25230 2.77556e-17
25240 2.77556e-17
25250 2.77556e-17
25260 1.66667e-06
25270 1.66667e-06
25280 1.66667e-06
25290 1.66667e-06
25300 1.66667e-06
25310 3.33333e-06
25320 3.33333e-06
25330 1.66667e-06
25340 1.66667e-06
25350 3.33333e-06
25360 1.66667e-06
25370 2.77556e-17
25380 3.33333e-06
25390 2.77556e-17
25400 1.66667e-06
25410 3.33333e-06
25420 1.66667e-06
25430 1.66667e-06
25440 2.77556e-17
25450 2.77556e-17
25460 3.33333e-06
25470 1.66667e-06
25480 1.66667e-06
25490 3.33333e-06
25500 1.66667e-06
25510 3.33333e-06
25520 3.33333e-06
25530 1.66667e-06
25540 1.66667e-06
25550 1.66667e-06
25560 3.33333e-06
25570 2.77556e-17
25580 2.77556e-17
25590 1.66667e-06
25600 2.77556e-17
25610 1.66667e-06
25620 2.77556e-17
25630 1.66667e-06
25640 1.66667e-06
25650 1.66667e-06
25660 3.33333e-06
25670 3.33333e-06
25680 3.33333e-06
25690 1.66667e-06
25700 2.77556e-17
25710 1.66667e-06
25720 2.77556e-17
25730 3.33333e-06
25740 3.33333e-06
25750 1.66667e-06
25760 1.66667e-06
25770 1.66667e-06
25780 2.77556e-17
25790 2.77556e-17
25800 2.77556e-17
25810 3.33333e-06
25820 1.66667e-06
25830 3.33333e-06
25840 1.66667e-06
25850 2.77556e-17
25860 1.66667e-06
25870 1.66667e-06
25880 2.77556e-17
25890 1.66667e-06
25900 1.66667e-06
25910 1.66667e-06
25920 3.33333e-06
25930 1.66667e-06
25940 2.77556e-17
25950 2.77556e-17
25960 1.66667e-06
25970 1.66667e-06
25980 1.66667e-06
25990 2.77556e-17
26000 1.66667e-06
26010 2.77556e-17
26020 1.66667e-06
26030 1.66667e-06
26040 1.66667e-06
26050 3.33333e-06
26060 3.33333e-06
26070 3.33333e-06
26080 2.77556e-17
26090 1.66667e-06
26100 1.66667e-06
26110 3.33333e-06
26120 1.66667e-06
26130 1.66667e-06
26140 3.33333e-06
26150 1.66667e-06
26160 1.66667e-06
26170 1.66667e-06
26180 1.66667e-06
26190 2.77556e-17
26200 2.77556e-17
26210 1.66667e-06
26220 3.33333e-06
26230 1.66667e-06
26240 3.33333e-06
26250 1.66667e-06
26260 1.66667e-06
26270 3.33333e-06
26280 2.77556e-17
26290 1.66667e-06
26300 3.33333e-06
26310 3.33333e-06
26320 3.33333e-06
26330 3.33333e-06
26340 2.77556e-17
26350 1.66667e-06
26360 3.33333e-06
26370 3.33333e-06
26380 3.33333e-06
26390 2.77556e-17
26400 2.77556e-17
26410 3.33333e-06
26420 2.77556e-17
26430 1.66667e-06
26440 3.33333e-06
26450 2.77556e-17
26460 2.77556e-17
26470 2.77556e-17
26480 1.66667e-06
26490 1.66667e-06
26500 1.66667e-06
26510 1.66667e-06
26520 1.66667e-06
26530 1.66667e-06
26540 1.66667e-06
26550 3.33333e-06
26560 2.77556e-17
26570 2.77556e-17
26580 2.77556e-17
26590 1.66667e-06
26600 1.66667e-06
26610 1.66667e-06
26620 3.33333e-06
26630 3.33333e-06
26640 1.66667e-06
26650 1.66667e-06
26660 2.77556e-17
26670 1.66667e-06
26680 1.66667e-06
26690 2.77556e-17
26700 2.77556e-17
26710 2.77556e-17
26720 3.33333e-06
26730 1.66667e-06
26740 2.77556e-17
26750 1.66667e-06
26760 1.66667e-06
26770 2.77556e-17
26780 1.66667e-06
26790 2.77556e-17
26800 1.66667e-06
26810 1.66667e-06
26820 1.66667e-06
26830 2.77556e-17
26840 2.77556e-17
26850 3.33333e-06
26860 2.77556e-17
26870 3.33333e-06
26880 1.66667e-06
26890 1.66667e-06
26900 1.66667e-06
26910 1.66667e-06
26920 2.77556e-17
26930 2.77556e-17
26940 2.77556e-17
26950 2.77556e-17
26960 2.77556e-17
26970 2.77556e-17
26980 1.66667e-06
26990 1.66667e-06
27000 2.77556e-17
27010 1.66667e-06
27020 1.66667e-06
27030 1.66667e-06
27040 1.66667e-06
27050 2.77556e-17
27060 2.77556e-17
27070 2.77556e-17
27080 1.66667e-06
27090 1.66667e-06
27100 2.77556e-17
27110 2.77556e-17
27120 2.77556e-17
27130 2.77556e-17
27140 2.77556e-17
27150 3.33333e-06
27160 1.66667e-06
27170 3.33333e-06
27180 1.66667e-06
27190 2.77556e-17
27200 3.33333e-06
27210 1.66667e-06
27220 1.66667e-06
27230 3.33333e-06
27240 1.66667e-06
27250 2.77556e-17
27260 1.66667e-06
27270 2.77556e-17
27280 3.33333e-06
27290 3.33333e-06
27300 3.33333e-06
27310 2.77556e-17
27320 2.77556e-17
27330 1.66667e-06
27340 1.66667e-06
27350 1.66667e-06
27360 1.66667e-06
27370 1.66667e-06
27380 1.66667e-06
27390 2.77556e-17
27400 3.33333e-06
27410 1.66667e-06
27420 1.66667e-06
27430 2.77556e-17
27440 1.66667e-06
27450 3.33333e-06
27460 3.33333e-06
27470 3.33333e-06
27480 1.66667e-06
27490 2.77556e-17
27500 1.66667e-06
27510 1.66667e-06
27520 3.33333e-06
27530 1.66667e-06
27540 3.33333e-06
27550 3.33333e-06
27560 3.33333e-06
27570 3.33333e-06
27580 1.66667e-06
27590 2.77556e-17
27600 1.66667e-06
27610 2.77556e-17
27620 3.33333e-06
27630 2.77556e-17
27640 2.77556e-17
27650 2.77556e-17
27660 2.77556e-17
27670 2.77556e-17
27680 2.77556e-17
27690 1.66667e-06
27700 2.77556e-17
27710 2.77556e-17
27720 1.66667e-06
27730 1.66667e-06
27740 1.66667e-06
27750 1.66667e-06
27760 1.66667e-06
27770 1.66667e-06
27780 2.77556e-17
27790 3.33333e-06
27800 2.77556e-17
27810 2.77556e-17
27820 1.66667e-06
27830 3.33333e-06
27840 3.33333e-06
27850 3.33333e-06
27860 1.66667e-06
27870 2.77556e-17
27880 2.77556e-17
27890 3.33333e-06
27900 3.33333e-06
27910 3.33333e-06
27920 1.66667e-06
27930 3.33333e-06
27940 1.66667e-06
27950 2.77556e-17
27960 1.66667e-06
27970 2.77556e-17
27980 3.33333e-06
27990 1.66667e-06
28000 1.66667e-06
28010 2.77556e-17
28020 1.66667e-06
28030 1.66667e-06
28040 1.66667e-06
28050 2.77556e-17
28060 1.66667e-06
28070 2.77556e-17
28080 3.33333e-06
28090 1.66667e-06
28100 1.66667e-06
28110 1.66667e-06
28120 1.66667e-06
28130 2.77556e-17
28140 1.66667e-06
28150 3.33333e-06
28160 1.66667e-06
28170 1.66667e-06
28180 2.77556e-17
28190 1.66667e-06
28200 2.77556e-17
28210 1.66667e-06
28220 2.77556e-17
28230 1.66667e-06
28240 1.66667e-06
28250 3.33333e-06
28260 1.66667e-06
28270 3.33333e-06
28280 3.33333e-06
28290 3.33333e-06
28300 2.77556e-17
28310 3.33333e-06
28320 1.66667e-06
28330 1.66667e-06
28340 1.66667e-06
28350 2.77556e-17
28360 1.66667e-06
28370 1.66667e-06
28380 3.33333e-06
28390 1.66667e-06
28400 2.77556e-17
28410 1.66667e-06
28420 2.77556e-17
28430 3.33333e-06
28440 1.66667e-06
28450 1.66667e-06
28460 1.66667e-06
28470 1.66667e-06
28480 1.66667e-06
28490 2.77556e-17
28500 2.77556e-17
28510 3.33333e-06
28520 2.77556e-17
28530 1.66667e-06
28540 1.66667e-06
28550 1.66667e-06
28560 2.77556e-17
28570 1.66667e-06
28580 1.66667e-06
28590 3.33333e-06
28600 2.77556e-17
28610 1.66667e-06
28620 3.33333e-06
28630 1.66667e-06
28640 3.33333e-06
28650 2.77556e-17
28660 1.66667e-06
28670 2.77556e-17
28680 3.33333e-06
28690 2.77556e-17
28700 1.66667e-06
28710 2.77556e-17
28720 1.66667e-06
28730 1.66667e-06
28740 2.77556e-17
28750 1.66667e-06
28760 1.66667e-06
28770 1.66667e-06
28780 1.66667e-06
28790 3.33333e-06
28800 3.33333e-06
28810 1.66667e-06
28820 2.77556e-17
28830 2.77556e-17
28840 1.66667e-06
28850 1.66667e-06
28860 1.66667e-06
28870 1.66667e-06
28880 1.66667e-06
28890 2.77556e-17
28900 1.66667e-06
28910 1.66667e-06
28920 1.66667e-06
28930 3.33333e-06
28940 3.33333e-06
28950 1.66667e-06
28960 1.66667e-06
28970 1.66667e-06
28980 2.77556e-17
28990 1.66667e-06
29000 2.77556e-17
29010 1.66667e-06
29020 1.66667e-06
29030 1.66667e-06
29040 3.33333e-06
29050 3.33333e-06
29060 1.66667e-06
29070 2.77556e-17
29080 1.66667e-06
29090 1.66667e-06
29100 3.33333e-06
29110 3.33333e-06
29120 3.33333e-06
29130 2.77556e-17
29140 1.66667e-06
29150 1.66667e-06
29160 1.66667e-06
29170 3.33333e-06
29180 2.77556e-17
29190 3.33333e-06
29200 2.77556e-17
29210 1.66667e-06
29220 1.66667e-06
29230 1.66667e-06
29240 1.66667e-06
29250 1.66667e-06
29260 2.77556e-17
29270 1.66667e-06
29280 1.66667e-06
29290 1.66667e-06
29300 1.66667e-06
29310 1.66667e-06
29320 1.66667e-06
29330 1.66667e-06
29340 1.66667e-06
29350 1.66667e-06
29360 1.66667e-06
29370 1.66667e-06
29380 2.77556e-17
29390 1.66667e-06
29400 2.77556e-17
29410 2.77556e-17
29420 1.66667e-06
29430 2.77556e-17
29440 3.33333e-06
29450 1.66667e-06
29460 3.33333e-06
29470 2.77556e-17
29480 1.66667e-06
29490 1.66667e-06
29500 1.66667e-06
29510 1.66667e-06
29520 2.77556e-17
29530 1.66667e-06
29540 1.66667e-06
29550 1.66667e-06
29560 2.77556e-17
29570 1.66667e-06
29580 1.66667e-06
29590 1.66667e-06
29600 1.66667e-06
29610 1.66667e-06
29620 1.66667e-06
29630 1.66667e-06
29640 1.66667e-06
29650 3.33333e-06
29660 1.66667e-06
29670 1.66667e-06
29680 1.66667e-06
29690 2.77556e-17
29700 1.66667e-06
29710 3.33333e-06
29720 1.66667e-06
29730 1.66667e-06
29740 2.77556e-17
29750 1.66667e-06
29760 2.77556e-17
29770 3.33333e-06
29780 3.33333e-06
29790 2.77556e-17
29800 2.77556e-17
29810 2.77556e-17
29820 2.77556e-17
29830 3.33333e-06
29840 3.33333e-06
29850 3.33333e-06
29860 3.33333e-06
29870 2.77556e-17
29880 3.33333e-06
29890 1.66667e-06
29900 2.77556e-17
29910 1.66667e-06
29920 2.77556e-17
29930 1.66667e-06
29940 1.66667e-06
29950 1.66667e-06
29960 3.33333e-06
29970 1.66667e-06
29980 1.66667e-06
29990 1.66667e-06
30000 1.66667e-06
30010 2.77556e-17
30020 2.77556e-17
30030 2.77556e-17
30040 1.66667e-06
30050 1.66667e-06
30060 3.33333e-06
30070 1.66667e-06
30080 2.77556e-17
30090 2.77556e-17
30100 3.33333e-06
30110 1.66667e-06
30120 1.66667e-06
30130 1.66667e-06
30140 1.66667e-06
30150 1.66667e-06
30160 2.77556e-17
30170 1.66667e-06
30180 1.66667e-06
30190 1.66667e-06
30200 1.66667e-06
30210 1.66667e-06
30220 1.66667e-06
30230 2.77556e-17
30240 1.66667e-06
30250 3.33333e-06
30260 3.33333e-06
30270 3.33333e-06
30280 3.33333e-06
30290 3.33333e-06
30300 1.66667e-06
30310 2.77556e-17
30320 1.66667e-06
30330 1.66667e-06
30340 1.66667e-06
30350 2.77556e-17
30360 1.66667e-06
30370 1.66667e-06
30380 2.77556e-17
30390 1.66667e-06
30400 1.66667e-06
30410 1.66667e-06
30420 2.77556e-17
30430 1.66667e-06
30440 3.33333e-06
30450 1.66667e-06
30460 2.77556e-17
30470 3.33333e-06
30480 2.77556e-17
30490 1.66667e-06
30500 1.66667e-06
30510 3.33333e-06
30520 2.77556e-17
30530 3.33333e-06
30540 3.33333e-06
30550 3.33333e-06
30560 1.66667e-06
30570 3.33333e-06
30580 1.66667e-06
30590 3.33333e-06
30600 1.66667e-06
30610 2.77556e-17
30620 1.66667e-06
30630 1.66667e-06
30640 2.77556e-17
30650 1.66667e-06
30660 2.77556e-17
30670 1.66667e-06
30680 1.66667e-06
30690 1.66667e-06
30700 3.33333e-06
30710 2.77556e-17
30720 3.33333e-06
30730 3.33333e-06
30740 1.66667e-06
30750 1.66667e-06
30760 2.77556e-17
30770 2.77556e-17
30780 1.66667e-06
30790 2.77556e-17
30800 1.66667e-06
30810 3.33333e-06
30820 1.66667e-06
30830 1.66667e-06
30840 1.66667e-06
30850 2.77556e-17
30860 3.33333e-06
30870 1.66667e-06
30880 1.66667e-06
30890 3.33333e-06
30900 1.66667e-06
30910 1.66667e-06
30920 1.66667e-06
30930 3.33333e-06
30940 1.66667e-06
30950 2.77556e-17
30960 2.77556e-17
30970 2.77556e-17
30980 2.77556e-17
30990 2.77556e-17
31000 2.77556e-17
31010 2.77556e-17
31020 3.33333e-06
31030 1.66667e-06
31040 2.77556e-17
31050 3.33333e-06
31060 3.33333e-06
31070 2.77556e-17
31080 2.77556e-17
31090 3.33333e-06
31100 1.66667e-06
31110 1.66667e-06
31120 2.77556e-17
31130 2.77556e-17
31140 2.77556e-17
31150 1.66667e-06
31160 1.66667e-06
31170 2.77556e-17
31180 3.33333e-06
31190 1.66667e-06
31200 1.66667e-06
31210 2.77556e-17
31220 1.66667e-06
31230 2.77556e-17
31240 1.66667e-06
31250 1.66667e-06
31260 2.77556e-17
31270 2.77556e-17
31280 1.66667e-06
31290 1.66667e-06
31300 1.66667e-06
31310 2.77556e-17
31320 2.77556e-17
31330 1.66667e-06
31340 1.66667e-06
31350 3.33333e-06
31360 1.66667e-06
31370 1.66667e-06
31380 3.33333e-06
31390 3.33333e-06
31400 3.33333e-06
31410 2.77556e-17
31420 1.66667e-06
31430 3.33333e-06
31440 1.66667e-06
31450 1.66667e-06
31460 1.66667e-06
31470 1.66667e-06
31480 1.66667e-06
31490 1.66667e-06
31500 3.33333e-06
31510 1.66667e-06
31520 2.77556e-17
31530 2.77556e-17
31540 2.77556e-17
31550 1.66667e-06
31560 1.66667e-06
31570 1.66667e-06
31580 2.77556e-17
31590 1.66667e-06
31600 2.77556e-17
31610 1.66667e-06
31620 1.66667e-06
31630 3.33333e-06
31640 1.66667e-06
31650 1.66667e-06
31660 3.33333e-06
31670 1.66667e-06
31680 3.33333e-06
31690 1.66667e-06
31700 2.77556e-17
31710 1.66667e-06
31720 1.66667e-06
31730 1.66667e-06
31740 1.66667e-06
31750 2.77556e-17
31760 1.66667e-06
31770 1.66667e-06
31780 1.66667e-06
31790 1.66667e-06
31800 1.66667e-06
31810 3.33333e-06
31820 2.77556e-17
31830 1.66667e-06
31840 3.33333e-06
31850 2.77556e-17
31860 1.66667e-06
31870 1.66667e-06
31880 1.66667e-06
31890 2.77556e-17
31900 1.66667e-06
31910 3.33333e-06
31920 1.66667e-06
31930 1.66667e-06
31940 1.66667e-06
31950 1.66667e-06
31960 2.77556e-17
31970 1.66667e-06
31980 1.66667e-06
31990 1.66667e-06
32000 2.77556e-17
32010 1.66667e-06
32020 1.66667e-06
32030 2.77556e-17
32040 3.33333e-06
32050 1.66667e-06
32060 1.66667e-06
32070 1.66667e-06
32080 3.33333e-06
32090 3.33333e-06
32100 2.77556e-17
32110 1.66667e-06
32120 2.77556e-17
32130 2.77556e-17
32140 2.77556e-17
32150 2.77556e-17
32160 1.66667e-06
32170 1.66667e-06
32180 2.77556e-17
32190 3.33333e-06
32200 1.66667e-06
32210 1.66667e-06
32220 1.66667e-06
32230 3.33333e-06
32240 2.77556e-17
32250 1.66667e-06
32260 1.66667e-06
32270 1.66667e-06
32280 3.33333e-06
32290 1.66667e-06
32300 1.66667e-06
32310 2.77556e-17
32320 3.33333e-06
32330 1.66667e-06
32340 1.66667e-06
32350 1.66667e-06
32360 1.66667e-06
32370 1.66667e-06
32380 1.66667e-06
32390 1.66667e-06
32400 2.77556e-17
32410 1.66667e-06
32420 1.66667e-06
32430 2.77556e-17
32440 2.77556e-17
32450 2.77556e-17
32460 2.77556e-17
32470 1.66667e-06
32480 1.66667e-06
32490 2.77556e-17
32500 2.77556e-17
32510 2.77556e-17
32520 1.66667e-06
32530 3.33333e-06
32540 1.66667e-06
32550 1.66667e-06
32560 1.66667e-06
32570 2.77556e-17
32580 1.66667e-06
32590 1.66667e-06
32600 3.33333e-06
32610 1.66667e-06
32620 3.33333e-06
32630 1.66667e-06
32640 3.33333e-06
32650 3.33333e-06
32660 3.33333e-06
32670 3.33333e-06
32680 3.33333e-06
32690 1.66667e-06
32700 2.77556e-17
32710 2.77556e-17
32720 1.66667e-06
32730 1.66667e-06
32740 1.66667e-06
32750 3.33333e-06
32760 3.33333e-06
32770 2.77556e-17
32780 1.66667e-06
32790 1.66667e-06
32800 3.33333e-06
32810 1.66667e-06
32820 1.66667e-06
32830 1.66667e-06
32840 2.77556e-17
32850 1.66667e-06
32860 1.66667e-06
32870 1.66667e-06
32880 2.77556e-17
32890 1.66667e-06
32900 1.66667e-06
32910 1.66667e-06
32920 1.66667e-06
32930 3.33333e-06
32940 1.66667e-06
32950 2.77556e-17
32960 2.77556e-17
32970 2.77556e-17
32980 2.77556e-17
32990 3.33333e-06
33000 3.33333e-06
33010 1.66667e-06
33020 2.77556e-17
33030 1.66667e-06
33040 2.77556e-17
33050 1.66667e-06
33060 3.33333e-06
33070 1.66667e-06
33080 2.77556e-17
33090 3.33333e-06
33100 2.77556e-17
33110 1.66667e-06
33120 2.77556e-17
33130 1.66667e-06
33140 1.66667e-06
33150 2.77556e-17
33160 2.77556e-17
33170 3.33333e-06
33180 3.33333e-06
33190 2.77556e-17
33200 1.66667e-06
33210 2.77556e-17
33220 2.77556e-17
33230 1.66667e-06
33240 1.66667e-06
33250 1.66667e-06
33260 1.66667e-06
33270 1.66667e-06
33280 1.66667e-06
33290 2.77556e-17
33300 1.66667e-06
33310 1.66667e-06
33320 3.33333e-06
33330 2.77556e-17
33340 1.66667e-06
33350 1.66667e-06
33360 2.77556e-17
33370 3.33333e-06
33380 1.66667e-06
33390 2.77556e-17
33400 2.77556e-17
33410 1.66667e-06
33420 1.66667e-06
33430 1.66667e-06
33440 1.66667e-06
33450 2.77556e-17
33460 1.66667e-06
33470 1.66667e-06
33480 1.66667e-06
33490 1.66667e-06
33500 2.77556e-17
33510 1.66667e-06
33520 2.77556e-17
33530 2.77556e-17
33540 2.77556e-17
33550 2.77556e-17
33560 1.66667e-06
33570 2.77556e-17
33580 1.66667e-06
33590 1.66667e-06
33600 3.33333e-06
33610 1.66667e-06
33620 1.66667e-06
33630 1.66667e-06
33640 3.33333e-06
33650 1.66667e-06
33660 1.66667e-06
33670 1.66667e-06
33680 2.77556e-17
33690 3.33333e-06
33700 3.33333e-06
33710 1.66667e-06
33720 2.77556e-17
33730 3.33333e-06
33740 3.33333e-06
33750 3.33333e-06
33760 3.33333e-06
33770 3.33333e-06
33780 3.33333e-06
33790 1.66667e-06
33800 1.66667e-06
33810 1.66667e-06
33820 2.77556e-17
33830 1.66667e-06
33840 1.66667e-06
33850 2.77556e-17
33860 1.66667e-06
33870 2.77556e-17
33880 2.77556e-17
33890 2.77556e-17
33900 2.77556e-17
33910 1.66667e-06
33920 1.66667e-06
33930 1.66667e-06
33940 1.66667e-06
33950 1.66667e-06
33960 1.66667e-06
33970 1.66667e-06
33980 1.66667e-06
33990 1.66667e-06
34000 2.77556e-17
34010 1.66667e-06
34020 1.66667e-06
34030 2.77556e-17
34040 1.66667e-06
34050 1.66667e-06
34060 2.77556e-17
34070 1.66667e-06
34080 2.77556e-17
34090 2.77556e-17
34100 3.33333e-06
34110 3.33333e-06
34120 1.66667e-06
34130 2.77556e-17
34140 2.77556e-17
34150 1.66667e-06
34160 1.66667e-06
34170 1.66667e-06
34180 3.33333e-06
34190 1.66667e-06
34200 3.33333e-06
34210 3.33333e-06
34220 3.33333e-06
34230 1.66667e-06
34240 2.77556e-17
34250 1.66667e-06
34260 1.66667e-06
34270 1.66667e-06
34280 3.33333e-06
34290 1.66667e-06
34300 1.66667e-06
34310 1.66667e-06
34320 1.66667e-06
34330 1.66667e-06
34340 2.77556e-17
34350 2.77556e-17
34360 2.77556e-17
34370 1.66667e-06
34380 3.33333e-06
34390 1.66667e-06
34400 1.66667e-06
34410 1.66667e-06
34420 3.33333e-06
34430 3.33333e-06
34440 3.33333e-06
34450 1.66667e-06
34460 2.77556e-17
34470 1.66667e-06
34480 1.66667e-06
34490 3.33333e-06
34500 1.66667e-06
34510 1.66667e-06
34520 1.66667e-06
34530 1.66667e-06
34540 1.66667e-06
34550 2.77556e-17
34560 1.66667e-06
34570 1.66667e-06
34580 1.66667e-06
34590 2.77556e-17
34600 1.66667e-06
34610 2.77556e-17
34620 1.66667e-06
34630 1.66667e-06
34640 2.77556e-17
34650 3.33333e-06
34660 2.77556e-17
34670 1.66667e-06
34680 3.33333e-06
34690 3.33333e-06
34700 2.77556e-17
34710 1.66667e-06
34720 2.77556e-17
34730 2.77556e-17
34740 1.66667e-06
34750 1.66667e-06
34760 2.77556e-17
34770 1.66667e-06
34780 1.66667e-06
34790 2.77556e-17
34800 1.66667e-06
34810 1.66667e-06
34820 1.66667e-06
34830 3.33333e-06
34840 3.33333e-06
34850 3.33333e-06
34860 3.33333e-06
34870 1.66667e-06
34880 2.77556e-17
34890 1.66667e-06
34900 2.77556e-17
34910 1.66667e-06
34920 1.66667e-06
34930 2.77556e-17
34940 2.77556e-17
34950 1.66667e-06
34960 3.33333e-06
34970 1.66667e-06
34980 1.66667e-06
34990 1.66667e-06
35000 2.77556e-17
35010 2.77556e-17
35020 1.66667e-06
35030 3.33333e-06
35040 1.66667e-06
35050 1.66667e-06
35060 1.66667e-06
35070 1.66667e-06
35080 1.66667e-06
35090 2.77556e-17
35100 1.66667e-06
35110 3.33333e-06
35120 1.66667e-06
35130 3.33333e-06
35140 2.77556e-17
35150 1.66667e-06
35160 1.66667e-06
35170 1.66667e-06
35180 2.77556e-17
35190 3.33333e-06
35200 3.33333e-06
35210 3.33333e-06
35220 3.33333e-06
35230 3.33333e-06
35240 3.33333e-06
35250 2.77556e-17
35260 1.66667e-06
35270 2.77556e-17
35280 3.33333e-06
35290 1.66667e-06
35300 2.77556e-17
35310 2.77556e-17
35320 1.66667e-06
35330 3.33333e-06
35340 1.66667e-06
35350 2.77556e-17
35360 1.66667e-06
35370 3.33333e-06
35380 1.66667e-06
35390 2.77556e-17
35400 2.77556e-17
35410 1.66667e-06
35420 1.66667e-06
35430 1.66667e-06
35440 2.77556e-17
35450 3.33333e-06
35460 3.33333e-06
35470 1.66667e-06
35480 1.66667e-06
35490 2.77556e-17
35500 1.66667e-06
35510 3.33333e-06
35520 1.66667e-06
35530 2.77556e-17
35540 2.77556e-17
35550 3.33333e-06
35560 1.66667e-06
35570 3.33333e-06
35580 2.77556e-17
35590 2.77556e-17
35600 1.66667e-06
35610 3.33333e-06
35620 2.77556e-17
35630 2.77556e-17
35640 2.77556e-17
35650 2.77556e-17
35660 1.66667e-06
35670 1.66667e-06
35680 1.66667e-06
35690 1.66667e-06
35700 1.66667e-06
35710 1.66667e-06
35720 2.77556e-17
35730 2.77556e-17
35740 1.66667e-06
35750 1.66667e-06
35760 1.66667e-06
35770 1.66667e-06
35780 2.77556e-17
35790 1.66667e-06
35800 3.33333e-06
35810 1.66667e-06
35820 1.66667e-06
35830 3.33333e-06
35840 3.33333e-06
35850 1.66667e-06
35860 3.33333e-06
35870 2.77556e-17
35880 2.77556e-17
35890 1.66667e-06
35900 3.33333e-06
35910 3.33333e-06
35920 1.66667e-06
35930 2.77556e-17
35940 1.66667e-06
35950 1.66667e-06
35960 2.77556e-17
35970 1.66667e-06
35980 2.77556e-17
35990 1.66667e-06
36000 3.33333e-06
36010 1.66667e-06
36020 3.33333e-06
36030 1.66667e-06
36040 2.77556e-17
36050 2.77556e-17
36060 3.33333e-06
36070 3.33333e-06
36080 1.66667e-06
36090 1.66667e-06
36100 1.66667e-06
36110 1.66667e-06
36120 2.77556e-17
36130 1.66667e-06
36140 1.66667e-06
36150 2.77556e-17
36160 1.66667e-06
36170 2.77556e-17
36180 3.33333e-06
36190 3.33333e-06
36200 1.66667e-06
36210 3.33333e-06
36220 1.66667e-06
36230 1.66667e-06
36240 1.66667e-06
36250 1.66667e-06
36260 2.77556e-17
36270 1.66667e-06
36280 1.66667e-06
36290 1.66667e-06
36300 1.66667e-06
36310 3.33333e-06
36320 2.77556e-17
36330 1.66667e-06
36340 3.33333e-06
36350 3.33333e-06
36360 1.66667e-06
36370 1.66667e-06
36380 3.33333e-06
36390 3.33333e-06
36400 2.77556e-17
36410 2.77556e-17
36420 2.77556e-17
36430 2.77556e-17
36440 2.77556e-17
36450 1.66667e-06
36460 3.33333e-06
36470 1.66667e-06
36480 2.77556e-17
36490 2.77556e-17
36500 3.33333e-06
36510 3.33333e-06
36520 1.66667e-06
36530 1.66667e-06
36540 1.66667e-06
36550 1.66667e-06
36560 1.66667e-06
36570 1.66667e-06
36580 1.66667e-06
36590 2.77556e-17
36600 3.33333e-06
36610 1.66667e-06
36620 1.66667e-06
36630 3.33333e-06
36640 2.77556e-17
36650 1.66667e-06
36660 2.77556e-17
36670 2.77556e-17
36680 2.77556e-17
36690 1.66667e-06
36700 2.77556e-17
36710 3.33333e-06
36720 1.66667e-06
36730 1.66667e-06
36740 1.66667e-06
36750 2.77556e-17
36760 2.77556e-17
36770 1.66667e-06
36780 3.33333e-06
36790 3.33333e-06
36800 3.33333e-06
36810 1.66667e-06
36820 1.66667e-06
36830 2.77556e-17
36840 1.66667e-06
36850 1.66667e-06
36860 1.66667e-06
36870 3.33333e-06
36880 3.33333e-06
36890 3.33333e-06
36900 2.77556e-17
36910 1.66667e-06
36920 1.66667e-06
36930 2.77556e-17
36940 1.66667e-06
36950 1.66667e-06
36960 3.33333e-06
36970 1.66667e-06
36980 2.77556e-17
36990 1.66667e-06
37000 1.66667e-06
37010 2.77556e-17
37020 1.66667e-06
37030 2.77556e-17
37040 1.66667e-06
37050 1.66667e-06
37060 2.77556e-17
37070 1.66667e-06
37080 2.77556e-17
37090 1.66667e-06
37100 1.66667e-06
37110 1.66667e-06
37120 1.66667e-06
37130 1.66667e-06
37140 1.66667e-06
37150 1.66667e-06
37160 1.66667e-06
37170 1.66667e-06
37180 1.66667e-06
37190 2.77556e-17
37200 2.77556e-17
37210 1.66667e-06
37220 1.66667e-06
37230 3.33333e-06
37240 2.77556e-17
37250 1.66667e-06
37260 2.77556e-17
37270 1.66667e-06
37280 3.33333e-06
37290 1.66667e-06
37300 1.66667e-06
37310 1.66667e-06
37320 2.77556e-17
37330 2.77556e-17
37340 1.66667e-06
37350 1.66667e-06
37360 2.77556e-17
37370 2.77556e-17
37380 1.66667e-06
37390 2.77556e-17
37400 2.77556e-17
37410 2.77556e-17
37420 3.33333e-06
37430 1.66667e-06
37440 1.66667e-06
37450 3.33333e-06
37460 2.77556e-17
37470 1.66667e-06
37480 2.77556e-17
37490 2.77556e-17
37500 2.77556e-17
37510 1.66667e-06
37520 2.77556e-17
37530 1.66667e-06
37540 2.77556e-17
37550 1.66667e-06
37560 3.33333e-06
37570 2.77556e-17
37580 1.66667e-06
37590 3.33333e-06
37600 1.66667e-06
37610 2.77556e-17
37620 3.33333e-06
37630 2.77556e-17
37640 1.66667e-06
37650 2.77556e-17
37660 2.77556e-17
37670 2.77556e-17
37680 2.77556e-17
37690 1.66667e-06
37700 1.66667e-06
37710 1.66667e-06
37720 1.66667e-06
37730 2.77556e-17
37740 2.77556e-17
37750 2.77556e-17
37760 1.66667e-06
37770 1.66667e-06
37780 1.66667e-06
37790 2.77556e-17
37800 2.77556e-17
37810 2.77556e-17
37820 2.77556e-17
37830 2.77556e-17
37840 2.77556e-17
37850 2.77556e-17
37860 2.77556e-17
37870 1.66667e-06
37880 3.33333e-06
37890 1.66667e-06
37900 2.77556e-17
37910 3.33333e-06
37920 1.66667e-06
37930 3.33333e-06
37940 3.33333e-06
37950 3.33333e-06
37960 3.33333e-06
37970 1.66667e-06
37980 3.33333e-06
37990 2.77556e-17
38000 1.66667e-06
38010 1.66667e-06
38020 1.66667e-06
38030 1.66667e-06
38040 1.66667e-06
38050 1.66667e-06
38060 2.77556e-17
38070 1.66667e-06
38080 3.33333e-06
38090 2.77556e-17
38100 1.66667e-06
38110 1.66667e-06
38120 1.66667e-06
38130 2.77556e-17
38140 2.77556e-17
38150 1.66667e-06
38160 1.66667e-06
38170 3.33333e-06
38180 1.66667e-06
38190 1.66667e-06
38200 1.66667e-06
38210 1.66667e-06
38220 3.33333e-06
38230 1.66667e-06
38240 3.33333e-06
38250 1.66667e-06
38260 1.66667e-06
38270 3.33333e-06
38280 3.33333e-06
38290 1.66667e-06
38300 2.77556e-17
38310 1.66667e-06
38320 1.66667e-06
38330 1.66667e-06
38340 2.77556e-17
38350 1.66667e-06
38360 2.77556e-17
38370 1.66667e-06
38380 1.66667e-06
38390 1.66667e-06
38400 2.77556e-17
38410 3.33333e-06
38420 3.33333e-06
38430 3.33333e-06
38440 1.66667e-06
38450 1.66667e-06
38460 3.33333e-06
38470 1.66667e-06
38480 2.77556e-17
38490 3.33333e-06
38500 3.33333e-06
38510 1.66667e-06
38520 3.33333e-06
38530 1.66667e-06
38540 3.33333e-06
38550 2.77556e-17
38560 1.66667e-06
38570 3.33333e-06
38580 2.77556e-17
38590 3.33333e-06
38600 1.66667e-06
38610 2.77556e-17
38620 1.66667e-06
38630 2.77556e-17
38640 1.66667e-06
38650 1.66667e-06
38660 1.66667e-06
38670 1.66667e-06
38680 2.77556e-17
38690 1.66667e-06
38700 1.66667e-06
38710 1.66667e-06
38720 1.66667e-06
38730 1.66667e-06
38740 2.77556e-17
38750 1.66667e-06
38760 2.77556e-17
38770 1.66667e-06
38780 2.77556e-17
38790 1.66667e-06
38800 1.66667e-06
38810 1.66667e-06
38820 2.77556e-17
38830 1.66667e-06
38840 1.66667e-06
38850 1.66667e-06
38860 2.77556e-17
38870 2.77556e-17
38880 3.33333e-06
38890 2.77556e-17
38900 2.77556e-17
38910 2.77556e-17
38920 2.77556e-17
38930 2.77556e-17
38940 2.77556e-17
38950 1.66667e-06
38960 1.66667e-06
38970 1.66667e-06
38980 2.77556e-17
38990 1.66667e-06
39000 2.77556e-17
39010 3.33333e-06
39020 1.66667e-06
39030 3.33333e-06
39040 2.77556e-17
39050 1.66667e-06
39060 1.66667e-06
39070 3.33333e-06
39080 1.66667e-06
39090 1.66667e-06
39100 2.77556e-17
39110 2.77556e-17
39120 1.66667e-06
39130 3.33333e-06
39140 2.77556e-17
39150 3.33333e-06
39160 2.77556e-17
39170 3.33333e-06
39180 3.33333e-06
39190 2.77556e-17
39200 3.33333e-06
39210 3.33333e-06
39220 1.66667e-06
39230 3.33333e-06
39240 2.77556e-17
39250 1.66667e-06
39260 2.77556e-17
39270 1.66667e-06
39280 1.66667e-06
39290 3.33333e-06
39300 3.33333e-06
39310 1.66667e-06
39320 1.66667e-06
39330 1.66667e-06
39340 2.77556e-17
39350 1.66667e-06
39360 1.66667e-06
39370 2.77556e-17
39380 1.66667e-06
39390 1.66667e-06
39400 1.66667e-06
39410 2.77556e-17
39420 3.33333e-06
39430 2.77556e-17
39440 2.77556e-17
39450 1.66667e-06
39460 2.77556e-17
39470 3.33333e-06
39480 2.77556e-17
39490 1.66667e-06
39500 1.66667e-06
39510 2.77556e-17
39520 1.66667e-06
39530 2.77556e-17
39540 1.66667e-06
39550 2.77556e-17
39560 1.66667e-06
39570 2.77556e-17
39580 3.33333e-06
39590 1.66667e-06
39600 2.77556e-17
39610 2.77556e-17
39620 2.77556e-17
39630 1.66667e-06
39640 1.66667e-06
39650 2.77556e-17
39660 1.66667e-06
39670 1.66667e-06
39680 3.33333e-06
39690 1.66667e-06
39700 2.77556e-17
39710 2.77556e-17
39720 1.66667e-06
39730 1.66667e-06
39740 1.66667e-06
39750 1.66667e-06
39760 3.33333e-06
39770 1.66667e-06
39780 3.33333e-06
39790 1.66667e-06
39800 1.66667e-06
39810 1.66667e-06
39820 3.33333e-06
39830 1.66667e-06
39840 1.66667e-06
39850 1.66667e-06
39860 2.77556e-17
39870 3.33333e-06
39880 1.66667e-06
39890 2.77556e-17
39900 1.66667e-06
39910 3.33333e-06
39920 1.66667e-06
39930 2.77556e-17
39940 1.66667e-06
39950 1.66667e-06
39960 1.66667e-06
39970 2.77556e-17
39980 2.77556e-17
39990 2.77556e-17
40000 1.66667e-06
40010 3.33333e-06
40020 1.66667e-06
40030 1.66667e-06
40040 2.77556e-17
40050 2.77556e-17
40060 1.66667e-06
40070 1.66667e-06
40080 1.66667e-06
40090 3.33333e-06
40100 2.77556e-17
40110 2.77556e-17
40120 1.66667e-06
40130 3.33333e-06
40140 2.77556e-17
40150 1.66667e-06
40160 2.77556e-17
40170 2.77556e-17
40180 1.66667e-06
40190 2.77556e-17
40200 2.77556e-17
40210 2.77556e-17
40220 1.66667e-06
40230 1.66667e-06
40240 1.66667e-06
40250 1.66667e-06
40260 2.77556e-17
40270 2.77556e-17
40280 2.77556e-17
40290 1.66667e-06
40300 1.66667e-06
40310 1.66667e-06
40320 1.66667e-06
40330 1.66667e-06
40340 2.77556e-17
40350 1.66667e-06
40360 1.66667e-06
40370 1.66667e-06
40380 1.66667e-06
40390 1.66667e-06
40400 1.66667e-06
40410 1.66667e-06
40420 1.66667e-06
40430 2.77556e-17
40440 1.66667e-06
40450 1.66667e-06
40460 3.33333e-06
40470 3.33333e-06
40480 3.33333e-06
40490 2.77556e-17
40500 1.66667e-06
40510 1.66667e-06
40520 2.77556e-17
40530 2.77556e-17
40540 1.66667e-06
40550 1.66667e-06
40560 3.33333e-06
40570 1.66667e-06
40580 1.66667e-06
40590 2.77556e-17
40600 3.33333e-06
40610 3.33333e-06
40620 3.33333e-06
40630 2.77556e-17
40640 2.77556e-17
40650 2.77556e-17
40660 1.66667e-06
40670 1.66667e-06
40680 1.66667e-06
40690 3.33333e-06
40700 3.33333e-06
40710 3.33333e-06
40720 3.33333e-06
40730 3.33333e-06
40740 1.66667e-06
40750 1.66667e-06
40760 2.77556e-17
40770 2.77556e-17
40780 1.66667e-06
40790 1.66667e-06
40800 1.66667e-06
40810 1.66667e-06
40820 1.66667e-06
40830 2.77556e-17
40840 2.77556e-17
40850 1.66667e-06
40860 1.66667e-06
40870 1.66667e-06
40880 1.66667e-06
40890 1.66667e-06
40900 1.66667e-06
40910 1.66667e-06
40920 3.33333e-06
40930 1.66667e-06
40940 1.66667e-06
40950 1.66667e-06
40960 1.66667e-06
40970 2.77556e-17
40980 3.33333e-06
40990 3.33333e-06
41000 2.77556e-17
41010 2.77556e-17
41020 2.77556e-17
41030 3.33333e-06
41040 1.66667e-06
41050 3.33333e-06
41060 1.66667e-06
41070 1.66667e-06
41080 1.66667e-06
41090 1.66667e-06
41100 1.66667e-06
41110 3.33333e-06
41120 3.33333e-06
41130 3.33333e-06
41140 1.66667e-06
41150 2.77556e-17
41160 1.66667e-06
41170 1.66667e-06
41180 1.66667e-06
41190 2.77556e-17
41200 1.66667e-06
41210 2.77556e-17
41220 1.66667e-06
41230 1.66667e-06
41240 1.66667e-06
41250 1.66667e-06
41260 1.66667e-06
41270 2.77556e-17
41280 1.66667e-06
41290 1.66667e-06
41300 1.66667e-06
41310 2.77556e-17
41320 3.33333e-06
41330 1.66667e-06
41340 2.77556e-17
41350 1.66667e-06
41360 1.66667e-06
41370 2.77556e-17
41380 2.77556e-17
41390 3.33333e-06
41400 2.77556e-17
41410 1.66667e-06
41420 2.77556e-17
41430 1.66667e-06
41440 2.77556e-17
41450 1.66667e-06
41460 1.66667e-06
41470 2.77556e-17
41480 1.66667e-06
41490 2.77556e-17
41500 1.66667e-06
41510 2.77556e-17
41520 2.77556e-17
41530 2.77556e-17
41540 1.66667e-06
41550 2.77556e-17
41560 2.77556e-17
41570 1.66667e-06
41580 3.33333e-06
41590 2.77556e-17
41600 1.66667e-06
41610 1.66667e-06
41620 1.66667e-06
41630 1.66667e-06
41640 1.66667e-06
41650 1.66667e-06
41660 3.33333e-06
41670 2.77556e-17
41680 3.33333e-06
41690 2.77556e-17
41700 2.77556e-17
41710 2.77556e-17
41720 2.77556e-17
41730 1.66667e-06
41740 1.66667e-06
41750 2.77556e-17
41760 2.77556e-17
41770 3.33333e-06
41780 2.77556e-17
41790 1.66667e-06
41800 1.66667e-06
41810 2.77556e-17
41820 2.77556e-17
41830 1.66667e-06
41840 1.66667e-06
41850 1.66667e-06
41860 1.66667e-06
41870 1.66667e-06
41880 1.66667e-06
41890 1.66667e-06
41900 1.66667e-06
41910 2.77556e-17
41920 1.66667e-06
41930 2.77556e-17
41940 2.77556e-17
41950 2.77556e-17
41960 1.66667e-06
41970 2.77556e-17
41980 2.77556e-17
41990 1.66667e-06
42000 3.33333e-06
42010 1.66667e-06
42020 1.66667e-06
42030 3.33333e-06
42040 2.77556e-17
42050 2.77556e-17
42060 1.66667e-06
42070 1.66667e-06
42080 1.66667e-06
42090 1.66667e-06
42100 1.66667e-06
42110 1.66667e-06
42120 1.66667e-06
42130 1.66667e-06
42140 1.66667e-06
42150 1.66667e-06
42160 1.66667e-06
42170 2.77556e-17
42180 3.33333e-06
42190 3.33333e-06
42200 3.33333e-06
42210 1.66667e-06
42220 1.66667e-06
42230 3.33333e-06
42240 3.33333e-06
42250 3.33333e-06
42260 3.33333e-06
42270 1.66667e-06
42280 3.33333e-06
42290 3.33333e-06
42300 1.66667e-06
42310 3.33333e-06
42320 3.33333e-06
42330 3.33333e-06
42340 2.77556e-17
42350 2.77556e-17
42360 3.33333e-06
42370 1.66667e-06
42380 2.77556e-17
42390 1.66667e-06
42400 1.66667e-06
42410 2.77556e-17
42420 1.66667e-06
42430 2.77556e-17
42440 1.66667e-06
42450 1.66667e-06
42460 1.66667e-06
42470 1.66667e-06
42480 1.66667e-06
42490 1.66667e-06
42500 1.66667e-06
42510 3.33333e-06
42520 1.66667e-06
42530 2.77556e-17
42540 2.77556e-17
42550 1.66667e-06
42560 3.33333e-06
42570 1.66667e-06
42580 1.66667e-06
42590 1.66667e-06
42600 3.33333e-06
42610 2.77556e-17
42620 2.77556e-17
42630 1.66667e-06
42640 2.77556e-17
42650 3.33333e-06
42660 1.66667e-06
42670 2.77556e-17
42680 1.66667e-06
42690 2.77556e-17
42700 1.66667e-06
42710 3.33333e-06
42720 1.66667e-06
42730 2.77556e-17
42740 1.66667e-06
42750 1.66667e-06
42760 3.33333e-06
42770 1.66667e-06
42780 3.33333e-06
42790 2.77556e-17
42800 1.66667e-06
42810 3.33333e-06
42820 3.33333e-06
42830 1.66667e-06
42840 2.77556e-17
42850 3.33333e-06
42860 1.66667e-06
42870 1.66667e-06
42880 1.66667e-06
42890 1.66667e-06
42900 1.66667e-06
42910 1.66667e-06
42920 1.66667e-06
42930 3.33333e-06
42940 1.66667e-06
42950 1.66667e-06
42960 2.77556e-17
42970 1.66667e-06
42980 2.77556e-17
42990 3.33333e-06
43000 1.66667e-06
43010 1.66667e-06
43020 1.66667e-06
43030 1.66667e-06
43040 1.66667e-06
43050 1.66667e-06
43060 3.33333e-06
43070 3.33333e-06
43080 1.66667e-06
43090 1.66667e-06
43100 1.66667e-06
43110 1.66667e-06
43120 3.33333e-06
43130 2.77556e-17
43140 3.33333e-06
43150 1.66667e-06
43160 3.33333e-06
43170 3.33333e-06
43180 3.33333e-06
43190 2.77556e-17
43200 2.77556e-17
43210 1.66667e-06
43220 2.77556e-17
43230 1.66667e-06
43240 3.33333e-06
43250 1.66667e-06
43260 2.77556e-17
43270 1.66667e-06
43280 3.33333e-06
43290 1.66667e-06
43300 1.66667e-06
43310 2.77556e-17
43320 1.66667e-06
43330 1.66667e-06
43340 3.33333e-06
43350 1.66667e-06
43360 1.66667e-06
43370 1.66667e-06
43380 1.66667e-06
43390 1.66667e-06
43400 2.77556e-17
43410 2.77556e-17
43420 1.66667e-06
43430 1.66667e-06
43440 2.77556e-17
43450 1.66667e-06
43460 1.66667e-06
43470 1.66667e-06
43480 3.33333e-06
43490 3.33333e-06
43500 1.66667e-06
43510 2.77556e-17
43520 1.66667e-06
43530 2.77556e-17
43540 2.77556e-17
43550 1.66667e-06
43560 1.66667e-06
43570 1.66667e-06
43580 1.66667e-06
43590 2.77556e-17
43600 1.66667e-06
43610 2.77556e-17
43620 2.77556e-17
43630 1.66667e-06
43640 3.33333e-06
43650 1.66667e-06
43660 3.33333e-06
43670 3.33333e-06
43680 1.66667e-06
43690 1.66667e-06
43700 1.66667e-06
43710 2.77556e-17
43720 1.66667e-06
43730 1.66667e-06
43740 1.66667e-06
43750 3.33333e-06
43760 1.66667e-06
43770 2.77556e-17
43780 3.33333e-06
43790 3.33333e-06
43800 1.66667e-06
43810 1.66667e-06
43820 3.33333e-06
43830 3.33333e-06
43840 1.66667e-06
43850 1.66667e-06
43860 2.77556e-17
43870 2.77556e-17
43880 1.66667e-06
43890 1.66667e-06
43900 2.77556e-17
43910 2.77556e-17
43920 1.66667e-06
43930 3.33333e-06
43940 2.77556e-17
43950 1.66667e-06
43960 1.66667e-06
43970 1.66667e-06
43980 1.66667e-06
43990 1.66667e-06
44000 1.66667e-06
44010 3.33333e-06
44020 1.66667e-06
44030 2.77556e-17
44040 1.66667e-06
44050 1.66667e-06
44060 2.77556e-17
44070 2.77556e-17
44080 1.66667e-06
44090 1.66667e-06
44100 1.66667e-06
44110 1.66667e-06
44120 1.66667e-06
44130 3.33333e-06
44140 1.66667e-06
44150 2.77556e-17
44160 3.33333e-06
44170 3.33333e-06
44180 1.66667e-06
44190 1.66667e-06
44200 2.77556e-17
44210 3.33333e-06
44220 3.33333e-06
44230 3.33333e-06
44240 1.66667e-06
44250 1.66667e-06
44260 2.77556e-17
44270 1.66667e-06
44280 1.66667e-06
44290 3.33333e-06
44300 2.77556e-17
44310 1.66667e-06
44320 1.66667e-06
44330 1.66667e-06
44340 2.77556e-17
44350 2.77556e-17
44360 1.66667e-06
44370 1.66667e-06
44380 2.77556e-17
44390 2.77556e-17
44400 1.66667e-06
44410 3.33333e-06
44420 3.33333e-06
44430 1.66667e-06
44440 2.77556e-17
44450 2.77556e-17
44460 2.77556e-17
44470 1.66667e-06
44480 3.33333e-06
44490 1.66667e-06
44500 3.33333e-06
44510 2.77556e-17
44520 1.66667e-06
44530 1.66667e-06
44540 1.66667e-06
44550 1.66667e-06
44560 1.66667e-06
44570 1.66667e-06
44580 3.33333e-06
44590 2.77556e-17
44600 2.77556e-17
44610 1.66667e-06
44620 2.77556e-17
44630 2.77556e-17
44640 3.33333e-06
44650 1.66667e-06
44660 1.66667e-06
44670 1.66667e-06
44680 1.66667e-06
44690 1.66667e-06
44700 1.66667e-06
44710 3.33333e-06
44720 1.66667e-06
44730 1.66667e-06
44740 1.66667e-06
44750 3.33333e-06
44760 3.33333e-06
44770 3.33333e-06
44780 2.77556e-17
44790 2.77556e-17
44800 2.77556e-17
44810 1.66667e-06
44820 1.66667e-06
44830 2.77556e-17
44840 2.77556e-17
44850 3.33333e-06
44860 1.66667e-06
44870 2.77556e-17
44880 1.66667e-06
44890 3.33333e-06
44900 3.33333e-06
44910 3.33333e-06
44920 3.33333e-06
44930 1.66667e-06
44940 3.33333e-06
44950 3.33333e-06
44960 2.77556e-17
44970 1.66667e-06
44980 1.66667e-06
44990 1.66667e-06
45000 1.66667e-06
45010 3.33333e-06
45020 3.33333e-06
45030 1.66667e-06
45040 1.66667e-06
45050 1.66667e-06
45060 2.77556e-17
45070 1.66667e-06
45080 3.33333e-06
45090 1.66667e-06
45100 1.66667e-06
45110 1.66667e-06
45120 1.66667e-06
45130 1.66667e-06
45140 1.66667e-06
45150 3.33333e-06
45160 2.77556e-17
45170 2.77556e-17
45180 3.33333e-06
45190 1.66667e-06
45200 1.66667e-06
45210 1.66667e-06
45220 1.66667e-06
45230 1.66667e-06
45240 2.77556e-17
45250 1.66667e-06
45260 2.77556e-17
45270 2.77556e-17
45280 2.77556e-17
45290 1.66667e-06
45300 1.66667e-06
45310 2.77556e-17
45320 1.66667e-06
45330 2.77556e-17
45340 3.33333e-06
45350 3.33333e-06
45360 2.77556e-17
45370 1.66667e-06
45380 2.77556e-17
45390 1.66667e-06
45400 3.33333e-06
45410 3.33333e-06
45420 3.33333e-06
45430 3.33333e-06
45440 3.33333e-06
45450 1.66667e-06
45460 2.77556e-17
45470 1.66667e-06
45480 2.77556e-17
45490 3.33333e-06
45500 1.66667e-06
45510 1.66667e-06
45520 1.66667e-06
45530 2.77556e-17
45540 2.77556e-17
45550 1.66667e-06
45560 3.33333e-06
45570 1.66667e-06
45580 1.66667e-06
45590 2.77556e-17
45600 1.66667e-06
45610 3.33333e-06
45620 1.66667e-06
45630 2.77556e-17
45640 3.33333e-06
45650 1.66667e-06
45660 3.33333e-06
45670 3.33333e-06
45680 1.66667e-06
45690 2.77556e-17
45700 2.77556e-17
45710 1.66667e-06
45720 1.66667e-06
45730 1.66667e-06
45740 1.66667e-06
45750 1.66667e-06
45760 3.33333e-06
45770 1.66667e-06
45780 3.33333e-06
45790 3.33333e-06
45800 2.77556e-17
45810 1.66667e-06
45820 1.66667e-06
45830 2.77556e-17
45840 1.66667e-06
45850 1.66667e-06
45860 1.66667e-06
45870 2.77556e-17
45880 1.66667e-06
45890 1.66667e-06
45900 3.33333e-06
45910 3.33333e-06
45920 2.77556e-17
45930 2.77556e-17
45940 2.77556e-17
45950 2.77556e-17
45960 2.77556e-17
45970 1.66667e-06
45980 1.66667e-06
45990 1.66667e-06
46000 2.77556e-17
46010 2.77556e-17
46020 2.77556e-17
46030 3.33333e-06
46040 1.66667e-06
46050 1.66667e-06
46060 1.66667e-06
46070 1.66667e-06
46080 1.66667e-06
46090 3.33333e-06
46100 1.66667e-06
46110 1.66667e-06
46120 1.66667e-06
46130 1.66667e-06
46140 1.66667e-06
46150 1.66667e-06
46160 1.66667e-06
46170 2.77556e-17
46180 1.66667e-06
46190 3.33333e-06
46200 2.77556e-17
46210 1.66667e-06
46220 3.33333e-06
46230 3.33333e-06
46240 1.66667e-06
46250 1.66667e-06
46260 1.66667e-06
46270 3.33333e-06
46280 2.77556e-17
46290 2.77556e-17
46300 2.77556e-17
46310 3.33333e-06
46320 1.66667e-06
46330 2.77556e-17
46340 2.77556e-17
46350 1.66667e-06
46360 1.66667e-06
46370 1.66667e-06
46380 2.77556e-17
46390 2.77556e-17
46400 2.77556e-17
46410 1.66667e-06
46420 3.33333e-06
46430 2.77556e-17
46440 3.33333e-06
46450 1.66667e-06
46460 1.66667e-06
46470 3.33333e-06
46480 3.33333e-06
46490 1.66667e-06
46500 1.66667e-06
46510 1.66667e-06
46520 1.66667e-06
46530 1.66667e-06
46540 2.77556e-17
46550 3.33333e-06
46560 1.66667e-06
46570 1.66667e-06
46580 2.77556e-17
46590 1.66667e-06
46600 2.77556e-17
46610 1.66667e-06
46620 3.33333e-06
46630 3.33333e-06
46640 3.33333e-06
46650 1.66667e-06
46660 1.66667e-06
46670 3.33333e-06
46680 2.77556e-17
46690 2.77556e-17
46700 3.33333e-06
46710 1.66667e-06
46720 1.66667e-06
46730 3.33333e-06
46740 3.33333e-06
46750 1.66667e-06
46760 3.33333e-06
46770 3.33333e-06
46780 1.66667e-06
46790 3.33333e-06
46800 1.66667e-06
46810 1.66667e-06
46820 1.66667e-06
46830 2.77556e-17
46840 3.33333e-06
46850 1.66667e-06
46860 1.66667e-06
46870 2.77556e-17
46880 1.66667e-06
46890 3.33333e-06
46900 1.66667e-06
46910 3.33333e-06
46920 3.33333e-06
46930 1.66667e-06
46940 1.66667e-06
46950 3.33333e-06
46960 2.77556e-17
46970 1.66667e-06
46980 1.66667e-06
46990 1.66667e-06
47000 1.66667e-06
47010 1.66667e-06
47020 1.66667e-06
47030 1.66667e-06
47040 1.66667e-06
47050 1.66667e-06
47060 2.77556e-17
47070 1.66667e-06
47080 1.66667e-06
47090 1.66667e-06
47100 3.33333e-06
47110 1.66667e-06
47120 2.77556e-17
47130 1.66667e-06
47140 2.77556e-17
47150 1.66667e-06
47160 1.66667e-06
47170 1.66667e-06
47180 2.77556e-17
47190 2.77556e-17
47200 3.33333e-06
47210 1.66667e-06
47220 1.66667e-06
47230 3.33333e-06
47240 3.33333e-06
47250 1.66667e-06
47260 2.77556e-17
47270 2.77556e-17
47280 3.33333e-06
47290 2.77556e-17
47300 1.66667e-06
47310 3.33333e-06
47320 3.33333e-06
47330 3.33333e-06
47340 3.33333e-06
47350 1.66667e-06
47360 1.66667e-06
47370 2.77556e-17
47380 2.77556e-17
47390 3.33333e-06
47400 3.33333e-06
47410 3.33333e-06
47420 1.66667e-06
47430 1.66667e-06
47440 2.77556e-17
47450 2.77556e-17
47460 2.77556e-17
47470 1.66667e-06
47480 2.77556e-17
47490 1.66667e-06
47500 3.33333e-06
47510 1.66667e-06
47520 1.66667e-06
47530 2.77556e-17
47540 1.66667e-06
47550 1.66667e-06
47560 3.33333e-06
47570 1.66667e-06
47580 1.66667e-06
47590 1.66667e-06
47600 3.33333e-06
47610 1.66667e-06
47620 1.66667e-06
47630 1.66667e-06
47640 2.77556e-17
47650 1.66667e-06
47660 2.77556e-17
47670 2.77556e-17
47680 2.77556e-17
47690 2.77556e-17
47700 3.33333e-06
47710 1.66667e-06
47720 3.33333e-06
47730 1.66667e-06
47740 1.66667e-06
47750 1.66667e-06
47760 1.66667e-06
47770 2.77556e-17
47780 3.33333e-06
47790 2.77556e-17
47800 1.66667e-06
47810 1.66667e-06
47820 1.66667e-06
47830 1.66667e-06
47840 2.77556e-17
47850 1.66667e-06
47860 1.66667e-06
47870 3.33333e-06
47880 1.66667e-06
47890 3.33333e-06
47900 3.33333e-06
47910 2.77556e-17
47920 2.77556e-17
47930 2.77556e-17
47940 1.66667e-06
47950 1.66667e-06
47960 2.77556e-17
47970 1.66667e-06
47980 1.66667e-06
47990 2.77556e-17
48000 2.77556e-17
48010 1.66667e-06
48020 1.66667e-06
48030 3.33333e-06
48040 1.66667e-06
48050 1.66667e-06
48060 3.33333e-06
48070 1.66667e-06
48080 1.66667e-06
48090 3.33333e-06
48100 2.77556e-17
48110 1.66667e-06
48120 1.66667e-06
48130 1.66667e-06
48140 3.33333e-06
48150 1.66667e-06
48160 1.66667e-06
48170 1.66667e-06
48180 1.66667e-06
48190 3.33333e-06
48200 1.66667e-06
48210 1.66667e-06
48220 1.66667e-06
48230 1.66667e-06
48240 1.66667e-06
48250 1.66667e-06
48260 2.77556e-17
48270 2.77556e-17
48280 2.77556e-17
48290 2.77556e-17
48300 2.77556e-17
48310 1.66667e-06
48320 1.66667e-06
48330 1.66667e-06
48340 1.66667e-06
48350 2.77556e-17
48360 1.66667e-06
48370 1.66667e-06
48380 1.66667e-06
48390 1.66667e-06
48400 2.77556e-17
48410 2.77556e-17
48420 1.66667e-06
48430 1.66667e-06
48440 1.66667e-06
48450 1.66667e-06
48460 1.66667e-06
48470 1.66667e-06
48480 1.66667e-06
48490 1.66667e-06
48500 2.77556e-17
48510 1.66667e-06
48520 1.66667e-06
48530 2.77556e-17
48540 1.66667e-06
48550 3.33333e-06
48560 3.33333e-06
48570 3.33333e-06
48580 1.66667e-06
48590 1.66667e-06
48600 1.66667e-06
48610 3.33333e-06
48620 3.33333e-06
48630 1.66667e-06
48640 1.66667e-06
48650 1.66667e-06
48660 1.66667e-06
48670 2.77556e-17
48680 2.77556e-17
48690 3.33333e-06
48700 2.77556e-17
48710 2.77556e-17
48720 1.66667e-06
48730 3.33333e-06
48740 1.66667e-06
48750 1.66667e-06
48760 1.66667e-06
48770 1.66667e-06
48780 2.77556e-17
48790 2.77556e-17
48800 1.66667e-06
48810 3.33333e-06
48820 1.66667e-06
48830 1.66667e-06
48840 2.77556e-17
48850 1.66667e-06
48860 1.66667e-06
48870 2.77556e-17
48880 3.33333e-06
48890 3.33333e-06
48900 1.66667e-06
48910 2.77556e-17
48920 1.66667e-06
48930 3.33333e-06
48940 1.66667e-06
48950 1.66667e-06
48960 1.66667e-06
48970 1.66667e-06
48980 1.66667e-06
48990 1.66667e-06
49000 3.33333e-06
49010 3.33333e-06
49020 2.77556e-17
49030 1.66667e-06
49040 1.66667e-06
49050 2.77556e-17
49060 2.77556e-17
49070 1.66667e-06
49080 1.66667e-06
49090 1.66667e-06
49100 3.33333e-06
49110 1.66667e-06
49120 2.77556e-17
49130 3.33333e-06
49140 1.66667e-06
49150 1.66667e-06
49160 3.33333e-06
49170 1.66667e-06
49180 1.66667e-06
49190 1.66667e-06
49200 1.66667e-06
49210 3.33333e-06
49220 3.33333e-06
49230 2.77556e-17
49240 3.33333e-06
49250 1.66667e-06
49260 1.66667e-06
49270 1.66667e-06
49280 1.66667e-06
49290 3.33333e-06
49300 3.33333e-06
49310 2.77556e-17
49320 1.66667e-06
49330 2.77556e-17
49340 2.77556e-17
49350 3.33333e-06
49360 3.33333e-06
49370 3.33333e-06
49380 1.66667e-06
49390 3.33333e-06
49400 1.66667e-06
49410 2.77556e-17
49420 1.66667e-06
49430 2.77556e-17
49440 1.66667e-06
49450 1.66667e-06
49460 1.66667e-06
49470 2.77556e-17
49480 2.77556e-17
49490 1.66667e-06
49500 3.33333e-06
49510 1.66667e-06
49520 2.77556e-17
49530 1.66667e-06
49540 1.66667e-06
49550 3.33333e-06
49560 2.77556e-17
49570 2.77556e-17
49580 3.33333e-06
49590 1.66667e-06
49600 2.77556e-17
49610 2.77556e-17
49620 2.77556e-17
49630 2.77556e-17
49640 1.66667e-06
49650 1.66667e-06
49660 1.66667e-06
49670 2.77556e-17
49680 1.66667e-06
49690 1.66667e-06
49700 2.77556e-17
49710 3.33333e-06
49720 1.66667e-06
49730 2.77556e-17
49740 3.33333e-06
49750 3.33333e-06
49760 2.77556e-17
49770 1.66667e-06
49780 1.66667e-06
49790 2.77556e-17
49800 3.33333e-06
49810 3.33333e-06
49820 3.33333e-06
49830 1.66667e-06
49840 1.66667e-06
49850 1.66667e-06
49860 1.66667e-06
49870 3.33333e-06
49880 3.33333e-06
49890 3.33333e-06
49900 3.33333e-06
49910 3.33333e-06
49920 1.66667e-06
49930 3.33333e-06
49940 1.66667e-06
49950 1.66667e-06
49960 2.77556e-17
49970 1.66667e-06
49980 1.66667e-06
49990 1.66667e-06
50000 2.77556e-17
50010 2.77556e-17
50020 2.77556e-17
50030 2.77556e-17
50040 2.77556e-17
50050 2.77556e-17
50060 1.66667e-06
50070 1.66667e-06
50080 1.66667e-06
50090 2.77556e-17
50100 1.66667e-06
50110 1.66667e-06
50120 3.33333e-06
50130 1.66667e-06
50140 1.66667e-06
50150 1.66667e-06
50160 3.33333e-06
50170 1.66667e-06
50180 1.66667e-06
50190 1.66667e-06
50200 1.66667e-06
50210 1.66667e-06
50220 1.66667e-06
50230 2.77556e-17
50240 1.66667e-06
50250 1.66667e-06
50260 1.66667e-06
50270 1.66667e-06
50280 1.66667e-06
50290 1.66667e-06
50300 1.66667e-06
50310 1.66667e-06
50320 1.66667e-06
50330 1.66667e-06
50340 1.66667e-06
50350 1.66667e-06
50360 1.66667e-06
50370 3.33333e-06
50380 3.33333e-06
50390 1.66667e-06
50400 1.66667e-06
50410 3.33333e-06
50420 3.33333e-06
50430 3.33333e-06
50440 1.66667e-06
50450 3.33333e-06
50460 1.66667e-06
50470 1.66667e-06
50480 1.66667e-06
50490 3.33333e-06
50500 1.66667e-06
50510 2.77556e-17
50520 2.77556e-17
50530 2.77556e-17
50540 3.33333e-06
50550 1.66667e-06
50560 1.66667e-06
50570 3.33333e-06
50580 1.66667e-06
50590 1.66667e-06
50600 1.66667e-06
50610 1.66667e-06
50620 1.66667e-06
50630 3.33333e-06
50640 3.33333e-06
50650 1.66667e-06
50660 1.66667e-06
50670 1.66667e-06
50680 2.77556e-17
50690 2.77556e-17
50700 2.77556e-17
50710 1.66667e-06
50720 2.77556e-17
50730 3.33333e-06
50740 1.66667e-06
50750 3.33333e-06
50760 2.77556e-17
50770 1.66667e-06
50780 1.66667e-06
50790 1.66667e-06
50800 2.77556e-17
50810 1.66667e-06
50820 1.66667e-06
50830 2.77556e-17
50840 1.66667e-06
50850 1.66667e-06
50860 2.77556e-17
50870 1.66667e-06
50880 2.77556e-17
50890 2.77556e-17
50900 1.66667e-06
50910 1.66667e-06
50920 3.33333e-06
50930 1.66667e-06
50940 2.77556e-17
50950 1.66667e-06
50960 3.33333e-06
50970 2.77556e-17
50980 2.77556e-17
50990 1.66667e-06
51000 1.66667e-06
51010 1.66667e-06
51020 1.66667e-06
51030 2.77556e-17
51040 1.66667e-06
51050 1.66667e-06
51060 1.66667e-06
51070 1.66667e-06
51080 3.33333e-06
51090 1.66667e-06
51100 2.77556e-17
51110 2.77556e-17
51120 2.77556e-17
51130 2.77556e-17
51140 2.77556e-17
51150 2.77556e-17
51160 2.77556e-17
51170 3.33333e-06
51180 1.66667e-06
51190 1.66667e-06
51200 1.66667e-06
51210 2.77556e-17
51220 1.66667e-06
51230 2.77556e-17
51240 2.77556e-17
51250 2.77556e-17
51260 1.66667e-06
51270 2.77556e-17
51280 3.33333e-06
51290 1.66667e-06
51300 1.66667e-06
51310 1.66667e-06
51320 1.66667e-06
51330 1.66667e-06
51340 2.77556e-17
51350 2.77556e-17
51360 2.77556e-17
51370 2.77556e-17
51380 2.77556e-17
51390 2.77556e-17
51400 2.77556e-17
51410 1.66667e-06
51420 2.77556e-17
51430 1.66667e-06
51440 2.77556e-17
51450 1.66667e-06
51460 2.77556e-17
51470 1.66667e-06
51480 1.66667e-06
51490 1.66667e-06
51500 2.77556e-17
51510 2.77556e-17
51520 1.66667e-06
51530 2.77556e-17
51540 1.66667e-06
51550 3.33333e-06
51560 1.66667e-06
51570 2.77556e-17
51580 2.77556e-17
51590 2.77556e-17
51600 2.77556e-17
51610 1.66667e-06
51620 2.77556e-17
51630 1.66667e-06
51640 3.33333e-06
51650 3.33333e-06
51660 1.66667e-06
51670 1.66667e-06
51680 3.33333e-06
51690 2.77556e-17
51700 1.66667e-06
51710 1.66667e-06
51720 2.77556e-17
51730 2.77556e-17
51740 1.66667e-06
51750 1.66667e-06
51760 1.66667e-06
51770 1.66667e-06
51780 2.77556e-17
51790 2.77556e-17
51800 3.33333e-06
51810 1.66667e-06
51820 3.33333e-06
51830 1.66667e-06
51840 2.77556e-17
51850 1.66667e-06
51860 1.66667e-06
51870 3.33333e-06
51880 3.33333e-06
51890 3.33333e-06
51900 1.66667e-06
51910 1.66667e-06
51920 1.66667e-06
51930 2.77556e-17
51940 3.33333e-06
51950 1.66667e-06
51960 1.66667e-06
51970 2.77556e-17
51980 1.66667e-06
51990 1.66667e-06
52000 1.66667e-06
52010 2.77556e-17
52020 1.66667e-06
52030 1.66667e-06
52040 1.66667e-06
52050 3.33333e-06
52060 2.77556e-17
52070 2.77556e-17
52080 1.66667e-06
52090 1.66667e-06
52100 2.77556e-17
52110 2.77556e-17
52120 2.77556e-17
52130 2.77556e-17
52140 1.66667e-06
52150 3.33333e-06
52160 3.33333e-06
52170 3.33333e-06
52180 3.33333e-06
52190 1.66667e-06
52200 2.77556e-17
52210 1.66667e-06
52220 2.77556e-17
52230 1.66667e-06
52240 1.66667e-06
52250 1.66667e-06
52260 1.66667e-06
52270 1.66667e-06
52280 1.66667e-06
52290 1.66667e-06
52300 3.33333e-06
52310 3.33333e-06
52320 1.66667e-06
52330 3.33333e-06
52340 3.33333e-06
52350 1.66667e-06
52360 2.77556e-17
52370 3.33333e-06
52380 1.66667e-06
52390 1.66667e-06
52400 1.66667e-06
52410 2.77556e-17
52420 1.66667e-06
52430 2.77556e-17
52440 1.66667e-06
52450 2.77556e-17
52460 1.66667e-06
52470 3.33333e-06
52480 2.77556e-17
52490 1.66667e-06
52500 3.33333e-06
52510 3.33333e-06
52520 2.77556e-17
52530 2.77556e-17
52540 1.66667e-06
52550 3.33333e-06
52560 1.66667e-06
52570 3.33333e-06
52580 2.77556e-17
52590 2.77556e-17
52600 1.66667e-06
52610 1.66667e-06
52620 1.66667e-06
52630 2.77556e-17
52640 1.66667e-06
52650 2.77556e-17
52660 1.66667e-06
52670 1.66667e-06
52680 3.33333e-06
52690 3.33333e-06
52700 1.66667e-06
52710 3.33333e-06
52720 2.77556e-17
52730 2.77556e-17
52740 1.66667e-06
52750 3.33333e-06
52760 3.33333e-06
52770 1.66667e-06
52780 3.33333e-06
52790 1.66667e-06
52800 3.33333e-06
52810 1.66667e-06
52820 2.77556e-17
52830 2.77556e-17
52840 1.66667e-06
52850 3.33333e-06
52860 1.66667e-06
52870 1.66667e-06
52880 1.66667e-06
52890 2.77556e-17
52900 1.66667e-06
52910 1.66667e-06
52920 1.66667e-06
52930 3.33333e-06
52940 3.33333e-06
52950 2.77556e-17
52960 2.77556e-17
52970 1.66667e-06
52980 1.66667e-06
52990 1.66667e-06
53000 1.66667e-06
53010 3.33333e-06
53020 2.77556e-17
53030 1.66667e-06
53040 2.77556e-17
53050 1.66667e-06
53060 1.66667e-06
53070 1.66667e-06
53080 2.77556e-17
53090 2.77556e-17
53100 1.66667e-06
53110 1.66667e-06
53120 2.77556e-17
53130 1.66667e-06
53140 2.77556e-17
53150 2.77556e-17
53160 1.66667e-06
53170 1.66667e-06
53180 2.77556e-17
53190 3.33333e-06
53200 2.77556e-17
53210 1.66667e-06
53220 1.66667e-06
53230 3.33333e-06
53240 3.33333e-06
53250 3.33333e-06
53260 3.33333e-06
53270 2.77556e-17
53280 3.33333e-06
53290 3.33333e-06
53300 3.33333e-06
53310 2.77556e-17
53320 2.77556e-17
53330 2.77556e-17
53340 2.77556e-17
53350 1.66667e-06
53360 1.66667e-06
53370 1.66667e-06
53380 1.66667e-06
53390 1.66667e-06
53400 3.33333e-06
53410 3.33333e-06
53420 3.33333e-06
53430 3.33333e-06
53440 3.33333e-06
53450 3.33333e-06
53460 1.66667e-06
53470 2.77556e-17
53480 1.66667e-06
53490 2.77556e-17
53500 2.77556e-17
53510 3.33333e-06
53520 1.66667e-06
53530 2.77556e-17
53540 2.77556e-17
53550 1.66667e-06
53560 1.66667e-06
53570 3.33333e-06
53580 2.77556e-17
53590 2.77556e-17
53600 1.66667e-06
53610 3.33333e-06
53620 3.33333e-06
53630 1.66667e-06
53640 2.77556e-17
53650 1.66667e-06
53660 2.77556e-17
53670 1.66667e-06
53680 3.33333e-06
53690 3.33333e-06
53700 3.33333e-06
53710 2.77556e-17
53720 2.77556e-17
53730 2.77556e-17
53740 1.66667e-06
53750 1.66667e-06
53760 1.66667e-06
53770 1.66667e-06
53780 2.77556e-17
53790 1.66667e-06
53800 3.33333e-06
53810 2.77556e-17
53820 1.66667e-06
53830 1.66667e-06
53840 1.66667e-06
53850 1.66667e-06
53860 1.66667e-06
53870 1.66667e-06
53880 2.77556e-17
53890 2.77556e-17
53900 3.33333e-06
53910 1.66667e-06
53920 2.77556e-17
53930 1.66667e-06
53940 2.77556e-17
53950 3.33333e-06
53960 1.66667e-06
53970 1.66667e-06
53980 1.66667e-06
53990 1.66667e-06
54000 2.77556e-17
54010 1.66667e-06
54020 2.77556e-17
54030 1.66667e-06
54040 1.66667e-06
54050 2.77556e-17
54060 1.66667e-06
54070 1.66667e-06
54080 3.33333e-06
54090 3.33333e-06
54100 1.66667e-06
54110 2.77556e-17
54120 3.33333e-06
54130 2.77556e-17
54140 2.77556e-17
54150 1.66667e-06
54160 1.66667e-06
54170 1.66667e-06
54180 2.77556e-17
54190 1.66667e-06
54200 2.77556e-17
54210 1.66667e-06
54220 2.77556e-17
54230 2.77556e-17
54240 3.33333e-06
54250 1.66667e-06
54260 1.66667e-06
54270 2.77556e-17
54280 3.33333e-06
54290 2.77556e-17
54300 1.66667e-06
54310 1.66667e-06
54320 1.66667e-06
54330 2.77556e-17
54340 1.66667e-06
54350 2.77556e-17
54360 3.33333e-06
54370 3.33333e-06
54380 3.33333e-06
54390 1.66667e-06
54400 1.66667e-06
54410 2.77556e-17
54420 3.33333e-06
54430 1.66667e-06
54440 2.77556e-17
54450 2.77556e-17
54460 1.66667e-06
54470 1.66667e-06
54480 1.66667e-06
54490 1.66667e-06
54500 1.66667e-06
54510 1.66667e-06
54520 3.33333e-06
54530 2.77556e-17
54540 2.77556e-17
54550 3.33333e-06
54560 3.33333e-06
54570 3.33333e-06
54580 3.33333e-06
54590 1.66667e-06
54600 1.66667e-06
54610 1.66667e-06
54620 3.33333e-06
54630 3.33333e-06
54640 3.33333e-06
54650 1.66667e-06
54660 3.33333e-06
54670 3.33333e-06
54680 3.33333e-06
54690 1.66667e-06
54700 1.66667e-06
54710 3.33333e-06
54720 3.33333e-06
54730 2.77556e-17
54740 2.77556e-17
54750 1.66667e-06
54760 1.66667e-06
54770 1.66667e-06
54780 1.66667e-06
54790 3.33333e-06
54800 3.33333e-06
54810 2.77556e-17
54820 3.33333e-06
54830 2.77556e-17
54840 2.77556e-17
54850 2.77556e-17
54860 1.66667e-06
54870 3.33333e-06
54880 2.77556e-17
54890 1.66667e-06
54900 1.66667e-06
54910 3.33333e-06
54920 1.66667e-06
54930 1.66667e-06
54940 2.77556e-17
54950 1.66667e-06
54960 3.33333e-06
54970 3.33333e-06
54980 3.33333e-06
54990 1.66667e-06
55000 3.33333e-06
55010 1.66667e-06
55020 3.33333e-06
55030 1.66667e-06
55040 3.33333e-06
55050 1.66667e-06
55060 1.66667e-06
55070 1.66667e-06
55080 1.66667e-06
55090 1.66667e-06
55100 2.77556e-17
55110 2.77556e-17
55120 1.66667e-06
55130 3.33333e-06
55140 3.33333e-06
55150 2.77556e-17
55160 2.77556e-17
55170 1.66667e-06
55180 1.66667e-06
55190 2.77556e-17
55200 1.66667e-06
55210 1.66667e-06
55220 1.66667e-06
55230 3.33333e-06
55240 1.66667e-06
55250 2.77556e-17
55260 2.77556e-17
55270 1.66667e-06
55280 1.66667e-06
55290 2.77556e-17
55300 2.77556e-17
55310 2.77556e-17
55320 2.77556e-17
55330 2.77556e-17
55340 2.77556e-17
55350 2.77556e-17
55360 1.66667e-06
55370 2.77556e-17
55380 2.77556e-17
55390 1.66667e-06
55400 3.33333e-06
55410 2.77556e-17
55420 1.66667e-06
55430 1.66667e-06
55440 1.66667e-06
55450 1.66667e-06
55460 1.66667e-06
55470 2.77556e-17
55480 2.77556e-17
55490 1.66667e-06
55500 3.33333e-06
55510 2.77556e-17
55520 2.77556e-17
55530 1.66667e-06
55540 2.77556e-17
55550 1.66667e-06
55560 1.66667e-06
55570 2.77556e-17
55580 1.66667e-06
55590 3.33333e-06
55600 1.66667e-06
55610 1.66667e-06
55620 3.33333e-06
55630 3.33333e-06
55640 1.66667e-06
55650 1.66667e-06
55660 2.77556e-17
55670 1.66667e-06
55680 3.33333e-06
55690 1.66667e-06
55700 2.77556e-17
55710 2.77556e-17
55720 2.77556e-17
55730 1.66667e-06
55740 3.33333e-06
55750 2.77556e-17
55760 2.77556e-17
55770 3.33333e-06
55780 3.33333e-06
55790 3.33333e-06
55800 1.66667e-06
55810 2.77556e-17
55820 1.66667e-06
55830 2.77556e-17
55840 1.66667e-06
55850 2.77556e-17
55860 2.77556e-17
55870 2.77556e-17
55880 2.77556e-17
55890 3.33333e-06
55900 1.66667e-06
55910 2.77556e-17
55920 2.77556e-17
55930 3.33333e-06
55940 3.33333e-06
55950 3.33333e-06
55960 1.66667e-06
55970 2.77556e-17
55980 2.77556e-17
55990 2.77556e-17
56000 1.66667e-06
56010 2.77556e-17
56020 3.33333e-06
56030 1.66667e-06
56040 1.66667e-06
56050 1.66667e-06
56060 2.77556e-17
56070 1.66667e-06
56080 1.66667e-06
56090 1.66667e-06
56100 1.66667e-06
56110 1.66667e-06
56120 1.66667e-06
56130 1.66667e-06
56140 2.77556e-17
56150 2.77556e-17
56160 1.66667e-06
56170 1.66667e-06
56180 1.66667e-06
56190 1.66667e-06
56200 1.66667e-06
56210 3.33333e-06
56220 2.77556e-17
56230 2.77556e-17
56240 2.77556e-17
56250 1.66667e-06
56260 1.66667e-06
56270 1.66667e-06
56280 1.66667e-06
56290 2.77556e-17
56300 1.66667e-06
56310 2.77556e-17
56320 1.66667e-06
56330 1.66667e-06
56340 3.33333e-06
56350 1.66667e-06
56360 2.77556e-17
56370 1.66667e-06
56380 2.77556e-17
56390 1.66667e-06
56400 1.66667e-06
56410 2.77556e-17
56420 2.77556e-17
56430 2.77556e-17
56440 1.66667e-06
56450 2.77556e-17
56460 1.66667e-06
56470 1.66667e-06
56480 3.33333e-06
56490 2.77556e-17
56500 2.77556e-17
56510 1.66667e-06
56520 2.77556e-17
56530 1.66667e-06
56540 2.77556e-17
56550 2.77556e-17
56560 3.33333e-06
56570 1.66667e-06
56580 1.66667e-06
56590 1.66667e-06
56600 2.77556e-17
56610 2.77556e-17
56620 2.77556e-17
56630 1.66667e-06
56640 1.66667e-06
56650 1.66667e-06
56660 1.66667e-06
56670 1.66667e-06
56680 3.33333e-06
56690 1.66667e-06
56700 3.33333e-06
56710 1.66667e-06
56720 3.33333e-06
56730 2.77556e-17
56740 2.77556e-17
56750 1.66667e-06
56760 1.66667e-06
56770 1.66667e-06
56780 1.66667e-06
56790 1.66667e-06
56800 2.77556e-17
56810 1.66667e-06
56820 2.77556e-17
56830 1.66667e-06
56840 1.66667e-06
56850 3.33333e-06
56860 2.77556e-17
56870 2.77556e-17
56880 2.77556e-17
56890 1.66667e-06
56900 2.77556e-17
56910 2.77556e-17
56920 1.66667e-06
56930 3.33333e-06
56940 1.66667e-06
56950 1.66667e-06
56960 1.66667e-06
56970 1.66667e-06
56980 1.66667e-06
56990 2.77556e-17
57000 2.77556e-17
57010 1.66667e-06
57020 2.77556e-17
57030 3.33333e-06
57040 3.33333e-06
57050 1.66667e-06
57060 1.66667e-06
57070 3.33333e-06
57080 2.77556e-17
57090 3.33333e-06
57100 2.77556e-17
57110 1.66667e-06
57120 1.66667e-06
57130 1.66667e-06
57140 1.66667e-06
57150 1.66667e-06
57160 1.66667e-06
57170 1.66667e-06
57180 3.33333e-06
57190 1.66667e-06
57200 2.77556e-17
57210 2.77556e-17
57220 2.77556e-17
57230 3.33333e-06
57240 1.66667e-06
57250 1.66667e-06
57260 1.66667e-06
57270 2.77556e-17
57280 2.77556e-17
57290 1.66667e-06
57300 3.33333e-06
57310 2.77556e-17
57320 2.77556e-17
57330 3.33333e-06
57340 1.66667e-06
57350 1.66667e-06
57360 1.66667e-06
57370 1.66667e-06
57380 2.77556e-17
57390 1.66667e-06
57400 3.33333e-06
57410 1.66667e-06
57420 2.77556e-17
57430 1.66667e-06
57440 1.66667e-06
57450 2.77556e-17
57460 2.77556e-17
57470 2.77556e-17
57480 3.33333e-06
57490 3.33333e-06
57500 2.77556e-17
57510 1.66667e-06
57520 1.66667e-06
57530 1.66667e-06
57540 1.66667e-06
57550 1.66667e-06
57560 2.77556e-17
57570 2.77556e-17
57580 2.77556e-17
57590 1.66667e-06
57600 1.66667e-06
57610 3.33333e-06
57620 2.77556e-17
57630 2.77556e-17
57640 3.33333e-06
57650 1.66667e-06
57660 2.77556e-17
57670 1.66667e-06
57680 1.66667e-06
57690 2.77556e-17
57700 1.66667e-06
57710 3.33333e-06
57720 1.66667e-06
57730 3.33333e-06
57740 1.66667e-06
57750 1.66667e-06
57760 1.66667e-06
57770 2.77556e-17
57780 1.66667e-06
57790 1.66667e-06
57800 2.77556e-17
57810 1.66667e-06
57820 1.66667e-06
57830 2.77556e-17
57840 1.66667e-06
57850 1.66667e-06
57860 2.77556e-17
57870 1.66667e-06
57880 1.66667e-06
57890 2.77556e-17
57900 2.77556e-17
57910 1.66667e-06
57920 2.77556e-17
57930 1.66667e-06
57940 1.66667e-06
57950 3.33333e-06
57960 3.33333e-06
57970 3.33333e-06
57980 1.66667e-06
57990 3.33333e-06
58000 3.33333e-06
58010 1.66667e-06
58020 1.66667e-06
58030 1.66667e-06
58040 2.77556e-17
58050 2.77556e-17
58060 1.66667e-06
58070 1.66667e-06
58080 2.77556e-17
58090 1.66667e-06
58100 1.66667e-06
58110 1.66667e-06
58120 1.66667e-06
58130 1.66667e-06
58140 1.66667e-06
58150 3.33333e-06
58160 3.33333e-06
58170 3.33333e-06
58180 3.33333e-06
58190 1.66667e-06
58200 1.66667e-06
58210 1.66667e-06
58220 3.33333e-06
58230 3.33333e-06
58240 2.77556e-17
58250 1.66667e-06
58260 2.77556e-17
58270 1.66667e-06
58280 1.66667e-06
58290 1.66667e-06
58300 1.66667e-06
58310 1.66667e-06
58320 2.77556e-17
58330 1.66667e-06
58340 1.66667e-06
58350 2.77556e-17
58360 1.66667e-06
58370 3.33333e-06
58380 2.77556e-17
58390 1.66667e-06
58400 1.66667e-06
58410 3.33333e-06
58420 1.66667e-06
58430 2.77556e-17
58440 1.66667e-06
58450 1.66667e-06
58460 1.66667e-06
58470 1.66667e-06
58480 3.33333e-06
58490 3.33333e-06
58500 2.77556e-17
58510 2.77556e-17
58520 1.66667e-06
58530 1.66667e-06
58540 2.77556e-17
58550 1.66667e-06
58560 2.77556e-17
58570 2.77556e-17
58580 2.77556e-17
58590 2.77556e-17
58600 2.77556e-17
58610 1.66667e-06
58620 2.77556e-17
58630 2.77556e-17
58640 1.66667e-06
58650 1.66667e-06
58660 1.66667e-06
58670 2.77556e-17
58680 2.77556e-17
58690 1.66667e-06
58700 1.66667e-06
58710 1.66667e-06
58720 2.77556e-17
58730 2.77556e-17
58740 1.66667e-06
58750 2.77556e-17
58760 3.33333e-06
58770 1.66667e-06
58780 2.77556e-17
58790 1.66667e-06
58800 1.66667e-06
58810 2.77556e-17
58820 1.66667e-06
58830 1.66667e-06
58840 3.33333e-06
58850 1.66667e-06
58860 3.33333e-06
58870 1.66667e-06
58880 1.66667e-06
58890 1.66667e-06
58900 1.66667e-06
58910 2.77556e-17
58920 1.66667e-06
58930 1.66667e-06
58940 1.66667e-06
58950 2.77556e-17
58960 1.66667e-06
58970 2.77556e-17
58980 2.77556e-17
58990 2.77556e-17
59000 2.77556e-17
59010 1.66667e-06
59020 1.66667e-06
59030 2.77556e-17
59040 2.77556e-17
59050 1.66667e-06
59060 1.66667e-06
59070 1.66667e-06
59080 1.66667e-06
59090 1.66667e-06
59100 2.77556e-17
59110 3.33333e-06
59120 3.33333e-06
59130 3.33333e-06
59140 2.77556e-17
59150 1.66667e-06
59160 3.33333e-06
59170 1.66667e-06
59180 1.66667e-06
59190 3.33333e-06
59200 2.77556e-17
59210 2.77556e-17
59220 1.66667e-06
59230 1.66667e-06
59240 2.77556e-17
59250 1.66667e-06
59260 2.77556e-17
59270 3.33333e-06
59280 3.33333e-06
59290 3.33333e-06
59300 1.66667e-06
59310 3.33333e-06
59320 3.33333e-06
59330 1.66667e-06
59340 3.33333e-06
59350 1.66667e-06
59360 1.66667e-06
59370 1.66667e-06
59380 1.66667e-06
59390 3.33333e-06
59400 2.77556e-17
59410 1.66667e-06
59420 1.66667e-06
59430 1.66667e-06
59440 1.66667e-06
59450 2.77556e-17
59460 2.77556e-17
59470 2.77556e-17
59480 3.33333e-06
59490 3.33333e-06
59500 1.66667e-06
59510 2.77556e-17
59520 2.77556e-17
59530 3.33333e-06
59540 1.66667e-06
59550 3.33333e-06
59560 1.66667e-06
59570 3.33333e-06
59580 1.66667e-06
59590 3.33333e-06
59600 2.77556e-17
59610 1.66667e-06
59620 1.66667e-06
59630 3.33333e-06
59640 1.66667e-06
59650 2.77556e-17
59660 1.66667e-06
59670 1.66667e-06
59680 1.66667e-06
59690 2.77556e-17
59700 2.77556e-17
59710 2.77556e-17
59720 2.77556e-17
59730 2.77556e-17
59740 3.33333e-06
59750 1.66667e-06
59760 1.66667e-06
59770 3.33333e-06
59780 1.66667e-06
59790 3.33333e-06
59800 1.66667e-06
59810 3.33333e-06
59820 3.33333e-06
59830 1.66667e-06
59840 1.66667e-06
59850 1.66667e-06
59860 3.33333e-06
59870 1.66667e-06
59880 1.66667e-06
59890 1.66667e-06
59900 1.66667e-06
59910 2.77556e-17
59920 1.66667e-06
59930 2.77556e-17
59940 3.33333e-06
59950 2.77556e-17
59960 2.77556e-17
59970 1.66667e-06
59980 3.33333e-06
59990 2.77556e-17
60000 2.77556e-17
60010 1.66667e-06
60020 1.66667e-06
60030 1.66667e-06
60040 1.66667e-06
60050 2.77556e-17
60060 2.77556e-17
60070 1.66667e-06
60080 2.77556e-17
60090 2.77556e-17
60100 2.77556e-17
60110 3.33333e-06
60120 1.66667e-06
60130 1.66667e-06
60140 2.77556e-17
60150 3.33333e-06
60160 1.66667e-06
60170 1.66667e-06
60180 1.66667e-06
60190 2.77556e-17
60200 2.77556e-17
60210 1.66667e-06
60220 2.77556e-17
60230 1.66667e-06
60240 1.66667e-06
60250 2.77556e-17
60260 1.66667e-06
60270 1.66667e-06
60280 3.33333e-06
60290 1.66667e-06
60300 1.66667e-06
60310 1.66667e-06
60320 1.66667e-06
60330 2.77556e-17
60340 3.33333e-06
60350 1.66667e-06
60360 1.66667e-06
60370 2.77556e-17
60380 3.33333e-06
60390 1.66667e-06
60400 1.66667e-06
60410 1.66667e-06
60420 3.33333e-06
60430 1.66667e-06
60440 1.66667e-06
60450 1.66667e-06
60460 1.66667e-06
60470 2.77556e-17
60480 3.33333e-06
60490 3.33333e-06
60500 1.66667e-06
60510 1.66667e-06
60520 2.77556e-17
60530 2.77556e-17
60540 1.66667e-06
60550 1.66667e-06
60560 1.66667e-06
60570 2.77556e-17
60580 3.33333e-06
60590 1.66667e-06
60600 3.33333e-06
60610 2.77556e-17
60620 1.66667e-06
60630 1.66667e-06
60640 1.66667e-06
60650 1.66667e-06
60660 1.66667e-06
60670 1.66667e-06
60680 1.66667e-06
60690 1.66667e-06
60700 2.77556e-17
60710 1.66667e-06
60720 3.33333e-06
60730 1.66667e-06
60740 1.66667e-06
60750 2.77556e-17
60760 2.77556e-17
60770 3.33333e-06
60780 3.33333e-06
60790 3.33333e-06
60800 1.66667e-06
60810 3.33333e-06
60820 1.66667e-06
60830 3.33333e-06
60840 2.77556e-17
60850 3.33333e-06
60860 1.66667e-06
60870 3.33333e-06
60880 3.33333e-06
60890 1.66667e-06
60900 3.33333e-06
60910 3.33333e-06
60920 2.77556e-17
60930 3.33333e-06
60940 1.66667e-06
60950 2.77556e-17
60960 1.66667e-06
60970 1.66667e-06
60980 3.33333e-06
60990 3.33333e-06
61000 2.77556e-17
61010 1.66667e-06
61020 3.33333e-06
61030 1.66667e-06
61040 1.66667e-06
61050 1.66667e-06
61060 1.66667e-06
61070 1.66667e-06
61080 1.66667e-06
61090 1.66667e-06
61100 2.77556e-17
61110 2.77556e-17
61120 1.66667e-06
61130 2.77556e-17
61140 1.66667e-06
61150 2.77556e-17
61160 3.33333e-06
61170 3.33333e-06
61180 3.33333e-06
61190 2.77556e-17
61200 2.77556e-17
61210 1.66667e-06
61220 1.66667e-06
61230 2.77556e-17
61240 3.33333e-06
61250 2.77556e-17
61260 2.77556e-17
61270 2.77556e-17
61280 2.77556e-17
61290 2.77556e-17
61300 2.77556e-17
61310 2.77556e-17
