10 0.166668
20 1.66667e-06
30 1.66667e-06
40 3.33333e-06
50 1.66667e-06
60 1.66667e-06
70 3.33333e-06
80 1.66667e-06
90 3.33333e-06
100 1.66667e-06
110 1.66667e-06
120 1.66667e-06
130 3.33333e-06
140 1.66667e-06
150 2.77556e-17
160 1.66667e-06
170 3.33333e-06
180 2.77556e-17
190 2.77556e-17
200 2.77556e-17
210 1.66667e-06
220 1.66667e-06
230 2.77556e-17
240 2.77556e-17
250 2.77556e-17
260 1.66667e-06
270 1.66667e-06
280 2.77556e-17
290 1.66667e-06
300 1.66667e-06
310 2.77556e-17
320 2.77556e-17
330 2.77556e-17
340 2.77556e-17
350 1.66667e-06
360 1.66667e-06
370 1.66667e-06
380 1.66667e-06
390 2.77556e-17
400 2.77556e-17
410 1.66667e-06
420 0.166668
430 1.66667e-06
440 2.77556e-17
450 1.66667e-06
460 2.77556e-17
470 1.66667e-06
480 2.77556e-17
490 1.66667e-06
500 2.77556e-17
510 2.77556e-17
520 2.77556e-17
530 2.77556e-17
540 2.77556e-17
550 2.77556e-17
560 1.66667e-06
570 1.66667e-06
580 1.66667e-06
590 1.66667e-06
600 3.33333e-06
610 3.33333e-06
620 3.33333e-06
630 3.33333e-06
640 3.33333e-06
650 0.16667
660 1.66667e-06
670 1.66667e-06
680 1.66667e-06
690 1.66667e-06
700 2.77556e-17
710 2.77556e-17
720 1.66667e-06
730 0.166668
740 3.33333e-06
750 3.33333e-06
760 2.77556e-17
770 3.33333e-06
780 1.66667e-06
790 1.66667e-06
800 1.66667e-06
810 0.16667
820 1.66667e-06
830 3.33333e-06
840 1.66667e-06
850 3.33333e-06
860 3.33333e-06
870 2.77556e-17
880 3.33333e-06
890 2.77556e-17
900 1.66667e-06
910 2.77556e-17
920 1.66667e-06
930 1.66667e-06
940 3.33333e-06
950 1.66667e-06
960 2.77556e-17
970 2.77556e-17
980 2.77556e-17
990 2.77556e-17
1000 1.66667e-06
1010 2.77556e-17
1020 1.66667e-06
1030 1.66667e-06
1040 2.77556e-17
1050 2.77556e-17
1060 1.66667e-06
1070 1.66667e-06
1080 1.66667e-06
1090 2.77556e-17
1100 2.77556e-17
1110 2.77556e-17
1120 2.77556e-17
1130 2.77556e-17
1140 2.77556e-17
1150 1.66667e-06
1160 2.77556e-17
1170 1.66667e-06
1180 2.77556e-17
1190 2.77556e-17
1200 1.66667e-06
1210 1.66667e-06
1220 1.66667e-06
1230 2.77556e-17
1240 1.66667e-06
1250 1.66667e-06
1260 1.66667e-06
1270 2.77556e-17
1280 3.33333e-06
1290 2.77556e-17
1300 2.77556e-17
1310 2.77556e-17
1320 2.77556e-17
1330 1.66667e-06
1340 3.33333e-06
1350 1.66667e-06
1360 1.66667e-06
1370 1.66667e-06
1380 1.66667e-06
1390 1.66667e-06
1400 2.77556e-17
1410 1.66667e-06
1420 3.33333e-06
1430 1.66667e-06
1440 0.166668
1450 1.66667e-06
1460 2.77556e-17
1470 1.66667e-06
1480 2.77556e-17
1490 1.66667e-06
1500 2.77556e-17
1510 2.77556e-17
1520 2.77556e-17
1530 1.66667e-06
1540 2.77556e-17
1550 3.33333e-06
1560 1.66667e-06
1570 3.33333e-06
1580 1.66667e-06
1590 1.66667e-06
1600 1.66667e-06
1610 1.66667e-06
1620 3.33333e-06
1630 1.66667e-06
1640 1.66667e-06
1650 2.77556e-17
1660 2.77556e-17
1670 2.77556e-17
1680 1.66667e-06
1690 1.66667e-06
1700 2.77556e-17
1710 1.66667e-06
1720 2.77556e-17
1730 1.66667e-06
1740 2.77556e-17
1750 1.66667e-06
1760 3.33333e-06
1770 3.33333e-06
1780 1.66667e-06
1790 1.66667e-06
1800 1.66667e-06
1810 2.77556e-17
1820 1.66667e-06
1830 3.33333e-06
1840 3.33333e-06
1850 1.66667e-06
1860 1.66667e-06
1870 1.66667e-06
1880 1.66667e-06
1890 1.66667e-06
1900 2.77556e-17
1910 2.77556e-17
1920 1.66667e-06
1930 2.77556e-17
1940 1.66667e-06
1950 1.66667e-06
1960 1.66667e-06
1970 1.66667e-06
1980 3.33333e-06
1990 1.66667e-06
2000 1.66667e-06
2010 1.66667e-06
2020 3.33333e-06
2030 3.33333e-06
2040 1.66667e-06
2050 1.66667e-06
2060 3.33333e-06
2070 1.66667e-06
2080 3.33333e-06
2090 1.66667e-06
2100 3.33333e-06
2110 1.66667e-06
2120 2.77556e-17
2130 2.77556e-17
2140 2.77556e-17
2150 1.66667e-06
2160 1.66667e-06
2170 1.66667e-06
2180 2.77556e-17
2190 1.66667e-06
2200 2.77556e-17
2210 1.66667e-06
2220 2.77556e-17
2230 1.66667e-06
2240 1.66667e-06
2250 2.77556e-17
2260 1.66667e-06
2270 1.66667e-06
2280 1.66667e-06
2290 2.77556e-17
2300 1.66667e-06
2310 2.77556e-17
2320 3.33333e-06
2330 3.33333e-06
2340 2.77556e-17
2350 3.33333e-06
2360 1.66667e-06
2370 2.77556e-17
2380 2.77556e-17
2390 2.77556e-17
2400 2.77556e-17
2410 2.77556e-17
2420 1.66667e-06
2430 2.77556e-17
2440 1.66667e-06
2450 3.33333e-06
2460 1.66667e-06
2470 2.77556e-17
2480 2.77556e-17
2490 1.66667e-06
2500 1.66667e-06
2510 1.66667e-06
2520 3.33333e-06
2530 1.66667e-06
2540 1.66667e-06
2550 1.66667e-06
2560 1.66667e-06
2570 1.66667e-06
2580 1.66667e-06
2590 2.77556e-17
2600 2.77556e-17
2610 2.77556e-17
2620 2.77556e-17
2630 2.77556e-17
2640 1.66667e-06
2650 3.33333e-06
2660 1.66667e-06
2670 1.66667e-06
2680 2.77556e-17
2690 3.33333e-06
2700 1.66667e-06
2710 1.66667e-06
2720 1.66667e-06
2730 1.66667e-06
2740 1.66667e-06
2750 1.66667e-06
2760 2.77556e-17
2770 1.66667e-06
2780 2.77556e-17
2790 1.66667e-06
2800 1.66667e-06
2810 1.66667e-06
2820 1.66667e-06
2830 1.66667e-06
2840 2.77556e-17
2850 3.33333e-06
2860 1.66667e-06
2870 2.77556e-17
2880 2.77556e-17
2890 2.77556e-17
2900 2.77556e-17
2910 1.66667e-06
2920 1.66667e-06
2930 2.77556e-17
2940 2.77556e-17
2950 3.33333e-06
2960 1.66667e-06
2970 3.33333e-06
2980 2.77556e-17
2990 2.77556e-17
3000 1.66667e-06
3010 2.77556e-17
3020 3.33333e-06
3030 1.66667e-06
3040 3.33333e-06
3050 1.66667e-06
3060 2.77556e-17
3070 3.33333e-06
3080 3.33333e-06
3090 2.77556e-17
3100 2.77556e-17
3110 1.66667e-06
3120 1.66667e-06
3130 2.77556e-17
3140 1.66667e-06
3150 2.77556e-17
3160 2.77556e-17
3170 2.77556e-17
3180 1.66667e-06
3190 3.33333e-06
3200 1.66667e-06
3210 2.77556e-17
3220 2.77556e-17
3230 1.66667e-06
3240 1.66667e-06
3250 1.66667e-06
3260 2.77556e-17
3270 1.66667e-06
3280 1.66667e-06
3290 1.66667e-06
3300 2.77556e-17
3310 2.77556e-17
3320 2.77556e-17
3330 1.66667e-06
3340 2.77556e-17
3350 1.66667e-06
3360 2.77556e-17
3370 1.66667e-06
3380 1.66667e-06
3390 1.66667e-06
3400 2.77556e-17
3410 2.77556e-17
3420 2.77556e-17
3430 2.77556e-17
3440 2.77556e-17
3450 2.77556e-17
3460 1.66667e-06
3470 2.77556e-17
3480 3.33333e-06
3490 1.66667e-06
3500 1.66667e-06
3510 1.66667e-06
3520 1.66667e-06
3530 2.77556e-17
3540 2.77556e-17
3550 2.77556e-17
3560 1.66667e-06
3570 2.77556e-17
3580 2.77556e-17
3590 2.77556e-17
3600 1.66667e-06
3610 1.66667e-06
3620 1.66667e-06
3630 1.66667e-06
3640 2.77556e-17
3650 3.33333e-06
3660 3.33333e-06
3670 2.77556e-17
3680 2.77556e-17
3690 1.66667e-06
3700 1.66667e-06
3710 2.77556e-17
3720 2.77556e-17
3730 2.77556e-17
3740 3.33333e-06
3750 1.66667e-06
3760 3.33333e-06
3770 3.33333e-06
3780 2.77556e-17
3790 1.66667e-06
3800 2.77556e-17
3810 1.66667e-06
3820 2.77556e-17
3830 1.66667e-06
3840 2.77556e-17
3850 1.66667e-06
3860 1.66667e-06
3870 2.77556e-17
3880 3.33333e-06
3890 2.77556e-17
3900 3.33333e-06
3910 3.33333e-06
3920 1.66667e-06
3930 1.66667e-06
3940 1.66667e-06
3950 2.77556e-17
3960 2.77556e-17
3970 2.77556e-17
3980 2.77556e-17
3990 2.77556e-17
4000 1.66667e-06
4010 3.33333e-06
4020 1.66667e-06
4030 1.66667e-06
4040 1.66667e-06
4050 2.77556e-17
4060 2.77556e-17
4070 3.33333e-06
4080 3.33333e-06
4090 2.77556e-17
4100 1.66667e-06
4110 2.77556e-17
4120 2.77556e-17
4130 1.66667e-06
4140 2.77556e-17
4150 3.33333e-06
4160 1.66667e-06
4170 1.66667e-06
4180 1.66667e-06
4190 3.33333e-06
4200 1.66667e-06
4210 2.77556e-17
4220 1.66667e-06
4230 1.66667e-06
4240 1.66667e-06
4250 3.33333e-06
4260 1.66667e-06
4270 3.33333e-06
4280 1.66667e-06
4290 3.33333e-06
4300 1.66667e-06
4310 2.77556e-17
4320 2.77556e-17
4330 1.66667e-06
4340 1.66667e-06
4350 2.77556e-17
4360 2.77556e-17
4370 1.66667e-06
4380 2.77556e-17
4390 2.77556e-17
4400 1.66667e-06
4410 2.77556e-17
4420 3.33333e-06
4430 1.66667e-06
4440 3.33333e-06
4450 1.66667e-06
4460 1.66667e-06
4470 2.77556e-17
4480 1.66667e-06
4490 3.33333e-06
4500 2.77556e-17
4510 2.77556e-17
4520 2.77556e-17
4530 2.77556e-17
4540 2.77556e-17
4550 3.33333e-06
4560 2.77556e-17
4570 1.66667e-06
4580 3.33333e-06
4590 1.66667e-06
4600 2.77556e-17
4610 1.66667e-06
4620 1.66667e-06
4630 1.66667e-06
4640 3.33333e-06
4650 1.66667e-06
4660 2.77556e-17
4670 2.77556e-17
4680 1.66667e-06
4690 1.66667e-06
4700 3.33333e-06
4710 1.66667e-06
4720 2.77556e-17
4730 1.66667e-06
4740 2.77556e-17
4750 1.66667e-06
4760 2.77556e-17
4770 2.77556e-17
4780 3.33333e-06
4790 2.77556e-17
4800 1.66667e-06
4810 1.66667e-06
4820 2.77556e-17
4830 1.66667e-06
4840 2.77556e-17
4850 1.66667e-06
4860 2.77556e-17
4870 2.77556e-17
4880 2.77556e-17
4890 1.66667e-06
4900 2.77556e-17
4910 1.66667e-06
4920 2.77556e-17
4930 1.66667e-06
4940 1.66667e-06
4950 2.77556e-17
4960 2.77556e-17
4970 2.77556e-17
4980 1.66667e-06
4990 2.77556e-17
5000 2.77556e-17
5010 3.33333e-06
5020 3.33333e-06
5030 3.33333e-06
5040 1.66667e-06
5050 1.66667e-06
5060 1.66667e-06
5070 1.66667e-06
5080 1.66667e-06
5090 3.33333e-06
5100 2.77556e-17
5110 1.66667e-06
5120 2.77556e-17
5130 3.33333e-06
5140 1.66667e-06
5150 3.33333e-06
5160 1.66667e-06
5170 1.66667e-06
5180 2.77556e-17
5190 1.66667e-06
5200 1.66667e-06
5210 1.66667e-06
5220 3.33333e-06
5230 3.33333e-06
5240 1.66667e-06
5250 2.77556e-17
5260 3.33333e-06
5270 2.77556e-17
5280 1.66667e-06
5290 1.66667e-06
5300 3.33333e-06
5310 3.33333e-06
5320 1.66667e-06
5330 1.66667e-06
5340 2.77556e-17
5350 2.77556e-17
5360 1.66667e-06
5370 1.66667e-06
5380 1.66667e-06
5390 1.66667e-06
5400 2.77556e-17
5410 3.33333e-06
5420 1.66667e-06
5430 2.77556e-17
5440 3.33333e-06
5450 1.66667e-06
5460 3.33333e-06
5470 3.33333e-06
5480 1.66667e-06
5490 1.66667e-06
5500 2.77556e-17
5510 3.33333e-06
5520 1.66667e-06
5530 1.66667e-06
5540 1.66667e-06
5550 1.66667e-06
5560 1.66667e-06
5570 1.66667e-06
5580 1.66667e-06
5590 2.77556e-17
5600 2.77556e-17
5610 1.66667e-06
5620 1.66667e-06
5630 1.66667e-06
5640 1.66667e-06
5650 1.66667e-06
5660 1.66667e-06
5670 2.77556e-17
5680 3.33333e-06
5690 2.77556e-17
5700 1.66667e-06
5710 1.66667e-06
5720 1.66667e-06
5730 2.77556e-17
5740 1.66667e-06
5750 2.77556e-17
5760 2.77556e-17
5770 3.33333e-06
5780 1.66667e-06
5790 3.33333e-06
5800 1.66667e-06
5810 2.77556e-17
5820 1.66667e-06
5830 1.66667e-06
5840 1.66667e-06
5850 1.66667e-06
5860 3.33333e-06
5870 3.33333e-06
5880 1.66667e-06
5890 1.66667e-06
5900 2.77556e-17
5910 2.77556e-17
5920 2.77556e-17
5930 1.66667e-06
5940 2.77556e-17
5950 1.66667e-06
5960 2.77556e-17
5970 2.77556e-17
5980 1.66667e-06
5990 2.77556e-17
6000 1.66667e-06
6010 2.77556e-17
6020 3.33333e-06
6030 1.66667e-06
6040 1.66667e-06
6050 3.33333e-06
6060 1.66667e-06
6070 2.77556e-17
6080 2.77556e-17
6090 2.77556e-17
6100 1.66667e-06
6110 1.66667e-06
6120 2.77556e-17
6130 3.33333e-06
6140 1.66667e-06
6150 1.66667e-06
6160 1.66667e-06
6170 1.66667e-06
6180 1.66667e-06
6190 2.77556e-17
6200 3.33333e-06
6210 1.66667e-06
6220 2.77556e-17
6230 2.77556e-17
6240 3.33333e-06
6250 2.77556e-17
6260 1.66667e-06
6270 3.33333e-06
6280 2.77556e-17
6290 3.33333e-06
6300 1.66667e-06
6310 2.77556e-17
6320 2.77556e-17
6330 1.66667e-06
6340 1.66667e-06
6350 3.33333e-06
6360 1.66667e-06
6370 1.66667e-06
6380 2.77556e-17
6390 3.33333e-06
6400 1.66667e-06
6410 1.66667e-06
6420 1.66667e-06
6430 2.77556e-17
6440 2.77556e-17
6450 2.77556e-17
6460 1.66667e-06
6470 1.66667e-06
6480 1.66667e-06
6490 1.66667e-06
6500 1.66667e-06
6510 2.77556e-17
6520 2.77556e-17
6530 1.66667e-06
6540 3.33333e-06
6550 1.66667e-06
6560 1.66667e-06
6570 3.33333e-06
6580 3.33333e-06
6590 1.66667e-06
6600 1.66667e-06
6610 1.66667e-06
6620 2.77556e-17
6630 2.77556e-17
6640 2.77556e-17
6650 1.66667e-06
6660 2.77556e-17
6670 1.66667e-06
6680 2.77556e-17
6690 2.77556e-17
6700 3.33333e-06
6710 1.66667e-06
6720 1.66667e-06
6730 1.66667e-06
6740 2.77556e-17
6750 1.66667e-06
6760 1.66667e-06
6770 1.66667e-06
6780 1.66667e-06
6790 2.77556e-17
6800 3.33333e-06
6810 2.77556e-17
6820 3.33333e-06
6830 3.33333e-06
6840 1.66667e-06
6850 2.77556e-17
6860 1.66667e-06
6870 1.66667e-06
6880 3.33333e-06
6890 1.66667e-06
6900 2.77556e-17
6910 1.66667e-06
6920 2.77556e-17
6930 2.77556e-17
6940 2.77556e-17
6950 2.77556e-17
6960 3.33333e-06
6970 1.66667e-06
6980 1.66667e-06
6990 1.66667e-06
7000 1.66667e-06
7010 1.66667e-06
7020 2.77556e-17
7030 2.77556e-17
7040 2.77556e-17
7050 2.77556e-17
7060 2.77556e-17
7070 2.77556e-17
7080 2.77556e-17
7090 1.66667e-06
7100 1.66667e-06
7110 2.77556e-17
7120 3.33333e-06
7130 1.66667e-06
7140 2.77556e-17
7150 2.77556e-17
7160 1.66667e-06
7170 2.77556e-17
7180 1.66667e-06
7190 1.66667e-06
7200 1.66667e-06
7210 2.77556e-17
7220 1.66667e-06
7230 1.66667e-06
7240 1.66667e-06
7250 3.33333e-06
7260 3.33333e-06
7270 1.66667e-06
7280 1.66667e-06
7290 2.77556e-17
7300 1.66667e-06
7310 3.33333e-06
7320 3.33333e-06
7330 1.66667e-06
7340 1.66667e-06
7350 1.66667e-06
7360 3.33333e-06
7370 3.33333e-06
7380 2.77556e-17
7390 1.66667e-06
7400 2.77556e-17
7410 2.77556e-17
7420 2.77556e-17
7430 1.66667e-06
7440 1.66667e-06
7450 1.66667e-06
7460 2.77556e-17
7470 2.77556e-17
7480 1.66667e-06
7490 2.77556e-17
7500 3.33333e-06
7510 1.66667e-06
7520 3.33333e-06
7530 1.66667e-06
7540 1.66667e-06
7550 2.77556e-17
7560 2.77556e-17
7570 1.66667e-06
7580 2.77556e-17
7590 1.66667e-06
7600 1.66667e-06
7610 2.77556e-17
7620 1.66667e-06
7630 1.66667e-06
7640 2.77556e-17
7650 1.66667e-06
7660 2.77556e-17
7670 2.77556e-17
7680 2.77556e-17
7690 2.77556e-17
7700 1.66667e-06
7710 1.66667e-06
7720 1.66667e-06
7730 2.77556e-17
7740 3.33333e-06
7750 1.66667e-06
7760 1.66667e-06
7770 1.66667e-06
7780 2.77556e-17
7790 3.33333e-06
7800 2.77556e-17
7810 2.77556e-17
7820 1.66667e-06
7830 1.66667e-06
7840 2.77556e-17
7850 1.66667e-06
7860 1.66667e-06
7870 3.33333e-06
7880 3.33333e-06
7890 3.33333e-06
7900 3.33333e-06
7910 3.33333e-06
7920 1.66667e-06
7930 2.77556e-17
7940 1.66667e-06
7950 1.66667e-06
7960 1.66667e-06
7970 2.77556e-17
7980 1.66667e-06
7990 1.66667e-06
8000 1.66667e-06
8010 1.66667e-06
8020 1.66667e-06
8030 2.77556e-17
8040 1.66667e-06
8050 1.66667e-06
8060 2.77556e-17
8070 1.66667e-06
8080 1.66667e-06
8090 2.77556e-17
8100 2.77556e-17
8110 3.33333e-06
8120 2.77556e-17
8130 3.33333e-06
8140 1.66667e-06
8150 1.66667e-06
8160 1.66667e-06
8170 1.66667e-06
8180 1.66667e-06
8190 1.66667e-06
8200 1.66667e-06
8210 3.33333e-06
8220 3.33333e-06
8230 1.66667e-06
8240 3.33333e-06
8250 3.33333e-06
8260 1.66667e-06
8270 1.66667e-06
8280 1.66667e-06
8290 1.66667e-06
8300 2.77556e-17
8310 1.66667e-06
8320 1.66667e-06
8330 2.77556e-17
8340 2.77556e-17
8350 3.33333e-06
8360 3.33333e-06
8370 2.77556e-17
8380 3.33333e-06
8390 1.66667e-06
8400 3.33333e-06
8410 2.77556e-17
8420 1.66667e-06
8430 2.77556e-17
8440 1.66667e-06
8450 1.66667e-06
8460 2.77556e-17
8470 1.66667e-06
8480 2.77556e-17
8490 2.77556e-17
8500 1.66667e-06
8510 1.66667e-06
8520 1.66667e-06
8530 3.33333e-06
8540 1.66667e-06
8550 2.77556e-17
8560 3.33333e-06
8570 2.77556e-17
8580 3.33333e-06
8590 2.77556e-17
8600 2.77556e-17
8610 1.66667e-06
8620 1.66667e-06
8630 3.33333e-06
8640 1.66667e-06
8650 1.66667e-06
8660 1.66667e-06
8670 2.77556e-17
8680 1.66667e-06
8690 3.33333e-06
8700 2.77556e-17
8710 1.66667e-06
8720 2.77556e-17
8730 1.66667e-06
8740 1.66667e-06
8750 1.66667e-06
8760 1.66667e-06
8770 2.77556e-17
8780 2.77556e-17
8790 2.77556e-17
8800 2.77556e-17
8810 2.77556e-17
8820 3.33333e-06
8830 1.66667e-06
8840 2.77556e-17
8850 3.33333e-06
8860 2.77556e-17
8870 1.66667e-06
8880 2.77556e-17
8890 2.77556e-17
8900 1.66667e-06
8910 1.66667e-06
8920 3.33333e-06
8930 1.66667e-06
8940 1.66667e-06
8950 2.77556e-17
8960 1.66667e-06
8970 1.66667e-06
8980 1.66667e-06
8990 1.66667e-06
9000 1.66667e-06
9010 2.77556e-17
9020 2.77556e-17
9030 2.77556e-17
9040 2.77556e-17
9050 1.66667e-06
9060 1.66667e-06
9070 1.66667e-06
9080 1.66667e-06
9090 3.33333e-06
9100 1.66667e-06
9110 2.77556e-17
9120 2.77556e-17
9130 1.66667e-06
9140 2.77556e-17
9150 1.66667e-06
9160 1.66667e-06
9170 1.66667e-06
9180 1.66667e-06
9190 1.66667e-06
9200 1.66667e-06
9210 3.33333e-06
9220 3.33333e-06
9230 1.66667e-06
9240 2.77556e-17
9250 1.66667e-06
9260 1.66667e-06
9270 3.33333e-06
9280 1.66667e-06
9290 1.66667e-06
9300 3.33333e-06
9310 2.77556e-17
9320 2.77556e-17
9330 1.66667e-06
9340 2.77556e-17
9350 2.77556e-17
9360 1.66667e-06
9370 1.66667e-06
9380 1.66667e-06
9390 1.66667e-06
9400 2.77556e-17
9410 1.66667e-06
9420 2.77556e-17
9430 3.33333e-06
9440 1.66667e-06
9450 1.66667e-06
9460 2.77556e-17
9470 1.66667e-06
9480 1.66667e-06
9490 1.66667e-06
9500 1.66667e-06
9510 3.33333e-06
9520 3.33333e-06
9530 1.66667e-06
9540 3.33333e-06
9550 2.77556e-17
9560 2.77556e-17
9570 1.66667e-06
9580 1.66667e-06
9590 3.33333e-06
9600 3.33333e-06
9610 2.77556e-17
9620 1.66667e-06
9630 3.33333e-06
9640 1.66667e-06
9650 3.33333e-06
9660 1.66667e-06
9670 1.66667e-06
9680 2.77556e-17
9690 3.33333e-06
9700 3.33333e-06
9710 2.77556e-17
9720 2.77556e-17
9730 2.77556e-17
9740 1.66667e-06
9750 3.33333e-06
9760 1.66667e-06
9770 1.66667e-06
9780 1.66667e-06
9790 2.77556e-17
9800 1.66667e-06
9810 1.66667e-06
9820 1.66667e-06
9830 1.66667e-06
9840 1.66667e-06
9850 1.66667e-06
9860 1.66667e-06
9870 1.66667e-06
9880 1.66667e-06
9890 2.77556e-17
9900 2.77556e-17
9910 1.66667e-06
9920 2.77556e-17
9930 2.77556e-17
9940 3.33333e-06
9950 1.66667e-06
9960 1.66667e-06
9970 1.66667e-06
9980 1.66667e-06
9990 1.66667e-06
10000 1.66667e-06
10010 3.33333e-06
10020 2.77556e-17
10030 2.77556e-17
10040 2.77556e-17
10050 1.66667e-06
10060 1.66667e-06
10070 2.77556e-17
10080 2.77556e-17
10090 2.77556e-17
10100 1.66667e-06
10110 1.66667e-06
10120 2.77556e-17
10130 2.77556e-17
10140 2.77556e-17
10150 1.66667e-06
10160 1.66667e-06
10170 1.66667e-06
10180 1.66667e-06
10190 3.33333e-06
10200 1.66667e-06
10210 3.33333e-06
10220 1.66667e-06
10230 2.77556e-17
10240 3.33333e-06
10250 2.77556e-17
10260 3.33333e-06
10270 1.66667e-06
10280 1.66667e-06
10290 2.77556e-17
10300 2.77556e-17
10310 3.33333e-06
10320 1.66667e-06
10330 1.66667e-06
10340 1.66667e-06
10350 2.77556e-17
10360 3.33333e-06
10370 1.66667e-06
10380 1.66667e-06
10390 2.77556e-17
10400 2.77556e-17
10410 3.33333e-06
10420 3.33333e-06
10430 2.77556e-17
10440 2.77556e-17
10450 1.66667e-06
10460 3.33333e-06
10470 2.77556e-17
10480 2.77556e-17
10490 3.33333e-06
10500 1.66667e-06
10510 1.66667e-06
10520 3.33333e-06
10530 2.77556e-17
10540 3.33333e-06
10550 2.77556e-17
10560 2.77556e-17
10570 2.77556e-17
10580 1.66667e-06
10590 2.77556e-17
10600 3.33333e-06
10610 2.77556e-17
10620 1.66667e-06
10630 2.77556e-17
10640 1.66667e-06
10650 1.66667e-06
10660 3.33333e-06
10670 3.33333e-06
10680 1.66667e-06
10690 1.66667e-06
10700 2.77556e-17
10710 1.66667e-06
10720 1.66667e-06
10730 1.66667e-06
10740 1.66667e-06
10750 3.33333e-06
10760 1.66667e-06
10770 2.77556e-17
10780 2.77556e-17
10790 3.33333e-06
10800 1.66667e-06
10810 1.66667e-06
10820 2.77556e-17
10830 1.66667e-06
10840 2.77556e-17
10850 3.33333e-06
10860 1.66667e-06
10870 1.66667e-06
10880 1.66667e-06
10890 2.77556e-17
10900 3.33333e-06
10910 3.33333e-06
10920 2.77556e-17
10930 1.66667e-06
10940 2.77556e-17
10950 2.77556e-17
10960 2.77556e-17
10970 1.66667e-06
10980 3.33333e-06
10990 2.77556e-17
11000 3.33333e-06
11010 1.66667e-06
11020 1.66667e-06
11030 2.77556e-17
11040 1.66667e-06
11050 1.66667e-06
11060 2.77556e-17
11070 2.77556e-17
11080 2.77556e-17
11090 2.77556e-17
11100 1.66667e-06
11110 1.66667e-06
11120 2.77556e-17
11130 1.66667e-06
11140 1.66667e-06
11150 3.33333e-06
11160 2.77556e-17
11170 2.77556e-17
11180 2.77556e-17
11190 2.77556e-17
11200 1.66667e-06
11210 2.77556e-17
11220 2.77556e-17
11230 2.77556e-17
11240 3.33333e-06
11250 1.66667e-06
11260 2.77556e-17
11270 1.66667e-06
11280 2.77556e-17
11290 2.77556e-17
11300 1.66667e-06
11310 2.77556e-17
11320 1.66667e-06
11330 2.77556e-17
11340 1.66667e-06
11350 3.33333e-06
11360 2.77556e-17
11370 2.77556e-17
11380 2.77556e-17
11390 2.77556e-17
11400 2.77556e-17
11410 2.77556e-17
11420 2.77556e-17
11430 1.66667e-06
11440 1.66667e-06
11450 2.77556e-17
11460 3.33333e-06
11470 1.66667e-06
11480 1.66667e-06
11490 1.66667e-06
11500 2.77556e-17
11510 2.77556e-17
11520 1.66667e-06
11530 2.77556e-17
11540 1.66667e-06
11550 2.77556e-17
11560 2.77556e-17
11570 1.66667e-06
11580 1.66667e-06
11590 1.66667e-06
11600 2.77556e-17
11610 2.77556e-17
11620 2.77556e-17
11630 1.66667e-06
11640 2.77556e-17
11650 1.66667e-06
11660 2.77556e-17
11670 3.33333e-06
11680 2.77556e-17
11690 3.33333e-06
11700 1.66667e-06
11710 2.77556e-17
11720 1.66667e-06
11730 2.77556e-17
11740 1.66667e-06
11750 2.77556e-17
11760 1.66667e-06
11770 1.66667e-06
11780 2.77556e-17
11790 1.66667e-06
11800 1.66667e-06
11810 1.66667e-06
11820 1.66667e-06
11830 1.66667e-06
11840 1.66667e-06
11850 2.77556e-17
11860 2.77556e-17
11870 1.66667e-06
11880 3.33333e-06
11890 1.66667e-06
11900 3.33333e-06
11910 1.66667e-06
11920 1.66667e-06
11930 2.77556e-17
11940 3.33333e-06
11950 1.66667e-06
11960 3.33333e-06
11970 3.33333e-06
11980 2.77556e-17
11990 1.66667e-06
12000 1.66667e-06
12010 1.66667e-06
12020 2.77556e-17
12030 3.33333e-06
12040 2.77556e-17
12050 3.33333e-06
12060 2.77556e-17
12070 1.66667e-06
12080 3.33333e-06
12090 1.66667e-06
12100 1.66667e-06
12110 1.66667e-06
12120 1.66667e-06
12130 2.77556e-17
12140 1.66667e-06
12150 1.66667e-06
12160 1.66667e-06
12170 2.77556e-17
12180 3.33333e-06
12190 1.66667e-06
12200 1.66667e-06
12210 1.66667e-06
12220 2.77556e-17
12230 2.77556e-17
12240 1.66667e-06
12250 2.77556e-17
12260 1.66667e-06
12270 1.66667e-06
12280 1.66667e-06
12290 1.66667e-06
12300 3.33333e-06
12310 2.77556e-17
12320 2.77556e-17
12330 1.66667e-06
12340 2.77556e-17
12350 1.66667e-06
12360 1.66667e-06
12370 1.66667e-06
12380 1.66667e-06
12390 1.66667e-06
12400 2.77556e-17
12410 2.77556e-17
12420 1.66667e-06
12430 2.77556e-17
12440 1.66667e-06
12450 2.77556e-17
12460 1.66667e-06
12470 2.77556e-17
12480 2.77556e-17
12490 3.33333e-06
12500 1.66667e-06
12510 2.77556e-17
12520 2.77556e-17
12530 1.66667e-06
12540 1.66667e-06
12550 3.33333e-06
12560 3.33333e-06
12570 3.33333e-06
12580 3.33333e-06
12590 3.33333e-06
12600 1.66667e-06
12610 2.77556e-17
12620 1.66667e-06
12630 1.66667e-06
12640 2.77556e-17
12650 1.66667e-06
12660 2.77556e-17
12670 1.66667e-06
12680 1.66667e-06
12690 1.66667e-06
12700 1.66667e-06
12710 3.33333e-06
12720 3.33333e-06
12730 3.33333e-06
12740 2.77556e-17
12750 2.77556e-17
12760 2.77556e-17
12770 1.66667e-06
12780 1.66667e-06
12790 2.77556e-17
12800 2.77556e-17
12810 3.33333e-06
12820 1.66667e-06
12830 3.33333e-06
12840 1.66667e-06
12850 1.66667e-06
12860 1.66667e-06
12870 2.77556e-17
12880 2.77556e-17
12890 1.66667e-06
12900 3.33333e-06
12910 1.66667e-06
12920 2.77556e-17
12930 1.66667e-06
12940 1.66667e-06
12950 2.77556e-17
12960 2.77556e-17
12970 1.66667e-06
12980 2.77556e-17
12990 3.33333e-06
13000 2.77556e-17
13010 2.77556e-17
13020 3.33333e-06
13030 1.66667e-06
13040 1.66667e-06
13050 1.66667e-06
13060 2.77556e-17
13070 1.66667e-06
13080 1.66667e-06
13090 1.66667e-06
13100 1.66667e-06
13110 2.77556e-17
13120 1.66667e-06
13130 1.66667e-06
13140 2.77556e-17
13150 2.77556e-17
13160 1.66667e-06
13170 1.66667e-06
13180 3.33333e-06
13190 3.33333e-06
13200 3.33333e-06
13210 2.77556e-17
13220 3.33333e-06
13230 1.66667e-06
13240 2.77556e-17
13250 2.77556e-17
13260 1.66667e-06
13270 2.77556e-17
13280 1.66667e-06
13290 1.66667e-06
13300 2.77556e-17
13310 1.66667e-06
13320 1.66667e-06
13330 2.77556e-17
13340 1.66667e-06
13350 1.66667e-06
13360 2.77556e-17
13370 3.33333e-06
13380 1.66667e-06
13390 1.66667e-06
13400 2.77556e-17
13410 1.66667e-06
13420 1.66667e-06
13430 1.66667e-06
13440 1.66667e-06
13450 1.66667e-06
13460 1.66667e-06
13470 2.77556e-17
13480 2.77556e-17
13490 1.66667e-06
13500 2.77556e-17
13510 3.33333e-06
13520 3.33333e-06
13530 3.33333e-06
13540 1.66667e-06
13550 3.33333e-06
13560 1.66667e-06
13570 2.77556e-17
13580 1.66667e-06
13590 2.77556e-17
13600 2.77556e-17
13610 1.66667e-06
13620 1.66667e-06
13630 2.77556e-17
13640 1.66667e-06
13650 2.77556e-17
13660 1.66667e-06
13670 2.77556e-17
13680 2.77556e-17
13690 3.33333e-06
13700 1.66667e-06
13710 1.66667e-06
13720 1.66667e-06
13730 1.66667e-06
13740 1.66667e-06
13750 2.77556e-17
13760 2.77556e-17
13770 3.33333e-06
13780 1.66667e-06
13790 1.66667e-06
13800 2.77556e-17
13810 1.66667e-06
13820 1.66667e-06
13830 1.66667e-06
13840 2.77556e-17
13850 1.66667e-06
13860 3.33333e-06
13870 1.66667e-06
13880 1.66667e-06
13890 2.77556e-17
13900 1.66667e-06
13910 3.33333e-06
13920 2.77556e-17
13930 1.66667e-06
13940 2.77556e-17
13950 3.33333e-06
13960 1.66667e-06
13970 2.77556e-17
13980 1.66667e-06
13990 2.77556e-17
14000 2.77556e-17
14010 2.77556e-17
14020 2.77556e-17
14030 1.66667e-06
14040 1.66667e-06
14050 1.66667e-06
14060 1.66667e-06
14070 2.77556e-17
14080 1.66667e-06
14090 1.66667e-06
14100 1.66667e-06
14110 1.66667e-06
14120 3.33333e-06
14130 1.66667e-06
14140 1.66667e-06
14150 1.66667e-06
14160 2.77556e-17
14170 2.77556e-17
14180 2.77556e-17
14190 2.77556e-17
14200 2.77556e-17
14210 1.66667e-06
14220 2.77556e-17
14230 1.66667e-06
14240 1.66667e-06
14250 1.66667e-06
14260 1.66667e-06
14270 3.33333e-06
14280 1.66667e-06
14290 2.77556e-17
14300 1.66667e-06
14310 2.77556e-17
14320 1.66667e-06
14330 1.66667e-06
14340 1.66667e-06
14350 2.77556e-17
14360 2.77556e-17
14370 1.66667e-06
14380 2.77556e-17
14390 2.77556e-17
14400 2.77556e-17
14410 2.77556e-17
14420 1.66667e-06
14430 2.77556e-17
14440 2.77556e-17
14450 2.77556e-17
14460 1.66667e-06
14470 1.66667e-06
14480 1.66667e-06
14490 2.77556e-17
14500 1.66667e-06
14510 3.33333e-06
14520 2.77556e-17
14530 2.77556e-17
14540 1.66667e-06
14550 2.77556e-17
14560 2.77556e-17
14570 1.66667e-06
14580 2.77556e-17
14590 2.77556e-17
14600 1.66667e-06
14610 3.33333e-06
14620 2.77556e-17
14630 3.33333e-06
14640 3.33333e-06
14650 1.66667e-06
14660 2.77556e-17
14670 2.77556e-17
14680 1.66667e-06
14690 2.77556e-17
14700 1.66667e-06
14710 2.77556e-17
14720 2.77556e-17
14730 3.33333e-06
14740 1.66667e-06
14750 2.77556e-17
14760 1.66667e-06
14770 2.77556e-17
14780 1.66667e-06
14790 1.66667e-06
14800 3.33333e-06
14810 3.33333e-06
14820 3.33333e-06
14830 1.66667e-06
14840 1.66667e-06
14850 1.66667e-06
14860 1.66667e-06
14870 1.66667e-06
14880 3.33333e-06
14890 2.77556e-17
14900 1.66667e-06
14910 2.77556e-17
14920 1.66667e-06
14930 3.33333e-06
14940 2.77556e-17
14950 2.77556e-17
14960 1.66667e-06
14970 1.66667e-06
14980 3.33333e-06
14990 2.77556e-17
15000 1.66667e-06
15010 1.66667e-06
15020 1.66667e-06
15030 1.66667e-06
15040 2.77556e-17
15050 1.66667e-06
15060 1.66667e-06
15070 2.77556e-17
15080 3.33333e-06
15090 3.33333e-06
15100 2.77556e-17
15110 1.66667e-06
15120 2.77556e-17
15130 2.77556e-17
15140 2.77556e-17
15150 1.66667e-06
15160 1.66667e-06
15170 1.66667e-06
15180 2.77556e-17
15190 1.66667e-06
15200 2.77556e-17
15210 1.66667e-06
15220 2.77556e-17
15230 2.77556e-17
15240 1.66667e-06
15250 1.66667e-06
15260 2.77556e-17
15270 2.77556e-17
15280 1.66667e-06
15290 2.77556e-17
15300 1.66667e-06
15310 1.66667e-06
15320 1.66667e-06
15330 1.66667e-06
15340 1.66667e-06
15350 2.77556e-17
15360 2.77556e-17
15370 3.33333e-06
15380 2.77556e-17
15390 1.66667e-06
15400 3.33333e-06
15410 1.66667e-06
15420 1.66667e-06
15430 1.66667e-06
15440 2.77556e-17
15450 2.77556e-17
15460 2.77556e-17
15470 1.66667e-06
15480 3.33333e-06
15490 3.33333e-06
15500 2.77556e-17
15510 2.77556e-17
15520 1.66667e-06
15530 2.77556e-17
15540 2.77556e-17
15550 2.77556e-17
15560 2.77556e-17
15570 1.66667e-06
15580 1.66667e-06
15590 3.33333e-06
15600 1.66667e-06
15610 1.66667e-06
15620 1.66667e-06
15630 1.66667e-06
15640 3.33333e-06
15650 2.77556e-17
15660 1.66667e-06
15670 1.66667e-06
15680 2.77556e-17
15690 1.66667e-06
15700 3.33333e-06
15710 1.66667e-06
15720 2.77556e-17
15730 1.66667e-06
15740 1.66667e-06
15750 2.77556e-17
15760 2.77556e-17
15770 2.77556e-17
15780 2.77556e-17
15790 2.77556e-17
15800 3.33333e-06
15810 2.77556e-17
15820 3.33333e-06
15830 2.77556e-17
15840 1.66667e-06
15850 2.77556e-17
15860 2.77556e-17
15870 2.77556e-17
15880 2.77556e-17
15890 1.66667e-06
15900 1.66667e-06
15910 2.77556e-17
15920 2.77556e-17
15930 2.77556e-17
15940 1.66667e-06
15950 1.66667e-06
15960 1.66667e-06
15970 3.33333e-06
15980 1.66667e-06
15990 2.77556e-17
16000 1.66667e-06
16010 1.66667e-06
16020 1.66667e-06
16030 1.66667e-06
16040 2.77556e-17
16050 2.77556e-17
16060 1.66667e-06
16070 1.66667e-06
16080 1.66667e-06
16090 3.33333e-06
16100 1.66667e-06
16110 2.77556e-17
16120 1.66667e-06
16130 2.77556e-17
16140 1.66667e-06
16150 2.77556e-17
16160 2.77556e-17
16170 2.77556e-17
16180 3.33333e-06
16190 1.66667e-06
16200 1.66667e-06
16210 1.66667e-06
16220 1.66667e-06
16230 2.77556e-17
16240 3.33333e-06
16250 1.66667e-06
16260 1.66667e-06
16270 1.66667e-06
16280 2.77556e-17
16290 2.77556e-17
16300 3.33333e-06
16310 3.33333e-06
16320 2.77556e-17
16330 1.66667e-06
16340 1.66667e-06
16350 1.66667e-06
16360 1.66667e-06
16370 1.66667e-06
16380 1.66667e-06
16390 1.66667e-06
16400 1.66667e-06
16410 2.77556e-17
16420 2.77556e-17
16430 1.66667e-06
16440 1.66667e-06
16450 1.66667e-06
16460 1.66667e-06
16470 1.66667e-06
16480 1.66667e-06
16490 1.66667e-06
16500 1.66667e-06
16510 1.66667e-06
16520 1.66667e-06
16530 1.66667e-06
16540 1.66667e-06
16550 2.77556e-17
16560 1.66667e-06
16570 1.66667e-06
16580 2.77556e-17
16590 3.33333e-06
16600 1.66667e-06
16610 1.66667e-06
16620 1.66667e-06
16630 1.66667e-06
16640 3.33333e-06
16650 1.66667e-06
16660 1.66667e-06
16670 1.66667e-06
16680 2.77556e-17
16690 2.77556e-17
16700 2.77556e-17
16710 3.33333e-06
16720 1.66667e-06
16730 1.66667e-06
16740 1.66667e-06
16750 1.66667e-06
16760 1.66667e-06
16770 1.66667e-06
16780 1.66667e-06
16790 2.77556e-17
16800 1.66667e-06
16810 1.66667e-06
16820 3.33333e-06
16830 2.77556e-17
16840 2.77556e-17
16850 2.77556e-17
16860 1.66667e-06
16870 1.66667e-06
16880 2.77556e-17
16890 2.77556e-17
16900 2.77556e-17
16910 1.66667e-06
16920 1.66667e-06
16930 2.77556e-17
16940 1.66667e-06
16950 1.66667e-06
16960 2.77556e-17
16970 1.66667e-06
16980 3.33333e-06
16990 1.66667e-06
17000 1.66667e-06
17010 2.77556e-17
17020 1.66667e-06
17030 2.77556e-17
17040 1.66667e-06
17050 1.66667e-06
17060 1.66667e-06
17070 2.77556e-17
17080 1.66667e-06
17090 1.66667e-06
17100 2.77556e-17
17110 2.77556e-17
17120 2.77556e-17
17130 1.66667e-06
17140 1.66667e-06
17150 1.66667e-06
17160 1.66667e-06
17170 3.33333e-06
17180 3.33333e-06
17190 1.66667e-06
17200 1.66667e-06
17210 1.66667e-06
17220 1.66667e-06
17230 2.77556e-17
17240 3.33333e-06
17250 1.66667e-06
17260 1.66667e-06
17270 1.66667e-06
17280 2.77556e-17
17290 3.33333e-06
17300 1.66667e-06
17310 1.66667e-06
17320 2.77556e-17
17330 3.33333e-06
17340 1.66667e-06
17350 2.77556e-17
17360 1.66667e-06
17370 3.33333e-06
17380 1.66667e-06
17390 1.66667e-06
17400 1.66667e-06
17410 3.33333e-06
17420 3.33333e-06
17430 3.33333e-06
17440 1.66667e-06
17450 1.66667e-06
17460 1.66667e-06
17470 2.77556e-17
17480 3.33333e-06
17490 2.77556e-17
17500 3.33333e-06
17510 2.77556e-17
17520 2.77556e-17
17530 1.66667e-06
17540 2.77556e-17
17550 2.77556e-17
17560 1.66667e-06
17570 1.66667e-06
17580 1.66667e-06
17590 3.33333e-06
17600 1.66667e-06
17610 2.77556e-17
17620 1.66667e-06
17630 3.33333e-06
17640 2.77556e-17
17650 2.77556e-17
17660 2.77556e-17
17670 1.66667e-06
17680 1.66667e-06
17690 2.77556e-17
17700 2.77556e-17
17710 1.66667e-06
17720 1.66667e-06
17730 1.66667e-06
17740 1.66667e-06
17750 3.33333e-06
17760 2.77556e-17
17770 1.66667e-06
17780 2.77556e-17
17790 1.66667e-06
17800 2.77556e-17
17810 1.66667e-06
17820 1.66667e-06
17830 1.66667e-06
17840 1.66667e-06
17850 3.33333e-06
17860 1.66667e-06
17870 1.66667e-06
17880 2.77556e-17
17890 2.77556e-17
17900 1.66667e-06
17910 3.33333e-06
17920 1.66667e-06
17930 1.66667e-06
17940 2.77556e-17
17950 1.66667e-06
17960 2.77556e-17
17970 1.66667e-06
17980 1.66667e-06
17990 1.66667e-06
18000 2.77556e-17
18010 2.77556e-17
18020 1.66667e-06
18030 1.66667e-06
18040 2.77556e-17
18050 1.66667e-06
18060 1.66667e-06
18070 2.77556e-17
18080 1.66667e-06
18090 3.33333e-06
18100 3.33333e-06
18110 1.66667e-06
18120 2.77556e-17
18130 1.66667e-06
18140 1.66667e-06
18150 2.77556e-17
18160 2.77556e-17
18170 1.66667e-06
18180 1.66667e-06
18190 1.66667e-06
18200 2.77556e-17
18210 1.66667e-06
18220 1.66667e-06
18230 3.33333e-06
18240 1.66667e-06
18250 2.77556e-17
18260 2.77556e-17
18270 2.77556e-17
18280 2.77556e-17
18290 3.33333e-06
18300 2.77556e-17
18310 1.66667e-06
18320 2.77556e-17
18330 1.66667e-06
18340 1.66667e-06
18350 2.77556e-17
18360 1.66667e-06
18370 2.77556e-17
18380 1.66667e-06
18390 3.33333e-06
18400 1.66667e-06
18410 1.66667e-06
18420 2.77556e-17
18430 2.77556e-17
18440 2.77556e-17
18450 2.77556e-17
18460 2.77556e-17
18470 1.66667e-06
18480 3.33333e-06
18490 3.33333e-06
18500 3.33333e-06
18510 1.66667e-06
18520 3.33333e-06
18530 3.33333e-06
18540 2.77556e-17
18550 1.66667e-06
18560 2.77556e-17
18570 2.77556e-17
18580 1.66667e-06
18590 1.66667e-06
18600 1.66667e-06
18610 1.66667e-06
18620 3.33333e-06
18630 2.77556e-17
18640 3.33333e-06
18650 3.33333e-06
18660 1.66667e-06
18670 1.66667e-06
18680 1.66667e-06
18690 1.66667e-06
18700 3.33333e-06
18710 2.77556e-17
18720 3.33333e-06
18730 1.66667e-06
18740 1.66667e-06
18750 2.77556e-17
18760 2.77556e-17
18770 2.77556e-17
18780 3.33333e-06
18790 1.66667e-06
18800 1.66667e-06
18810 1.66667e-06
18820 2.77556e-17
18830 1.66667e-06
18840 3.33333e-06
18850 2.77556e-17
18860 3.33333e-06
18870 1.66667e-06
18880 3.33333e-06
18890 3.33333e-06
18900 1.66667e-06
18910 1.66667e-06
18920 1.66667e-06
18930 2.77556e-17
18940 1.66667e-06
18950 3.33333e-06
18960 2.77556e-17
18970 3.33333e-06
18980 2.77556e-17
18990 2.77556e-17
19000 1.66667e-06
19010 1.66667e-06
19020 3.33333e-06
19030 3.33333e-06
19040 3.33333e-06
19050 1.66667e-06
19060 2.77556e-17
19070 1.66667e-06
19080 2.77556e-17
19090 2.77556e-17
19100 2.77556e-17
19110 1.66667e-06
19120 1.66667e-06
19130 3.33333e-06
19140 3.33333e-06
19150 1.66667e-06
19160 3.33333e-06
19170 2.77556e-17
19180 2.77556e-17
19190 1.66667e-06
19200 3.33333e-06
19210 2.77556e-17
19220 1.66667e-06
19230 1.66667e-06
19240 1.66667e-06
19250 2.77556e-17
19260 1.66667e-06
19270 3.33333e-06
19280 1.66667e-06
19290 1.66667e-06
19300 2.77556e-17
19310 1.66667e-06
19320 2.77556e-17
19330 2.77556e-17
19340 1.66667e-06
19350 2.77556e-17
19360 2.77556e-17
19370 3.33333e-06
19380 3.33333e-06
19390 1.66667e-06
19400 1.66667e-06
19410 3.33333e-06
19420 2.77556e-17
19430 3.33333e-06
19440 1.66667e-06
19450 1.66667e-06
19460 1.66667e-06
19470 1.66667e-06
19480 2.77556e-17
19490 2.77556e-17
19500 3.33333e-06
19510 1.66667e-06
19520 1.66667e-06
19530 1.66667e-06
19540 2.77556e-17
19550 3.33333e-06
19560 1.66667e-06
19570 2.77556e-17
19580 2.77556e-17
19590 2.77556e-17
19600 1.66667e-06
19610 1.66667e-06
19620 2.77556e-17
19630 1.66667e-06
19640 2.77556e-17
19650 3.33333e-06
19660 2.77556e-17
19670 1.66667e-06
19680 2.77556e-17
19690 1.66667e-06
19700 3.33333e-06
19710 1.66667e-06
19720 1.66667e-06
19730 1.66667e-06
19740 1.66667e-06
19750 1.66667e-06
19760 3.33333e-06
19770 1.66667e-06
19780 1.66667e-06
19790 2.77556e-17
19800 1.66667e-06
19810 1.66667e-06
19820 1.66667e-06
19830 1.66667e-06
19840 1.66667e-06
19850 1.66667e-06
19860 3.33333e-06
19870 3.33333e-06
19880 1.66667e-06
19890 2.77556e-17
19900 1.66667e-06
19910 1.66667e-06
19920 1.66667e-06
19930 1.66667e-06
19940 1.66667e-06
19950 2.77556e-17
19960 2.77556e-17
19970 1.66667e-06
19980 1.66667e-06
19990 2.77556e-17
20000 1.66667e-06
20010 1.66667e-06
20020 1.66667e-06
20030 3.33333e-06
20040 2.77556e-17
20050 1.66667e-06
20060 1.66667e-06
20070 1.66667e-06
20080 1.66667e-06
20090 2.77556e-17
20100 1.66667e-06
20110 2.77556e-17
20120 2.77556e-17
20130 1.66667e-06
20140 2.77556e-17
20150 1.66667e-06
20160 1.66667e-06
20170 2.77556e-17
20180 2.77556e-17
20190 1.66667e-06
20200 3.33333e-06
20210 1.66667e-06
20220 1.66667e-06
20230 2.77556e-17
20240 2.77556e-17
20250 1.66667e-06
20260 3.33333e-06
20270 1.66667e-06
20280 3.33333e-06
20290 2.77556e-17
20300 1.66667e-06
20310 1.66667e-06
20320 1.66667e-06
20330 1.66667e-06
20340 2.77556e-17
20350 1.66667e-06
20360 1.66667e-06
20370 3.33333e-06
20380 1.66667e-06
20390 3.33333e-06
20400 1.66667e-06
20410 1.66667e-06
20420 1.66667e-06
20430 1.66667e-06
20440 1.66667e-06
20450 2.77556e-17
20460 3.33333e-06
20470 2.77556e-17
20480 3.33333e-06
20490 1.66667e-06
20500 1.66667e-06
20510 1.66667e-06
20520 1.66667e-06
20530 1.66667e-06
20540 1.66667e-06
20550 3.33333e-06
20560 2.77556e-17
20570 3.33333e-06
20580 1.66667e-06
20590 1.66667e-06
20600 2.77556e-17
20610 1.66667e-06
20620 1.66667e-06
20630 2.77556e-17
20640 1.66667e-06
20650 1.66667e-06
20660 2.77556e-17
20670 1.66667e-06
20680 1.66667e-06
20690 1.66667e-06
20700 2.77556e-17
20710 1.66667e-06
20720 1.66667e-06
20730 1.66667e-06
20740 1.66667e-06
20750 1.66667e-06
20760 1.66667e-06
20770 1.66667e-06
20780 2.77556e-17
20790 2.77556e-17
20800 1.66667e-06
20810 2.77556e-17
20820 3.33333e-06
20830 1.66667e-06
20840 1.66667e-06
20850 1.66667e-06
20860 1.66667e-06
20870 3.33333e-06
20880 2.77556e-17
20890 1.66667e-06
20900 2.77556e-17
20910 2.77556e-17
20920 1.66667e-06
20930 1.66667e-06
20940 3.33333e-06
20950 3.33333e-06
20960 1.66667e-06
20970 3.33333e-06
20980 3.33333e-06
20990 1.66667e-06
21000 1.66667e-06
21010 1.66667e-06
21020 1.66667e-06
21030 2.77556e-17
21040 2.77556e-17
21050 1.66667e-06
21060 1.66667e-06
21070 1.66667e-06
21080 2.77556e-17
21090 2.77556e-17
21100 1.66667e-06
21110 1.66667e-06
21120 1.66667e-06
21130 2.77556e-17
21140 3.33333e-06
21150 1.66667e-06
21160 3.33333e-06
21170 1.66667e-06
21180 3.33333e-06
21190 1.66667e-06
21200 1.66667e-06
21210 1.66667e-06
21220 1.66667e-06
21230 1.66667e-06
21240 1.66667e-06
21250 2.77556e-17
21260 1.66667e-06
21270 3.33333e-06
21280 3.33333e-06
21290 2.77556e-17
21300 1.66667e-06
21310 1.66667e-06
21320 1.66667e-06
21330 2.77556e-17
21340 3.33333e-06
21350 3.33333e-06
21360 2.77556e-17
21370 2.77556e-17
21380 1.66667e-06
21390 3.33333e-06
21400 1.66667e-06
21410 1.66667e-06
21420 1.66667e-06
21430 2.77556e-17
21440 1.66667e-06
21450 3.33333e-06
21460 3.33333e-06
21470 1.66667e-06
21480 1.66667e-06
21490 1.66667e-06
21500 1.66667e-06
21510 2.77556e-17
21520 3.33333e-06
21530 1.66667e-06
21540 1.66667e-06
21550 1.66667e-06
21560 3.33333e-06
21570 1.66667e-06
21580 2.77556e-17
21590 3.33333e-06
21600 1.66667e-06
21610 1.66667e-06
21620 1.66667e-06
21630 3.33333e-06
21640 1.66667e-06
21650 3.33333e-06
21660 3.33333e-06
21670 2.77556e-17
21680 2.77556e-17
21690 2.77556e-17
21700 1.66667e-06
21710 2.77556e-17
21720 3.33333e-06
21730 1.66667e-06
21740 3.33333e-06
21750 1.66667e-06
21760 1.66667e-06
21770 1.66667e-06
21780 1.66667e-06
21790 1.66667e-06
21800 1.66667e-06
21810 2.77556e-17
21820 2.77556e-17
21830 1.66667e-06
21840 2.77556e-17
21850 3.33333e-06
21860 1.66667e-06
21870 1.66667e-06
21880 1.66667e-06
21890 2.77556e-17
21900 1.66667e-06
21910 1.66667e-06
21920 2.77556e-17
21930 2.77556e-17
21940 2.77556e-17
21950 2.77556e-17
21960 2.77556e-17
21970 1.66667e-06
21980 3.33333e-06
21990 1.66667e-06
22000 3.33333e-06
22010 1.66667e-06
22020 1.66667e-06
22030 1.66667e-06
22040 1.66667e-06
22050 1.66667e-06
22060 3.33333e-06
22070 1.66667e-06
22080 1.66667e-06
22090 3.33333e-06
22100 1.66667e-06
22110 2.77556e-17
22120 2.77556e-17
22130 3.33333e-06
22140 3.33333e-06
22150 1.66667e-06
22160 2.77556e-17
22170 2.77556e-17
22180 3.33333e-06
22190 1.66667e-06
22200 3.33333e-06
22210 1.66667e-06
22220 1.66667e-06
22230 2.77556e-17
22240 1.66667e-06
22250 3.33333e-06
22260 2.77556e-17
22270 2.77556e-17
22280 1.66667e-06
22290 1.66667e-06
22300 2.77556e-17
22310 2.77556e-17
22320 2.77556e-17
22330 1.66667e-06
22340 1.66667e-06
22350 2.77556e-17
22360 2.77556e-17
22370 1.66667e-06
22380 1.66667e-06
22390 1.66667e-06
22400 3.33333e-06
22410 3.33333e-06
22420 1.66667e-06
22430 1.66667e-06
22440 1.66667e-06
22450 1.66667e-06
22460 1.66667e-06
22470 1.66667e-06
22480 1.66667e-06
22490 2.77556e-17
22500 1.66667e-06
22510 3.33333e-06
22520 1.66667e-06
22530 1.66667e-06
22540 3.33333e-06
22550 1.66667e-06
22560 3.33333e-06
22570 1.66667e-06
22580 1.66667e-06
22590 3.33333e-06
22600 1.66667e-06
22610 1.66667e-06
22620 2.77556e-17
22630 3.33333e-06
22640 2.77556e-17
22650 1.66667e-06
22660 1.66667e-06
22670 1.66667e-06
22680 1.66667e-06
22690 2.77556e-17
22700 1.66667e-06
22710 1.66667e-06
22720 1.66667e-06
22730 1.66667e-06
22740 1.66667e-06
22750 3.33333e-06
22760 3.33333e-06
22770 2.77556e-17
22780 1.66667e-06
22790 3.33333e-06
22800 1.66667e-06
22810 2.77556e-17
22820 2.77556e-17
22830 1.66667e-06
22840 3.33333e-06
22850 1.66667e-06
22860 2.77556e-17
22870 1.66667e-06
22880 1.66667e-06
22890 3.33333e-06
22900 2.77556e-17
22910 1.66667e-06
22920 3.33333e-06
22930 3.33333e-06
22940 3.33333e-06
22950 3.33333e-06
22960 2.77556e-17
22970 2.77556e-17
22980 2.77556e-17
22990 2.77556e-17
23000 1.66667e-06
23010 1.66667e-06
23020 3.33333e-06
23030 3.33333e-06
23040 1.66667e-06
23050 2.77556e-17
23060 1.66667e-06
23070 2.77556e-17
23080 2.77556e-17
23090 1.66667e-06
23100 2.77556e-17
23110 2.77556e-17
23120 2.77556e-17
23130 1.66667e-06
23140 1.66667e-06
23150 1.66667e-06
23160 2.77556e-17
23170 1.66667e-06
23180 3.33333e-06
23190 3.33333e-06
23200 2.77556e-17
23210 3.33333e-06
23220 2.77556e-17
23230 1.66667e-06
23240 1.66667e-06
23250 2.77556e-17
23260 1.66667e-06
23270 1.66667e-06
23280 1.66667e-06
23290 1.66667e-06
23300 1.66667e-06
23310 1.66667e-06
23320 3.33333e-06
23330 1.66667e-06
23340 1.66667e-06
23350 1.66667e-06
23360 1.66667e-06
23370 2.77556e-17
23380 1.66667e-06
23390 3.33333e-06
23400 2.77556e-17
23410 3.33333e-06
23420 2.77556e-17
23430 1.66667e-06
23440 1.66667e-06
23450 3.33333e-06
23460 1.66667e-06
23470 3.33333e-06
23480 1.66667e-06
23490 1.66667e-06
23500 3.33333e-06
23510 2.77556e-17
23520 3.33333e-06
23530 2.77556e-17
23540 1.66667e-06
23550 2.77556e-17
23560 2.77556e-17
23570 3.33333e-06
23580 1.66667e-06
23590 1.66667e-06
23600 2.77556e-17
23610 1.66667e-06
23620 3.33333e-06
23630 1.66667e-06
23640 3.33333e-06
23650 3.33333e-06
23660 3.33333e-06
23670 1.66667e-06
23680 1.66667e-06
23690 2.77556e-17
23700 2.77556e-17
23710 3.33333e-06
23720 1.66667e-06
23730 1.66667e-06
23740 1.66667e-06
23750 3.33333e-06
23760 2.77556e-17
23770 1.66667e-06
23780 1.66667e-06
23790 3.33333e-06
23800 2.77556e-17
23810 3.33333e-06
23820 2.77556e-17
23830 1.66667e-06
23840 1.66667e-06
23850 3.33333e-06
23860 3.33333e-06
23870 1.66667e-06
23880 2.77556e-17
23890 3.33333e-06
23900 3.33333e-06
23910 1.66667e-06
23920 3.33333e-06
23930 1.66667e-06
23940 1.66667e-06
23950 2.77556e-17
23960 1.66667e-06
23970 3.33333e-06
23980 1.66667e-06
23990 2.77556e-17
24000 3.33333e-06
24010 1.66667e-06
24020 1.66667e-06
24030 3.33333e-06
24040 1.66667e-06
24050 2.77556e-17
24060 3.33333e-06
24070 1.66667e-06
24080 1.66667e-06
24090 1.66667e-06
24100 1.66667e-06
24110 1.66667e-06
24120 1.66667e-06
24130 3.33333e-06
24140 1.66667e-06
24150 2.77556e-17
24160 2.77556e-17
24170 2.77556e-17
24180 3.33333e-06
24190 1.66667e-06
24200 2.77556e-17
24210 3.33333e-06
24220 1.66667e-06
24230 2.77556e-17
24240 2.77556e-17
24250 2.77556e-17
24260 1.66667e-06
24270 1.66667e-06
24280 3.33333e-06
24290 3.33333e-06
24300 1.66667e-06
24310 2.77556e-17
24320 3.33333e-06
24330 3.33333e-06
24340 3.33333e-06
24350 1.66667e-06
24360 1.66667e-06
24370 1.66667e-06
24380 3.33333e-06
24390 1.66667e-06
24400 3.33333e-06
24410 3.33333e-06
24420 3.33333e-06
24430 1.66667e-06
24440 2.77556e-17
24450 1.66667e-06
24460 2.77556e-17
24470 3.33333e-06
24480 2.77556e-17
24490 3.33333e-06
24500 2.77556e-17
24510 2.77556e-17
24520 2.77556e-17
24530 3.33333e-06
24540 2.77556e-17
24550 2.77556e-17
24560 1.66667e-06
24570 2.77556e-17
24580 1.66667e-06
24590 3.33333e-06
24600 1.66667e-06
24610 2.77556e-17
24620 1.66667e-06
24630 3.33333e-06
24640 1.66667e-06
24650 2.77556e-17
24660 1.66667e-06
24670 2.77556e-17
24680 1.66667e-06
24690 1.66667e-06
24700 1.66667e-06
24710 2.77556e-17
24720 2.77556e-17
24730 1.66667e-06
24740 2.77556e-17
24750 1.66667e-06
24760 2.77556e-17
24770 3.33333e-06
24780 2.77556e-17
24790 3.33333e-06
24800 2.77556e-17
24810 2.77556e-17
24820 3.33333e-06
24830 3.33333e-06
24840 2.77556e-17
24850 2.77556e-17
24860 1.66667e-06
24870 3.33333e-06
24880 1.66667e-06
24890 2.77556e-17
24900 1.66667e-06
24910 3.33333e-06
24920 1.66667e-06
24930 1.66667e-06
24940 3.33333e-06
24950 2.77556e-17
24960 1.66667e-06
24970 1.66667e-06
24980 1.66667e-06
24990 3.33333e-06
25000 1.66667e-06
25010 3.33333e-06
25020 3.33333e-06
25030 1.66667e-06
25040 1.66667e-06
25050 2.77556e-17
25060 2.77556e-17
25070 3.33333e-06
25080 1.66667e-06
25090 3.33333e-06
25100 3.33333e-06
25110 1.66667e-06
25120 1.66667e-06
25130 3.33333e-06
25140 1.66667e-06
25150 3.33333e-06
25160 2.77556e-17
25170 1.66667e-06
25180 2.77556e-17
25190 2.77556e-17
25200 3.33333e-06
25210 3.33333e-06
25220 1.66667e-06
25230 2.77556e-17
25240 1.66667e-06
25250 1.66667e-06
25260 1.66667e-06
25270 2.77556e-17
25280 1.66667e-06
25290 1.66667e-06
25300 3.33333e-06
25310 1.66667e-06
25320 2.77556e-17
25330 2.77556e-17
25340 1.66667e-06
25350 1.66667e-06
25360 1.66667e-06
25370 1.66667e-06
25380 1.66667e-06
25390 1.66667e-06
25400 3.33333e-06
25410 2.77556e-17
25420 3.33333e-06
25430 2.77556e-17
25440 1.66667e-06
25450 3.33333e-06
25460 3.33333e-06
25470 3.33333e-06
25480 3.33333e-06
25490 3.33333e-06
25500 3.33333e-06
25510 3.33333e-06
25520 1.66667e-06
25530 1.66667e-06
25540 3.33333e-06
25550 1.66667e-06
25560 1.66667e-06
25570 1.66667e-06
25580 1.66667e-06
25590 1.66667e-06
25600 3.33333e-06
25610 3.33333e-06
25620 1.66667e-06
25630 1.66667e-06
25640 1.66667e-06
25650 3.33333e-06
25660 2.77556e-17
25670 2.77556e-17
25680 1.66667e-06
25690 1.66667e-06
25700 3.33333e-06
25710 1.66667e-06
25720 2.77556e-17
25730 1.66667e-06
25740 2.77556e-17
25750 1.66667e-06
25760 2.77556e-17
25770 1.66667e-06
25780 1.66667e-06
25790 3.33333e-06
25800 1.66667e-06
25810 1.66667e-06
25820 3.33333e-06
25830 3.33333e-06
25840 1.66667e-06
25850 1.66667e-06
25860 3.33333e-06
25870 1.66667e-06
25880 2.77556e-17
25890 1.66667e-06
25900 3.33333e-06
25910 1.66667e-06
25920 2.77556e-17
25930 1.66667e-06
25940 1.66667e-06
25950 1.66667e-06
25960 1.66667e-06
25970 1.66667e-06
25980 3.33333e-06
25990 1.66667e-06
26000 1.66667e-06
26010 1.66667e-06
26020 1.66667e-06
26030 1.66667e-06
26040 3.33333e-06
26050 1.66667e-06
26060 1.66667e-06
26070 1.66667e-06
26080 1.66667e-06
26090 2.77556e-17
26100 1.66667e-06
26110 1.66667e-06
26120 1.66667e-06
26130 3.33333e-06
26140 3.33333e-06
26150 2.77556e-17
26160 1.66667e-06
26170 2.77556e-17
26180 3.33333e-06
26190 1.66667e-06
26200 3.33333e-06
26210 1.66667e-06
26220 3.33333e-06
26230 1.66667e-06
26240 3.33333e-06
26250 1.66667e-06
26260 1.66667e-06
26270 2.77556e-17
26280 1.66667e-06
26290 3.33333e-06
26300 3.33333e-06
26310 1.66667e-06
26320 2.77556e-17
26330 3.33333e-06
26340 1.66667e-06
26350 1.66667e-06
26360 1.66667e-06
26370 2.77556e-17
26380 1.66667e-06
26390 3.33333e-06
26400 3.33333e-06
26410 3.33333e-06
26420 1.66667e-06
26430 2.77556e-17
26440 2.77556e-17
26450 1.66667e-06
26460 3.33333e-06
26470 3.33333e-06
26480 1.66667e-06
26490 1.66667e-06
26500 2.77556e-17
26510 1.66667e-06
26520 3.33333e-06
26530 3.33333e-06
26540 1.66667e-06
26550 3.33333e-06
26560 1.66667e-06
26570 1.66667e-06
26580 3.33333e-06
26590 3.33333e-06
26600 1.66667e-06
26610 3.33333e-06
26620 1.66667e-06
26630 2.77556e-17
26640 3.33333e-06
26650 1.66667e-06
26660 1.66667e-06
26670 3.33333e-06
26680 3.33333e-06
26690 2.77556e-17
26700 3.33333e-06
26710 1.66667e-06
26720 1.66667e-06
26730 3.33333e-06
26740 1.66667e-06
26750 1.66667e-06
26760 1.66667e-06
26770 1.66667e-06
26780 1.66667e-06
26790 1.66667e-06
26800 3.33333e-06
26810 2.77556e-17
26820 1.66667e-06
26830 2.77556e-17
26840 3.33333e-06
26850 3.33333e-06
26860 1.66667e-06
26870 2.77556e-17
26880 1.66667e-06
26890 1.66667e-06
26900 2.77556e-17
26910 3.33333e-06
26920 1.66667e-06
26930 3.33333e-06
26940 3.33333e-06
26950 2.77556e-17
26960 3.33333e-06
26970 2.77556e-17
26980 1.66667e-06
26990 1.66667e-06
27000 1.66667e-06
27010 1.66667e-06
27020 1.66667e-06
27030 1.66667e-06
27040 2.77556e-17
27050 1.66667e-06
27060 3.33333e-06
27070 1.66667e-06
27080 2.77556e-17
27090 1.66667e-06
27100 2.77556e-17
27110 1.66667e-06
27120 1.66667e-06
27130 1.66667e-06
27140 1.66667e-06
27150 1.66667e-06
27160 3.33333e-06
27170 3.33333e-06
27180 1.66667e-06
27190 3.33333e-06
27200 1.66667e-06
27210 2.77556e-17
27220 2.77556e-17
27230 3.33333e-06
27240 1.66667e-06
27250 3.33333e-06
27260 2.77556e-17
27270 1.66667e-06
27280 3.33333e-06
27290 2.77556e-17
27300 1.66667e-06
27310 1.66667e-06
27320 1.66667e-06
27330 1.66667e-06
27340 3.33333e-06
27350 1.66667e-06
27360 1.66667e-06
27370 2.77556e-17
27380 3.33333e-06
27390 1.66667e-06
27400 2.77556e-17
27410 3.33333e-06
27420 3.33333e-06
27430 2.77556e-17
27440 3.33333e-06
27450 1.66667e-06
27460 2.77556e-17
27470 2.77556e-17
27480 2.77556e-17
27490 3.33333e-06
27500 1.66667e-06
27510 3.33333e-06
27520 1.66667e-06
27530 2.77556e-17
27540 1.66667e-06
27550 1.66667e-06
27560 2.77556e-17
27570 1.66667e-06
27580 2.77556e-17
27590 2.77556e-17
27600 1.66667e-06
27610 2.77556e-17
27620 2.77556e-17
27630 2.77556e-17
27640 1.66667e-06
27650 1.66667e-06
27660 1.66667e-06
27670 1.66667e-06
27680 1.66667e-06
27690 3.33333e-06
27700 1.66667e-06
27710 1.66667e-06
27720 1.66667e-06
27730 1.66667e-06
27740 2.77556e-17
27750 2.77556e-17
27760 1.66667e-06
27770 3.33333e-06
27780 3.33333e-06
27790 1.66667e-06
27800 1.66667e-06
27810 1.66667e-06
27820 1.66667e-06
27830 1.66667e-06
27840 1.66667e-06
27850 3.33333e-06
27860 1.66667e-06
27870 2.77556e-17
27880 3.33333e-06
27890 2.77556e-17
27900 1.66667e-06
27910 1.66667e-06
27920 3.33333e-06
27930 2.77556e-17
27940 2.77556e-17
27950 2.77556e-17
27960 2.77556e-17
27970 1.66667e-06
27980 2.77556e-17
27990 3.33333e-06
28000 3.33333e-06
28010 1.66667e-06
28020 3.33333e-06
28030 3.33333e-06
28040 1.66667e-06
28050 1.66667e-06
28060 1.66667e-06
28070 2.77556e-17
28080 1.66667e-06
28090 3.33333e-06
28100 1.66667e-06
28110 2.77556e-17
28120 1.66667e-06
28130 1.66667e-06
28140 1.66667e-06
28150 1.66667e-06
28160 1.66667e-06
28170 1.66667e-06
28180 1.66667e-06
28190 2.77556e-17
28200 3.33333e-06
28210 2.77556e-17
28220 1.66667e-06
28230 1.66667e-06
28240 3.33333e-06
28250 1.66667e-06
28260 1.66667e-06
28270 3.33333e-06
28280 1.66667e-06
28290 1.66667e-06
28300 1.66667e-06
28310 2.77556e-17
28320 2.77556e-17
28330 2.77556e-17
28340 1.66667e-06
28350 3.33333e-06
28360 2.77556e-17
28370 1.66667e-06
28380 2.77556e-17
28390 1.66667e-06
28400 2.77556e-17
28410 3.33333e-06
28420 1.66667e-06
28430 3.33333e-06
28440 2.77556e-17
28450 1.66667e-06
28460 1.66667e-06
28470 1.66667e-06
28480 1.66667e-06
28490 3.33333e-06
28500 1.66667e-06
28510 1.66667e-06
28520 3.33333e-06
28530 3.33333e-06
28540 1.66667e-06
28550 1.66667e-06
28560 1.66667e-06
28570 3.33333e-06
28580 1.66667e-06
28590 2.77556e-17
28600 3.33333e-06
28610 2.77556e-17
28620 2.77556e-17
28630 1.66667e-06
28640 2.77556e-17
28650 1.66667e-06
28660 2.77556e-17
28670 2.77556e-17
28680 2.77556e-17
28690 1.66667e-06
28700 2.77556e-17
28710 1.66667e-06
28720 3.33333e-06
28730 2.77556e-17
28740 2.77556e-17
28750 1.66667e-06
28760 3.33333e-06
28770 1.66667e-06
28780 3.33333e-06
28790 1.66667e-06
28800 1.66667e-06
28810 3.33333e-06
28820 3.33333e-06
28830 1.66667e-06
28840 1.66667e-06
28850 2.77556e-17
28860 1.66667e-06
28870 2.77556e-17
28880 1.66667e-06
28890 3.33333e-06
28900 3.33333e-06
28910 3.33333e-06
28920 1.66667e-06
28930 1.66667e-06
28940 2.77556e-17
28950 1.66667e-06
28960 1.66667e-06
28970 3.33333e-06
28980 1.66667e-06
28990 2.77556e-17
29000 1.66667e-06
29010 3.33333e-06
29020 3.33333e-06
29030 1.66667e-06
29040 3.33333e-06
29050 3.33333e-06
29060 1.66667e-06
29070 3.33333e-06
29080 1.66667e-06
29090 1.66667e-06
29100 1.66667e-06
29110 2.77556e-17
29120 1.66667e-06
29130 2.77556e-17
29140 1.66667e-06
29150 3.33333e-06
29160 1.66667e-06
29170 3.33333e-06
29180 1.66667e-06
29190 2.77556e-17
29200 3.33333e-06
29210 3.33333e-06
29220 2.77556e-17
29230 2.77556e-17
29240 1.66667e-06
29250 3.33333e-06
29260 3.33333e-06
29270 1.66667e-06
29280 1.66667e-06
29290 1.66667e-06
29300 1.66667e-06
29310 1.66667e-06
29320 2.77556e-17
29330 2.77556e-17
29340 2.77556e-17
29350 3.33333e-06
29360 1.66667e-06
29370 1.66667e-06
29380 1.66667e-06
29390 1.66667e-06
29400 1.66667e-06
29410 1.66667e-06
29420 2.77556e-17
29430 1.66667e-06
29440 1.66667e-06
29450 2.77556e-17
29460 1.66667e-06
29470 1.66667e-06
29480 2.77556e-17
29490 3.33333e-06
29500 1.66667e-06
29510 2.77556e-17
29520 1.66667e-06
29530 2.77556e-17
29540 2.77556e-17
29550 2.77556e-17
29560 2.77556e-17
29570 1.66667e-06
29580 1.66667e-06
29590 3.33333e-06
29600 1.66667e-06
29610 1.66667e-06
29620 1.66667e-06
29630 2.77556e-17
29640 3.33333e-06
29650 1.66667e-06
29660 1.66667e-06
29670 2.77556e-17
29680 1.66667e-06
29690 1.66667e-06
29700 1.66667e-06
29710 1.66667e-06
29720 1.66667e-06
29730 3.33333e-06
29740 1.66667e-06
29750 1.66667e-06
29760 1.66667e-06
29770 1.66667e-06
29780 1.66667e-06
29790 3.33333e-06
29800 2.77556e-17
29810 2.77556e-17
29820 1.66667e-06
29830 1.66667e-06
29840 1.66667e-06
29850 1.66667e-06
29860 3.33333e-06
29870 2.77556e-17
29880 1.66667e-06
29890 1.66667e-06
29900 2.77556e-17
29910 1.66667e-06
29920 1.66667e-06
29930 1.66667e-06
29940 1.66667e-06
29950 3.33333e-06
29960 1.66667e-06
29970 1.66667e-06
29980 1.66667e-06
29990 1.66667e-06
30000 1.66667e-06
30010 3.33333e-06
30020 3.33333e-06
30030 1.66667e-06
30040 1.66667e-06
30050 1.66667e-06
30060 1.66667e-06
30070 2.77556e-17
30080 2.77556e-17
30090 2.77556e-17
30100 1.66667e-06
30110 2.77556e-17
30120 1.66667e-06
30130 2.77556e-17
30140 1.66667e-06
30150 1.66667e-06
30160 3.33333e-06
30170 1.66667e-06
30180 1.66667e-06
30190 1.66667e-06
30200 1.66667e-06
30210 1.66667e-06
30220 2.77556e-17
30230 1.66667e-06
30240 1.66667e-06
30250 3.33333e-06
30260 2.77556e-17
30270 2.77556e-17
30280 1.66667e-06
30290 1.66667e-06
30300 2.77556e-17
30310 1.66667e-06
30320 1.66667e-06
30330 3.33333e-06
30340 1.66667e-06
30350 1.66667e-06
30360 3.33333e-06
30370 1.66667e-06
30380 3.33333e-06
30390 2.77556e-17
30400 1.66667e-06
30410 2.77556e-17
30420 1.66667e-06
30430 3.33333e-06
30440 3.33333e-06
30450 3.33333e-06
30460 3.33333e-06
30470 2.77556e-17
30480 3.33333e-06
30490 3.33333e-06
30500 3.33333e-06
30510 1.66667e-06
30520 3.33333e-06
30530 2.77556e-17
30540 2.77556e-17
30550 1.66667e-06
30560 2.77556e-17
30570 1.66667e-06
30580 1.66667e-06
30590 3.33333e-06
30600 1.66667e-06
30610 3.33333e-06
30620 3.33333e-06
30630 3.33333e-06
30640 1.66667e-06
30650 2.77556e-17
30660 2.77556e-17
30670 1.66667e-06
30680 2.77556e-17
30690 3.33333e-06
30700 1.66667e-06
30710 1.66667e-06
30720 3.33333e-06
30730 2.77556e-17
30740 3.33333e-06
30750 3.33333e-06
30760 1.66667e-06
30770 2.77556e-17
30780 1.66667e-06
30790 1.66667e-06
30800 2.77556e-17
30810 1.66667e-06
30820 2.77556e-17
30830 2.77556e-17
30840 1.66667e-06
30850 1.66667e-06
30860 1.66667e-06
30870 2.77556e-17
30880 3.33333e-06
30890 3.33333e-06
30900 1.66667e-06
30910 1.66667e-06
30920 3.33333e-06
30930 1.66667e-06
30940 1.66667e-06
30950 3.33333e-06
30960 3.33333e-06
30970 1.66667e-06
30980 1.66667e-06
30990 1.66667e-06
31000 1.66667e-06
31010 1.66667e-06
31020 3.33333e-06
31030 2.77556e-17
31040 1.66667e-06
31050 1.66667e-06
31060 3.33333e-06
31070 2.77556e-17
31080 1.66667e-06
31090 2.77556e-17
31100 2.77556e-17
31110 1.66667e-06
31120 1.66667e-06
31130 1.66667e-06
31140 2.77556e-17
31150 1.66667e-06
31160 2.77556e-17
31170 1.66667e-06
31180 1.66667e-06
31190 1.66667e-06
31200 1.66667e-06
31210 3.33333e-06
31220 1.66667e-06
31230 1.66667e-06
31240 1.66667e-06
31250 3.33333e-06
31260 1.66667e-06
31270 1.66667e-06
31280 3.33333e-06
31290 1.66667e-06
31300 1.66667e-06
31310 1.66667e-06
31320 3.33333e-06
31330 3.33333e-06
31340 1.66667e-06
31350 2.77556e-17
31360 1.66667e-06
31370 1.66667e-06
31380 1.66667e-06
31390 3.33333e-06
31400 1.66667e-06
31410 3.33333e-06
31420 1.66667e-06
31430 1.66667e-06
31440 2.77556e-17
31450 2.77556e-17
31460 2.77556e-17
31470 1.66667e-06
31480 1.66667e-06
31490 2.77556e-17
31500 1.66667e-06
31510 1.66667e-06
31520 1.66667e-06
31530 1.66667e-06
31540 2.77556e-17
31550 2.77556e-17
31560 3.33333e-06
31570 1.66667e-06
31580 1.66667e-06
31590 3.33333e-06
31600 2.77556e-17
31610 1.66667e-06
31620 3.33333e-06
31630 1.66667e-06
31640 1.66667e-06
31650 2.77556e-17
31660 2.77556e-17
31670 2.77556e-17
31680 2.77556e-17
31690 1.66667e-06
31700 3.33333e-06
31710 1.66667e-06
31720 1.66667e-06
31730 1.66667e-06
31740 1.66667e-06
31750 3.33333e-06
31760 1.66667e-06
31770 1.66667e-06
31780 2.77556e-17
31790 1.66667e-06
31800 1.66667e-06
31810 1.66667e-06
31820 1.66667e-06
31830 1.66667e-06
31840 1.66667e-06
31850 2.77556e-17
31860 3.33333e-06
31870 1.66667e-06
31880 2.77556e-17
31890 1.66667e-06
31900 1.66667e-06
31910 3.33333e-06
31920 2.77556e-17
31930 2.77556e-17
31940 2.77556e-17
31950 2.77556e-17
31960 1.66667e-06
31970 1.66667e-06
31980 2.77556e-17
31990 1.66667e-06
32000 2.77556e-17
32010 2.77556e-17
32020 2.77556e-17
32030 2.77556e-17
32040 3.33333e-06
32050 2.77556e-17
32060 1.66667e-06
32070 3.33333e-06
32080 1.66667e-06
32090 1.66667e-06
32100 1.66667e-06
32110 3.33333e-06
32120 2.77556e-17
32130 2.77556e-17
32140 2.77556e-17
32150 1.66667e-06
32160 2.77556e-17
32170 2.77556e-17
32180 3.33333e-06
32190 1.66667e-06
32200 2.77556e-17
32210 2.77556e-17
32220 2.77556e-17
32230 2.77556e-17
32240 2.77556e-17
32250 3.33333e-06
32260 1.66667e-06
32270 1.66667e-06
32280 1.66667e-06
32290 3.33333e-06
32300 1.66667e-06
32310 3.33333e-06
32320 2.77556e-17
32330 1.66667e-06
32340 1.66667e-06
32350 1.66667e-06
32360 1.66667e-06
32370 1.66667e-06
32380 1.66667e-06
32390 3.33333e-06
32400 3.33333e-06
32410 1.66667e-06
32420 1.66667e-06
32430 1.66667e-06
32440 2.77556e-17
32450 1.66667e-06
32460 1.66667e-06
32470 2.77556e-17
32480 1.66667e-06
32490 3.33333e-06
32500 2.77556e-17
32510 1.66667e-06
32520 1.66667e-06
32530 1.66667e-06
32540 3.33333e-06
32550 1.66667e-06
32560 1.66667e-06
32570 3.33333e-06
32580 3.33333e-06
32590 1.66667e-06
32600 1.66667e-06
32610 1.66667e-06
32620 2.77556e-17
32630 1.66667e-06
32640 1.66667e-06
32650 3.33333e-06
32660 1.66667e-06
32670 3.33333e-06
32680 1.66667e-06
32690 2.77556e-17
32700 2.77556e-17
32710 1.66667e-06
32720 1.66667e-06
32730 1.66667e-06
32740 3.33333e-06
32750 2.77556e-17
32760 2.77556e-17
32770 1.66667e-06
32780 2.77556e-17
32790 2.77556e-17
32800 2.77556e-17
32810 1.66667e-06
32820 1.66667e-06
32830 3.33333e-06
32840 2.77556e-17
32850 2.77556e-17
32860 1.66667e-06
32870 3.33333e-06
32880 1.66667e-06
32890 1.66667e-06
32900 3.33333e-06
32910 2.77556e-17
32920 2.77556e-17
32930 3.33333e-06
32940 2.77556e-17
32950 2.77556e-17
32960 3.33333e-06
32970 2.77556e-17
32980 3.33333e-06
32990 2.77556e-17
33000 1.66667e-06
33010 1.66667e-06
33020 3.33333e-06
33030 3.33333e-06
33040 1.66667e-06
33050 1.66667e-06
33060 2.77556e-17
33070 1.66667e-06
33080 3.33333e-06
33090 1.66667e-06
33100 1.66667e-06
33110 1.66667e-06
33120 2.77556e-17
33130 2.77556e-17
33140 1.66667e-06
33150 3.33333e-06
33160 1.66667e-06
33170 2.77556e-17
33180 1.66667e-06
33190 2.77556e-17
33200 3.33333e-06
33210 1.66667e-06
33220 2.77556e-17
33230 1.66667e-06
33240 1.66667e-06
33250 3.33333e-06
33260 2.77556e-17
33270 1.66667e-06
33280 1.66667e-06
33290 1.66667e-06
33300 1.66667e-06
33310 1.66667e-06
33320 1.66667e-06
33330 3.33333e-06
33340 1.66667e-06
33350 2.77556e-17
33360 2.77556e-17
33370 1.66667e-06
33380 1.66667e-06
33390 1.66667e-06
33400 1.66667e-06
33410 1.66667e-06
33420 2.77556e-17
33430 2.77556e-17
33440 2.77556e-17
33450 2.77556e-17
33460 2.77556e-17
33470 1.66667e-06
33480 1.66667e-06
33490 1.66667e-06
33500 3.33333e-06
33510 1.66667e-06
33520 3.33333e-06
33530 1.66667e-06
33540 1.66667e-06
33550 1.66667e-06
33560 1.66667e-06
33570 1.66667e-06
33580 1.66667e-06
33590 2.77556e-17
33600 2.77556e-17
33610 1.66667e-06
33620 1.66667e-06
33630 2.77556e-17
33640 1.66667e-06
33650 2.77556e-17
33660 3.33333e-06
33670 2.77556e-17
33680 3.33333e-06
33690 3.33333e-06
33700 2.77556e-17
33710 3.33333e-06
33720 3.33333e-06
33730 1.66667e-06
33740 1.66667e-06
33750 3.33333e-06
33760 1.66667e-06
33770 1.66667e-06
33780 2.77556e-17
33790 3.33333e-06
33800 2.77556e-17
33810 1.66667e-06
33820 2.77556e-17
33830 1.66667e-06
33840 1.66667e-06
33850 1.66667e-06
33860 3.33333e-06
33870 1.66667e-06
33880 1.66667e-06
33890 2.77556e-17
33900 2.77556e-17
33910 2.77556e-17
33920 2.77556e-17
33930 2.77556e-17
33940 2.77556e-17
33950 2.77556e-17
33960 1.66667e-06
33970 1.66667e-06
33980 3.33333e-06
33990 2.77556e-17
34000 1.66667e-06
34010 1.66667e-06
34020 1.66667e-06
34030 1.66667e-06
34040 2.77556e-17
34050 3.33333e-06
34060 1.66667e-06
34070 1.66667e-06
34080 1.66667e-06
34090 2.77556e-17
34100 1.66667e-06
34110 2.77556e-17
34120 1.66667e-06
34130 3.33333e-06
34140 3.33333e-06
34150 3.33333e-06
34160 1.66667e-06
34170 1.66667e-06
34180 3.33333e-06
34190 1.66667e-06
34200 1.66667e-06
34210 2.77556e-17
34220 2.77556e-17
34230 3.33333e-06
34240 1.66667e-06
34250 3.33333e-06
34260 2.77556e-17
34270 1.66667e-06
34280 2.77556e-17
34290 3.33333e-06
34300 2.77556e-17
34310 2.77556e-17
34320 2.77556e-17
34330 2.77556e-17
34340 1.66667e-06
34350 3.33333e-06
34360 2.77556e-17
34370 3.33333e-06
34380 2.77556e-17
34390 1.66667e-06
34400 1.66667e-06
34410 3.33333e-06
34420 1.66667e-06
34430 2.77556e-17
34440 3.33333e-06
34450 3.33333e-06
34460 3.33333e-06
34470 2.77556e-17
34480 1.66667e-06
34490 2.77556e-17
34500 1.66667e-06
34510 3.33333e-06
34520 3.33333e-06
34530 2.77556e-17
34540 3.33333e-06
34550 1.66667e-06
34560 1.66667e-06
34570 3.33333e-06
34580 1.66667e-06
34590 1.66667e-06
34600 1.66667e-06
34610 1.66667e-06
34620 1.66667e-06
34630 2.77556e-17
34640 1.66667e-06
34650 2.77556e-17
34660 1.66667e-06
34670 3.33333e-06
34680 1.66667e-06
34690 1.66667e-06
34700 1.66667e-06
34710 1.66667e-06
34720 2.77556e-17
34730 1.66667e-06
34740 1.66667e-06
34750 1.66667e-06
34760 1.66667e-06
34770 1.66667e-06
34780 1.66667e-06
34790 2.77556e-17
34800 2.77556e-17
34810 2.77556e-17
34820 2.77556e-17
34830 1.66667e-06
34840 3.33333e-06
34850 1.66667e-06
34860 1.66667e-06
34870 1.66667e-06
34880 1.66667e-06
34890 1.66667e-06
34900 3.33333e-06
34910 3.33333e-06
34920 3.33333e-06
34930 3.33333e-06
34940 1.66667e-06
34950 2.77556e-17
34960 2.77556e-17
34970 1.66667e-06
34980 1.66667e-06
34990 1.66667e-06
35000 1.66667e-06
35010 3.33333e-06
35020 1.66667e-06
35030 2.77556e-17
35040 2.77556e-17
35050 2.77556e-17
35060 1.66667e-06
35070 1.66667e-06
35080 1.66667e-06
35090 3.33333e-06
35100 1.66667e-06
35110 1.66667e-06
35120 1.66667e-06
35130 1.66667e-06
35140 2.77556e-17
35150 3.33333e-06
35160 3.33333e-06
35170 2.77556e-17
35180 1.66667e-06
35190 1.66667e-06
35200 1.66667e-06
35210 2.77556e-17
35220 2.77556e-17
35230 1.66667e-06
35240 1.66667e-06
35250 1.66667e-06
35260 1.66667e-06
35270 3.33333e-06
35280 1.66667e-06
35290 1.66667e-06
35300 1.66667e-06
35310 1.66667e-06
35320 1.66667e-06
35330 2.77556e-17
35340 1.66667e-06
35350 1.66667e-06
35360 1.66667e-06
35370 3.33333e-06
35380 1.66667e-06
35390 1.66667e-06
35400 1.66667e-06
35410 1.66667e-06
35420 3.33333e-06
35430 3.33333e-06
35440 2.77556e-17
35450 2.77556e-17
35460 1.66667e-06
35470 3.33333e-06
35480 1.66667e-06
35490 3.33333e-06
35500 1.66667e-06
35510 2.77556e-17
35520 1.66667e-06
35530 1.66667e-06
35540 3.33333e-06
35550 3.33333e-06
35560 2.77556e-17
35570 1.66667e-06
35580 3.33333e-06
35590 3.33333e-06
35600 3.33333e-06
35610 2.77556e-17
35620 1.66667e-06
35630 2.77556e-17
35640 3.33333e-06
35650 3.33333e-06
35660 1.66667e-06
35670 1.66667e-06
35680 1.66667e-06
35690 1.66667e-06
35700 1.66667e-06
35710 2.77556e-17
35720 1.66667e-06
35730 1.66667e-06
35740 2.77556e-17
35750 1.66667e-06
35760 3.33333e-06
35770 3.33333e-06
35780 1.66667e-06
35790 1.66667e-06
35800 1.66667e-06
35810 1.66667e-06
35820 2.77556e-17
35830 1.66667e-06
35840 3.33333e-06
35850 1.66667e-06
35860 1.66667e-06
35870 1.66667e-06
35880 2.77556e-17
35890 3.33333e-06
35900 1.66667e-06
35910 1.66667e-06
35920 1.66667e-06
35930 1.66667e-06
35940 1.66667e-06
35950 3.33333e-06
35960 3.33333e-06
35970 1.66667e-06
35980 1.66667e-06
35990 2.77556e-17
36000 3.33333e-06
36010 1.66667e-06
36020 1.66667e-06
36030 2.77556e-17
36040 2.77556e-17
36050 3.33333e-06
36060 2.77556e-17
36070 1.66667e-06
36080 2.77556e-17
36090 1.66667e-06
36100 3.33333e-06
36110 1.66667e-06
36120 1.66667e-06
36130 2.77556e-17
36140 2.77556e-17
36150 1.66667e-06
36160 2.77556e-17
36170 1.66667e-06
36180 3.33333e-06
36190 3.33333e-06
36200 2.77556e-17
36210 1.66667e-06
36220 3.33333e-06
36230 3.33333e-06
36240 3.33333e-06
36250 2.77556e-17
36260 1.66667e-06
36270 1.66667e-06
36280 1.66667e-06
36290 1.66667e-06
36300 1.66667e-06
36310 2.77556e-17
36320 3.33333e-06
36330 2.77556e-17
36340 1.66667e-06
36350 3.33333e-06
36360 1.66667e-06
36370 1.66667e-06
36380 1.66667e-06
36390 3.33333e-06
36400 1.66667e-06
36410 1.66667e-06
36420 1.66667e-06
36430 1.66667e-06
36440 1.66667e-06
36450 2.77556e-17
36460 1.66667e-06
36470 1.66667e-06
36480 3.33333e-06
36490 1.66667e-06
36500 2.77556e-17
36510 2.77556e-17
36520 3.33333e-06
36530 1.66667e-06
36540 1.66667e-06
36550 1.66667e-06
36560 1.66667e-06
36570 1.66667e-06
36580 2.77556e-17
36590 3.33333e-06
36600 2.77556e-17
36610 1.66667e-06
36620 1.66667e-06
36630 1.66667e-06
36640 2.77556e-17
36650 1.66667e-06
36660 1.66667e-06
36670 3.33333e-06
36680 1.66667e-06
36690 2.77556e-17
36700 1.66667e-06
36710 1.66667e-06
36720 2.77556e-17
36730 2.77556e-17
36740 2.77556e-17
36750 3.33333e-06
36760 2.77556e-17
36770 1.66667e-06
36780 1.66667e-06
36790 1.66667e-06
36800 1.66667e-06
36810 3.33333e-06
36820 3.33333e-06
36830 2.77556e-17
36840 2.77556e-17
36850 3.33333e-06
36860 3.33333e-06
36870 3.33333e-06
36880 3.33333e-06
36890 1.66667e-06
36900 1.66667e-06
36910 1.66667e-06
36920 3.33333e-06
36930 3.33333e-06
36940 2.77556e-17
36950 1.66667e-06
36960 3.33333e-06
36970 2.77556e-17
36980 3.33333e-06
36990 1.66667e-06
37000 1.66667e-06
37010 2.77556e-17
37020 1.66667e-06
37030 3.33333e-06
37040 2.77556e-17
37050 2.77556e-17
37060 1.66667e-06
37070 1.66667e-06
37080 1.66667e-06
37090 1.66667e-06
37100 2.77556e-17
37110 3.33333e-06
37120 3.33333e-06
37130 1.66667e-06
37140 1.66667e-06
37150 1.66667e-06
37160 3.33333e-06
37170 3.33333e-06
37180 2.77556e-17
37190 1.66667e-06
37200 2.77556e-17
37210 2.77556e-17
37220 3.33333e-06
37230 2.77556e-17
37240 1.66667e-06
37250 1.66667e-06
37260 3.33333e-06
37270 2.77556e-17
37280 2.77556e-17
37290 2.77556e-17
37300 3.33333e-06
37310 1.66667e-06
37320 1.66667e-06
37330 1.66667e-06
37340 3.33333e-06
37350 1.66667e-06
37360 2.77556e-17
37370 1.66667e-06
37380 2.77556e-17
37390 1.66667e-06
37400 1.66667e-06
37410 2.77556e-17
37420 1.66667e-06
37430 1.66667e-06
37440 1.66667e-06
37450 3.33333e-06
37460 2.77556e-17
37470 3.33333e-06
37480 1.66667e-06
37490 1.66667e-06
37500 1.66667e-06
37510 3.33333e-06
37520 2.77556e-17
37530 2.77556e-17
37540 1.66667e-06
37550 3.33333e-06
37560 2.77556e-17
37570 1.66667e-06
37580 3.33333e-06
37590 2.77556e-17
37600 1.66667e-06
37610 2.77556e-17
37620 2.77556e-17
37630 1.66667e-06
37640 2.77556e-17
37650 1.66667e-06
37660 1.66667e-06
37670 1.66667e-06
37680 1.66667e-06
37690 2.77556e-17
37700 1.66667e-06
37710 1.66667e-06
37720 1.66667e-06
37730 1.66667e-06
37740 1.66667e-06
37750 1.66667e-06
37760 1.66667e-06
37770 2.77556e-17
37780 1.66667e-06
37790 2.77556e-17
37800 1.66667e-06
37810 1.66667e-06
37820 1.66667e-06
37830 2.77556e-17
37840 1.66667e-06
37850 2.77556e-17
37860 1.66667e-06
37870 1.66667e-06
37880 1.66667e-06
37890 2.77556e-17
37900 1.66667e-06
37910 2.77556e-17
37920 2.77556e-17
37930 1.66667e-06
37940 1.66667e-06
37950 3.33333e-06
37960 3.33333e-06
37970 1.66667e-06
37980 2.77556e-17
37990 3.33333e-06
38000 2.77556e-17
38010 1.66667e-06
38020 1.66667e-06
38030 1.66667e-06
38040 1.66667e-06
38050 1.66667e-06
38060 3.33333e-06
38070 1.66667e-06
38080 1.66667e-06
38090 3.33333e-06
38100 3.33333e-06
38110 1.66667e-06
38120 1.66667e-06
38130 1.66667e-06
38140 1.66667e-06
38150 1.66667e-06
38160 1.66667e-06
38170 2.77556e-17
38180 2.77556e-17
38190 3.33333e-06
38200 1.66667e-06
38210 2.77556e-17
38220 1.66667e-06
38230 2.77556e-17
38240 1.66667e-06
38250 3.33333e-06
38260 1.66667e-06
38270 1.66667e-06
38280 2.77556e-17
38290 1.66667e-06
38300 2.77556e-17
38310 1.66667e-06
38320 2.77556e-17
38330 1.66667e-06
38340 3.33333e-06
38350 3.33333e-06
38360 1.66667e-06
38370 1.66667e-06
38380 2.77556e-17
38390 1.66667e-06
38400 3.33333e-06
38410 1.66667e-06
38420 1.66667e-06
38430 1.66667e-06
38440 2.77556e-17
38450 2.77556e-17
38460 2.77556e-17
38470 3.33333e-06
38480 1.66667e-06
38490 1.66667e-06
38500 1.66667e-06
38510 1.66667e-06
38520 1.66667e-06
38530 1.66667e-06
38540 1.66667e-06
38550 2.77556e-17
38560 1.66667e-06
38570 1.66667e-06
38580 1.66667e-06
38590 2.77556e-17
38600 1.66667e-06
38610 1.66667e-06
38620 1.66667e-06
38630 3.33333e-06
38640 1.66667e-06
38650 2.77556e-17
38660 3.33333e-06
38670 2.77556e-17
38680 1.66667e-06
38690 3.33333e-06
38700 1.66667e-06
38710 1.66667e-06
38720 2.77556e-17
38730 3.33333e-06
38740 1.66667e-06
38750 1.66667e-06
38760 2.77556e-17
38770 1.66667e-06
38780 2.77556e-17
38790 1.66667e-06
38800 2.77556e-17
38810 3.33333e-06
38820 2.77556e-17
38830 2.77556e-17
38840 2.77556e-17
38850 1.66667e-06
38860 2.77556e-17
38870 2.77556e-17
38880 2.77556e-17
38890 1.66667e-06
38900 1.66667e-06
38910 3.33333e-06
38920 1.66667e-06
38930 3.33333e-06
38940 2.77556e-17
38950 2.77556e-17
38960 1.66667e-06
38970 3.33333e-06
38980 2.77556e-17
38990 1.66667e-06
39000 2.77556e-17
39010 3.33333e-06
39020 1.66667e-06
39030 3.33333e-06
39040 1.66667e-06
39050 1.66667e-06
39060 1.66667e-06
39070 2.77556e-17
39080 1.66667e-06
39090 1.66667e-06
39100 3.33333e-06
39110 2.77556e-17
39120 2.77556e-17
39130 2.77556e-17
39140 1.66667e-06
39150 1.66667e-06
39160 1.66667e-06
39170 1.66667e-06
39180 1.66667e-06
39190 1.66667e-06
39200 1.66667e-06
39210 2.77556e-17
39220 3.33333e-06
39230 1.66667e-06
39240 3.33333e-06
39250 1.66667e-06
39260 1.66667e-06
39270 1.66667e-06
39280 1.66667e-06
39290 1.66667e-06
39300 2.77556e-17
39310 1.66667e-06
39320 1.66667e-06
39330 3.33333e-06
39340 2.77556e-17
39350 2.77556e-17
39360 1.66667e-06
39370 1.66667e-06
39380 2.77556e-17
39390 2.77556e-17
39400 1.66667e-06
39410 2.77556e-17
39420 2.77556e-17
39430 2.77556e-17
39440 1.66667e-06
39450 2.77556e-17
39460 2.77556e-17
39470 1.66667e-06
39480 2.77556e-17
39490 1.66667e-06
39500 1.66667e-06
39510 2.77556e-17
39520 2.77556e-17
39530 2.77556e-17
39540 1.66667e-06
39550 1.66667e-06
39560 3.33333e-06
39570 1.66667e-06
39580 3.33333e-06
39590 2.77556e-17
39600 1.66667e-06
39610 3.33333e-06
39620 2.77556e-17
39630 3.33333e-06
39640 2.77556e-17
39650 3.33333e-06
39660 1.66667e-06
39670 1.66667e-06
39680 1.66667e-06
39690 1.66667e-06
39700 1.66667e-06
39710 2.77556e-17
39720 3.33333e-06
39730 3.33333e-06
39740 3.33333e-06
39750 1.66667e-06
39760 3.33333e-06
39770 1.66667e-06
39780 1.66667e-06
39790 3.33333e-06
39800 1.66667e-06
39810 1.66667e-06
39820 2.77556e-17
39830 1.66667e-06
39840 2.77556e-17
39850 1.66667e-06
39860 1.66667e-06
39870 1.66667e-06
39880 1.66667e-06
39890 2.77556e-17
39900 1.66667e-06
39910 1.66667e-06
39920 2.77556e-17
39930 2.77556e-17
39940 1.66667e-06
39950 2.77556e-17
39960 1.66667e-06
39970 3.33333e-06
39980 2.77556e-17
39990 1.66667e-06
40000 2.77556e-17
40010 2.77556e-17
40020 1.66667e-06
40030 1.66667e-06
40040 1.66667e-06
40050 1.66667e-06
40060 1.66667e-06
40070 1.66667e-06
40080 1.66667e-06
40090 2.77556e-17
40100 2.77556e-17
40110 2.77556e-17
40120 3.33333e-06
40130 3.33333e-06
40140 1.66667e-06
40150 1.66667e-06
40160 2.77556e-17
40170 3.33333e-06
40180 1.66667e-06
40190 3.33333e-06
40200 1.66667e-06
40210 1.66667e-06
40220 1.66667e-06
40230 1.66667e-06
40240 2.77556e-17
40250 1.66667e-06
40260 3.33333e-06
40270 2.77556e-17
40280 2.77556e-17
40290 3.33333e-06
40300 3.33333e-06
40310 1.66667e-06
40320 3.33333e-06
40330 2.77556e-17
40340 1.66667e-06
40350 3.33333e-06
40360 3.33333e-06
40370 1.66667e-06
40380 1.66667e-06
40390 2.77556e-17
40400 2.77556e-17
40410 2.77556e-17
40420 1.66667e-06
40430 2.77556e-17
40440 1.66667e-06
40450 1.66667e-06
40460 1.66667e-06
40470 1.66667e-06
40480 3.33333e-06
40490 1.66667e-06
40500 1.66667e-06
40510 2.77556e-17
40520 1.66667e-06
40530 2.77556e-17
40540 1.66667e-06
40550 2.77556e-17
40560 2.77556e-17
40570 1.66667e-06
40580 1.66667e-06
40590 2.77556e-17
40600 1.66667e-06
40610 2.77556e-17
40620 1.66667e-06
40630 2.77556e-17
40640 2.77556e-17
40650 1.66667e-06
40660 1.66667e-06
40670 2.77556e-17
40680 2.77556e-17
40690 3.33333e-06
40700 2.77556e-17
40710 2.77556e-17
40720 2.77556e-17
40730 1.66667e-06
40740 1.66667e-06
40750 1.66667e-06
40760 1.66667e-06
40770 1.66667e-06
40780 3.33333e-06
40790 1.66667e-06
40800 1.66667e-06
40810 1.66667e-06
40820 1.66667e-06
40830 1.66667e-06
40840 3.33333e-06
40850 1.66667e-06
40860 3.33333e-06
40870 3.33333e-06
40880 1.66667e-06
40890 2.77556e-17
40900 2.77556e-17
40910 2.77556e-17
40920 1.66667e-06
40930 3.33333e-06
40940 1.66667e-06
40950 1.66667e-06
40960 1.66667e-06
40970 1.66667e-06
40980 2.77556e-17
40990 1.66667e-06
41000 1.66667e-06
41010 2.77556e-17
41020 2.77556e-17
41030 1.66667e-06
41040 3.33333e-06
41050 1.66667e-06
41060 3.33333e-06
41070 1.66667e-06
41080 3.33333e-06
41090 2.77556e-17
41100 1.66667e-06
41110 1.66667e-06
41120 1.66667e-06
41130 2.77556e-17
41140 2.77556e-17
41150 2.77556e-17
41160 3.33333e-06
41170 1.66667e-06
41180 1.66667e-06
41190 1.66667e-06
41200 3.33333e-06
41210 1.66667e-06
41220 2.77556e-17
41230 2.77556e-17
41240 3.33333e-06
41250 2.77556e-17
41260 1.66667e-06
41270 3.33333e-06
41280 2.77556e-17
41290 2.77556e-17
41300 3.33333e-06
41310 1.66667e-06
41320 3.33333e-06
41330 1.66667e-06
41340 1.66667e-06
41350 2.77556e-17
41360 2.77556e-17
41370 1.66667e-06
41380 3.33333e-06
41390 2.77556e-17
41400 1.66667e-06
41410 1.66667e-06
41420 1.66667e-06
41430 3.33333e-06
41440 1.66667e-06
41450 3.33333e-06
41460 1.66667e-06
41470 1.66667e-06
41480 2.77556e-17
41490 2.77556e-17
41500 1.66667e-06
41510 3.33333e-06
41520 1.66667e-06
41530 2.77556e-17
41540 2.77556e-17
41550 3.33333e-06
41560 1.66667e-06
41570 3.33333e-06
41580 1.66667e-06
41590 1.66667e-06
41600 1.66667e-06
41610 1.66667e-06
41620 3.33333e-06
41630 3.33333e-06
41640 1.66667e-06
41650 2.77556e-17
41660 3.33333e-06
41670 2.77556e-17
41680 2.77556e-17
41690 2.77556e-17
41700 2.77556e-17
41710 2.77556e-17
41720 1.66667e-06
41730 2.77556e-17
41740 3.33333e-06
41750 2.77556e-17
41760 2.77556e-17
41770 1.66667e-06
41780 2.77556e-17
41790 2.77556e-17
41800 2.77556e-17
41810 3.33333e-06
41820 1.66667e-06
41830 1.66667e-06
41840 2.77556e-17
41850 1.66667e-06
41860 2.77556e-17
41870 2.77556e-17
41880 3.33333e-06
41890 2.77556e-17
41900 3.33333e-06
41910 1.66667e-06
41920 2.77556e-17
41930 2.77556e-17
41940 1.66667e-06
41950 1.66667e-06
41960 1.66667e-06
41970 1.66667e-06
41980 2.77556e-17
41990 1.66667e-06
42000 1.66667e-06
42010 1.66667e-06
42020 1.66667e-06
42030 1.66667e-06
42040 1.66667e-06
42050 3.33333e-06
42060 1.66667e-06
42070 1.66667e-06
42080 1.66667e-06
42090 1.66667e-06
42100 3.33333e-06
42110 1.66667e-06
42120 2.77556e-17
42130 3.33333e-06
42140 3.33333e-06
42150 1.66667e-06
42160 1.66667e-06
42170 3.33333e-06
42180 1.66667e-06
42190 3.33333e-06
42200 2.77556e-17
42210 1.66667e-06
42220 1.66667e-06
42230 3.33333e-06
42240 1.66667e-06
42250 2.77556e-17
42260 1.66667e-06
42270 1.66667e-06
42280 3.33333e-06
42290 1.66667e-06
42300 1.66667e-06
42310 1.66667e-06
42320 2.77556e-17
42330 1.66667e-06
42340 2.77556e-17
42350 1.66667e-06
42360 3.33333e-06
42370 2.77556e-17
42380 2.77556e-17
42390 3.33333e-06
42400 1.66667e-06
42410 1.66667e-06
42420 3.33333e-06
42430 1.66667e-06
42440 1.66667e-06
42450 3.33333e-06
42460 1.66667e-06
42470 2.77556e-17
42480 3.33333e-06
42490 1.66667e-06
42500 1.66667e-06
42510 3.33333e-06
42520 1.66667e-06
42530 3.33333e-06
42540 1.66667e-06
42550 2.77556e-17
42560 2.77556e-17
42570 2.77556e-17
42580 2.77556e-17
42590 1.66667e-06
42600 1.66667e-06
42610 1.66667e-06
42620 1.66667e-06
42630 1.66667e-06
42640 3.33333e-06
42650 2.77556e-17
42660 1.66667e-06
42670 2.77556e-17
42680 3.33333e-06
42690 1.66667e-06
42700 3.33333e-06
42710 1.66667e-06
42720 2.77556e-17
42730 1.66667e-06
42740 2.77556e-17
42750 3.33333e-06
42760 1.66667e-06
42770 1.66667e-06
42780 1.66667e-06
42790 2.77556e-17
42800 2.77556e-17
42810 2.77556e-17
42820 2.77556e-17
42830 2.77556e-17
42840 1.66667e-06
42850 2.77556e-17
42860 1.66667e-06
42870 1.66667e-06
42880 1.66667e-06
42890 1.66667e-06
42900 1.66667e-06
42910 1.66667e-06
42920 1.66667e-06
42930 1.66667e-06
42940 3.33333e-06
42950 3.33333e-06
42960 2.77556e-17
42970 1.66667e-06
42980 2.77556e-17
42990 1.66667e-06
43000 2.77556e-17
43010 2.77556e-17
43020 2.77556e-17
43030 3.33333e-06
43040 1.66667e-06
43050 1.66667e-06
43060 2.77556e-17
43070 1.66667e-06
43080 2.77556e-17
43090 1.66667e-06
43100 1.66667e-06
43110 2.77556e-17
43120 1.66667e-06
43130 1.66667e-06
43140 1.66667e-06
43150 2.77556e-17
43160 2.77556e-17
43170 1.66667e-06
43180 1.66667e-06
43190 2.77556e-17
43200 2.77556e-17
43210 3.33333e-06
43220 3.33333e-06
43230 1.66667e-06
43240 1.66667e-06
43250 1.66667e-06
43260 2.77556e-17
43270 1.66667e-06
43280 1.66667e-06
43290 1.66667e-06
43300 1.66667e-06
43310 1.66667e-06
43320 1.66667e-06
43330 1.66667e-06
43340 2.77556e-17
43350 1.66667e-06
43360 1.66667e-06
43370 2.77556e-17
43380 1.66667e-06
43390 1.66667e-06
43400 1.66667e-06
43410 1.66667e-06
43420 1.66667e-06
43430 2.77556e-17
43440 2.77556e-17
43450 1.66667e-06
43460 1.66667e-06
43470 3.33333e-06
43480 3.33333e-06
43490 3.33333e-06
43500 1.66667e-06
43510 1.66667e-06
43520 1.66667e-06
43530 1.66667e-06
43540 1.66667e-06
43550 1.66667e-06
43560 1.66667e-06
43570 1.66667e-06
43580 3.33333e-06
43590 3.33333e-06
43600 1.66667e-06
43610 3.33333e-06
43620 1.66667e-06
43630 1.66667e-06
43640 2.77556e-17
43650 2.77556e-17
43660 1.66667e-06
43670 3.33333e-06
43680 3.33333e-06
43690 1.66667e-06
43700 2.77556e-17
43710 1.66667e-06
43720 3.33333e-06
43730 1.66667e-06
43740 1.66667e-06
43750 3.33333e-06
43760 3.33333e-06
43770 2.77556e-17
43780 3.33333e-06
43790 1.66667e-06
43800 1.66667e-06
43810 3.33333e-06
43820 1.66667e-06
43830 1.66667e-06
43840 1.66667e-06
43850 2.77556e-17
43860 3.33333e-06
43870 3.33333e-06
43880 1.66667e-06
43890 1.66667e-06
43900 2.77556e-17
43910 1.66667e-06
43920 1.66667e-06
43930 1.66667e-06
43940 2.77556e-17
43950 2.77556e-17
43960 1.66667e-06
43970 1.66667e-06
43980 1.66667e-06
43990 1.66667e-06
44000 2.77556e-17
44010 1.66667e-06
44020 3.33333e-06
44030 1.66667e-06
44040 1.66667e-06
44050 1.66667e-06
44060 1.66667e-06
44070 2.77556e-17
44080 1.66667e-06
44090 1.66667e-06
44100 3.33333e-06
44110 2.77556e-17
44120 1.66667e-06
44130 2.77556e-17
44140 3.33333e-06
44150 1.66667e-06
44160 2.77556e-17
44170 2.77556e-17
44180 3.33333e-06
44190 2.77556e-17
44200 2.77556e-17
44210 2.77556e-17
44220 3.33333e-06
44230 1.66667e-06
44240 1.66667e-06
44250 3.33333e-06
44260 1.66667e-06
44270 2.77556e-17
44280 1.66667e-06
44290 3.33333e-06
44300 2.77556e-17
44310 1.66667e-06
44320 1.66667e-06
44330 1.66667e-06
44340 1.66667e-06
44350 2.77556e-17
44360 1.66667e-06
44370 2.77556e-17
44380 2.77556e-17
44390 2.77556e-17
44400 1.66667e-06
44410 2.77556e-17
44420 1.66667e-06
44430 2.77556e-17
44440 3.33333e-06
44450 1.66667e-06
44460 1.66667e-06
44470 2.77556e-17
44480 2.77556e-17
44490 3.33333e-06
44500 1.66667e-06
44510 3.33333e-06
44520 1.66667e-06
44530 2.77556e-17
44540 1.66667e-06
44550 2.77556e-17
44560 1.66667e-06
44570 2.77556e-17
44580 2.77556e-17
44590 3.33333e-06
44600 2.77556e-17
44610 1.66667e-06
44620 1.66667e-06
44630 3.33333e-06
44640 1.66667e-06
44650 1.66667e-06
44660 1.66667e-06
44670 1.66667e-06
44680 1.66667e-06
44690 3.33333e-06
44700 3.33333e-06
44710 3.33333e-06
44720 1.66667e-06
44730 1.66667e-06
44740 2.77556e-17
44750 3.33333e-06
44760 1.66667e-06
44770 3.33333e-06
44780 3.33333e-06
44790 3.33333e-06
44800 3.33333e-06
44810 3.33333e-06
44820 2.77556e-17
44830 1.66667e-06
44840 1.66667e-06
44850 1.66667e-06
44860 2.77556e-17
44870 1.66667e-06
44880 2.77556e-17
44890 1.66667e-06
44900 3.33333e-06
44910 1.66667e-06
44920 1.66667e-06
44930 1.66667e-06
44940 1.66667e-06
44950 1.66667e-06
44960 3.33333e-06
44970 1.66667e-06
44980 3.33333e-06
44990 1.66667e-06
45000 2.77556e-17
45010 1.66667e-06
45020 2.77556e-17
45030 1.66667e-06
45040 3.33333e-06
45050 1.66667e-06
45060 1.66667e-06
45070 2.77556e-17
45080 1.66667e-06
45090 2.77556e-17
45100 1.66667e-06
45110 1.66667e-06
45120 1.66667e-06
45130 1.66667e-06
45140 3.33333e-06
45150 1.66667e-06
45160 2.77556e-17
45170 1.66667e-06
45180 3.33333e-06
45190 2.77556e-17
45200 2.77556e-17
45210 1.66667e-06
45220 3.33333e-06
45230 2.77556e-17
45240 1.66667e-06
45250 3.33333e-06
45260 2.77556e-17
45270 2.77556e-17
45280 1.66667e-06
45290 1.66667e-06
45300 3.33333e-06
45310 2.77556e-17
45320 2.77556e-17
45330 1.66667e-06
45340 2.77556e-17
45350 1.66667e-06
45360 2.77556e-17
45370 1.66667e-06
45380 1.66667e-06
45390 3.33333e-06
45400 2.77556e-17
45410 3.33333e-06
45420 3.33333e-06
45430 3.33333e-06
45440 1.66667e-06
45450 1.66667e-06
45460 1.66667e-06
45470 1.66667e-06
45480 1.66667e-06
45490 3.33333e-06
45500 2.77556e-17
45510 2.77556e-17
45520 1.66667e-06
45530 3.33333e-06
45540 2.77556e-17
45550 2.77556e-17
45560 2.77556e-17
45570 1.66667e-06
45580 1.66667e-06
45590 3.33333e-06
45600 1.66667e-06
45610 1.66667e-06
45620 3.33333e-06
45630 1.66667e-06
45640 1.66667e-06
45650 1.66667e-06
45660 1.66667e-06
45670 1.66667e-06
45680 2.77556e-17
45690 1.66667e-06
45700 1.66667e-06
45710 3.33333e-06
45720 2.77556e-17
45730 1.66667e-06
45740 2.77556e-17
45750 2.77556e-17
45760 1.66667e-06
45770 2.77556e-17
45780 3.33333e-06
45790 2.77556e-17
45800 2.77556e-17
45810 2.77556e-17
45820 2.77556e-17
45830 3.33333e-06
45840 1.66667e-06
45850 1.66667e-06
45860 3.33333e-06
45870 2.77556e-17
45880 1.66667e-06
45890 1.66667e-06
45900 3.33333e-06
45910 3.33333e-06
45920 2.77556e-17
45930 1.66667e-06
45940 3.33333e-06
45950 3.33333e-06
45960 1.66667e-06
45970 2.77556e-17
45980 1.66667e-06
45990 1.66667e-06
46000 3.33333e-06
46010 1.66667e-06
46020 1.66667e-06
46030 2.77556e-17
46040 1.66667e-06
46050 1.66667e-06
46060 3.33333e-06
46070 2.77556e-17
46080 1.66667e-06
46090 3.33333e-06
46100 1.66667e-06
46110 1.66667e-06
46120 1.66667e-06
46130 2.77556e-17
46140 1.66667e-06
46150 1.66667e-06
46160 1.66667e-06
46170 2.77556e-17
46180 1.66667e-06
46190 2.77556e-17
46200 1.66667e-06
46210 3.33333e-06
46220 3.33333e-06
46230 3.33333e-06
46240 1.66667e-06
46250 2.77556e-17
46260 2.77556e-17
46270 2.77556e-17
46280 1.66667e-06
46290 1.66667e-06
46300 1.66667e-06
46310 2.77556e-17
46320 1.66667e-06
46330 1.66667e-06
46340 1.66667e-06
46350 2.77556e-17
46360 2.77556e-17
46370 1.66667e-06
46380 3.33333e-06
46390 1.66667e-06
46400 3.33333e-06
46410 3.33333e-06
46420 1.66667e-06
46430 3.33333e-06
46440 1.66667e-06
46450 1.66667e-06
46460 1.66667e-06
46470 1.66667e-06
46480 1.66667e-06
46490 2.77556e-17
46500 3.33333e-06
46510 2.77556e-17
46520 1.66667e-06
46530 1.66667e-06
46540 2.77556e-17
46550 1.66667e-06
46560 1.66667e-06
46570 3.33333e-06
46580 1.66667e-06
46590 2.77556e-17
46600 1.66667e-06
46610 1.66667e-06
46620 1.66667e-06
46630 3.33333e-06
46640 1.66667e-06
46650 2.77556e-17
46660 1.66667e-06
46670 2.77556e-17
46680 1.66667e-06
46690 1.66667e-06
46700 2.77556e-17
46710 1.66667e-06
46720 3.33333e-06
46730 2.77556e-17
46740 1.66667e-06
46750 1.66667e-06
46760 1.66667e-06
46770 1.66667e-06
46780 2.77556e-17
46790 2.77556e-17
46800 2.77556e-17
46810 1.66667e-06
46820 1.66667e-06
46830 3.33333e-06
46840 1.66667e-06
46850 2.77556e-17
46860 3.33333e-06
46870 2.77556e-17
46880 2.77556e-17
46890 2.77556e-17
46900 1.66667e-06
46910 1.66667e-06
46920 2.77556e-17
46930 1.66667e-06
46940 1.66667e-06
46950 2.77556e-17
46960 1.66667e-06
46970 2.77556e-17
46980 1.66667e-06
46990 1.66667e-06
47000 1.66667e-06
47010 1.66667e-06
47020 2.77556e-17
47030 2.77556e-17
47040 1.66667e-06
47050 1.66667e-06
47060 1.66667e-06
47070 3.33333e-06
47080 1.66667e-06
47090 1.66667e-06
47100 1.66667e-06
47110 2.77556e-17
47120 1.66667e-06
47130 1.66667e-06
47140 1.66667e-06
47150 3.33333e-06
47160 1.66667e-06
47170 1.66667e-06
47180 2.77556e-17
47190 2.77556e-17
47200 1.66667e-06
47210 2.77556e-17
47220 2.77556e-17
47230 3.33333e-06
47240 1.66667e-06
47250 1.66667e-06
47260 2.77556e-17
47270 2.77556e-17
47280 2.77556e-17
47290 3.33333e-06
47300 1.66667e-06
47310 2.77556e-17
47320 1.66667e-06
47330 2.77556e-17
47340 1.66667e-06
47350 3.33333e-06
47360 3.33333e-06
47370 1.66667e-06
47380 1.66667e-06
47390 2.77556e-17
47400 1.66667e-06
47410 2.77556e-17
47420 1.66667e-06
47430 1.66667e-06
47440 3.33333e-06
47450 1.66667e-06
47460 3.33333e-06
47470 3.33333e-06
47480 2.77556e-17
47490 2.77556e-17
47500 1.66667e-06
47510 2.77556e-17
47520 1.66667e-06
47530 1.66667e-06
47540 2.77556e-17
47550 2.77556e-17
47560 1.66667e-06
47570 3.33333e-06
47580 1.66667e-06
47590 2.77556e-17
47600 2.77556e-17
47610 1.66667e-06
47620 1.66667e-06
47630 2.77556e-17
47640 2.77556e-17
47650 1.66667e-06
47660 2.77556e-17
47670 3.33333e-06
47680 1.66667e-06
47690 2.77556e-17
47700 1.66667e-06
47710 2.77556e-17
47720 2.77556e-17
47730 2.77556e-17
47740 1.66667e-06
47750 1.66667e-06
47760 3.33333e-06
47770 1.66667e-06
47780 1.66667e-06
47790 1.66667e-06
47800 1.66667e-06
47810 2.77556e-17
47820 2.77556e-17
47830 1.66667e-06
47840 1.66667e-06
47850 1.66667e-06
47860 1.66667e-06
47870 3.33333e-06
47880 2.77556e-17
47890 1.66667e-06
47900 1.66667e-06
47910 1.66667e-06
47920 2.77556e-17
47930 1.66667e-06
47940 2.77556e-17
47950 1.66667e-06
47960 3.33333e-06
47970 1.66667e-06
47980 1.66667e-06
47990 3.33333e-06
48000 1.66667e-06
48010 1.66667e-06
48020 1.66667e-06
48030 1.66667e-06
48040 1.66667e-06
48050 1.66667e-06
48060 1.66667e-06
48070 2.77556e-17
48080 2.77556e-17
48090 1.66667e-06
48100 1.66667e-06
48110 1.66667e-06
48120 3.33333e-06
48130 2.77556e-17
48140 1.66667e-06
48150 2.77556e-17
48160 1.66667e-06
48170 3.33333e-06
48180 1.66667e-06
48190 3.33333e-06
48200 1.66667e-06
48210 1.66667e-06
48220 1.66667e-06
48230 1.66667e-06
48240 1.66667e-06
48250 1.66667e-06
48260 2.77556e-17
48270 1.66667e-06
48280 3.33333e-06
48290 1.66667e-06
48300 3.33333e-06
48310 1.66667e-06
48320 1.66667e-06
48330 3.33333e-06
48340 1.66667e-06
48350 2.77556e-17
48360 1.66667e-06
48370 2.77556e-17
48380 1.66667e-06
48390 1.66667e-06
48400 1.66667e-06
48410 2.77556e-17
48420 1.66667e-06
48430 3.33333e-06
48440 3.33333e-06
48450 1.66667e-06
48460 1.66667e-06
48470 2.77556e-17
48480 3.33333e-06
48490 2.77556e-17
48500 1.66667e-06
48510 2.77556e-17
48520 2.77556e-17
48530 1.66667e-06
48540 2.77556e-17
48550 2.77556e-17
48560 2.77556e-17
48570 2.77556e-17
48580 1.66667e-06
48590 2.77556e-17
48600 2.77556e-17
48610 3.33333e-06
48620 2.77556e-17
48630 3.33333e-06
48640 3.33333e-06
48650 2.77556e-17
48660 1.66667e-06
48670 2.77556e-17
48680 3.33333e-06
48690 2.77556e-17
48700 1.66667e-06
48710 3.33333e-06
48720 3.33333e-06
48730 1.66667e-06
48740 2.77556e-17
48750 1.66667e-06
48760 2.77556e-17
48770 2.77556e-17
48780 2.77556e-17
48790 1.66667e-06
48800 2.77556e-17
48810 2.77556e-17
48820 2.77556e-17
48830 3.33333e-06
48840 3.33333e-06
48850 1.66667e-06
48860 1.66667e-06
48870 3.33333e-06
48880 2.77556e-17
48890 1.66667e-06
48900 2.77556e-17
48910 2.77556e-17
48920 1.66667e-06
48930 2.77556e-17
48940 1.66667e-06
48950 3.33333e-06
48960 1.66667e-06
48970 3.33333e-06
48980 1.66667e-06
48990 3.33333e-06
49000 1.66667e-06
49010 1.66667e-06
49020 1.66667e-06
49030 2.77556e-17
49040 1.66667e-06
49050 3.33333e-06
49060 2.77556e-17
49070 1.66667e-06
49080 1.66667e-06
49090 3.33333e-06
49100 1.66667e-06
49110 1.66667e-06
49120 2.77556e-17
49130 3.33333e-06
49140 3.33333e-06
49150 3.33333e-06
49160 2.77556e-17
49170 2.77556e-17
49180 3.33333e-06
49190 2.77556e-17
49200 3.33333e-06
49210 2.77556e-17
49220 2.77556e-17
49230 2.77556e-17
49240 2.77556e-17
49250 1.66667e-06
49260 1.66667e-06
49270 3.33333e-06
49280 1.66667e-06
49290 2.77556e-17
49300 2.77556e-17
49310 2.77556e-17
49320 3.33333e-06
49330 1.66667e-06
49340 1.66667e-06
49350 1.66667e-06
49360 2.77556e-17
49370 1.66667e-06
49380 1.66667e-06
49390 2.77556e-17
49400 1.66667e-06
49410 2.77556e-17
49420 3.33333e-06
49430 1.66667e-06
49440 1.66667e-06
49450 1.66667e-06
49460 1.66667e-06
49470 1.66667e-06
49480 2.77556e-17
49490 2.77556e-17
49500 2.77556e-17
49510 2.77556e-17
49520 1.66667e-06
49530 1.66667e-06
49540 1.66667e-06
49550 1.66667e-06
49560 3.33333e-06
49570 2.77556e-17
49580 2.77556e-17
49590 1.66667e-06
49600 2.77556e-17
49610 2.77556e-17
49620 2.77556e-17
49630 3.33333e-06
49640 3.33333e-06
49650 1.66667e-06
49660 1.66667e-06
49670 3.33333e-06
49680 1.66667e-06
49690 1.66667e-06
49700 3.33333e-06
49710 2.77556e-17
49720 1.66667e-06
49730 1.66667e-06
49740 3.33333e-06
49750 1.66667e-06
49760 2.77556e-17
49770 2.77556e-17
49780 1.66667e-06
49790 1.66667e-06
49800 2.77556e-17
49810 1.66667e-06
49820 1.66667e-06
49830 1.66667e-06
49840 1.66667e-06
49850 1.66667e-06
49860 3.33333e-06
49870 1.66667e-06
49880 1.66667e-06
49890 1.66667e-06
49900 1.66667e-06
49910 3.33333e-06
49920 1.66667e-06
49930 3.33333e-06
49940 1.66667e-06
49950 1.66667e-06
49960 1.66667e-06
49970 1.66667e-06
49980 2.77556e-17
49990 2.77556e-17
50000 2.77556e-17
50010 1.66667e-06
50020 1.66667e-06
50030 3.33333e-06
50040 3.33333e-06
50050 1.66667e-06
50060 2.77556e-17
50070 1.66667e-06
50080 1.66667e-06
50090 1.66667e-06
50100 3.33333e-06
50110 1.66667e-06
50120 1.66667e-06
50130 1.66667e-06
50140 2.77556e-17
50150 3.33333e-06
50160 1.66667e-06
50170 1.66667e-06
50180 1.66667e-06
50190 1.66667e-06
50200 1.66667e-06
50210 1.66667e-06
50220 1.66667e-06
50230 1.66667e-06
50240 2.77556e-17
50250 1.66667e-06
50260 1.66667e-06
50270 1.66667e-06
50280 3.33333e-06
50290 3.33333e-06
50300 3.33333e-06
50310 1.66667e-06
50320 2.77556e-17
50330 2.77556e-17
50340 1.66667e-06
50350 2.77556e-17
50360 3.33333e-06
50370 1.66667e-06
50380 1.66667e-06
50390 1.66667e-06
50400 1.66667e-06
50410 1.66667e-06
50420 1.66667e-06
50430 2.77556e-17
50440 1.66667e-06
50450 2.77556e-17
50460 1.66667e-06
50470 1.66667e-06
50480 3.33333e-06
50490 3.33333e-06
50500 1.66667e-06
50510 1.66667e-06
50520 2.77556e-17
50530 2.77556e-17
50540 1.66667e-06
50550 3.33333e-06
50560 3.33333e-06
50570 2.77556e-17
50580 1.66667e-06
50590 1.66667e-06
50600 1.66667e-06
50610 2.77556e-17
50620 2.77556e-17
50630 2.77556e-17
50640 1.66667e-06
50650 2.77556e-17
50660 1.66667e-06
50670 3.33333e-06
50680 1.66667e-06
50690 1.66667e-06
50700 2.77556e-17
50710 2.77556e-17
50720 1.66667e-06
50730 1.66667e-06
50740 1.66667e-06
50750 1.66667e-06
50760 2.77556e-17
50770 1.66667e-06
50780 1.66667e-06
50790 2.77556e-17
50800 3.33333e-06
50810 1.66667e-06
50820 2.77556e-17
50830 2.77556e-17
50840 1.66667e-06
50850 1.66667e-06
50860 3.33333e-06
50870 1.66667e-06
50880 1.66667e-06
50890 3.33333e-06
50900 3.33333e-06
50910 2.77556e-17
50920 1.66667e-06
50930 2.77556e-17
50940 2.77556e-17
50950 1.66667e-06
50960 1.66667e-06
50970 1.66667e-06
50980 2.77556e-17
50990 3.33333e-06
51000 3.33333e-06
51010 1.66667e-06
51020 3.33333e-06
51030 1.66667e-06
51040 1.66667e-06
51050 2.77556e-17
51060 2.77556e-17
51070 1.66667e-06
51080 1.66667e-06
51090 2.77556e-17
51100 3.33333e-06
51110 1.66667e-06
51120 2.77556e-17
51130 1.66667e-06
51140 2.77556e-17
51150 1.66667e-06
51160 1.66667e-06
51170 1.66667e-06
51180 2.77556e-17
51190 2.77556e-17
51200 2.77556e-17
51210 1.66667e-06
51220 1.66667e-06
51230 1.66667e-06
51240 1.66667e-06
51250 1.66667e-06
51260 1.66667e-06
51270 1.66667e-06
51280 3.33333e-06
51290 2.77556e-17
51300 2.77556e-17
51310 2.77556e-17
51320 2.77556e-17
51330 2.77556e-17
51340 2.77556e-17
51350 2.77556e-17
51360 1.66667e-06
51370 2.77556e-17
51380 1.66667e-06
51390 3.33333e-06
51400 1.66667e-06
51410 1.66667e-06
51420 1.66667e-06
51430 2.77556e-17
51440 3.33333e-06
51450 2.77556e-17
51460 1.66667e-06
51470 1.66667e-06
51480 3.33333e-06
51490 1.66667e-06
51500 3.33333e-06
51510 3.33333e-06
51520 1.66667e-06
51530 2.77556e-17
51540 1.66667e-06
51550 3.33333e-06
51560 2.77556e-17
51570 3.33333e-06
51580 3.33333e-06
51590 1.66667e-06
51600 3.33333e-06
51610 1.66667e-06
51620 1.66667e-06
51630 2.77556e-17
51640 1.66667e-06
51650 3.33333e-06
51660 1.66667e-06
51670 1.66667e-06
51680 1.66667e-06
51690 3.33333e-06
51700 1.66667e-06
51710 2.77556e-17
51720 2.77556e-17
51730 1.66667e-06
51740 1.66667e-06
51750 2.77556e-17
51760 2.77556e-17
51770 2.77556e-17
51780 3.33333e-06
51790 3.33333e-06
51800 3.33333e-06
51810 1.66667e-06
51820 1.66667e-06
51830 1.66667e-06
51840 2.77556e-17
51850 1.66667e-06
51860 2.77556e-17
51870 1.66667e-06
51880 1.66667e-06
51890 1.66667e-06
51900 1.66667e-06
51910 1.66667e-06
51920 3.33333e-06
51930 1.66667e-06
51940 1.66667e-06
51950 1.66667e-06
51960 3.33333e-06
51970 3.33333e-06
51980 1.66667e-06
51990 3.33333e-06
52000 1.66667e-06
52010 1.66667e-06
52020 3.33333e-06
52030 2.77556e-17
52040 1.66667e-06
52050 1.66667e-06
52060 3.33333e-06
52070 1.66667e-06
52080 2.77556e-17
52090 3.33333e-06
52100 1.66667e-06
52110 1.66667e-06
52120 2.77556e-17
52130 1.66667e-06
52140 1.66667e-06
52150 2.77556e-17
52160 1.66667e-06
52170 1.66667e-06
52180 3.33333e-06
52190 2.77556e-17
52200 1.66667e-06
52210 2.77556e-17
52220 2.77556e-17
52230 1.66667e-06
52240 1.66667e-06
52250 3.33333e-06
52260 3.33333e-06
52270 3.33333e-06
52280 2.77556e-17
52290 2.77556e-17
52300 1.66667e-06
52310 2.77556e-17
52320 2.77556e-17
52330 1.66667e-06
52340 1.66667e-06
52350 2.77556e-17
52360 2.77556e-17
52370 2.77556e-17
52380 2.77556e-17
52390 2.77556e-17
52400 1.66667e-06
52410 1.66667e-06
52420 1.66667e-06
52430 2.77556e-17
52440 2.77556e-17
52450 2.77556e-17
52460 2.77556e-17
52470 2.77556e-17
52480 3.33333e-06
52490 1.66667e-06
52500 2.77556e-17
52510 2.77556e-17
52520 2.77556e-17
52530 1.66667e-06
52540 3.33333e-06
52550 1.66667e-06
52560 1.66667e-06
52570 1.66667e-06
52580 3.33333e-06
52590 1.66667e-06
52600 3.33333e-06
52610 1.66667e-06
52620 1.66667e-06
52630 1.66667e-06
52640 2.77556e-17
52650 1.66667e-06
52660 1.66667e-06
52670 1.66667e-06
52680 1.66667e-06
52690 1.66667e-06
52700 1.66667e-06
52710 1.66667e-06
52720 1.66667e-06
52730 1.66667e-06
52740 1.66667e-06
52750 1.66667e-06
52760 2.77556e-17
52770 2.77556e-17
52780 1.66667e-06
52790 1.66667e-06
52800 2.77556e-17
52810 1.66667e-06
52820 2.77556e-17
52830 1.66667e-06
52840 1.66667e-06
52850 2.77556e-17
52860 1.66667e-06
52870 2.77556e-17
52880 1.66667e-06
52890 1.66667e-06
52900 1.66667e-06
52910 1.66667e-06
52920 1.66667e-06
52930 2.77556e-17
52940 2.77556e-17
52950 3.33333e-06
52960 2.77556e-17
52970 1.66667e-06
52980 1.66667e-06
52990 1.66667e-06
53000 1.66667e-06
53010 2.77556e-17
53020 1.66667e-06
53030 1.66667e-06
53040 2.77556e-17
53050 2.77556e-17
53060 2.77556e-17
53070 2.77556e-17
53080 1.66667e-06
53090 1.66667e-06
53100 1.66667e-06
53110 1.66667e-06
53120 1.66667e-06
53130 2.77556e-17
53140 3.33333e-06
53150 2.77556e-17
53160 1.66667e-06
53170 1.66667e-06
53180 1.66667e-06
53190 1.66667e-06
53200 1.66667e-06
53210 3.33333e-06
53220 2.77556e-17
53230 1.66667e-06
53240 3.33333e-06
53250 1.66667e-06
53260 2.77556e-17
53270 2.77556e-17
53280 2.77556e-17
53290 2.77556e-17
53300 1.66667e-06
53310 1.66667e-06
53320 2.77556e-17
53330 3.33333e-06
53340 2.77556e-17
53350 1.66667e-06
53360 3.33333e-06
53370 1.66667e-06
53380 2.77556e-17
53390 1.66667e-06
53400 3.33333e-06
53410 2.77556e-17
53420 3.33333e-06
53430 3.33333e-06
53440 1.66667e-06
53450 1.66667e-06
53460 1.66667e-06
53470 2.77556e-17
53480 1.66667e-06
53490 1.66667e-06
53500 3.33333e-06
53510 1.66667e-06
53520 3.33333e-06
53530 2.77556e-17
53540 2.77556e-17
53550 1.66667e-06
53560 1.66667e-06
53570 1.66667e-06
53580 1.66667e-06
53590 3.33333e-06
53600 2.77556e-17
53610 2.77556e-17
53620 1.66667e-06
53630 2.77556e-17
53640 1.66667e-06
53650 2.77556e-17
53660 3.33333e-06
53670 2.77556e-17
53680 1.66667e-06
53690 2.77556e-17
53700 1.66667e-06
53710 1.66667e-06
53720 2.77556e-17
53730 3.33333e-06
53740 3.33333e-06
53750 1.66667e-06
53760 1.66667e-06
53770 1.66667e-06
53780 2.77556e-17
53790 1.66667e-06
53800 1.66667e-06
53810 1.66667e-06
53820 1.66667e-06
53830 1.66667e-06
53840 1.66667e-06
53850 1.66667e-06
53860 2.77556e-17
53870 1.66667e-06
53880 2.77556e-17
53890 1.66667e-06
53900 1.66667e-06
53910 1.66667e-06
53920 3.33333e-06
53930 1.66667e-06
53940 2.77556e-17
53950 1.66667e-06
53960 3.33333e-06
53970 2.77556e-17
53980 1.66667e-06
53990 1.66667e-06
54000 1.66667e-06
54010 1.66667e-06
54020 1.66667e-06
54030 1.66667e-06
54040 1.66667e-06
54050 1.66667e-06
54060 2.77556e-17
54070 1.66667e-06
54080 3.33333e-06
54090 1.66667e-06
54100 3.33333e-06
54110 3.33333e-06
54120 1.66667e-06
54130 2.77556e-17
54140 2.77556e-17
54150 3.33333e-06
54160 3.33333e-06
54170 1.66667e-06
54180 2.77556e-17
54190 1.66667e-06
54200 1.66667e-06
54210 2.77556e-17
54220 2.77556e-17
54230 2.77556e-17
54240 3.33333e-06
54250 2.77556e-17
54260 2.77556e-17
54270 2.77556e-17
54280 1.66667e-06
54290 2.77556e-17
54300 2.77556e-17
54310 1.66667e-06
54320 2.77556e-17
54330 3.33333e-06
54340 1.66667e-06
54350 3.33333e-06
54360 3.33333e-06
54370 2.77556e-17
54380 2.77556e-17
54390 2.77556e-17
54400 3.33333e-06
54410 1.66667e-06
54420 1.66667e-06
54430 2.77556e-17
54440 2.77556e-17
54450 2.77556e-17
54460 2.77556e-17
54470 1.66667e-06
54480 3.33333e-06
54490 1.66667e-06
54500 2.77556e-17
54510 3.33333e-06
54520 1.66667e-06
54530 1.66667e-06
54540 2.77556e-17
54550 1.66667e-06
54560 2.77556e-17
54570 1.66667e-06
54580 2.77556e-17
54590 1.66667e-06
54600 3.33333e-06
54610 3.33333e-06
54620 3.33333e-06
54630 1.66667e-06
54640 3.33333e-06
54650 1.66667e-06
54660 3.33333e-06
54670 2.77556e-17
54680 2.77556e-17
54690 2.77556e-17
54700 3.33333e-06
54710 3.33333e-06
54720 3.33333e-06
54730 2.77556e-17
54740 3.33333e-06
54750 1.66667e-06
54760 2.77556e-17
54770 2.77556e-17
54780 2.77556e-17
54790 1.66667e-06
54800 1.66667e-06
54810 1.66667e-06
54820 1.66667e-06
54830 2.77556e-17
54840 2.77556e-17
54850 1.66667e-06
54860 2.77556e-17
54870 2.77556e-17
54880 2.77556e-17
54890 1.66667e-06
54900 2.77556e-17
54910 2.77556e-17
54920 1.66667e-06
54930 1.66667e-06
54940 3.33333e-06
54950 1.66667e-06
54960 1.66667e-06
54970 1.66667e-06
54980 1.66667e-06
54990 1.66667e-06
55000 1.66667e-06
55010 1.66667e-06
55020 1.66667e-06
55030 3.33333e-06
55040 2.77556e-17
55050 2.77556e-17
55060 2.77556e-17
55070 1.66667e-06
55080 1.66667e-06
55090 1.66667e-06
55100 1.66667e-06
55110 1.66667e-06
55120 2.77556e-17
55130 2.77556e-17
55140 2.77556e-17
55150 1.66667e-06
55160 2.77556e-17
55170 2.77556e-17
55180 1.66667e-06
55190 3.33333e-06
55200 1.66667e-06
55210 2.77556e-17
55220 1.66667e-06
55230 1.66667e-06
55240 1.66667e-06
55250 1.66667e-06
55260 1.66667e-06
55270 1.66667e-06
55280 3.33333e-06
55290 3.33333e-06
55300 1.66667e-06
55310 3.33333e-06
55320 1.66667e-06
55330 2.77556e-17
55340 1.66667e-06
55350 1.66667e-06
55360 3.33333e-06
55370 2.77556e-17
55380 1.66667e-06
55390 2.77556e-17
55400 3.33333e-06
55410 1.66667e-06
55420 1.66667e-06
55430 3.33333e-06
55440 1.66667e-06
55450 1.66667e-06
55460 3.33333e-06
55470 1.66667e-06
55480 1.66667e-06
55490 1.66667e-06
55500 1.66667e-06
55510 2.77556e-17
55520 2.77556e-17
55530 2.77556e-17
55540 1.66667e-06
55550 2.77556e-17
55560 1.66667e-06
55570 1.66667e-06
55580 1.66667e-06
55590 1.66667e-06
55600 3.33333e-06
55610 1.66667e-06
55620 3.33333e-06
55630 1.66667e-06
55640 1.66667e-06
55650 2.77556e-17
55660 1.66667e-06
55670 2.77556e-17
55680 1.66667e-06
55690 2.77556e-17
55700 1.66667e-06
55710 1.66667e-06
55720 1.66667e-06
55730 3.33333e-06
55740 1.66667e-06
55750 1.66667e-06
55760 3.33333e-06
55770 1.66667e-06
55780 1.66667e-06
55790 1.66667e-06
55800 1.66667e-06
55810 1.66667e-06
55820 1.66667e-06
55830 1.66667e-06
55840 1.66667e-06
55850 1.66667e-06
55860 2.77556e-17
55870 1.66667e-06
55880 2.77556e-17
55890 2.77556e-17
55900 1.66667e-06
55910 3.33333e-06
55920 1.66667e-06
55930 1.66667e-06
55940 3.33333e-06
55950 1.66667e-06
55960 1.66667e-06
55970 1.66667e-06
55980 3.33333e-06
55990 2.77556e-17
56000 1.66667e-06
56010 2.77556e-17
56020 2.77556e-17
56030 1.66667e-06
56040 3.33333e-06
56050 3.33333e-06
56060 2.77556e-17
56070 2.77556e-17
56080 2.77556e-17
56090 2.77556e-17
56100 2.77556e-17
56110 1.66667e-06
56120 1.66667e-06
56130 1.66667e-06
56140 1.66667e-06
56150 3.33333e-06
56160 2.77556e-17
56170 1.66667e-06
56180 1.66667e-06
56190 2.77556e-17
56200 1.66667e-06
56210 1.66667e-06
56220 1.66667e-06
56230 1.66667e-06
56240 1.66667e-06
56250 1.66667e-06
56260 1.66667e-06
56270 1.66667e-06
56280 3.33333e-06
56290 1.66667e-06
56300 1.66667e-06
56310 3.33333e-06
56320 1.66667e-06
56330 3.33333e-06
56340 3.33333e-06
56350 2.77556e-17
56360 1.66667e-06
56370 1.66667e-06
56380 3.33333e-06
56390 1.66667e-06
56400 1.66667e-06
56410 1.66667e-06
56420 3.33333e-06
56430 2.77556e-17
56440 2.77556e-17
56450 1.66667e-06
56460 1.66667e-06
56470 1.66667e-06
56480 1.66667e-06
56490 2.77556e-17
56500 1.66667e-06
56510 1.66667e-06
56520 1.66667e-06
56530 3.33333e-06
56540 1.66667e-06
56550 2.77556e-17
56560 1.66667e-06
56570 1.66667e-06
56580 1.66667e-06
56590 2.77556e-17
56600 1.66667e-06
56610 1.66667e-06
56620 1.66667e-06
56630 1.66667e-06
56640 3.33333e-06
56650 1.66667e-06
56660 1.66667e-06
56670 1.66667e-06
56680 1.66667e-06
56690 2.77556e-17
56700 2.77556e-17
56710 1.66667e-06
56720 2.77556e-17
56730 3.33333e-06
56740 3.33333e-06
56750 3.33333e-06
56760 1.66667e-06
56770 1.66667e-06
56780 2.77556e-17
56790 2.77556e-17
56800 1.66667e-06
56810 3.33333e-06
56820 1.66667e-06
56830 3.33333e-06
56840 1.66667e-06
56850 2.77556e-17
56860 1.66667e-06
56870 2.77556e-17
56880 1.66667e-06
56890 2.77556e-17
56900 1.66667e-06
56910 1.66667e-06
56920 1.66667e-06
56930 3.33333e-06
56940 1.66667e-06
56950 1.66667e-06
56960 1.66667e-06
56970 2.77556e-17
56980 1.66667e-06
56990 3.33333e-06
57000 1.66667e-06
57010 1.66667e-06
57020 2.77556e-17
57030 1.66667e-06
57040 1.66667e-06
57050 1.66667e-06
57060 1.66667e-06
57070 3.33333e-06
57080 1.66667e-06
57090 1.66667e-06
57100 1.66667e-06
57110 3.33333e-06
57120 2.77556e-17
57130 1.66667e-06
57140 1.66667e-06
57150 1.66667e-06
57160 2.77556e-17
57170 2.77556e-17
57180 2.77556e-17
57190 3.33333e-06
57200 1.66667e-06
57210 1.66667e-06
57220 2.77556e-17
57230 1.66667e-06
57240 2.77556e-17
57250 2.77556e-17
57260 2.77556e-17
57270 1.66667e-06
57280 1.66667e-06
57290 3.33333e-06
57300 1.66667e-06
57310 2.77556e-17
57320 2.77556e-17
57330 3.33333e-06
57340 1.66667e-06
57350 3.33333e-06
57360 2.77556e-17
57370 1.66667e-06
57380 1.66667e-06
57390 1.66667e-06
57400 3.33333e-06
57410 2.77556e-17
57420 1.66667e-06
57430 2.77556e-17
57440 1.66667e-06
57450 1.66667e-06
57460 3.33333e-06
57470 1.66667e-06
57480 3.33333e-06
57490 1.66667e-06
57500 3.33333e-06
57510 1.66667e-06
57520 1.66667e-06
57530 1.66667e-06
57540 2.77556e-17
57550 1.66667e-06
57560 1.66667e-06
57570 1.66667e-06
57580 2.77556e-17
57590 1.66667e-06
57600 1.66667e-06
57610 1.66667e-06
57620 1.66667e-06
57630 3.33333e-06
57640 3.33333e-06
57650 3.33333e-06
57660 2.77556e-17
57670 1.66667e-06
57680 1.66667e-06
57690 2.77556e-17
57700 2.77556e-17
57710 1.66667e-06
57720 1.66667e-06
57730 1.66667e-06
57740 1.66667e-06
57750 3.33333e-06
57760 3.33333e-06
57770 1.66667e-06
57780 1.66667e-06
57790 1.66667e-06
57800 1.66667e-06
57810 1.66667e-06
57820 1.66667e-06
57830 2.77556e-17
57840 2.77556e-17
57850 3.33333e-06
57860 3.33333e-06
57870 2.77556e-17
57880 1.66667e-06
57890 2.77556e-17
57900 1.66667e-06
57910 1.66667e-06
57920 2.77556e-17
57930 2.77556e-17
57940 3.33333e-06
57950 3.33333e-06
57960 1.66667e-06
57970 1.66667e-06
57980 2.77556e-17
57990 1.66667e-06
58000 1.66667e-06
58010 1.66667e-06
58020 1.66667e-06
58030 3.33333e-06
58040 1.66667e-06
58050 1.66667e-06
58060 1.66667e-06
58070 3.33333e-06
58080 2.77556e-17
58090 1.66667e-06
58100 3.33333e-06
58110 1.66667e-06
58120 1.66667e-06
58130 1.66667e-06
58140 3.33333e-06
58150 3.33333e-06
58160 2.77556e-17
58170 2.77556e-17
58180 1.66667e-06
58190 1.66667e-06
58200 2.77556e-17
58210 1.66667e-06
58220 1.66667e-06
58230 1.66667e-06
58240 2.77556e-17
58250 2.77556e-17
58260 1.66667e-06
58270 2.77556e-17
58280 1.66667e-06
58290 1.66667e-06
58300 3.33333e-06
58310 2.77556e-17
58320 2.77556e-17
58330 1.66667e-06
58340 1.66667e-06
58350 1.66667e-06
58360 1.66667e-06
58370 1.66667e-06
58380 2.77556e-17
58390 1.66667e-06
58400 1.66667e-06
58410 1.66667e-06
58420 1.66667e-06
58430 2.77556e-17
58440 1.66667e-06
58450 3.33333e-06
58460 1.66667e-06
58470 1.66667e-06
58480 1.66667e-06
58490 2.77556e-17
58500 1.66667e-06
58510 2.77556e-17
58520 3.33333e-06
58530 3.33333e-06
58540 3.33333e-06
58550 1.66667e-06
58560 2.77556e-17
58570 2.77556e-17
58580 1.66667e-06
58590 1.66667e-06
58600 1.66667e-06
58610 1.66667e-06
58620 1.66667e-06
58630 1.66667e-06
58640 1.66667e-06
58650 1.66667e-06
58660 1.66667e-06
58670 2.77556e-17
58680 1.66667e-06
58690 1.66667e-06
58700 3.33333e-06
58710 3.33333e-06
58720 3.33333e-06
58730 1.66667e-06
58740 1.66667e-06
58750 1.66667e-06
58760 3.33333e-06
58770 1.66667e-06
58780 1.66667e-06
58790 1.66667e-06
58800 1.66667e-06
58810 1.66667e-06
58820 2.77556e-17
58830 2.77556e-17
58840 1.66667e-06
58850 3.33333e-06
58860 1.66667e-06
58870 1.66667e-06
58880 1.66667e-06
58890 1.66667e-06
58900 2.77556e-17
58910 3.33333e-06
58920 2.77556e-17
58930 2.77556e-17
58940 1.66667e-06
58950 2.77556e-17
58960 3.33333e-06
58970 1.66667e-06
58980 1.66667e-06
58990 1.66667e-06
59000 2.77556e-17
59010 1.66667e-06
59020 3.33333e-06
59030 1.66667e-06
59040 1.66667e-06
59050 3.33333e-06
59060 1.66667e-06
59070 1.66667e-06
59080 2.77556e-17
59090 1.66667e-06
59100 2.77556e-17
59110 2.77556e-17
59120 1.66667e-06
59130 1.66667e-06
59140 1.66667e-06
59150 1.66667e-06
59160 2.77556e-17
59170 2.77556e-17
59180 1.66667e-06
59190 2.77556e-17
59200 1.66667e-06
59210 2.77556e-17
59220 2.77556e-17
59230 1.66667e-06
59240 2.77556e-17
59250 1.66667e-06
59260 2.77556e-17
59270 1.66667e-06
59280 2.77556e-17
59290 2.77556e-17
59300 1.66667e-06
59310 2.77556e-17
59320 1.66667e-06
59330 1.66667e-06
59340 3.33333e-06
59350 1.66667e-06
59360 2.77556e-17
59370 3.33333e-06
59380 1.66667e-06
59390 1.66667e-06
59400 3.33333e-06
59410 1.66667e-06
59420 3.33333e-06
59430 2.77556e-17
59440 1.66667e-06
59450 1.66667e-06
59460 2.77556e-17
59470 2.77556e-17
59480 1.66667e-06
59490 3.33333e-06
59500 1.66667e-06
59510 1.66667e-06
59520 2.77556e-17
59530 1.66667e-06
59540 3.33333e-06
59550 3.33333e-06
59560 1.66667e-06
59570 1.66667e-06
59580 1.66667e-06
59590 1.66667e-06
59600 2.77556e-17
59610 1.66667e-06
59620 1.66667e-06
59630 3.33333e-06
59640 1.66667e-06
59650 1.66667e-06
59660 1.66667e-06
59670 1.66667e-06
59680 3.33333e-06
59690 3.33333e-06
59700 1.66667e-06
59710 1.66667e-06
59720 3.33333e-06
59730 3.33333e-06
59740 2.77556e-17
59750 1.66667e-06
59760 1.66667e-06
59770 1.66667e-06
59780 3.33333e-06
59790 1.66667e-06
59800 1.66667e-06
59810 1.66667e-06
59820 1.66667e-06
59830 1.66667e-06
59840 1.66667e-06
59850 2.77556e-17
59860 3.33333e-06
59870 2.77556e-17
59880 2.77556e-17
59890 2.77556e-17
59900 1.66667e-06
59910 1.66667e-06
59920 3.33333e-06
59930 2.77556e-17
59940 1.66667e-06
59950 1.66667e-06
59960 1.66667e-06
59970 2.77556e-17
59980 1.66667e-06
59990 2.77556e-17
60000 1.66667e-06
60010 2.77556e-17
60020 1.66667e-06
60030 2.77556e-17
60040 1.66667e-06
60050 2.77556e-17
60060 2.77556e-17
60070 1.66667e-06
60080 1.66667e-06
60090 1.66667e-06
60100 1.66667e-06
60110 2.77556e-17
60120 2.77556e-17
60130 1.66667e-06
60140 1.66667e-06
60150 1.66667e-06
60160 1.66667e-06
60170 2.77556e-17
60180 1.66667e-06
60190 3.33333e-06
60200 1.66667e-06
60210 2.77556e-17
60220 2.77556e-17
60230 1.66667e-06
60240 3.33333e-06
60250 3.33333e-06
