10 0.0555583
20 1.66667e-06
30 2.77556e-17
40 1.66667e-06
50 1.66667e-06
60 1.66667e-06
70 1.66667e-06
80 1.66667e-06
90 2.77556e-17
100 1.66667e-06
110 1.66667e-06
120 0.0555583
130 1.66667e-06
140 0.0555583
150 2.77556e-17
160 0.0555567
170 2.77556e-17
180 2.77556e-17
190 2.77556e-17
200 2.77556e-17
210 3.33333e-06
220 1.66667e-06
230 2.77556e-17
240 3.33333e-06
250 1.66667e-06
260 1.66667e-06
270 1.66667e-06
280 1.66667e-06
290 2.77556e-17
300 1.66667e-06
310 1.66667e-06
320 1.66667e-06
330 3.33333e-06
340 1.66667e-06
350 2.77556e-17
360 2.77556e-17
370 3.33333e-06
380 0.166668
390 0.16667
400 2.77556e-17
410 2.77556e-17
420 1.66667e-06
430 1.66667e-06
440 2.77556e-17
450 1.66667e-06
460 3.33333e-06
470 2.77556e-17
480 2.77556e-17
490 1.66667e-06
500 1.66667e-06
510 2.77556e-17
520 1.66667e-06
530 2.77556e-17
540 1.66667e-06
550 2.77556e-17
560 3.33333e-06
570 1.66667e-06
580 1.66667e-06
590 1.66667e-06
600 2.77556e-17
610 1.66667e-06
620 3.33333e-06
630 2.77556e-17
640 1.66667e-06
650 2.77556e-17
660 1.66667e-06
670 1.66667e-06
680 1.66667e-06
690 1.66667e-06
700 2.77556e-17
710 2.77556e-17
720 3.33333e-06
730 0.16667
740 1.66667e-06
750 1.66667e-06
760 1.66667e-06
770 2.77556e-17
780 1.66667e-06
790 1.66667e-06
800 1.66667e-06
810 2.77556e-17
820 3.33333e-06
830 1.66667e-06
840 2.77556e-17
850 1.66667e-06
860 2.77556e-17
870 2.77556e-17
880 1.66667e-06
890 2.77556e-17
900 1.66667e-06
910 2.77556e-17
920 3.33333e-06
930 1.66667e-06
940 2.77556e-17
950 1.66667e-06
960 3.33333e-06
970 1.66667e-06
980 1.66667e-06
990 2.77556e-17
1000 3.33333e-06
1010 3.33333e-06
1020 3.33333e-06
1030 1.66667e-06
1040 3.33333e-06
1050 1.66667e-06
1060 1.66667e-06
1070 1.66667e-06
1080 3.33333e-06
1090 1.66667e-06
1100 1.66667e-06
1110 1.66667e-06
1120 2.77556e-17
1130 2.77556e-17
1140 3.33333e-06
1150 1.66667e-06
1160 1.66667e-06
1170 1.66667e-06
1180 1.66667e-06
1190 1.66667e-06
1200 1.66667e-06
1210 1.66667e-06
1220 1.66667e-06
1230 3.33333e-06
1240 2.77556e-17
1250 2.77556e-17
1260 1.66667e-06
1270 1.66667e-06
1280 1.66667e-06
1290 1.66667e-06
1300 1.66667e-06
1310 1.66667e-06
1320 1.66667e-06
1330 3.33333e-06
1340 2.77556e-17
1350 3.33333e-06
1360 1.66667e-06
1370 1.66667e-06
1380 1.66667e-06
1390 1.66667e-06
1400 1.66667e-06
1410 1.66667e-06
1420 1.66667e-06
1430 2.77556e-17
1440 2.77556e-17
1450 1.66667e-06
1460 2.77556e-17
1470 2.77556e-17
1480 1.66667e-06
1490 2.77556e-17
1500 2.77556e-17
1510 2.77556e-17
1520 2.77556e-17
1530 2.77556e-17
1540 3.33333e-06
1550 1.66667e-06
1560 1.66667e-06
1570 2.77556e-17
1580 1.66667e-06
1590 2.77556e-17
1600 1.66667e-06
1610 2.77556e-17
1620 1.66667e-06
1630 1.66667e-06
1640 1.66667e-06
1650 3.33333e-06
1660 2.77556e-17
1670 2.77556e-17
1680 1.66667e-06
1690 2.77556e-17
1700 1.66667e-06
1710 1.66667e-06
1720 2.77556e-17
1730 2.77556e-17
1740 3.33333e-06
1750 1.66667e-06
1760 1.66667e-06
1770 2.77556e-17
1780 2.77556e-17
1790 2.77556e-17
1800 1.66667e-06
1810 2.77556e-17
1820 1.66667e-06
1830 2.77556e-17
1840 2.77556e-17
1850 0.16667
1860 1.66667e-06
1870 1.66667e-06
1880 1.66667e-06
1890 1.66667e-06
1900 1.66667e-06
1910 3.33333e-06
1920 3.33333e-06
1930 1.66667e-06
1940 1.66667e-06
1950 3.33333e-06
1960 3.33333e-06
1970 2.77556e-17
1980 1.66667e-06
1990 3.33333e-06
2000 1.66667e-06
2010 1.66667e-06
2020 1.66667e-06
2030 2.77556e-17
2040 3.33333e-06
2050 2.77556e-17
2060 2.77556e-17
2070 3.33333e-06
2080 1.66667e-06
2090 2.77556e-17
2100 2.77556e-17
2110 2.77556e-17
2120 2.77556e-17
2130 1.66667e-06
2140 2.77556e-17
2150 1.66667e-06
2160 1.66667e-06
2170 1.66667e-06
2180 3.33333e-06
2190 1.66667e-06
2200 3.33333e-06
2210 1.66667e-06
2220 2.77556e-17
2230 1.66667e-06
2240 2.77556e-17
2250 2.77556e-17
2260 2.77556e-17
2270 1.66667e-06
2280 1.66667e-06
2290 1.66667e-06
2300 3.33333e-06
2310 3.33333e-06
2320 2.77556e-17
2330 1.66667e-06
2340 1.66667e-06
2350 2.77556e-17
2360 3.33333e-06
2370 1.66667e-06
2380 1.66667e-06
2390 1.66667e-06
2400 3.33333e-06
2410 3.33333e-06
2420 1.66667e-06
2430 3.33333e-06
2440 3.33333e-06
2450 3.33333e-06
2460 2.77556e-17
2470 2.77556e-17
2480 2.77556e-17
2490 1.66667e-06
2500 1.66667e-06
2510 3.33333e-06
2520 1.66667e-06
2530 2.77556e-17
2540 2.77556e-17
2550 2.77556e-17
2560 1.66667e-06
2570 1.66667e-06
2580 3.33333e-06
2590 1.66667e-06
2600 1.66667e-06
2610 2.77556e-17
2620 2.77556e-17
2630 3.33333e-06
2640 1.66667e-06
2650 2.77556e-17
2660 2.77556e-17
2670 2.77556e-17
2680 2.77556e-17
2690 1.66667e-06
2700 3.33333e-06
2710 1.66667e-06
2720 1.66667e-06
2730 1.66667e-06
2740 3.33333e-06
2750 2.77556e-17
2760 2.77556e-17
2770 3.33333e-06
2780 1.66667e-06
2790 1.66667e-06
2800 2.77556e-17
2810 1.66667e-06
2820 1.66667e-06
2830 2.77556e-17
2840 2.77556e-17
2850 2.77556e-17
2860 2.77556e-17
2870 2.77556e-17
2880 3.33333e-06
2890 1.66667e-06
2900 1.66667e-06
2910 1.66667e-06
2920 1.66667e-06
2930 2.77556e-17
2940 1.66667e-06
2950 2.77556e-17
2960 1.66667e-06
2970 1.66667e-06
2980 2.77556e-17
2990 3.33333e-06
3000 2.77556e-17
3010 2.77556e-17
3020 3.33333e-06
3030 1.66667e-06
3040 3.33333e-06
3050 2.77556e-17
3060 2.77556e-17
3070 2.77556e-17
3080 1.66667e-06
3090 1.66667e-06
3100 1.66667e-06
3110 2.77556e-17
3120 1.66667e-06
3130 2.77556e-17
3140 2.77556e-17
3150 2.77556e-17
3160 2.77556e-17
3170 3.33333e-06
3180 2.77556e-17
3190 3.33333e-06
3200 2.77556e-17
3210 3.33333e-06
3220 3.33333e-06
3230 1.66667e-06
3240 1.66667e-06
3250 2.77556e-17
3260 2.77556e-17
3270 1.66667e-06
3280 1.66667e-06
3290 2.77556e-17
3300 1.66667e-06
3310 2.77556e-17
3320 1.66667e-06
3330 2.77556e-17
3340 2.77556e-17
3350 1.66667e-06
3360 1.66667e-06
3370 1.66667e-06
3380 1.66667e-06
3390 1.66667e-06
3400 1.66667e-06
3410 2.77556e-17
3420 3.33333e-06
3430 3.33333e-06
3440 2.77556e-17
3450 3.33333e-06
3460 3.33333e-06
3470 1.66667e-06
3480 3.33333e-06
3490 2.77556e-17
3500 2.77556e-17
3510 3.33333e-06
3520 1.66667e-06
3530 1.66667e-06
3540 2.77556e-17
3550 1.66667e-06
3560 1.66667e-06
3570 1.66667e-06
3580 3.33333e-06
3590 2.77556e-17
3600 2.77556e-17
3610 2.77556e-17
3620 1.66667e-06
3630 2.77556e-17
3640 2.77556e-17
3650 1.66667e-06
3660 1.66667e-06
3670 2.77556e-17
3680 2.77556e-17
3690 2.77556e-17
3700 3.33333e-06
3710 1.66667e-06
3720 3.33333e-06
3730 1.66667e-06
3740 1.66667e-06
3750 3.33333e-06
3760 2.77556e-17
3770 1.66667e-06
3780 3.33333e-06
3790 2.77556e-17
3800 2.77556e-17
3810 3.33333e-06
3820 3.33333e-06
3830 2.77556e-17
3840 3.33333e-06
3850 1.66667e-06
3860 1.66667e-06
3870 2.77556e-17
3880 2.77556e-17
3890 1.66667e-06
3900 1.66667e-06
3910 3.33333e-06
3920 3.33333e-06
3930 1.66667e-06
3940 1.66667e-06
3950 1.66667e-06
3960 2.77556e-17
3970 1.66667e-06
3980 1.66667e-06
3990 2.77556e-17
4000 2.77556e-17
4010 1.66667e-06
4020 1.66667e-06
4030 2.77556e-17
4040 1.66667e-06
4050 1.66667e-06
4060 1.66667e-06
4070 1.66667e-06
4080 1.66667e-06
4090 1.66667e-06
4100 2.77556e-17
4110 1.66667e-06
4120 2.77556e-17
4130 2.77556e-17
4140 1.66667e-06
4150 2.77556e-17
4160 1.66667e-06
4170 1.66667e-06
4180 3.33333e-06
4190 2.77556e-17
4200 1.66667e-06
4210 2.77556e-17
4220 1.66667e-06
4230 2.77556e-17
4240 3.33333e-06
4250 1.66667e-06
4260 1.66667e-06
4270 2.77556e-17
4280 2.77556e-17
4290 2.77556e-17
4300 1.66667e-06
4310 2.77556e-17
4320 2.77556e-17
4330 1.66667e-06
4340 1.66667e-06
4350 1.66667e-06
4360 2.77556e-17
4370 2.77556e-17
4380 2.77556e-17
4390 1.66667e-06
4400 2.77556e-17
4410 2.77556e-17
4420 2.77556e-17
4430 3.33333e-06
4440 1.66667e-06
4450 1.66667e-06
4460 3.33333e-06
4470 2.77556e-17
4480 2.77556e-17
4490 1.66667e-06
4500 3.33333e-06
4510 2.77556e-17
4520 1.66667e-06
4530 2.77556e-17
4540 2.77556e-17
4550 2.77556e-17
4560 3.33333e-06
4570 3.33333e-06
4580 1.66667e-06
4590 1.66667e-06
4600 2.77556e-17
4610 2.77556e-17
4620 1.66667e-06
4630 3.33333e-06
4640 1.66667e-06
4650 1.66667e-06
4660 2.77556e-17
4670 1.66667e-06
4680 3.33333e-06
4690 1.66667e-06
4700 2.77556e-17
4710 2.77556e-17
4720 3.33333e-06
4730 1.66667e-06
4740 2.77556e-17
4750 2.77556e-17
4760 1.66667e-06
4770 1.66667e-06
4780 1.66667e-06
4790 1.66667e-06
4800 2.77556e-17
4810 1.66667e-06
4820 1.66667e-06
4830 2.77556e-17
4840 1.66667e-06
4850 2.77556e-17
4860 1.66667e-06
4870 1.66667e-06
4880 3.33333e-06
4890 1.66667e-06
4900 2.77556e-17
4910 1.66667e-06
4920 2.77556e-17
4930 2.77556e-17
4940 2.77556e-17
4950 1.66667e-06
4960 2.77556e-17
4970 2.77556e-17
4980 1.66667e-06
4990 2.77556e-17
5000 2.77556e-17
5010 3.33333e-06
5020 2.77556e-17
5030 1.66667e-06
5040 2.77556e-17
5050 1.66667e-06
5060 3.33333e-06
5070 2.77556e-17
5080 2.77556e-17
5090 2.77556e-17
5100 2.77556e-17
5110 3.33333e-06
5120 2.77556e-17
5130 2.77556e-17
5140 1.66667e-06
5150 1.66667e-06
5160 1.66667e-06
5170 1.66667e-06
5180 2.77556e-17
5190 3.33333e-06
5200 3.33333e-06
5210 0.16667
5220 1.66667e-06
5230 3.33333e-06
5240 3.33333e-06
5250 3.33333e-06
5260 1.66667e-06
5270 1.66667e-06
5280 1.66667e-06
5290 1.66667e-06
5300 1.66667e-06
5310 3.33333e-06
5320 1.66667e-06
5330 3.33333e-06
5340 2.77556e-17
5350 2.77556e-17
5360 3.33333e-06
5370 1.66667e-06
5380 2.77556e-17
5390 1.66667e-06
5400 3.33333e-06
5410 2.77556e-17
5420 1.66667e-06
5430 1.66667e-06
5440 1.66667e-06
5450 2.77556e-17
5460 1.66667e-06
5470 2.77556e-17
5480 3.33333e-06
5490 2.77556e-17
5500 2.77556e-17
5510 1.66667e-06
5520 3.33333e-06
5530 3.33333e-06
5540 1.66667e-06
5550 1.66667e-06
5560 1.66667e-06
5570 1.66667e-06
5580 1.66667e-06
5590 1.66667e-06
5600 1.66667e-06
5610 1.66667e-06
5620 3.33333e-06
5630 1.66667e-06
5640 1.66667e-06
5650 1.66667e-06
5660 1.66667e-06
5670 2.77556e-17
5680 2.77556e-17
5690 1.66667e-06
5700 2.77556e-17
5710 1.66667e-06
5720 1.66667e-06
5730 2.77556e-17
5740 2.77556e-17
5750 1.66667e-06
5760 1.66667e-06
5770 2.77556e-17
5780 1.66667e-06
5790 3.33333e-06
5800 1.66667e-06
5810 1.66667e-06
5820 2.77556e-17
5830 1.66667e-06
5840 3.33333e-06
5850 2.77556e-17
5860 1.66667e-06
5870 2.77556e-17
5880 2.77556e-17
5890 3.33333e-06
5900 1.66667e-06
5910 1.66667e-06
5920 3.33333e-06
5930 1.66667e-06
5940 2.77556e-17
5950 1.66667e-06
5960 1.66667e-06
5970 1.66667e-06
5980 1.66667e-06
5990 1.66667e-06
6000 1.66667e-06
6010 1.66667e-06
6020 1.66667e-06
6030 1.66667e-06
6040 2.77556e-17
6050 2.77556e-17
6060 2.77556e-17
6070 3.33333e-06
6080 1.66667e-06
6090 1.66667e-06
6100 3.33333e-06
6110 1.66667e-06
6120 3.33333e-06
6130 3.33333e-06
6140 1.66667e-06
6150 3.33333e-06
6160 2.77556e-17
6170 1.66667e-06
6180 2.77556e-17
6190 2.77556e-17
6200 1.66667e-06
6210 1.66667e-06
6220 1.66667e-06
6230 3.33333e-06
6240 2.77556e-17
6250 1.66667e-06
6260 2.77556e-17
6270 2.77556e-17
6280 2.77556e-17
6290 1.66667e-06
6300 1.66667e-06
6310 2.77556e-17
6320 1.66667e-06
6330 1.66667e-06
6340 2.77556e-17
6350 2.77556e-17
6360 1.66667e-06
6370 1.66667e-06
6380 2.77556e-17
6390 1.66667e-06
6400 2.77556e-17
6410 3.33333e-06
6420 2.77556e-17
6430 1.66667e-06
6440 1.66667e-06
6450 1.66667e-06
6460 1.66667e-06
6470 2.77556e-17
6480 2.77556e-17
6490 1.66667e-06
6500 2.77556e-17
6510 1.66667e-06
6520 1.66667e-06
6530 2.77556e-17
6540 2.77556e-17
6550 2.77556e-17
6560 1.66667e-06
6570 1.66667e-06
6580 2.77556e-17
6590 2.77556e-17
6600 1.66667e-06
6610 2.77556e-17
6620 1.66667e-06
6630 2.77556e-17
6640 1.66667e-06
6650 3.33333e-06
6660 1.66667e-06
6670 2.77556e-17
6680 2.77556e-17
6690 2.77556e-17
6700 3.33333e-06
6710 1.66667e-06
6720 1.66667e-06
6730 3.33333e-06
6740 2.77556e-17
6750 1.66667e-06
6760 2.77556e-17
6770 1.66667e-06
6780 3.33333e-06
6790 1.66667e-06
6800 2.77556e-17
6810 3.33333e-06
6820 2.77556e-17
6830 1.66667e-06
6840 3.33333e-06
6850 2.77556e-17
6860 3.33333e-06
6870 1.66667e-06
6880 1.66667e-06
6890 2.77556e-17
6900 2.77556e-17
6910 2.77556e-17
6920 1.66667e-06
6930 3.33333e-06
6940 1.66667e-06
6950 1.66667e-06
6960 1.66667e-06
6970 1.66667e-06
6980 1.66667e-06
6990 1.66667e-06
7000 1.66667e-06
7010 3.33333e-06
7020 3.33333e-06
7030 3.33333e-06
7040 2.77556e-17
7050 1.66667e-06
7060 3.33333e-06
7070 1.66667e-06
7080 1.66667e-06
7090 2.77556e-17
7100 3.33333e-06
7110 2.77556e-17
7120 1.66667e-06
7130 1.66667e-06
7140 1.66667e-06
7150 2.77556e-17
7160 2.77556e-17
7170 2.77556e-17
7180 1.66667e-06
7190 3.33333e-06
7200 1.66667e-06
7210 2.77556e-17
7220 1.66667e-06
7230 1.66667e-06
7240 1.66667e-06
7250 3.33333e-06
7260 1.66667e-06
7270 1.66667e-06
7280 1.66667e-06
7290 2.77556e-17
7300 3.33333e-06
7310 1.66667e-06
7320 1.66667e-06
7330 1.66667e-06
7340 1.66667e-06
7350 1.66667e-06
7360 1.66667e-06
7370 2.77556e-17
7380 2.77556e-17
7390 2.77556e-17
7400 1.66667e-06
7410 2.77556e-17
7420 1.66667e-06
7430 2.77556e-17
7440 3.33333e-06
7450 1.66667e-06
7460 1.66667e-06
7470 1.66667e-06
7480 3.33333e-06
7490 1.66667e-06
7500 1.66667e-06
7510 3.33333e-06
7520 2.77556e-17
7530 1.66667e-06
7540 2.77556e-17
7550 3.33333e-06
7560 3.33333e-06
7570 1.66667e-06
7580 2.77556e-17
7590 1.66667e-06
7600 1.66667e-06
7610 1.66667e-06
7620 1.66667e-06
7630 1.66667e-06
7640 1.66667e-06
7650 1.66667e-06
7660 3.33333e-06
7670 3.33333e-06
7680 2.77556e-17
7690 1.66667e-06
7700 1.66667e-06
7710 2.77556e-17
7720 1.66667e-06
7730 3.33333e-06
7740 3.33333e-06
7750 1.66667e-06
7760 2.77556e-17
7770 2.77556e-17
7780 2.77556e-17
7790 2.77556e-17
7800 2.77556e-17
7810 1.66667e-06
7820 1.66667e-06
7830 2.77556e-17
7840 2.77556e-17
7850 2.77556e-17
7860 1.66667e-06
7870 1.66667e-06
7880 1.66667e-06
7890 1.66667e-06
7900 1.66667e-06
7910 2.77556e-17
7920 2.77556e-17
7930 3.33333e-06
7940 3.33333e-06
7950 3.33333e-06
7960 1.66667e-06
7970 1.66667e-06
7980 1.66667e-06
7990 3.33333e-06
8000 1.66667e-06
8010 2.77556e-17
8020 2.77556e-17
8030 1.66667e-06
8040 3.33333e-06
8050 2.77556e-17
8060 3.33333e-06
8070 2.77556e-17
8080 2.77556e-17
8090 2.77556e-17
8100 1.66667e-06
8110 1.66667e-06
8120 1.66667e-06
8130 3.33333e-06
8140 1.66667e-06
8150 1.66667e-06
8160 1.66667e-06
8170 1.66667e-06
8180 2.77556e-17
8190 1.66667e-06
8200 1.66667e-06
8210 3.33333e-06
8220 3.33333e-06
8230 2.77556e-17
8240 1.66667e-06
8250 1.66667e-06
8260 2.77556e-17
8270 1.66667e-06
8280 1.66667e-06
8290 3.33333e-06
8300 1.66667e-06
8310 1.66667e-06
8320 1.66667e-06
8330 2.77556e-17
8340 1.66667e-06
8350 1.66667e-06
8360 2.77556e-17
8370 3.33333e-06
8380 1.66667e-06
8390 1.66667e-06
8400 1.66667e-06
8410 1.66667e-06
8420 3.33333e-06
8430 1.66667e-06
8440 2.77556e-17
8450 2.77556e-17
8460 3.33333e-06
8470 1.66667e-06
8480 1.66667e-06
8490 2.77556e-17
8500 2.77556e-17
8510 1.66667e-06
8520 1.66667e-06
8530 1.66667e-06
8540 1.66667e-06
8550 1.66667e-06
8560 2.77556e-17
8570 1.66667e-06
8580 1.66667e-06
8590 2.77556e-17
8600 1.66667e-06
8610 1.66667e-06
8620 1.66667e-06
8630 2.77556e-17
8640 1.66667e-06
8650 3.33333e-06
8660 2.77556e-17
8670 2.77556e-17
8680 2.77556e-17
8690 1.66667e-06
8700 1.66667e-06
8710 3.33333e-06
8720 1.66667e-06
8730 3.33333e-06
8740 2.77556e-17
8750 2.77556e-17
8760 2.77556e-17
8770 1.66667e-06
8780 2.77556e-17
8790 3.33333e-06
8800 1.66667e-06
8810 1.66667e-06
8820 2.77556e-17
8830 2.77556e-17
8840 1.66667e-06
8850 1.66667e-06
8860 3.33333e-06
8870 1.66667e-06
8880 2.77556e-17
8890 2.77556e-17
8900 3.33333e-06
8910 3.33333e-06
8920 1.66667e-06
8930 2.77556e-17
8940 1.66667e-06
8950 2.77556e-17
8960 3.33333e-06
8970 1.66667e-06
8980 1.66667e-06
8990 2.77556e-17
9000 2.77556e-17
9010 1.66667e-06
9020 1.66667e-06
9030 2.77556e-17
9040 2.77556e-17
9050 1.66667e-06
9060 2.77556e-17
9070 1.66667e-06
9080 1.66667e-06
9090 2.77556e-17
9100 1.66667e-06
9110 1.66667e-06
9120 2.77556e-17
9130 2.77556e-17
9140 1.66667e-06
9150 1.66667e-06
9160 3.33333e-06
9170 1.66667e-06
9180 1.66667e-06
9190 3.33333e-06
9200 3.33333e-06
9210 3.33333e-06
9220 3.33333e-06
9230 1.66667e-06
9240 2.77556e-17
9250 2.77556e-17
9260 2.77556e-17
9270 1.66667e-06
9280 2.77556e-17
9290 2.77556e-17
9300 1.66667e-06
9310 1.66667e-06
9320 1.66667e-06
9330 3.33333e-06
9340 1.66667e-06
9350 2.77556e-17
9360 1.66667e-06
9370 3.33333e-06
9380 3.33333e-06
9390 1.66667e-06
9400 1.66667e-06
9410 1.66667e-06
9420 1.66667e-06
9430 2.77556e-17
9440 1.66667e-06
9450 1.66667e-06
9460 3.33333e-06
9470 1.66667e-06
9480 2.77556e-17
9490 1.66667e-06
9500 1.66667e-06
9510 1.66667e-06
9520 1.66667e-06
9530 2.77556e-17
9540 2.77556e-17
9550 1.66667e-06
9560 1.66667e-06
9570 2.77556e-17
9580 3.33333e-06
9590 1.66667e-06
9600 2.77556e-17
9610 3.33333e-06
9620 3.33333e-06
9630 2.77556e-17
9640 1.66667e-06
9650 2.77556e-17
9660 1.66667e-06
9670 3.33333e-06
9680 2.77556e-17
9690 1.66667e-06
9700 2.77556e-17
9710 1.66667e-06
9720 3.33333e-06
9730 1.66667e-06
9740 3.33333e-06
9750 2.77556e-17
9760 1.66667e-06
9770 1.66667e-06
9780 2.77556e-17
9790 1.66667e-06
9800 3.33333e-06
9810 1.66667e-06
9820 1.66667e-06
9830 2.77556e-17
9840 2.77556e-17
9850 2.77556e-17
9860 1.66667e-06
9870 3.33333e-06
9880 1.66667e-06
9890 1.66667e-06
9900 3.33333e-06
9910 1.66667e-06
9920 2.77556e-17
9930 1.66667e-06
9940 3.33333e-06
9950 1.66667e-06
9960 1.66667e-06
9970 1.66667e-06
9980 3.33333e-06
9990 1.66667e-06
10000 3.33333e-06
10010 1.66667e-06
10020 1.66667e-06
10030 3.33333e-06
10040 1.66667e-06
10050 3.33333e-06
10060 3.33333e-06
10070 2.77556e-17
10080 2.77556e-17
10090 2.77556e-17
10100 2.77556e-17
10110 1.66667e-06
10120 3.33333e-06
10130 2.77556e-17
10140 1.66667e-06
10150 1.66667e-06
10160 3.33333e-06
10170 1.66667e-06
10180 1.66667e-06
10190 2.77556e-17
10200 2.77556e-17
10210 2.77556e-17
10220 1.66667e-06
10230 1.66667e-06
10240 1.66667e-06
10250 2.77556e-17
10260 2.77556e-17
10270 3.33333e-06
10280 3.33333e-06
10290 1.66667e-06
10300 1.66667e-06
10310 1.66667e-06
10320 3.33333e-06
10330 1.66667e-06
10340 1.66667e-06
10350 2.77556e-17
10360 1.66667e-06
10370 3.33333e-06
10380 2.77556e-17
10390 1.66667e-06
10400 3.33333e-06
10410 3.33333e-06
10420 2.77556e-17
10430 3.33333e-06
10440 1.66667e-06
10450 1.66667e-06
10460 1.66667e-06
10470 2.77556e-17
10480 2.77556e-17
10490 2.77556e-17
10500 2.77556e-17
10510 1.66667e-06
10520 3.33333e-06
10530 1.66667e-06
10540 1.66667e-06
10550 3.33333e-06
10560 2.77556e-17
10570 2.77556e-17
10580 1.66667e-06
10590 1.66667e-06
10600 3.33333e-06
10610 3.33333e-06
10620 1.66667e-06
10630 2.77556e-17
10640 1.66667e-06
10650 3.33333e-06
10660 1.66667e-06
10670 2.77556e-17
10680 1.66667e-06
10690 1.66667e-06
10700 2.77556e-17
10710 1.66667e-06
10720 1.66667e-06
10730 1.66667e-06
10740 2.77556e-17
10750 1.66667e-06
10760 3.33333e-06
10770 1.66667e-06
10780 2.77556e-17
10790 2.77556e-17
10800 2.77556e-17
10810 1.66667e-06
10820 1.66667e-06
10830 1.66667e-06
10840 1.66667e-06
10850 1.66667e-06
10860 1.66667e-06
10870 2.77556e-17
10880 1.66667e-06
10890 1.66667e-06
10900 1.66667e-06
10910 1.66667e-06
10920 2.77556e-17
10930 1.66667e-06
10940 1.66667e-06
10950 1.66667e-06
10960 1.66667e-06
10970 1.66667e-06
10980 1.66667e-06
10990 2.77556e-17
11000 2.77556e-17
11010 2.77556e-17
11020 1.66667e-06
11030 2.77556e-17
11040 1.66667e-06
11050 1.66667e-06
11060 1.66667e-06
11070 1.66667e-06
11080 2.77556e-17
11090 2.77556e-17
11100 2.77556e-17
11110 1.66667e-06
11120 1.66667e-06
11130 3.33333e-06
11140 3.33333e-06
11150 1.66667e-06
11160 1.66667e-06
11170 1.66667e-06
11180 3.33333e-06
11190 3.33333e-06
11200 1.66667e-06
11210 2.77556e-17
11220 3.33333e-06
11230 2.77556e-17
11240 1.66667e-06
11250 3.33333e-06
11260 3.33333e-06
11270 1.66667e-06
11280 1.66667e-06
11290 1.66667e-06
11300 2.77556e-17
11310 1.66667e-06
11320 3.33333e-06
11330 3.33333e-06
11340 3.33333e-06
11350 1.66667e-06
11360 1.66667e-06
11370 2.77556e-17
11380 2.77556e-17
11390 1.66667e-06
11400 3.33333e-06
11410 2.77556e-17
11420 2.77556e-17
11430 2.77556e-17
11440 2.77556e-17
11450 1.66667e-06
11460 3.33333e-06
11470 3.33333e-06
11480 1.66667e-06
11490 1.66667e-06
11500 1.66667e-06
11510 2.77556e-17
11520 3.33333e-06
11530 2.77556e-17
11540 1.66667e-06
11550 3.33333e-06
11560 3.33333e-06
11570 2.77556e-17
11580 2.77556e-17
11590 1.66667e-06
11600 3.33333e-06
11610 1.66667e-06
11620 1.66667e-06
11630 1.66667e-06
11640 1.66667e-06
11650 1.66667e-06
11660 1.66667e-06
11670 1.66667e-06
11680 1.66667e-06
11690 1.66667e-06
11700 2.77556e-17
11710 1.66667e-06
11720 1.66667e-06
11730 3.33333e-06
11740 1.66667e-06
11750 2.77556e-17
11760 1.66667e-06
11770 3.33333e-06
11780 1.66667e-06
11790 1.66667e-06
11800 2.77556e-17
11810 1.66667e-06
11820 2.77556e-17
11830 1.66667e-06
11840 1.66667e-06
11850 1.66667e-06
11860 3.33333e-06
11870 2.77556e-17
11880 1.66667e-06
11890 1.66667e-06
11900 1.66667e-06
11910 2.77556e-17
11920 1.66667e-06
11930 2.77556e-17
11940 1.66667e-06
11950 3.33333e-06
11960 2.77556e-17
11970 1.66667e-06
11980 3.33333e-06
11990 1.66667e-06
12000 2.77556e-17
12010 1.66667e-06
12020 2.77556e-17
12030 3.33333e-06
12040 1.66667e-06
12050 2.77556e-17
12060 1.66667e-06
12070 3.33333e-06
12080 1.66667e-06
12090 3.33333e-06
12100 2.77556e-17
12110 2.77556e-17
12120 2.77556e-17
12130 1.66667e-06
12140 1.66667e-06
12150 3.33333e-06
12160 1.66667e-06
12170 1.66667e-06
12180 1.66667e-06
12190 1.66667e-06
12200 3.33333e-06
12210 2.77556e-17
12220 1.66667e-06
12230 3.33333e-06
12240 1.66667e-06
12250 3.33333e-06
12260 1.66667e-06
12270 2.77556e-17
12280 1.66667e-06
12290 2.77556e-17
12300 2.77556e-17
12310 2.77556e-17
12320 1.66667e-06
12330 1.66667e-06
12340 2.77556e-17
12350 3.33333e-06
12360 2.77556e-17
12370 1.66667e-06
12380 3.33333e-06
12390 2.77556e-17
12400 1.66667e-06
12410 1.66667e-06
12420 1.66667e-06
12430 1.66667e-06
12440 2.77556e-17
12450 1.66667e-06
12460 2.77556e-17
12470 1.66667e-06
12480 1.66667e-06
12490 1.66667e-06
12500 2.77556e-17
12510 1.66667e-06
12520 2.77556e-17
12530 1.66667e-06
12540 2.77556e-17
12550 1.66667e-06
12560 1.66667e-06
12570 2.77556e-17
12580 1.66667e-06
12590 3.33333e-06
12600 2.77556e-17
12610 2.77556e-17
12620 1.66667e-06
12630 1.66667e-06
12640 2.77556e-17
12650 1.66667e-06
12660 2.77556e-17
12670 1.66667e-06
12680 2.77556e-17
12690 1.66667e-06
12700 1.66667e-06
12710 2.77556e-17
12720 1.66667e-06
12730 3.33333e-06
12740 3.33333e-06
12750 3.33333e-06
12760 2.77556e-17
12770 1.66667e-06
12780 3.33333e-06
12790 1.66667e-06
12800 3.33333e-06
12810 1.66667e-06
12820 1.66667e-06
12830 3.33333e-06
12840 2.77556e-17
12850 2.77556e-17
12860 2.77556e-17
12870 2.77556e-17
12880 1.66667e-06
12890 1.66667e-06
12900 1.66667e-06
12910 2.77556e-17
12920 2.77556e-17
12930 1.66667e-06
12940 2.77556e-17
12950 1.66667e-06
12960 2.77556e-17
12970 1.66667e-06
12980 2.77556e-17
12990 2.77556e-17
13000 1.66667e-06
13010 1.66667e-06
13020 2.77556e-17
13030 2.77556e-17
13040 1.66667e-06
13050 1.66667e-06
13060 2.77556e-17
13070 2.77556e-17
13080 2.77556e-17
13090 1.66667e-06
13100 1.66667e-06
13110 2.77556e-17
13120 2.77556e-17
13130 1.66667e-06
13140 1.66667e-06
13150 1.66667e-06
13160 1.66667e-06
13170 2.77556e-17
13180 1.66667e-06
13190 2.77556e-17
13200 2.77556e-17
13210 1.66667e-06
13220 1.66667e-06
13230 1.66667e-06
13240 3.33333e-06
13250 3.33333e-06
13260 2.77556e-17
13270 3.33333e-06
13280 2.77556e-17
13290 1.66667e-06
13300 3.33333e-06
13310 2.77556e-17
13320 1.66667e-06
13330 1.66667e-06
13340 2.77556e-17
13350 2.77556e-17
13360 1.66667e-06
13370 1.66667e-06
13380 3.33333e-06
13390 1.66667e-06
13400 2.77556e-17
13410 1.66667e-06
13420 2.77556e-17
13430 2.77556e-17
13440 1.66667e-06
13450 3.33333e-06
13460 1.66667e-06
13470 2.77556e-17
13480 1.66667e-06
13490 2.77556e-17
13500 1.66667e-06
13510 1.66667e-06
13520 2.77556e-17
13530 1.66667e-06
13540 1.66667e-06
13550 1.66667e-06
13560 1.66667e-06
13570 1.66667e-06
13580 1.66667e-06
13590 2.77556e-17
13600 2.77556e-17
13610 2.77556e-17
13620 1.66667e-06
13630 3.33333e-06
13640 1.66667e-06
13650 2.77556e-17
13660 1.66667e-06
13670 3.33333e-06
13680 3.33333e-06
13690 2.77556e-17
13700 1.66667e-06
13710 1.66667e-06
13720 2.77556e-17
13730 3.33333e-06
13740 1.66667e-06
13750 2.77556e-17
13760 3.33333e-06
13770 1.66667e-06
13780 3.33333e-06
13790 2.77556e-17
13800 1.66667e-06
13810 3.33333e-06
13820 1.66667e-06
13830 2.77556e-17
13840 2.77556e-17
13850 1.66667e-06
13860 1.66667e-06
13870 1.66667e-06
13880 2.77556e-17
13890 1.66667e-06
13900 1.66667e-06
13910 2.77556e-17
13920 2.77556e-17
13930 1.66667e-06
13940 1.66667e-06
13950 3.33333e-06
13960 1.66667e-06
13970 1.66667e-06
13980 2.77556e-17
13990 2.77556e-17
14000 1.66667e-06
14010 3.33333e-06
14020 2.77556e-17
14030 1.66667e-06
14040 2.77556e-17
14050 2.77556e-17
14060 3.33333e-06
14070 2.77556e-17
14080 1.66667e-06
14090 1.66667e-06
14100 1.66667e-06
14110 2.77556e-17
14120 2.77556e-17
14130 2.77556e-17
14140 1.66667e-06
14150 2.77556e-17
14160 1.66667e-06
14170 1.66667e-06
14180 1.66667e-06
14190 2.77556e-17
14200 2.77556e-17
14210 2.77556e-17
14220 1.66667e-06
14230 2.77556e-17
14240 2.77556e-17
14250 1.66667e-06
14260 1.66667e-06
14270 2.77556e-17
14280 1.66667e-06
14290 3.33333e-06
14300 1.66667e-06
14310 1.66667e-06
14320 2.77556e-17
14330 2.77556e-17
14340 2.77556e-17
14350 1.66667e-06
14360 2.77556e-17
14370 2.77556e-17
14380 2.77556e-17
14390 1.66667e-06
14400 1.66667e-06
14410 1.66667e-06
14420 3.33333e-06
14430 3.33333e-06
14440 3.33333e-06
14450 2.77556e-17
14460 1.66667e-06
14470 1.66667e-06
14480 2.77556e-17
14490 3.33333e-06
14500 1.66667e-06
14510 1.66667e-06
14520 2.77556e-17
14530 1.66667e-06
14540 2.77556e-17
14550 2.77556e-17
14560 2.77556e-17
14570 1.66667e-06
14580 2.77556e-17
14590 1.66667e-06
14600 2.77556e-17
14610 1.66667e-06
14620 3.33333e-06
14630 1.66667e-06
14640 1.66667e-06
14650 1.66667e-06
14660 1.66667e-06
14670 1.66667e-06
14680 3.33333e-06
14690 3.33333e-06
14700 1.66667e-06
14710 3.33333e-06
14720 1.66667e-06
14730 3.33333e-06
14740 3.33333e-06
14750 3.33333e-06
14760 1.66667e-06
14770 1.66667e-06
14780 1.66667e-06
14790 2.77556e-17
14800 1.66667e-06
14810 1.66667e-06
14820 3.33333e-06
14830 1.66667e-06
14840 2.77556e-17
14850 2.77556e-17
14860 3.33333e-06
14870 3.33333e-06
14880 2.77556e-17
14890 1.66667e-06
14900 1.66667e-06
14910 2.77556e-17
14920 2.77556e-17
14930 3.33333e-06
14940 1.66667e-06
14950 1.66667e-06
14960 2.77556e-17
14970 2.77556e-17
14980 1.66667e-06
14990 1.66667e-06
15000 1.66667e-06
15010 2.77556e-17
15020 2.77556e-17
15030 1.66667e-06
15040 2.77556e-17
15050 1.66667e-06
15060 2.77556e-17
15070 1.66667e-06
15080 3.33333e-06
15090 1.66667e-06
15100 1.66667e-06
15110 2.77556e-17
15120 1.66667e-06
15130 2.77556e-17
15140 2.77556e-17
15150 2.77556e-17
15160 2.77556e-17
15170 2.77556e-17
15180 2.77556e-17
15190 1.66667e-06
15200 1.66667e-06
15210 1.66667e-06
15220 1.66667e-06
15230 1.66667e-06
15240 2.77556e-17
15250 1.66667e-06
15260 3.33333e-06
15270 3.33333e-06
15280 3.33333e-06
15290 2.77556e-17
15300 1.66667e-06
15310 1.66667e-06
15320 1.66667e-06
15330 1.66667e-06
15340 3.33333e-06
15350 1.66667e-06
15360 1.66667e-06
15370 2.77556e-17
15380 2.77556e-17
15390 1.66667e-06
15400 2.77556e-17
15410 1.66667e-06
15420 3.33333e-06
15430 1.66667e-06
15440 1.66667e-06
15450 3.33333e-06
15460 2.77556e-17
15470 2.77556e-17
15480 1.66667e-06
15490 3.33333e-06
15500 2.77556e-17
15510 3.33333e-06
15520 3.33333e-06
15530 3.33333e-06
15540 2.77556e-17
15550 2.77556e-17
15560 2.77556e-17
15570 1.66667e-06
15580 2.77556e-17
15590 1.66667e-06
15600 1.66667e-06
15610 1.66667e-06
15620 1.66667e-06
15630 1.66667e-06
15640 1.66667e-06
15650 1.66667e-06
15660 2.77556e-17
15670 2.77556e-17
15680 2.77556e-17
15690 2.77556e-17
15700 1.66667e-06
15710 3.33333e-06
15720 3.33333e-06
15730 1.66667e-06
15740 1.66667e-06
15750 3.33333e-06
15760 2.77556e-17
15770 1.66667e-06
15780 1.66667e-06
15790 1.66667e-06
15800 1.66667e-06
15810 1.66667e-06
15820 3.33333e-06
15830 2.77556e-17
15840 1.66667e-06
15850 1.66667e-06
15860 1.66667e-06
15870 3.33333e-06
15880 2.77556e-17
15890 1.66667e-06
15900 1.66667e-06
15910 1.66667e-06
15920 1.66667e-06
15930 1.66667e-06
15940 2.77556e-17
15950 1.66667e-06
15960 1.66667e-06
15970 1.66667e-06
15980 1.66667e-06
15990 1.66667e-06
16000 1.66667e-06
16010 2.77556e-17
16020 1.66667e-06
16030 3.33333e-06
16040 1.66667e-06
16050 1.66667e-06
16060 3.33333e-06
16070 1.66667e-06
16080 1.66667e-06
16090 1.66667e-06
16100 2.77556e-17
16110 2.77556e-17
16120 1.66667e-06
16130 2.77556e-17
16140 1.66667e-06
16150 2.77556e-17
16160 1.66667e-06
16170 1.66667e-06
16180 2.77556e-17
16190 3.33333e-06
16200 1.66667e-06
16210 1.66667e-06
16220 3.33333e-06
16230 1.66667e-06
16240 3.33333e-06
16250 1.66667e-06
16260 2.77556e-17
16270 1.66667e-06
16280 1.66667e-06
16290 1.66667e-06
16300 1.66667e-06
16310 1.66667e-06
16320 2.77556e-17
16330 3.33333e-06
16340 1.66667e-06
16350 1.66667e-06
16360 1.66667e-06
16370 1.66667e-06
16380 1.66667e-06
16390 2.77556e-17
16400 3.33333e-06
16410 2.77556e-17
16420 1.66667e-06
16430 2.77556e-17
16440 2.77556e-17
16450 2.77556e-17
16460 1.66667e-06
16470 2.77556e-17
16480 3.33333e-06
16490 1.66667e-06
16500 1.66667e-06
16510 1.66667e-06
16520 1.66667e-06
16530 2.77556e-17
16540 2.77556e-17
16550 1.66667e-06
16560 1.66667e-06
16570 3.33333e-06
16580 2.77556e-17
16590 1.66667e-06
16600 1.66667e-06
16610 3.33333e-06
16620 2.77556e-17
16630 3.33333e-06
16640 1.66667e-06
16650 1.66667e-06
16660 3.33333e-06
16670 1.66667e-06
16680 1.66667e-06
16690 1.66667e-06
16700 2.77556e-17
16710 1.66667e-06
16720 1.66667e-06
16730 1.66667e-06
16740 1.66667e-06
16750 1.66667e-06
16760 1.66667e-06
16770 1.66667e-06
16780 1.66667e-06
16790 3.33333e-06
16800 1.66667e-06
16810 2.77556e-17
16820 1.66667e-06
16830 3.33333e-06
16840 1.66667e-06
16850 1.66667e-06
16860 1.66667e-06
16870 3.33333e-06
16880 3.33333e-06
16890 3.33333e-06
16900 3.33333e-06
16910 3.33333e-06
16920 1.66667e-06
16930 3.33333e-06
16940 3.33333e-06
16950 2.77556e-17
16960 3.33333e-06
16970 3.33333e-06
16980 1.66667e-06
16990 1.66667e-06
17000 3.33333e-06
17010 3.33333e-06
17020 2.77556e-17
17030 3.33333e-06
17040 3.33333e-06
17050 2.77556e-17
17060 1.66667e-06
17070 1.66667e-06
17080 1.66667e-06
17090 3.33333e-06
17100 1.66667e-06
17110 1.66667e-06
17120 3.33333e-06
17130 1.66667e-06
17140 2.77556e-17
17150 1.66667e-06
17160 3.33333e-06
17170 1.66667e-06
17180 1.66667e-06
17190 3.33333e-06
17200 1.66667e-06
17210 1.66667e-06
17220 1.66667e-06
17230 2.77556e-17
17240 2.77556e-17
17250 2.77556e-17
17260 1.66667e-06
17270 1.66667e-06
17280 1.66667e-06
17290 1.66667e-06
17300 1.66667e-06
17310 1.66667e-06
17320 3.33333e-06
17330 1.66667e-06
17340 1.66667e-06
17350 2.77556e-17
17360 1.66667e-06
17370 2.77556e-17
17380 3.33333e-06
17390 2.77556e-17
17400 2.77556e-17
17410 1.66667e-06
17420 1.66667e-06
17430 1.66667e-06
17440 3.33333e-06
17450 2.77556e-17
17460 2.77556e-17
17470 3.33333e-06
17480 3.33333e-06
17490 3.33333e-06
17500 3.33333e-06
17510 1.66667e-06
17520 1.66667e-06
17530 1.66667e-06
17540 3.33333e-06
17550 1.66667e-06
17560 3.33333e-06
17570 1.66667e-06
17580 3.33333e-06
17590 1.66667e-06
17600 2.77556e-17
17610 2.77556e-17
17620 1.66667e-06
17630 1.66667e-06
17640 3.33333e-06
17650 1.66667e-06
17660 1.66667e-06
17670 3.33333e-06
17680 1.66667e-06
17690 1.66667e-06
17700 1.66667e-06
17710 1.66667e-06
17720 3.33333e-06
17730 1.66667e-06
17740 1.66667e-06
17750 1.66667e-06
17760 1.66667e-06
17770 2.77556e-17
17780 1.66667e-06
17790 1.66667e-06
17800 1.66667e-06
17810 3.33333e-06
17820 3.33333e-06
17830 1.66667e-06
17840 1.66667e-06
17850 3.33333e-06
17860 3.33333e-06
17870 1.66667e-06
17880 1.66667e-06
17890 1.66667e-06
17900 1.66667e-06
17910 1.66667e-06
17920 2.77556e-17
17930 2.77556e-17
17940 1.66667e-06
17950 3.33333e-06
17960 1.66667e-06
17970 1.66667e-06
17980 2.77556e-17
17990 1.66667e-06
18000 3.33333e-06
18010 2.77556e-17
18020 2.77556e-17
18030 1.66667e-06
18040 3.33333e-06
18050 2.77556e-17
18060 3.33333e-06
18070 1.66667e-06
18080 3.33333e-06
18090 1.66667e-06
18100 3.33333e-06
18110 3.33333e-06
18120 2.77556e-17
18130 1.66667e-06
18140 1.66667e-06
18150 2.77556e-17
18160 1.66667e-06
18170 1.66667e-06
18180 2.77556e-17
18190 2.77556e-17
18200 2.77556e-17
18210 1.66667e-06
18220 2.77556e-17
18230 1.66667e-06
18240 2.77556e-17
18250 3.33333e-06
18260 2.77556e-17
18270 3.33333e-06
18280 1.66667e-06
18290 2.77556e-17
18300 3.33333e-06
18310 1.66667e-06
18320 1.66667e-06
18330 1.66667e-06
18340 1.66667e-06
18350 1.66667e-06
18360 1.66667e-06
18370 3.33333e-06
18380 2.77556e-17
18390 1.66667e-06
18400 3.33333e-06
18410 3.33333e-06
18420 3.33333e-06
18430 1.66667e-06
18440 1.66667e-06
18450 2.77556e-17
18460 1.66667e-06
18470 2.77556e-17
18480 2.77556e-17
18490 3.33333e-06
18500 3.33333e-06
18510 3.33333e-06
18520 3.33333e-06
18530 1.66667e-06
18540 2.77556e-17
18550 3.33333e-06
18560 2.77556e-17
18570 3.33333e-06
18580 1.66667e-06
18590 1.66667e-06
18600 1.66667e-06
18610 1.66667e-06
18620 3.33333e-06
18630 1.66667e-06
18640 2.77556e-17
18650 1.66667e-06
18660 2.77556e-17
18670 3.33333e-06
18680 2.77556e-17
18690 1.66667e-06
18700 2.77556e-17
18710 1.66667e-06
18720 2.77556e-17
18730 3.33333e-06
18740 3.33333e-06
18750 1.66667e-06
18760 1.66667e-06
18770 1.66667e-06
18780 3.33333e-06
18790 1.66667e-06
18800 1.66667e-06
18810 1.66667e-06
18820 1.66667e-06
18830 2.77556e-17
18840 2.77556e-17
18850 3.33333e-06
18860 1.66667e-06
18870 2.77556e-17
18880 1.66667e-06
18890 2.77556e-17
18900 2.77556e-17
18910 2.77556e-17
18920 1.66667e-06
18930 2.77556e-17
18940 1.66667e-06
18950 3.33333e-06
18960 1.66667e-06
18970 2.77556e-17
18980 1.66667e-06
18990 1.66667e-06
19000 3.33333e-06
19010 1.66667e-06
19020 1.66667e-06
19030 2.77556e-17
19040 2.77556e-17
19050 3.33333e-06
19060 1.66667e-06
19070 2.77556e-17
19080 2.77556e-17
19090 2.77556e-17
19100 3.33333e-06
19110 2.77556e-17
19120 2.77556e-17
19130 1.66667e-06
19140 1.66667e-06
19150 3.33333e-06
19160 3.33333e-06
19170 1.66667e-06
19180 3.33333e-06
19190 2.77556e-17
19200 1.66667e-06
19210 3.33333e-06
19220 1.66667e-06
19230 2.77556e-17
19240 1.66667e-06
19250 3.33333e-06
19260 1.66667e-06
19270 3.33333e-06
19280 1.66667e-06
19290 3.33333e-06
19300 1.66667e-06
19310 1.66667e-06
19320 3.33333e-06
19330 2.77556e-17
19340 2.77556e-17
19350 1.66667e-06
19360 1.66667e-06
19370 1.66667e-06
19380 1.66667e-06
19390 1.66667e-06
19400 3.33333e-06
19410 2.77556e-17
19420 1.66667e-06
19430 1.66667e-06
19440 1.66667e-06
19450 3.33333e-06
19460 1.66667e-06
19470 1.66667e-06
19480 1.66667e-06
19490 3.33333e-06
19500 1.66667e-06
19510 1.66667e-06
19520 2.77556e-17
19530 2.77556e-17
19540 2.77556e-17
19550 2.77556e-17
19560 1.66667e-06
19570 1.66667e-06
19580 1.66667e-06
19590 2.77556e-17
19600 3.33333e-06
19610 1.66667e-06
19620 2.77556e-17
19630 1.66667e-06
19640 1.66667e-06
19650 1.66667e-06
19660 3.33333e-06
19670 1.66667e-06
19680 2.77556e-17
19690 1.66667e-06
19700 1.66667e-06
19710 1.66667e-06
19720 2.77556e-17
19730 2.77556e-17
19740 3.33333e-06
19750 1.66667e-06
19760 2.77556e-17
19770 1.66667e-06
19780 1.66667e-06
19790 3.33333e-06
19800 1.66667e-06
19810 3.33333e-06
19820 3.33333e-06
19830 1.66667e-06
19840 1.66667e-06
19850 1.66667e-06
19860 1.66667e-06
19870 1.66667e-06
19880 3.33333e-06
19890 3.33333e-06
19900 1.66667e-06
19910 3.33333e-06
19920 1.66667e-06
19930 3.33333e-06
19940 1.66667e-06
19950 1.66667e-06
19960 1.66667e-06
19970 2.77556e-17
19980 3.33333e-06
19990 1.66667e-06
20000 1.66667e-06
20010 2.77556e-17
20020 2.77556e-17
20030 1.66667e-06
20040 1.66667e-06
20050 1.66667e-06
20060 2.77556e-17
20070 1.66667e-06
20080 3.33333e-06
20090 2.77556e-17
20100 1.66667e-06
20110 1.66667e-06
20120 1.66667e-06
20130 1.66667e-06
20140 3.33333e-06
20150 3.33333e-06
20160 1.66667e-06
20170 3.33333e-06
20180 1.66667e-06
20190 1.66667e-06
20200 2.77556e-17
20210 3.33333e-06
20220 2.77556e-17
20230 1.66667e-06
20240 2.77556e-17
20250 3.33333e-06
20260 2.77556e-17
20270 3.33333e-06
20280 3.33333e-06
20290 2.77556e-17
20300 2.77556e-17
20310 1.66667e-06
20320 2.77556e-17
20330 1.66667e-06
20340 3.33333e-06
20350 1.66667e-06
20360 1.66667e-06
20370 2.77556e-17
20380 1.66667e-06
20390 3.33333e-06
20400 3.33333e-06
20410 2.77556e-17
20420 3.33333e-06
20430 3.33333e-06
20440 1.66667e-06
20450 1.66667e-06
20460 3.33333e-06
20470 1.66667e-06
20480 3.33333e-06
20490 3.33333e-06
20500 3.33333e-06
20510 1.66667e-06
20520 1.66667e-06
20530 1.66667e-06
20540 3.33333e-06
20550 1.66667e-06
20560 3.33333e-06
20570 1.66667e-06
20580 2.77556e-17
20590 3.33333e-06
20600 3.33333e-06
20610 3.33333e-06
20620 1.66667e-06
20630 1.66667e-06
20640 2.77556e-17
20650 1.66667e-06
20660 1.66667e-06
20670 2.77556e-17
20680 1.66667e-06
20690 3.33333e-06
20700 1.66667e-06
20710 1.66667e-06
20720 1.66667e-06
20730 1.66667e-06
20740 2.77556e-17
20750 2.77556e-17
20760 2.77556e-17
20770 2.77556e-17
20780 1.66667e-06
20790 2.77556e-17
20800 1.66667e-06
20810 3.33333e-06
20820 2.77556e-17
20830 2.77556e-17
20840 1.66667e-06
20850 2.77556e-17
20860 3.33333e-06
20870 1.66667e-06
20880 1.66667e-06
20890 1.66667e-06
20900 2.77556e-17
20910 2.77556e-17
20920 1.66667e-06
20930 1.66667e-06
20940 3.33333e-06
20950 3.33333e-06
20960 2.77556e-17
20970 3.33333e-06
20980 3.33333e-06
20990 1.66667e-06
21000 3.33333e-06
21010 1.66667e-06
21020 2.77556e-17
21030 3.33333e-06
21040 2.77556e-17
21050 1.66667e-06
21060 3.33333e-06
21070 3.33333e-06
21080 2.77556e-17
21090 1.66667e-06
21100 1.66667e-06
21110 3.33333e-06
21120 1.66667e-06
21130 1.66667e-06
21140 1.66667e-06
21150 1.66667e-06
21160 3.33333e-06
21170 3.33333e-06
21180 3.33333e-06
21190 1.66667e-06
21200 1.66667e-06
21210 3.33333e-06
21220 1.66667e-06
21230 3.33333e-06
21240 2.77556e-17
21250 1.66667e-06
21260 3.33333e-06
21270 2.77556e-17
21280 1.66667e-06
21290 1.66667e-06
21300 1.66667e-06
21310 1.66667e-06
21320 2.77556e-17
21330 1.66667e-06
21340 1.66667e-06
21350 1.66667e-06
21360 2.77556e-17
21370 1.66667e-06
21380 1.66667e-06
21390 2.77556e-17
21400 1.66667e-06
21410 3.33333e-06
21420 1.66667e-06
21430 3.33333e-06
21440 1.66667e-06
21450 1.66667e-06
21460 1.66667e-06
21470 2.77556e-17
21480 1.66667e-06
21490 1.66667e-06
21500 2.77556e-17
21510 1.66667e-06
21520 3.33333e-06
21530 1.66667e-06
21540 2.77556e-17
21550 3.33333e-06
21560 1.66667e-06
21570 2.77556e-17
21580 1.66667e-06
21590 3.33333e-06
21600 3.33333e-06
21610 3.33333e-06
21620 3.33333e-06
21630 2.77556e-17
21640 1.66667e-06
21650 1.66667e-06
21660 1.66667e-06
21670 3.33333e-06
21680 3.33333e-06
21690 1.66667e-06
21700 3.33333e-06
21710 1.66667e-06
21720 2.77556e-17
21730 1.66667e-06
21740 3.33333e-06
21750 3.33333e-06
21760 2.77556e-17
21770 1.66667e-06
21780 1.66667e-06
21790 2.77556e-17
21800 2.77556e-17
21810 3.33333e-06
21820 1.66667e-06
21830 1.66667e-06
21840 1.66667e-06
21850 2.77556e-17
21860 3.33333e-06
21870 1.66667e-06
21880 3.33333e-06
21890 1.66667e-06
21900 1.66667e-06
21910 2.77556e-17
21920 2.77556e-17
21930 2.77556e-17
21940 2.77556e-17
21950 1.66667e-06
21960 3.33333e-06
21970 1.66667e-06
21980 1.66667e-06
21990 1.66667e-06
22000 1.66667e-06
22010 1.66667e-06
22020 1.66667e-06
22030 1.66667e-06
22040 3.33333e-06
22050 2.77556e-17
22060 2.77556e-17
22070 1.66667e-06
22080 1.66667e-06
22090 2.77556e-17
22100 2.77556e-17
22110 1.66667e-06
22120 2.77556e-17
22130 1.66667e-06
22140 2.77556e-17
22150 2.77556e-17
22160 1.66667e-06
22170 1.66667e-06
22180 3.33333e-06
22190 3.33333e-06
22200 2.77556e-17
22210 1.66667e-06
22220 2.77556e-17
22230 1.66667e-06
22240 1.66667e-06
22250 2.77556e-17
22260 1.66667e-06
22270 1.66667e-06
22280 1.66667e-06
22290 1.66667e-06
22300 1.66667e-06
22310 3.33333e-06
22320 1.66667e-06
22330 1.66667e-06
22340 1.66667e-06
22350 1.66667e-06
22360 3.33333e-06
22370 1.66667e-06
22380 3.33333e-06
22390 3.33333e-06
22400 2.77556e-17
22410 1.66667e-06
22420 2.77556e-17
22430 3.33333e-06
22440 2.77556e-17
22450 3.33333e-06
22460 1.66667e-06
22470 1.66667e-06
22480 2.77556e-17
22490 1.66667e-06
22500 1.66667e-06
22510 1.66667e-06
22520 1.66667e-06
22530 1.66667e-06
22540 1.66667e-06
22550 1.66667e-06
22560 1.66667e-06
22570 3.33333e-06
22580 1.66667e-06
22590 2.77556e-17
22600 3.33333e-06
22610 1.66667e-06
22620 2.77556e-17
22630 2.77556e-17
22640 3.33333e-06
22650 2.77556e-17
22660 1.66667e-06
22670 3.33333e-06
22680 3.33333e-06
22690 3.33333e-06
22700 1.66667e-06
22710 3.33333e-06
22720 3.33333e-06
22730 1.66667e-06
22740 1.66667e-06
22750 3.33333e-06
22760 3.33333e-06
22770 1.66667e-06
22780 3.33333e-06
22790 1.66667e-06
22800 2.77556e-17
22810 1.66667e-06
22820 1.66667e-06
22830 1.66667e-06
22840 1.66667e-06
22850 3.33333e-06
22860 2.77556e-17
22870 1.66667e-06
22880 3.33333e-06
22890 1.66667e-06
22900 3.33333e-06
22910 1.66667e-06
22920 3.33333e-06
22930 1.66667e-06
22940 2.77556e-17
22950 3.33333e-06
22960 3.33333e-06
22970 3.33333e-06
22980 1.66667e-06
22990 1.66667e-06
23000 2.77556e-17
23010 1.66667e-06
23020 3.33333e-06
23030 3.33333e-06
23040 3.33333e-06
23050 1.66667e-06
23060 1.66667e-06
23070 1.66667e-06
23080 3.33333e-06
23090 2.77556e-17
23100 2.77556e-17
23110 1.66667e-06
23120 2.77556e-17
23130 2.77556e-17
23140 3.33333e-06
23150 3.33333e-06
23160 2.77556e-17
23170 1.66667e-06
23180 2.77556e-17
23190 3.33333e-06
23200 2.77556e-17
23210 3.33333e-06
23220 1.66667e-06
23230 1.66667e-06
23240 3.33333e-06
23250 1.66667e-06
23260 1.66667e-06
23270 3.33333e-06
23280 2.77556e-17
23290 1.66667e-06
23300 1.66667e-06
23310 3.33333e-06
23320 2.77556e-17
23330 3.33333e-06
23340 3.33333e-06
23350 2.77556e-17
23360 1.66667e-06
23370 1.66667e-06
23380 1.66667e-06
23390 1.66667e-06
23400 2.77556e-17
23410 1.66667e-06
23420 1.66667e-06
23430 3.33333e-06
23440 3.33333e-06
23450 1.66667e-06
23460 2.77556e-17
23470 2.77556e-17
23480 2.77556e-17
23490 3.33333e-06
23500 3.33333e-06
23510 2.77556e-17
23520 1.66667e-06
23530 2.77556e-17
23540 2.77556e-17
23550 1.66667e-06
23560 3.33333e-06
23570 1.66667e-06
23580 3.33333e-06
23590 3.33333e-06
23600 1.66667e-06
23610 1.66667e-06
23620 1.66667e-06
23630 1.66667e-06
23640 3.33333e-06
23650 2.77556e-17
23660 2.77556e-17
23670 1.66667e-06
23680 1.66667e-06
23690 1.66667e-06
23700 3.33333e-06
23710 1.66667e-06
23720 1.66667e-06
23730 2.77556e-17
23740 3.33333e-06
23750 2.77556e-17
23760 2.77556e-17
23770 1.66667e-06
23780 1.66667e-06
23790 2.77556e-17
23800 2.77556e-17
23810 3.33333e-06
23820 2.77556e-17
23830 3.33333e-06
23840 1.66667e-06
23850 2.77556e-17
23860 3.33333e-06
23870 1.66667e-06
23880 2.77556e-17
23890 1.66667e-06
23900 3.33333e-06
23910 3.33333e-06
23920 1.66667e-06
23930 2.77556e-17
23940 1.66667e-06
23950 3.33333e-06
23960 1.66667e-06
23970 1.66667e-06
23980 1.66667e-06
23990 2.77556e-17
24000 1.66667e-06
24010 3.33333e-06
24020 2.77556e-17
24030 2.77556e-17
24040 2.77556e-17
24050 1.66667e-06
24060 2.77556e-17
24070 1.66667e-06
24080 1.66667e-06
24090 3.33333e-06
24100 1.66667e-06
24110 1.66667e-06
24120 2.77556e-17
24130 1.66667e-06
24140 3.33333e-06
24150 2.77556e-17
24160 3.33333e-06
24170 1.66667e-06
24180 2.77556e-17
24190 3.33333e-06
24200 1.66667e-06
24210 3.33333e-06
24220 3.33333e-06
24230 1.66667e-06
24240 3.33333e-06
24250 3.33333e-06
24260 1.66667e-06
24270 1.66667e-06
24280 1.66667e-06
24290 3.33333e-06
24300 3.33333e-06
24310 1.66667e-06
24320 1.66667e-06
24330 1.66667e-06
24340 1.66667e-06
24350 1.66667e-06
24360 3.33333e-06
24370 1.66667e-06
24380 1.66667e-06
24390 1.66667e-06
24400 2.77556e-17
24410 1.66667e-06
24420 3.33333e-06
24430 1.66667e-06
24440 3.33333e-06
24450 1.66667e-06
24460 1.66667e-06
24470 3.33333e-06
24480 2.77556e-17
24490 2.77556e-17
24500 1.66667e-06
24510 1.66667e-06
24520 2.77556e-17
24530 1.66667e-06
24540 3.33333e-06
24550 1.66667e-06
24560 3.33333e-06
24570 3.33333e-06
24580 1.66667e-06
24590 3.33333e-06
24600 1.66667e-06
24610 1.66667e-06
24620 2.77556e-17
24630 2.77556e-17
24640 1.66667e-06
24650 2.77556e-17
24660 1.66667e-06
24670 1.66667e-06
24680 1.66667e-06
24690 3.33333e-06
24700 3.33333e-06
24710 3.33333e-06
24720 1.66667e-06
24730 1.66667e-06
24740 1.66667e-06
24750 2.77556e-17
24760 1.66667e-06
24770 1.66667e-06
24780 3.33333e-06
24790 1.66667e-06
24800 1.66667e-06
24810 1.66667e-06
24820 1.66667e-06
24830 1.66667e-06
24840 1.66667e-06
24850 1.66667e-06
24860 1.66667e-06
24870 1.66667e-06
24880 3.33333e-06
24890 2.77556e-17
24900 1.66667e-06
24910 1.66667e-06
24920 2.77556e-17
24930 3.33333e-06
24940 3.33333e-06
24950 1.66667e-06
24960 1.66667e-06
24970 2.77556e-17
24980 1.66667e-06
24990 3.33333e-06
25000 3.33333e-06
25010 1.66667e-06
25020 1.66667e-06
25030 3.33333e-06
25040 1.66667e-06
25050 1.66667e-06
25060 3.33333e-06
25070 3.33333e-06
25080 3.33333e-06
25090 3.33333e-06
25100 1.66667e-06
25110 3.33333e-06
25120 1.66667e-06
25130 1.66667e-06
25140 3.33333e-06
25150 1.66667e-06
25160 3.33333e-06
25170 2.77556e-17
25180 3.33333e-06
25190 1.66667e-06
25200 1.66667e-06
25210 3.33333e-06
25220 3.33333e-06
25230 3.33333e-06
25240 1.66667e-06
25250 3.33333e-06
25260 1.66667e-06
25270 1.66667e-06
25280 3.33333e-06
25290 3.33333e-06
25300 3.33333e-06
25310 3.33333e-06
25320 1.66667e-06
25330 1.66667e-06
25340 1.66667e-06
25350 1.66667e-06
25360 1.66667e-06
25370 1.66667e-06
25380 1.66667e-06
25390 2.77556e-17
25400 3.33333e-06
25410 3.33333e-06
25420 2.77556e-17
25430 1.66667e-06
25440 1.66667e-06
25450 3.33333e-06
25460 1.66667e-06
25470 1.66667e-06
25480 1.66667e-06
25490 1.66667e-06
25500 1.66667e-06
25510 1.66667e-06
25520 3.33333e-06
25530 3.33333e-06
25540 3.33333e-06
25550 2.77556e-17
25560 1.66667e-06
25570 1.66667e-06
25580 1.66667e-06
25590 1.66667e-06
25600 3.33333e-06
25610 3.33333e-06
25620 1.66667e-06
25630 3.33333e-06
25640 1.66667e-06
25650 3.33333e-06
25660 3.33333e-06
25670 3.33333e-06
25680 1.66667e-06
25690 1.66667e-06
25700 1.66667e-06
25710 1.66667e-06
25720 3.33333e-06
25730 1.66667e-06
25740 3.33333e-06
25750 1.66667e-06
25760 1.66667e-06
25770 2.77556e-17
25780 1.66667e-06
25790 1.66667e-06
25800 1.66667e-06
25810 1.66667e-06
25820 3.33333e-06
25830 1.66667e-06
25840 2.77556e-17
25850 1.66667e-06
25860 1.66667e-06
25870 2.77556e-17
25880 2.77556e-17
25890 1.66667e-06
25900 3.33333e-06
25910 3.33333e-06
25920 1.66667e-06
25930 3.33333e-06
25940 3.33333e-06
25950 3.33333e-06
25960 1.66667e-06
25970 1.66667e-06
25980 3.33333e-06
25990 3.33333e-06
26000 3.33333e-06
26010 1.66667e-06
26020 1.66667e-06
26030 3.33333e-06
26040 3.33333e-06
26050 3.33333e-06
26060 1.66667e-06
26070 3.33333e-06
26080 3.33333e-06
26090 1.66667e-06
26100 1.66667e-06
26110 1.66667e-06
26120 2.77556e-17
26130 3.33333e-06
26140 2.77556e-17
26150 1.66667e-06
26160 3.33333e-06
26170 1.66667e-06
26180 1.66667e-06
26190 3.33333e-06
26200 1.66667e-06
26210 1.66667e-06
26220 3.33333e-06
26230 3.33333e-06
26240 3.33333e-06
26250 1.66667e-06
26260 3.33333e-06
26270 2.77556e-17
26280 1.66667e-06
26290 1.66667e-06
26300 1.66667e-06
26310 1.66667e-06
26320 1.66667e-06
26330 1.66667e-06
26340 3.33333e-06
26350 1.66667e-06
26360 3.33333e-06
26370 3.33333e-06
26380 1.66667e-06
26390 3.33333e-06
26400 1.66667e-06
26410 2.77556e-17
26420 3.33333e-06
26430 2.77556e-17
26440 1.66667e-06
26450 1.66667e-06
26460 2.77556e-17
26470 1.66667e-06
26480 2.77556e-17
26490 2.77556e-17
26500 3.33333e-06
26510 1.66667e-06
26520 2.77556e-17
26530 1.66667e-06
26540 2.77556e-17
26550 3.33333e-06
26560 1.66667e-06
26570 2.77556e-17
26580 1.66667e-06
26590 1.66667e-06
26600 2.77556e-17
26610 1.66667e-06
26620 3.33333e-06
26630 1.66667e-06
26640 2.77556e-17
26650 3.33333e-06
26660 1.66667e-06
26670 3.33333e-06
26680 1.66667e-06
26690 1.66667e-06
26700 3.33333e-06
26710 1.66667e-06
26720 1.66667e-06
26730 3.33333e-06
26740 1.66667e-06
26750 3.33333e-06
26760 3.33333e-06
26770 1.66667e-06
26780 3.33333e-06
26790 1.66667e-06
26800 3.33333e-06
26810 1.66667e-06
26820 1.66667e-06
26830 1.66667e-06
26840 3.33333e-06
26850 3.33333e-06
26860 2.77556e-17
26870 3.33333e-06
26880 1.66667e-06
26890 1.66667e-06
26900 1.66667e-06
26910 1.66667e-06
26920 1.66667e-06
26930 1.66667e-06
26940 3.33333e-06
26950 2.77556e-17
26960 1.66667e-06
26970 3.33333e-06
26980 3.33333e-06
26990 3.33333e-06
27000 1.66667e-06
27010 1.66667e-06
27020 1.66667e-06
27030 2.77556e-17
27040 3.33333e-06
27050 3.33333e-06
27060 3.33333e-06
27070 3.33333e-06
27080 1.66667e-06
27090 2.77556e-17
27100 2.77556e-17
27110 1.66667e-06
27120 3.33333e-06
27130 3.33333e-06
27140 1.66667e-06
27150 3.33333e-06
27160 3.33333e-06
27170 1.66667e-06
27180 1.66667e-06
27190 1.66667e-06
27200 2.77556e-17
27210 3.33333e-06
27220 1.66667e-06
27230 1.66667e-06
27240 1.66667e-06
27250 1.66667e-06
27260 1.66667e-06
27270 1.66667e-06
27280 2.77556e-17
27290 3.33333e-06
27300 3.33333e-06
27310 3.33333e-06
27320 2.77556e-17
27330 1.66667e-06
27340 1.66667e-06
27350 3.33333e-06
27360 1.66667e-06
27370 1.66667e-06
27380 2.77556e-17
27390 3.33333e-06
27400 1.66667e-06
27410 3.33333e-06
27420 1.66667e-06
27430 1.66667e-06
27440 3.33333e-06
27450 1.66667e-06
27460 3.33333e-06
27470 1.66667e-06
27480 2.77556e-17
27490 2.77556e-17
27500 1.66667e-06
27510 2.77556e-17
27520 1.66667e-06
27530 2.77556e-17
27540 3.33333e-06
27550 3.33333e-06
27560 1.66667e-06
27570 3.33333e-06
27580 1.66667e-06
27590 1.66667e-06
27600 3.33333e-06
27610 3.33333e-06
27620 3.33333e-06
27630 1.66667e-06
27640 1.66667e-06
27650 1.66667e-06
27660 2.77556e-17
27670 1.66667e-06
27680 1.66667e-06
27690 3.33333e-06
27700 1.66667e-06
27710 1.66667e-06
27720 3.33333e-06
27730 1.66667e-06
27740 3.33333e-06
27750 3.33333e-06
27760 1.66667e-06
27770 2.77556e-17
27780 1.66667e-06
27790 1.66667e-06
27800 1.66667e-06
27810 1.66667e-06
27820 2.77556e-17
27830 1.66667e-06
27840 2.77556e-17
27850 1.66667e-06
27860 3.33333e-06
27870 3.33333e-06
27880 1.66667e-06
27890 3.33333e-06
27900 3.33333e-06
27910 1.66667e-06
27920 3.33333e-06
27930 1.66667e-06
27940 3.33333e-06
27950 3.33333e-06
27960 3.33333e-06
27970 2.77556e-17
27980 2.77556e-17
27990 1.66667e-06
28000 1.66667e-06
28010 1.66667e-06
28020 3.33333e-06
28030 3.33333e-06
28040 1.66667e-06
28050 1.66667e-06
28060 2.77556e-17
28070 2.77556e-17
28080 2.77556e-17
28090 1.66667e-06
28100 2.77556e-17
28110 1.66667e-06
28120 1.66667e-06
28130 3.33333e-06
28140 2.77556e-17
28150 1.66667e-06
28160 2.77556e-17
28170 1.66667e-06
28180 3.33333e-06
28190 1.66667e-06
28200 1.66667e-06
28210 3.33333e-06
28220 3.33333e-06
28230 1.66667e-06
28240 2.77556e-17
28250 1.66667e-06
28260 1.66667e-06
28270 1.66667e-06
28280 3.33333e-06
28290 1.66667e-06
28300 1.66667e-06
28310 1.66667e-06
28320 2.77556e-17
28330 1.66667e-06
28340 3.33333e-06
28350 1.66667e-06
28360 2.77556e-17
28370 1.66667e-06
28380 1.66667e-06
28390 1.66667e-06
28400 3.33333e-06
28410 3.33333e-06
28420 1.66667e-06
28430 1.66667e-06
28440 1.66667e-06
28450 1.66667e-06
28460 1.66667e-06
28470 1.66667e-06
28480 1.66667e-06
28490 1.66667e-06
28500 3.33333e-06
28510 1.66667e-06
28520 1.66667e-06
28530 3.33333e-06
28540 2.77556e-17
28550 1.66667e-06
28560 2.77556e-17
28570 3.33333e-06
28580 3.33333e-06
28590 1.66667e-06
28600 1.66667e-06
28610 1.66667e-06
28620 1.66667e-06
28630 2.77556e-17
28640 1.66667e-06
28650 1.66667e-06
28660 1.66667e-06
28670 3.33333e-06
28680 2.77556e-17
28690 1.66667e-06
28700 1.66667e-06
28710 2.77556e-17
28720 3.33333e-06
28730 3.33333e-06
28740 1.66667e-06
28750 1.66667e-06
28760 2.77556e-17
28770 1.66667e-06
28780 1.66667e-06
28790 2.77556e-17
28800 2.77556e-17
28810 1.66667e-06
28820 1.66667e-06
28830 1.66667e-06
28840 1.66667e-06
28850 1.66667e-06
28860 1.66667e-06
28870 1.66667e-06
28880 1.66667e-06
28890 3.33333e-06
28900 3.33333e-06
28910 1.66667e-06
28920 2.77556e-17
28930 1.66667e-06
28940 3.33333e-06
28950 3.33333e-06
28960 3.33333e-06
28970 1.66667e-06
28980 2.77556e-17
28990 1.66667e-06
29000 1.66667e-06
29010 2.77556e-17
29020 1.66667e-06
29030 1.66667e-06
29040 2.77556e-17
29050 2.77556e-17
29060 3.33333e-06
29070 1.66667e-06
29080 3.33333e-06
29090 3.33333e-06
29100 1.66667e-06
29110 3.33333e-06
29120 3.33333e-06
29130 1.66667e-06
29140 1.66667e-06
29150 2.77556e-17
29160 1.66667e-06
29170 2.77556e-17
29180 1.66667e-06
29190 1.66667e-06
29200 1.66667e-06
29210 3.33333e-06
29220 1.66667e-06
29230 2.77556e-17
29240 3.33333e-06
29250 1.66667e-06
29260 1.66667e-06
29270 2.77556e-17
29280 2.77556e-17
29290 1.66667e-06
29300 1.66667e-06
29310 2.77556e-17
29320 2.77556e-17
29330 1.66667e-06
29340 2.77556e-17
29350 1.66667e-06
29360 1.66667e-06
29370 1.66667e-06
29380 3.33333e-06
29390 2.77556e-17
29400 1.66667e-06
29410 3.33333e-06
29420 1.66667e-06
29430 1.66667e-06
29440 3.33333e-06
29450 2.77556e-17
29460 2.77556e-17
29470 1.66667e-06
29480 1.66667e-06
29490 3.33333e-06
29500 1.66667e-06
29510 2.77556e-17
29520 1.66667e-06
29530 1.66667e-06
29540 1.66667e-06
29550 1.66667e-06
29560 3.33333e-06
29570 3.33333e-06
29580 1.66667e-06
29590 2.77556e-17
29600 3.33333e-06
29610 1.66667e-06
29620 2.77556e-17
29630 1.66667e-06
29640 3.33333e-06
29650 3.33333e-06
29660 1.66667e-06
29670 3.33333e-06
29680 2.77556e-17
29690 2.77556e-17
29700 3.33333e-06
29710 1.66667e-06
29720 2.77556e-17
29730 1.66667e-06
29740 3.33333e-06
29750 1.66667e-06
29760 2.77556e-17
29770 2.77556e-17
29780 3.33333e-06
29790 1.66667e-06
29800 1.66667e-06
29810 1.66667e-06
29820 2.77556e-17
29830 1.66667e-06
29840 1.66667e-06
29850 2.77556e-17
29860 2.77556e-17
29870 1.66667e-06
29880 1.66667e-06
29890 3.33333e-06
29900 2.77556e-17
29910 2.77556e-17
29920 1.66667e-06
29930 1.66667e-06
29940 1.66667e-06
29950 1.66667e-06
29960 1.66667e-06
29970 1.66667e-06
29980 3.33333e-06
29990 1.66667e-06
30000 1.66667e-06
30010 1.66667e-06
30020 2.77556e-17
30030 1.66667e-06
30040 1.66667e-06
30050 3.33333e-06
30060 3.33333e-06
30070 3.33333e-06
30080 2.77556e-17
30090 3.33333e-06
30100 3.33333e-06
30110 1.66667e-06
30120 3.33333e-06
30130 2.77556e-17
30140 3.33333e-06
30150 3.33333e-06
30160 1.66667e-06
30170 1.66667e-06
30180 3.33333e-06
30190 1.66667e-06
30200 1.66667e-06
30210 3.33333e-06
30220 1.66667e-06
30230 1.66667e-06
30240 1.66667e-06
30250 3.33333e-06
30260 3.33333e-06
30270 1.66667e-06
30280 2.77556e-17
30290 3.33333e-06
30300 3.33333e-06
30310 1.66667e-06
30320 1.66667e-06
30330 2.77556e-17
30340 3.33333e-06
30350 1.66667e-06
30360 1.66667e-06
30370 1.66667e-06
30380 1.66667e-06
30390 3.33333e-06
30400 1.66667e-06
30410 1.66667e-06
30420 1.66667e-06
30430 3.33333e-06
30440 3.33333e-06
30450 1.66667e-06
30460 1.66667e-06
30470 2.77556e-17
30480 3.33333e-06
30490 2.77556e-17
30500 2.77556e-17
30510 1.66667e-06
30520 1.66667e-06
30530 2.77556e-17
30540 3.33333e-06
30550 1.66667e-06
30560 1.66667e-06
30570 1.66667e-06
30580 1.66667e-06
30590 3.33333e-06
30600 1.66667e-06
30610 3.33333e-06
30620 1.66667e-06
30630 2.77556e-17
30640 1.66667e-06
30650 1.66667e-06
30660 2.77556e-17
30670 2.77556e-17
30680 3.33333e-06
30690 1.66667e-06
30700 1.66667e-06
30710 1.66667e-06
30720 3.33333e-06
30730 1.66667e-06
30740 1.66667e-06
30750 2.77556e-17
30760 2.77556e-17
30770 1.66667e-06
30780 2.77556e-17
30790 1.66667e-06
30800 1.66667e-06
30810 2.77556e-17
30820 3.33333e-06
30830 1.66667e-06
30840 3.33333e-06
30850 1.66667e-06
30860 1.66667e-06
30870 2.77556e-17
30880 1.66667e-06
30890 1.66667e-06
30900 1.66667e-06
30910 1.66667e-06
30920 1.66667e-06
30930 2.77556e-17
30940 1.66667e-06
30950 3.33333e-06
30960 1.66667e-06
30970 2.77556e-17
30980 2.77556e-17
30990 2.77556e-17
31000 1.66667e-06
31010 1.66667e-06
31020 2.77556e-17
31030 1.66667e-06
31040 1.66667e-06
31050 2.77556e-17
31060 3.33333e-06
31070 1.66667e-06
31080 3.33333e-06
31090 1.66667e-06
31100 1.66667e-06
31110 1.66667e-06
31120 1.66667e-06
31130 1.66667e-06
31140 3.33333e-06
31150 1.66667e-06
31160 2.77556e-17
31170 3.33333e-06
31180 1.66667e-06
31190 3.33333e-06
31200 1.66667e-06
31210 3.33333e-06
31220 3.33333e-06
31230 1.66667e-06
31240 3.33333e-06
31250 3.33333e-06
31260 3.33333e-06
31270 1.66667e-06
31280 3.33333e-06
31290 3.33333e-06
31300 3.33333e-06
31310 3.33333e-06
31320 1.66667e-06
31330 3.33333e-06
31340 3.33333e-06
31350 3.33333e-06
31360 1.66667e-06
31370 2.77556e-17
31380 3.33333e-06
31390 1.66667e-06
31400 2.77556e-17
31410 1.66667e-06
31420 2.77556e-17
31430 1.66667e-06
31440 1.66667e-06
31450 3.33333e-06
31460 1.66667e-06
31470 1.66667e-06
31480 2.77556e-17
31490 1.66667e-06
31500 1.66667e-06
31510 1.66667e-06
31520 3.33333e-06
31530 1.66667e-06
31540 1.66667e-06
31550 1.66667e-06
31560 1.66667e-06
31570 1.66667e-06
31580 1.66667e-06
31590 1.66667e-06
31600 2.77556e-17
31610 3.33333e-06
31620 1.66667e-06
31630 1.66667e-06
31640 1.66667e-06
31650 3.33333e-06
31660 1.66667e-06
31670 1.66667e-06
31680 3.33333e-06
31690 1.66667e-06
31700 1.66667e-06
31710 1.66667e-06
31720 2.77556e-17
31730 2.77556e-17
31740 3.33333e-06
31750 1.66667e-06
31760 1.66667e-06
31770 1.66667e-06
31780 3.33333e-06
31790 1.66667e-06
31800 2.77556e-17
31810 3.33333e-06
31820 2.77556e-17
31830 2.77556e-17
31840 1.66667e-06
31850 2.77556e-17
31860 3.33333e-06
31870 2.77556e-17
31880 3.33333e-06
31890 2.77556e-17
31900 3.33333e-06
31910 3.33333e-06
31920 1.66667e-06
31930 1.66667e-06
31940 3.33333e-06
31950 2.77556e-17
31960 1.66667e-06
31970 1.66667e-06
31980 1.66667e-06
31990 2.77556e-17
32000 1.66667e-06
32010 1.66667e-06
32020 1.66667e-06
32030 1.66667e-06
32040 3.33333e-06
32050 1.66667e-06
32060 2.77556e-17
32070 3.33333e-06
32080 1.66667e-06
32090 3.33333e-06
32100 1.66667e-06
32110 1.66667e-06
32120 1.66667e-06
32130 3.33333e-06
32140 1.66667e-06
32150 2.77556e-17
32160 1.66667e-06
32170 1.66667e-06
32180 1.66667e-06
32190 2.77556e-17
32200 1.66667e-06
32210 1.66667e-06
32220 1.66667e-06
32230 3.33333e-06
32240 3.33333e-06
32250 1.66667e-06
32260 1.66667e-06
32270 1.66667e-06
32280 2.77556e-17
32290 2.77556e-17
32300 2.77556e-17
32310 1.66667e-06
32320 3.33333e-06
32330 1.66667e-06
32340 3.33333e-06
32350 2.77556e-17
32360 1.66667e-06
32370 2.77556e-17
32380 3.33333e-06
32390 1.66667e-06
32400 1.66667e-06
32410 3.33333e-06
32420 1.66667e-06
32430 1.66667e-06
32440 2.77556e-17
32450 1.66667e-06
32460 3.33333e-06
32470 2.77556e-17
32480 1.66667e-06
32490 1.66667e-06
32500 1.66667e-06
32510 2.77556e-17
32520 2.77556e-17
32530 1.66667e-06
32540 1.66667e-06
32550 1.66667e-06
32560 2.77556e-17
32570 2.77556e-17
32580 1.66667e-06
32590 1.66667e-06
32600 3.33333e-06
32610 1.66667e-06
32620 1.66667e-06
32630 2.77556e-17
32640 2.77556e-17
32650 3.33333e-06
32660 3.33333e-06
32670 1.66667e-06
32680 1.66667e-06
32690 3.33333e-06
32700 2.77556e-17
32710 1.66667e-06
32720 1.66667e-06
32730 1.66667e-06
32740 2.77556e-17
32750 1.66667e-06
32760 1.66667e-06
32770 2.77556e-17
32780 3.33333e-06
32790 3.33333e-06
32800 1.66667e-06
32810 3.33333e-06
32820 1.66667e-06
32830 3.33333e-06
32840 1.66667e-06
32850 1.66667e-06
32860 3.33333e-06
32870 2.77556e-17
32880 1.66667e-06
32890 1.66667e-06
32900 1.66667e-06
32910 3.33333e-06
32920 3.33333e-06
32930 1.66667e-06
32940 1.66667e-06
32950 1.66667e-06
32960 1.66667e-06
32970 3.33333e-06
32980 1.66667e-06
32990 1.66667e-06
33000 3.33333e-06
33010 1.66667e-06
33020 1.66667e-06
33030 1.66667e-06
33040 3.33333e-06
33050 3.33333e-06
33060 1.66667e-06
33070 2.77556e-17
33080 1.66667e-06
33090 3.33333e-06
33100 2.77556e-17
33110 2.77556e-17
33120 2.77556e-17
33130 1.66667e-06
33140 2.77556e-17
33150 3.33333e-06
33160 3.33333e-06
33170 1.66667e-06
33180 3.33333e-06
33190 3.33333e-06
33200 1.66667e-06
33210 1.66667e-06
33220 1.66667e-06
33230 1.66667e-06
33240 2.77556e-17
33250 1.66667e-06
33260 3.33333e-06
33270 2.77556e-17
33280 2.77556e-17
33290 3.33333e-06
33300 2.77556e-17
33310 2.77556e-17
33320 2.77556e-17
33330 2.77556e-17
33340 1.66667e-06
33350 1.66667e-06
33360 1.66667e-06
33370 1.66667e-06
33380 2.77556e-17
33390 3.33333e-06
33400 3.33333e-06
33410 3.33333e-06
33420 3.33333e-06
33430 2.77556e-17
33440 1.66667e-06
33450 1.66667e-06
33460 2.77556e-17
33470 2.77556e-17
33480 2.77556e-17
33490 1.66667e-06
33500 1.66667e-06
33510 1.66667e-06
33520 3.33333e-06
33530 1.66667e-06
33540 2.77556e-17
33550 3.33333e-06
33560 3.33333e-06
33570 3.33333e-06
33580 1.66667e-06
33590 1.66667e-06
33600 3.33333e-06
33610 1.66667e-06
33620 2.77556e-17
33630 1.66667e-06
33640 2.77556e-17
33650 3.33333e-06
33660 1.66667e-06
33670 1.66667e-06
33680 1.66667e-06
33690 1.66667e-06
33700 1.66667e-06
33710 2.77556e-17
33720 2.77556e-17
33730 3.33333e-06
33740 2.77556e-17
33750 1.66667e-06
33760 2.77556e-17
33770 2.77556e-17
33780 3.33333e-06
33790 1.66667e-06
33800 2.77556e-17
33810 1.66667e-06
33820 1.66667e-06
33830 2.77556e-17
33840 1.66667e-06
33850 1.66667e-06
33860 1.66667e-06
33870 1.66667e-06
33880 1.66667e-06
33890 2.77556e-17
33900 1.66667e-06
33910 1.66667e-06
33920 1.66667e-06
33930 3.33333e-06
33940 1.66667e-06
33950 3.33333e-06
33960 1.66667e-06
33970 1.66667e-06
33980 3.33333e-06
33990 1.66667e-06
34000 3.33333e-06
34010 2.77556e-17
34020 1.66667e-06
34030 1.66667e-06
34040 2.77556e-17
34050 2.77556e-17
34060 2.77556e-17
34070 2.77556e-17
34080 2.77556e-17
34090 3.33333e-06
34100 3.33333e-06
34110 3.33333e-06
34120 1.66667e-06
34130 2.77556e-17
34140 1.66667e-06
34150 1.66667e-06
34160 2.77556e-17
34170 1.66667e-06
34180 2.77556e-17
34190 1.66667e-06
34200 1.66667e-06
34210 1.66667e-06
34220 3.33333e-06
34230 1.66667e-06
34240 1.66667e-06
34250 2.77556e-17
34260 1.66667e-06
34270 2.77556e-17
34280 1.66667e-06
34290 1.66667e-06
34300 1.66667e-06
34310 3.33333e-06
34320 2.77556e-17
34330 2.77556e-17
34340 1.66667e-06
34350 1.66667e-06
34360 1.66667e-06
34370 3.33333e-06
34380 1.66667e-06
34390 1.66667e-06
34400 1.66667e-06
34410 2.77556e-17
34420 2.77556e-17
34430 1.66667e-06
34440 1.66667e-06
34450 2.77556e-17
34460 2.77556e-17
34470 2.77556e-17
34480 3.33333e-06
34490 3.33333e-06
34500 1.66667e-06
34510 3.33333e-06
34520 1.66667e-06
34530 3.33333e-06
34540 1.66667e-06
34550 1.66667e-06
34560 1.66667e-06
34570 2.77556e-17
34580 3.33333e-06
34590 2.77556e-17
34600 1.66667e-06
34610 2.77556e-17
34620 1.66667e-06
34630 1.66667e-06
34640 1.66667e-06
34650 3.33333e-06
34660 1.66667e-06
34670 1.66667e-06
34680 3.33333e-06
34690 1.66667e-06
34700 1.66667e-06
34710 2.77556e-17
34720 3.33333e-06
34730 2.77556e-17
34740 1.66667e-06
34750 2.77556e-17
34760 1.66667e-06
34770 1.66667e-06
34780 1.66667e-06
34790 1.66667e-06
34800 3.33333e-06
34810 3.33333e-06
34820 3.33333e-06
34830 3.33333e-06
34840 1.66667e-06
34850 1.66667e-06
34860 1.66667e-06
34870 3.33333e-06
34880 2.77556e-17
34890 1.66667e-06
34900 1.66667e-06
34910 2.77556e-17
34920 1.66667e-06
34930 1.66667e-06
34940 1.66667e-06
34950 1.66667e-06
34960 1.66667e-06
34970 1.66667e-06
34980 1.66667e-06
34990 1.66667e-06
35000 3.33333e-06
35010 3.33333e-06
35020 3.33333e-06
35030 1.66667e-06
35040 1.66667e-06
35050 1.66667e-06
35060 1.66667e-06
35070 1.66667e-06
35080 1.66667e-06
35090 1.66667e-06
35100 1.66667e-06
35110 1.66667e-06
35120 1.66667e-06
35130 3.33333e-06
35140 3.33333e-06
35150 1.66667e-06
35160 1.66667e-06
35170 1.66667e-06
35180 1.66667e-06
35190 1.66667e-06
35200 3.33333e-06
35210 1.66667e-06
35220 3.33333e-06
35230 3.33333e-06
35240 2.77556e-17
35250 3.33333e-06
35260 3.33333e-06
35270 3.33333e-06
35280 1.66667e-06
35290 3.33333e-06
35300 3.33333e-06
35310 2.77556e-17
35320 1.66667e-06
35330 3.33333e-06
35340 3.33333e-06
35350 3.33333e-06
35360 1.66667e-06
35370 3.33333e-06
35380 1.66667e-06
35390 2.77556e-17
35400 2.77556e-17
35410 3.33333e-06
35420 1.66667e-06
35430 1.66667e-06
35440 1.66667e-06
35450 1.66667e-06
35460 1.66667e-06
35470 1.66667e-06
35480 1.66667e-06
35490 1.66667e-06
35500 3.33333e-06
35510 1.66667e-06
35520 2.77556e-17
35530 2.77556e-17
35540 1.66667e-06
35550 1.66667e-06
35560 3.33333e-06
35570 3.33333e-06
35580 1.66667e-06
35590 2.77556e-17
35600 1.66667e-06
35610 2.77556e-17
35620 1.66667e-06
35630 3.33333e-06
35640 2.77556e-17
35650 3.33333e-06
35660 1.66667e-06
35670 3.33333e-06
35680 1.66667e-06
35690 1.66667e-06
35700 1.66667e-06
35710 1.66667e-06
35720 1.66667e-06
35730 1.66667e-06
35740 3.33333e-06
35750 2.77556e-17
35760 2.77556e-17
35770 3.33333e-06
35780 1.66667e-06
35790 1.66667e-06
35800 3.33333e-06
35810 3.33333e-06
35820 3.33333e-06
35830 1.66667e-06
35840 1.66667e-06
35850 3.33333e-06
35860 1.66667e-06
35870 1.66667e-06
35880 1.66667e-06
35890 2.77556e-17
35900 1.66667e-06
35910 1.66667e-06
35920 3.33333e-06
35930 1.66667e-06
35940 1.66667e-06
35950 2.77556e-17
35960 1.66667e-06
35970 3.33333e-06
35980 1.66667e-06
35990 1.66667e-06
36000 1.66667e-06
36010 1.66667e-06
36020 3.33333e-06
36030 1.66667e-06
36040 2.77556e-17
36050 1.66667e-06
36060 3.33333e-06
36070 1.66667e-06
36080 2.77556e-17
36090 1.66667e-06
36100 3.33333e-06
36110 1.66667e-06
36120 1.66667e-06
36130 1.66667e-06
36140 1.66667e-06
36150 1.66667e-06
36160 1.66667e-06
36170 3.33333e-06
36180 1.66667e-06
36190 3.33333e-06
36200 2.77556e-17
36210 2.77556e-17
36220 1.66667e-06
36230 2.77556e-17
36240 1.66667e-06
36250 2.77556e-17
36260 1.66667e-06
36270 1.66667e-06
36280 1.66667e-06
36290 1.66667e-06
36300 1.66667e-06
36310 2.77556e-17
36320 2.77556e-17
36330 1.66667e-06
36340 1.66667e-06
36350 2.77556e-17
36360 1.66667e-06
36370 1.66667e-06
36380 1.66667e-06
36390 3.33333e-06
36400 1.66667e-06
36410 1.66667e-06
36420 1.66667e-06
36430 1.66667e-06
36440 2.77556e-17
36450 3.33333e-06
36460 1.66667e-06
36470 3.33333e-06
36480 3.33333e-06
36490 1.66667e-06
36500 3.33333e-06
36510 1.66667e-06
36520 3.33333e-06
36530 1.66667e-06
36540 1.66667e-06
36550 3.33333e-06
36560 2.77556e-17
36570 1.66667e-06
36580 3.33333e-06
36590 3.33333e-06
36600 1.66667e-06
36610 2.77556e-17
36620 3.33333e-06
36630 2.77556e-17
36640 2.77556e-17
36650 2.77556e-17
36660 2.77556e-17
36670 3.33333e-06
36680 2.77556e-17
36690 2.77556e-17
36700 1.66667e-06
36710 1.66667e-06
36720 1.66667e-06
36730 2.77556e-17
36740 3.33333e-06
36750 1.66667e-06
36760 1.66667e-06
36770 3.33333e-06
36780 1.66667e-06
36790 1.66667e-06
36800 1.66667e-06
36810 2.77556e-17
36820 3.33333e-06
36830 1.66667e-06
36840 2.77556e-17
36850 1.66667e-06
36860 1.66667e-06
36870 1.66667e-06
36880 1.66667e-06
36890 1.66667e-06
36900 1.66667e-06
36910 3.33333e-06
36920 3.33333e-06
36930 1.66667e-06
36940 2.77556e-17
36950 1.66667e-06
36960 1.66667e-06
36970 1.66667e-06
36980 1.66667e-06
36990 1.66667e-06
37000 1.66667e-06
37010 2.77556e-17
37020 1.66667e-06
37030 3.33333e-06
37040 1.66667e-06
37050 2.77556e-17
37060 1.66667e-06
37070 1.66667e-06
37080 2.77556e-17
37090 3.33333e-06
37100 1.66667e-06
37110 1.66667e-06
37120 1.66667e-06
37130 2.77556e-17
37140 1.66667e-06
37150 3.33333e-06
37160 2.77556e-17
37170 2.77556e-17
37180 1.66667e-06
37190 1.66667e-06
37200 1.66667e-06
37210 3.33333e-06
37220 1.66667e-06
37230 3.33333e-06
37240 1.66667e-06
37250 1.66667e-06
37260 1.66667e-06
37270 1.66667e-06
37280 1.66667e-06
37290 1.66667e-06
37300 1.66667e-06
37310 2.77556e-17
37320 3.33333e-06
37330 1.66667e-06
37340 3.33333e-06
37350 1.66667e-06
37360 3.33333e-06
37370 3.33333e-06
37380 2.77556e-17
37390 3.33333e-06
37400 1.66667e-06
37410 1.66667e-06
37420 2.77556e-17
37430 3.33333e-06
37440 1.66667e-06
37450 1.66667e-06
37460 1.66667e-06
37470 3.33333e-06
37480 1.66667e-06
37490 2.77556e-17
37500 1.66667e-06
37510 2.77556e-17
37520 3.33333e-06
37530 2.77556e-17
37540 1.66667e-06
37550 1.66667e-06
37560 1.66667e-06
37570 1.66667e-06
37580 1.66667e-06
37590 2.77556e-17
37600 1.66667e-06
37610 2.77556e-17
37620 1.66667e-06
37630 1.66667e-06
37640 3.33333e-06
37650 1.66667e-06
37660 1.66667e-06
37670 1.66667e-06
37680 3.33333e-06
37690 1.66667e-06
37700 1.66667e-06
37710 3.33333e-06
37720 1.66667e-06
37730 1.66667e-06
37740 1.66667e-06
37750 1.66667e-06
37760 1.66667e-06
37770 1.66667e-06
37780 2.77556e-17
37790 2.77556e-17
37800 2.77556e-17
37810 1.66667e-06
37820 2.77556e-17
37830 1.66667e-06
37840 1.66667e-06
37850 2.77556e-17
37860 1.66667e-06
37870 2.77556e-17
37880 2.77556e-17
37890 3.33333e-06
37900 3.33333e-06
37910 2.77556e-17
37920 3.33333e-06
37930 3.33333e-06
37940 3.33333e-06
37950 1.66667e-06
37960 1.66667e-06
37970 2.77556e-17
37980 1.66667e-06
37990 1.66667e-06
38000 2.77556e-17
38010 2.77556e-17
38020 3.33333e-06
38030 1.66667e-06
38040 1.66667e-06
38050 2.77556e-17
38060 1.66667e-06
38070 1.66667e-06
38080 1.66667e-06
38090 1.66667e-06
38100 1.66667e-06
38110 2.77556e-17
38120 3.33333e-06
38130 3.33333e-06
38140 3.33333e-06
38150 1.66667e-06
38160 1.66667e-06
38170 1.66667e-06
38180 3.33333e-06
38190 1.66667e-06
38200 2.77556e-17
38210 1.66667e-06
38220 1.66667e-06
38230 3.33333e-06
38240 1.66667e-06
38250 1.66667e-06
38260 1.66667e-06
38270 2.77556e-17
38280 1.66667e-06
38290 2.77556e-17
38300 1.66667e-06
38310 3.33333e-06
38320 3.33333e-06
38330 1.66667e-06
38340 3.33333e-06
38350 1.66667e-06
38360 1.66667e-06
38370 1.66667e-06
38380 3.33333e-06
38390 1.66667e-06
38400 3.33333e-06
38410 3.33333e-06
38420 3.33333e-06
38430 3.33333e-06
38440 1.66667e-06
38450 1.66667e-06
38460 1.66667e-06
38470 1.66667e-06
38480 1.66667e-06
38490 1.66667e-06
38500 3.33333e-06
38510 1.66667e-06
38520 1.66667e-06
38530 2.77556e-17
38540 3.33333e-06
38550 2.77556e-17
38560 1.66667e-06
38570 1.66667e-06
38580 1.66667e-06
38590 2.77556e-17
38600 1.66667e-06
38610 2.77556e-17
38620 2.77556e-17
38630 1.66667e-06
38640 1.66667e-06
38650 1.66667e-06
38660 1.66667e-06
38670 3.33333e-06
38680 3.33333e-06
38690 1.66667e-06
38700 1.66667e-06
38710 3.33333e-06
38720 2.77556e-17
38730 2.77556e-17
38740 2.77556e-17
38750 2.77556e-17
38760 3.33333e-06
38770 3.33333e-06
38780 1.66667e-06
38790 3.33333e-06
38800 1.66667e-06
38810 1.66667e-06
38820 1.66667e-06
38830 1.66667e-06
38840 1.66667e-06
38850 3.33333e-06
38860 3.33333e-06
38870 1.66667e-06
38880 3.33333e-06
38890 3.33333e-06
38900 2.77556e-17
38910 1.66667e-06
38920 3.33333e-06
38930 3.33333e-06
38940 1.66667e-06
38950 3.33333e-06
38960 1.66667e-06
38970 1.66667e-06
38980 1.66667e-06
38990 1.66667e-06
39000 3.33333e-06
39010 3.33333e-06
39020 1.66667e-06
39030 3.33333e-06
39040 3.33333e-06
39050 1.66667e-06
39060 2.77556e-17
39070 1.66667e-06
39080 1.66667e-06
39090 2.77556e-17
39100 2.77556e-17
39110 1.66667e-06
39120 3.33333e-06
39130 3.33333e-06
39140 1.66667e-06
39150 3.33333e-06
39160 1.66667e-06
39170 1.66667e-06
39180 1.66667e-06
39190 2.77556e-17
39200 2.77556e-17
39210 3.33333e-06
39220 1.66667e-06
39230 1.66667e-06
39240 1.66667e-06
39250 3.33333e-06
39260 3.33333e-06
39270 2.77556e-17
39280 1.66667e-06
39290 1.66667e-06
39300 1.66667e-06
39310 1.66667e-06
39320 2.77556e-17
39330 2.77556e-17
39340 1.66667e-06
39350 2.77556e-17
39360 1.66667e-06
39370 3.33333e-06
39380 1.66667e-06
39390 1.66667e-06
39400 3.33333e-06
39410 3.33333e-06
39420 3.33333e-06
39430 1.66667e-06
39440 1.66667e-06
39450 3.33333e-06
39460 1.66667e-06
39470 1.66667e-06
39480 1.66667e-06
39490 2.77556e-17
39500 1.66667e-06
39510 3.33333e-06
39520 2.77556e-17
39530 3.33333e-06
39540 2.77556e-17
39550 1.66667e-06
39560 1.66667e-06
39570 1.66667e-06
39580 1.66667e-06
39590 3.33333e-06
39600 3.33333e-06
39610 2.77556e-17
39620 3.33333e-06
39630 1.66667e-06
39640 3.33333e-06
39650 1.66667e-06
39660 1.66667e-06
39670 1.66667e-06
39680 3.33333e-06
39690 1.66667e-06
39700 1.66667e-06
39710 2.77556e-17
39720 1.66667e-06
39730 3.33333e-06
39740 3.33333e-06
39750 1.66667e-06
39760 2.77556e-17
39770 1.66667e-06
39780 3.33333e-06
39790 3.33333e-06
39800 3.33333e-06
39810 2.77556e-17
39820 1.66667e-06
39830 2.77556e-17
39840 1.66667e-06
39850 3.33333e-06
39860 3.33333e-06
39870 1.66667e-06
39880 2.77556e-17
39890 1.66667e-06
39900 2.77556e-17
39910 1.66667e-06
39920 1.66667e-06
39930 2.77556e-17
39940 1.66667e-06
39950 3.33333e-06
39960 2.77556e-17
39970 3.33333e-06
39980 3.33333e-06
39990 1.66667e-06
40000 1.66667e-06
40010 2.77556e-17
40020 3.33333e-06
40030 1.66667e-06
40040 1.66667e-06
40050 1.66667e-06
40060 3.33333e-06
40070 1.66667e-06
40080 3.33333e-06
40090 1.66667e-06
40100 1.66667e-06
40110 2.77556e-17
40120 1.66667e-06
40130 2.77556e-17
40140 1.66667e-06
40150 1.66667e-06
40160 1.66667e-06
40170 1.66667e-06
40180 1.66667e-06
40190 3.33333e-06
40200 3.33333e-06
40210 3.33333e-06
40220 1.66667e-06
40230 1.66667e-06
40240 1.66667e-06
40250 1.66667e-06
40260 2.77556e-17
40270 3.33333e-06
40280 3.33333e-06
40290 1.66667e-06
40300 3.33333e-06
40310 1.66667e-06
40320 3.33333e-06
40330 3.33333e-06
40340 1.66667e-06
40350 2.77556e-17
40360 1.66667e-06
40370 1.66667e-06
40380 1.66667e-06
40390 2.77556e-17
40400 3.33333e-06
40410 3.33333e-06
40420 3.33333e-06
40430 3.33333e-06
40440 3.33333e-06
40450 1.66667e-06
40460 2.77556e-17
40470 1.66667e-06
40480 3.33333e-06
40490 3.33333e-06
40500 3.33333e-06
40510 3.33333e-06
40520 1.66667e-06
40530 3.33333e-06
40540 1.66667e-06
40550 1.66667e-06
40560 3.33333e-06
40570 1.66667e-06
40580 1.66667e-06
40590 1.66667e-06
40600 2.77556e-17
40610 2.77556e-17
40620 3.33333e-06
40630 3.33333e-06
40640 2.77556e-17
40650 3.33333e-06
40660 1.66667e-06
40670 1.66667e-06
40680 2.77556e-17
40690 2.77556e-17
40700 1.66667e-06
40710 2.77556e-17
40720 1.66667e-06
40730 1.66667e-06
40740 2.77556e-17
40750 1.66667e-06
40760 2.77556e-17
40770 3.33333e-06
40780 2.77556e-17
40790 2.77556e-17
40800 1.66667e-06
40810 1.66667e-06
40820 1.66667e-06
40830 3.33333e-06
40840 1.66667e-06
40850 1.66667e-06
40860 1.66667e-06
40870 2.77556e-17
40880 2.77556e-17
40890 1.66667e-06
40900 3.33333e-06
40910 3.33333e-06
40920 3.33333e-06
40930 3.33333e-06
40940 1.66667e-06
40950 2.77556e-17
40960 2.77556e-17
40970 3.33333e-06
40980 3.33333e-06
40990 1.66667e-06
41000 1.66667e-06
41010 2.77556e-17
41020 3.33333e-06
41030 3.33333e-06
41040 1.66667e-06
41050 1.66667e-06
41060 1.66667e-06
41070 3.33333e-06
41080 3.33333e-06
41090 3.33333e-06
41100 1.66667e-06
41110 1.66667e-06
41120 3.33333e-06
41130 1.66667e-06
41140 3.33333e-06
41150 3.33333e-06
41160 3.33333e-06
41170 2.77556e-17
41180 1.66667e-06
41190 1.66667e-06
41200 3.33333e-06
41210 1.66667e-06
41220 1.66667e-06
41230 1.66667e-06
41240 3.33333e-06
41250 1.66667e-06
41260 3.33333e-06
41270 3.33333e-06
41280 3.33333e-06
41290 1.66667e-06
41300 1.66667e-06
41310 1.66667e-06
41320 3.33333e-06
41330 1.66667e-06
41340 1.66667e-06
41350 3.33333e-06
41360 3.33333e-06
41370 3.33333e-06
41380 1.66667e-06
41390 1.66667e-06
41400 2.77556e-17
41410 2.77556e-17
41420 2.77556e-17
41430 3.33333e-06
41440 3.33333e-06
41450 3.33333e-06
41460 3.33333e-06
41470 3.33333e-06
41480 3.33333e-06
41490 3.33333e-06
41500 1.66667e-06
41510 1.66667e-06
41520 3.33333e-06
41530 2.77556e-17
41540 3.33333e-06
41550 1.66667e-06
41560 1.66667e-06
41570 1.66667e-06
41580 1.66667e-06
41590 1.66667e-06
41600 2.77556e-17
41610 2.77556e-17
41620 1.66667e-06
41630 1.66667e-06
41640 1.66667e-06
41650 2.77556e-17
41660 2.77556e-17
41670 1.66667e-06
41680 2.77556e-17
41690 3.33333e-06
41700 3.33333e-06
41710 3.33333e-06
41720 3.33333e-06
41730 3.33333e-06
41740 1.66667e-06
41750 1.66667e-06
41760 1.66667e-06
41770 1.66667e-06
41780 1.66667e-06
41790 3.33333e-06
41800 2.77556e-17
41810 1.66667e-06
41820 1.66667e-06
41830 1.66667e-06
41840 3.33333e-06
41850 2.77556e-17
41860 2.77556e-17
41870 2.77556e-17
41880 2.77556e-17
41890 1.66667e-06
41900 1.66667e-06
41910 3.33333e-06
41920 3.33333e-06
41930 2.77556e-17
41940 1.66667e-06
41950 3.33333e-06
41960 1.66667e-06
41970 1.66667e-06
41980 1.66667e-06
41990 1.66667e-06
42000 1.66667e-06
42010 3.33333e-06
42020 3.33333e-06
42030 1.66667e-06
42040 3.33333e-06
42050 1.66667e-06
42060 1.66667e-06
42070 1.66667e-06
42080 2.77556e-17
42090 2.77556e-17
42100 3.33333e-06
42110 3.33333e-06
42120 2.77556e-17
42130 3.33333e-06
42140 2.77556e-17
42150 2.77556e-17
42160 1.66667e-06
42170 1.66667e-06
42180 1.66667e-06
42190 1.66667e-06
42200 2.77556e-17
42210 1.66667e-06
42220 2.77556e-17
42230 2.77556e-17
42240 1.66667e-06
42250 1.66667e-06
42260 3.33333e-06
42270 1.66667e-06
42280 2.77556e-17
42290 1.66667e-06
42300 3.33333e-06
42310 1.66667e-06
42320 1.66667e-06
42330 3.33333e-06
42340 3.33333e-06
42350 3.33333e-06
42360 3.33333e-06
42370 3.33333e-06
42380 3.33333e-06
42390 3.33333e-06
42400 2.77556e-17
42410 1.66667e-06
42420 3.33333e-06
42430 3.33333e-06
42440 3.33333e-06
42450 2.77556e-17
42460 1.66667e-06
42470 3.33333e-06
42480 2.77556e-17
42490 1.66667e-06
42500 2.77556e-17
42510 2.77556e-17
42520 1.66667e-06
42530 3.33333e-06
42540 2.77556e-17
42550 3.33333e-06
42560 1.66667e-06
42570 1.66667e-06
42580 1.66667e-06
42590 1.66667e-06
42600 2.77556e-17
42610 1.66667e-06
42620 1.66667e-06
42630 1.66667e-06
42640 3.33333e-06
42650 3.33333e-06
42660 3.33333e-06
42670 3.33333e-06
42680 3.33333e-06
42690 1.66667e-06
42700 2.77556e-17
42710 3.33333e-06
42720 1.66667e-06
42730 1.66667e-06
42740 1.66667e-06
42750 1.66667e-06
42760 1.66667e-06
42770 1.66667e-06
42780 1.66667e-06
42790 1.66667e-06
42800 2.77556e-17
42810 1.66667e-06
42820 1.66667e-06
42830 1.66667e-06
42840 2.77556e-17
42850 3.33333e-06
42860 3.33333e-06
42870 3.33333e-06
42880 1.66667e-06
42890 1.66667e-06
42900 1.66667e-06
42910 1.66667e-06
42920 1.66667e-06
42930 1.66667e-06
42940 1.66667e-06
42950 1.66667e-06
42960 1.66667e-06
42970 2.77556e-17
42980 2.77556e-17
42990 2.77556e-17
43000 1.66667e-06
43010 1.66667e-06
43020 3.33333e-06
43030 3.33333e-06
43040 1.66667e-06
43050 3.33333e-06
43060 2.77556e-17
43070 1.66667e-06
43080 2.77556e-17
43090 1.66667e-06
43100 1.66667e-06
43110 1.66667e-06
43120 3.33333e-06
43130 1.66667e-06
43140 1.66667e-06
43150 2.77556e-17
43160 3.33333e-06
43170 3.33333e-06
43180 3.33333e-06
43190 2.77556e-17
43200 2.77556e-17
43210 3.33333e-06
43220 1.66667e-06
43230 1.66667e-06
43240 2.77556e-17
43250 1.66667e-06
43260 1.66667e-06
43270 1.66667e-06
43280 1.66667e-06
43290 2.77556e-17
43300 2.77556e-17
43310 1.66667e-06
43320 1.66667e-06
43330 1.66667e-06
43340 1.66667e-06
43350 1.66667e-06
43360 1.66667e-06
43370 1.66667e-06
43380 1.66667e-06
43390 1.66667e-06
43400 1.66667e-06
43410 1.66667e-06
43420 2.77556e-17
43430 1.66667e-06
43440 1.66667e-06
43450 1.66667e-06
43460 1.66667e-06
43470 3.33333e-06
43480 3.33333e-06
43490 1.66667e-06
43500 1.66667e-06
43510 1.66667e-06
43520 3.33333e-06
43530 2.77556e-17
43540 1.66667e-06
43550 1.66667e-06
43560 3.33333e-06
43570 3.33333e-06
43580 3.33333e-06
43590 1.66667e-06
43600 3.33333e-06
43610 1.66667e-06
43620 3.33333e-06
43630 3.33333e-06
43640 3.33333e-06
43650 1.66667e-06
43660 1.66667e-06
43670 1.66667e-06
43680 2.77556e-17
43690 1.66667e-06
43700 3.33333e-06
43710 2.77556e-17
43720 1.66667e-06
43730 1.66667e-06
43740 1.66667e-06
43750 1.66667e-06
43760 1.66667e-06
43770 1.66667e-06
43780 2.77556e-17
43790 1.66667e-06
43800 1.66667e-06
43810 3.33333e-06
43820 3.33333e-06
43830 3.33333e-06
43840 3.33333e-06
43850 1.66667e-06
43860 1.66667e-06
43870 3.33333e-06
43880 1.66667e-06
43890 1.66667e-06
43900 1.66667e-06
43910 1.66667e-06
43920 2.77556e-17
43930 1.66667e-06
43940 2.77556e-17
43950 1.66667e-06
43960 1.66667e-06
43970 2.77556e-17
43980 1.66667e-06
43990 1.66667e-06
44000 3.33333e-06
44010 1.66667e-06
44020 1.66667e-06
44030 1.66667e-06
44040 1.66667e-06
44050 3.33333e-06
44060 1.66667e-06
44070 3.33333e-06
44080 1.66667e-06
44090 1.66667e-06
44100 2.77556e-17
44110 3.33333e-06
44120 1.66667e-06
44130 1.66667e-06
44140 2.77556e-17
44150 3.33333e-06
44160 1.66667e-06
44170 1.66667e-06
44180 1.66667e-06
44190 3.33333e-06
44200 2.77556e-17
44210 1.66667e-06
44220 1.66667e-06
44230 3.33333e-06
44240 2.77556e-17
44250 3.33333e-06
44260 2.77556e-17
44270 1.66667e-06
44280 2.77556e-17
44290 1.66667e-06
44300 3.33333e-06
44310 1.66667e-06
44320 1.66667e-06
44330 1.66667e-06
44340 2.77556e-17
44350 2.77556e-17
44360 2.77556e-17
44370 2.77556e-17
44380 3.33333e-06
44390 1.66667e-06
44400 1.66667e-06
44410 1.66667e-06
44420 2.77556e-17
44430 3.33333e-06
44440 1.66667e-06
44450 1.66667e-06
44460 1.66667e-06
44470 2.77556e-17
44480 2.77556e-17
44490 1.66667e-06
44500 2.77556e-17
44510 1.66667e-06
44520 1.66667e-06
44530 1.66667e-06
44540 1.66667e-06
44550 3.33333e-06
44560 1.66667e-06
44570 3.33333e-06
44580 1.66667e-06
44590 1.66667e-06
44600 1.66667e-06
44610 2.77556e-17
44620 1.66667e-06
44630 1.66667e-06
44640 3.33333e-06
44650 2.77556e-17
44660 2.77556e-17
44670 2.77556e-17
44680 3.33333e-06
44690 1.66667e-06
44700 1.66667e-06
44710 3.33333e-06
44720 1.66667e-06
44730 3.33333e-06
44740 1.66667e-06
44750 2.77556e-17
44760 2.77556e-17
44770 1.66667e-06
44780 3.33333e-06
44790 2.77556e-17
44800 3.33333e-06
44810 1.66667e-06
44820 2.77556e-17
44830 1.66667e-06
44840 3.33333e-06
44850 3.33333e-06
44860 1.66667e-06
44870 1.66667e-06
44880 3.33333e-06
44890 1.66667e-06
44900 1.66667e-06
44910 1.66667e-06
44920 1.66667e-06
44930 3.33333e-06
44940 1.66667e-06
44950 3.33333e-06
44960 3.33333e-06
44970 1.66667e-06
44980 1.66667e-06
44990 1.66667e-06
45000 1.66667e-06
45010 1.66667e-06
45020 3.33333e-06
45030 3.33333e-06
45040 1.66667e-06
45050 1.66667e-06
45060 1.66667e-06
45070 1.66667e-06
45080 1.66667e-06
45090 1.66667e-06
45100 2.77556e-17
45110 1.66667e-06
45120 3.33333e-06
45130 3.33333e-06
45140 2.77556e-17
45150 1.66667e-06
45160 1.66667e-06
45170 3.33333e-06
45180 2.77556e-17
45190 1.66667e-06
45200 3.33333e-06
45210 1.66667e-06
45220 1.66667e-06
45230 1.66667e-06
45240 1.66667e-06
45250 3.33333e-06
45260 1.66667e-06
45270 3.33333e-06
45280 2.77556e-17
45290 2.77556e-17
45300 1.66667e-06
45310 2.77556e-17
45320 3.33333e-06
45330 1.66667e-06
45340 1.66667e-06
45350 2.77556e-17
45360 3.33333e-06
45370 3.33333e-06
45380 2.77556e-17
45390 3.33333e-06
45400 3.33333e-06
45410 3.33333e-06
45420 3.33333e-06
45430 3.33333e-06
45440 3.33333e-06
45450 1.66667e-06
45460 1.66667e-06
45470 1.66667e-06
45480 1.66667e-06
45490 1.66667e-06
45500 3.33333e-06
45510 3.33333e-06
45520 1.66667e-06
45530 2.77556e-17
45540 1.66667e-06
45550 2.77556e-17
45560 2.77556e-17
45570 2.77556e-17
45580 1.66667e-06
45590 3.33333e-06
45600 1.66667e-06
45610 3.33333e-06
45620 1.66667e-06
45630 1.66667e-06
45640 2.77556e-17
45650 3.33333e-06
45660 1.66667e-06
45670 1.66667e-06
45680 3.33333e-06
45690 3.33333e-06
45700 1.66667e-06
45710 3.33333e-06
45720 2.77556e-17
45730 1.66667e-06
45740 1.66667e-06
45750 3.33333e-06
45760 3.33333e-06
45770 2.77556e-17
45780 3.33333e-06
45790 3.33333e-06
45800 1.66667e-06
45810 2.77556e-17
45820 1.66667e-06
45830 1.66667e-06
45840 1.66667e-06
45850 1.66667e-06
45860 1.66667e-06
45870 2.77556e-17
45880 1.66667e-06
45890 1.66667e-06
45900 1.66667e-06
45910 1.66667e-06
45920 1.66667e-06
45930 3.33333e-06
45940 2.77556e-17
45950 3.33333e-06
45960 1.66667e-06
45970 1.66667e-06
45980 1.66667e-06
45990 1.66667e-06
46000 1.66667e-06
46010 2.77556e-17
46020 3.33333e-06
46030 1.66667e-06
46040 3.33333e-06
46050 2.77556e-17
46060 1.66667e-06
46070 3.33333e-06
46080 2.77556e-17
46090 1.66667e-06
46100 2.77556e-17
46110 1.66667e-06
46120 2.77556e-17
46130 1.66667e-06
46140 1.66667e-06
46150 3.33333e-06
46160 1.66667e-06
46170 3.33333e-06
46180 1.66667e-06
46190 1.66667e-06
46200 1.66667e-06
46210 1.66667e-06
46220 1.66667e-06
46230 1.66667e-06
46240 1.66667e-06
46250 1.66667e-06
46260 2.77556e-17
46270 3.33333e-06
46280 2.77556e-17
46290 2.77556e-17
46300 1.66667e-06
46310 1.66667e-06
46320 2.77556e-17
46330 2.77556e-17
46340 1.66667e-06
46350 3.33333e-06
46360 3.33333e-06
46370 3.33333e-06
46380 3.33333e-06
46390 3.33333e-06
46400 1.66667e-06
46410 3.33333e-06
46420 3.33333e-06
46430 1.66667e-06
46440 3.33333e-06
46450 2.77556e-17
46460 1.66667e-06
46470 2.77556e-17
46480 1.66667e-06
46490 2.77556e-17
46500 2.77556e-17
46510 2.77556e-17
46520 1.66667e-06
46530 3.33333e-06
46540 2.77556e-17
46550 3.33333e-06
46560 3.33333e-06
46570 1.66667e-06
46580 1.66667e-06
46590 3.33333e-06
46600 1.66667e-06
46610 3.33333e-06
46620 2.77556e-17
46630 2.77556e-17
46640 1.66667e-06
46650 1.66667e-06
46660 2.77556e-17
46670 2.77556e-17
46680 2.77556e-17
46690 1.66667e-06
46700 2.77556e-17
46710 3.33333e-06
46720 2.77556e-17
46730 1.66667e-06
46740 3.33333e-06
46750 1.66667e-06
46760 3.33333e-06
46770 1.66667e-06
46780 3.33333e-06
46790 1.66667e-06
46800 3.33333e-06
46810 1.66667e-06
46820 1.66667e-06
46830 1.66667e-06
46840 1.66667e-06
46850 2.77556e-17
46860 1.66667e-06
46870 1.66667e-06
46880 1.66667e-06
46890 3.33333e-06
46900 1.66667e-06
46910 1.66667e-06
46920 3.33333e-06
46930 1.66667e-06
46940 3.33333e-06
46950 1.66667e-06
46960 2.77556e-17
46970 3.33333e-06
46980 3.33333e-06
46990 2.77556e-17
47000 1.66667e-06
47010 3.33333e-06
47020 1.66667e-06
47030 1.66667e-06
47040 2.77556e-17
47050 1.66667e-06
47060 3.33333e-06
47070 1.66667e-06
47080 1.66667e-06
47090 1.66667e-06
47100 3.33333e-06
47110 1.66667e-06
47120 1.66667e-06
47130 3.33333e-06
47140 1.66667e-06
47150 3.33333e-06
47160 1.66667e-06
47170 1.66667e-06
47180 1.66667e-06
47190 3.33333e-06
47200 1.66667e-06
47210 1.66667e-06
47220 2.77556e-17
47230 1.66667e-06
47240 3.33333e-06
47250 3.33333e-06
47260 3.33333e-06
47270 1.66667e-06
47280 1.66667e-06
47290 1.66667e-06
47300 3.33333e-06
47310 1.66667e-06
47320 2.77556e-17
47330 3.33333e-06
47340 3.33333e-06
47350 1.66667e-06
47360 3.33333e-06
47370 1.66667e-06
47380 1.66667e-06
47390 1.66667e-06
47400 1.66667e-06
47410 2.77556e-17
47420 1.66667e-06
47430 2.77556e-17
47440 3.33333e-06
47450 3.33333e-06
47460 3.33333e-06
47470 1.66667e-06
47480 1.66667e-06
47490 1.66667e-06
47500 3.33333e-06
47510 1.66667e-06
47520 1.66667e-06
47530 3.33333e-06
47540 1.66667e-06
47550 1.66667e-06
47560 1.66667e-06
47570 1.66667e-06
47580 2.77556e-17
47590 3.33333e-06
47600 2.77556e-17
47610 1.66667e-06
47620 2.77556e-17
47630 3.33333e-06
47640 3.33333e-06
47650 1.66667e-06
47660 2.77556e-17
47670 1.66667e-06
47680 1.66667e-06
47690 2.77556e-17
47700 1.66667e-06
47710 1.66667e-06
47720 1.66667e-06
47730 2.77556e-17
47740 2.77556e-17
47750 3.33333e-06
47760 1.66667e-06
47770 3.33333e-06
47780 1.66667e-06
47790 1.66667e-06
47800 1.66667e-06
47810 1.66667e-06
47820 2.77556e-17
47830 1.66667e-06
47840 3.33333e-06
47850 2.77556e-17
47860 3.33333e-06
47870 1.66667e-06
47880 1.66667e-06
47890 1.66667e-06
47900 1.66667e-06
47910 2.77556e-17
47920 3.33333e-06
47930 1.66667e-06
47940 3.33333e-06
47950 3.33333e-06
47960 3.33333e-06
47970 3.33333e-06
47980 3.33333e-06
47990 3.33333e-06
48000 3.33333e-06
48010 3.33333e-06
48020 1.66667e-06
48030 3.33333e-06
48040 1.66667e-06
48050 1.66667e-06
48060 2.77556e-17
48070 3.33333e-06
48080 3.33333e-06
48090 3.33333e-06
48100 3.33333e-06
48110 1.66667e-06
48120 3.33333e-06
48130 3.33333e-06
48140 3.33333e-06
48150 3.33333e-06
48160 1.66667e-06
48170 3.33333e-06
48180 3.33333e-06
48190 1.66667e-06
48200 3.33333e-06
48210 1.66667e-06
48220 3.33333e-06
48230 3.33333e-06
48240 3.33333e-06
48250 1.66667e-06
48260 1.66667e-06
48270 1.66667e-06
48280 1.66667e-06
48290 1.66667e-06
48300 1.66667e-06
48310 2.77556e-17
48320 1.66667e-06
48330 1.66667e-06
48340 1.66667e-06
48350 3.33333e-06
48360 1.66667e-06
48370 3.33333e-06
48380 3.33333e-06
48390 3.33333e-06
48400 3.33333e-06
48410 1.66667e-06
48420 1.66667e-06
48430 1.66667e-06
48440 1.66667e-06
48450 1.66667e-06
48460 1.66667e-06
48470 3.33333e-06
48480 2.77556e-17
48490 1.66667e-06
48500 3.33333e-06
48510 3.33333e-06
48520 1.66667e-06
48530 3.33333e-06
48540 1.66667e-06
48550 2.77556e-17
48560 2.77556e-17
48570 2.77556e-17
48580 3.33333e-06
48590 2.77556e-17
48600 1.66667e-06
48610 3.33333e-06
48620 2.77556e-17
48630 2.77556e-17
48640 2.77556e-17
48650 1.66667e-06
48660 1.66667e-06
48670 1.66667e-06
48680 3.33333e-06
48690 1.66667e-06
48700 1.66667e-06
48710 1.66667e-06
48720 2.77556e-17
48730 1.66667e-06
48740 1.66667e-06
48750 1.66667e-06
48760 1.66667e-06
48770 1.66667e-06
48780 1.66667e-06
48790 3.33333e-06
48800 1.66667e-06
48810 2.77556e-17
48820 1.66667e-06
48830 3.33333e-06
48840 3.33333e-06
48850 3.33333e-06
48860 3.33333e-06
48870 3.33333e-06
48880 3.33333e-06
48890 1.66667e-06
48900 2.77556e-17
48910 1.66667e-06
48920 2.77556e-17
48930 2.77556e-17
48940 3.33333e-06
48950 3.33333e-06
48960 1.66667e-06
48970 2.77556e-17
48980 2.77556e-17
48990 2.77556e-17
49000 3.33333e-06
49010 1.66667e-06
49020 1.66667e-06
49030 3.33333e-06
49040 2.77556e-17
49050 3.33333e-06
49060 3.33333e-06
49070 1.66667e-06
49080 3.33333e-06
49090 2.77556e-17
49100 1.66667e-06
49110 1.66667e-06
49120 2.77556e-17
49130 1.66667e-06
49140 2.77556e-17
49150 3.33333e-06
49160 3.33333e-06
49170 3.33333e-06
49180 3.33333e-06
49190 1.66667e-06
49200 3.33333e-06
49210 1.66667e-06
49220 1.66667e-06
49230 1.66667e-06
49240 1.66667e-06
49250 3.33333e-06
49260 2.77556e-17
49270 1.66667e-06
49280 3.33333e-06
49290 1.66667e-06
49300 2.77556e-17
49310 1.66667e-06
49320 2.77556e-17
49330 2.77556e-17
49340 2.77556e-17
49350 1.66667e-06
49360 1.66667e-06
49370 1.66667e-06
49380 1.66667e-06
49390 1.66667e-06
49400 1.66667e-06
49410 3.33333e-06
49420 3.33333e-06
49430 3.33333e-06
49440 1.66667e-06
49450 2.77556e-17
49460 3.33333e-06
49470 1.66667e-06
49480 3.33333e-06
49490 3.33333e-06
49500 1.66667e-06
49510 1.66667e-06
49520 1.66667e-06
49530 3.33333e-06
49540 3.33333e-06
49550 3.33333e-06
49560 3.33333e-06
49570 1.66667e-06
49580 3.33333e-06
49590 3.33333e-06
49600 3.33333e-06
49610 1.66667e-06
49620 3.33333e-06
49630 1.66667e-06
49640 1.66667e-06
49650 1.66667e-06
49660 1.66667e-06
49670 3.33333e-06
49680 1.66667e-06
49690 3.33333e-06
49700 1.66667e-06
49710 1.66667e-06
49720 2.77556e-17
49730 1.66667e-06
49740 1.66667e-06
49750 2.77556e-17
49760 1.66667e-06
49770 2.77556e-17
49780 1.66667e-06
49790 2.77556e-17
49800 1.66667e-06
49810 1.66667e-06
49820 1.66667e-06
49830 3.33333e-06
49840 3.33333e-06
49850 1.66667e-06
49860 3.33333e-06
49870 3.33333e-06
49880 2.77556e-17
49890 1.66667e-06
49900 1.66667e-06
49910 1.66667e-06
49920 3.33333e-06
49930 1.66667e-06
49940 3.33333e-06
49950 2.77556e-17
49960 1.66667e-06
49970 3.33333e-06
49980 1.66667e-06
49990 1.66667e-06
50000 3.33333e-06
50010 1.66667e-06
50020 3.33333e-06
50030 3.33333e-06
50040 3.33333e-06
50050 3.33333e-06
50060 3.33333e-06
50070 2.77556e-17
50080 1.66667e-06
50090 1.66667e-06
50100 3.33333e-06
50110 1.66667e-06
50120 1.66667e-06
50130 1.66667e-06
50140 2.77556e-17
50150 1.66667e-06
50160 3.33333e-06
50170 1.66667e-06
50180 3.33333e-06
50190 1.66667e-06
50200 1.66667e-06
50210 3.33333e-06
50220 2.77556e-17
50230 1.66667e-06
50240 3.33333e-06
50250 1.66667e-06
50260 1.66667e-06
50270 2.77556e-17
50280 3.33333e-06
50290 3.33333e-06
50300 1.66667e-06
50310 3.33333e-06
50320 1.66667e-06
50330 3.33333e-06
50340 1.66667e-06
50350 1.66667e-06
50360 3.33333e-06
50370 1.66667e-06
50380 3.33333e-06
50390 2.77556e-17
50400 1.66667e-06
50410 2.77556e-17
50420 1.66667e-06
50430 1.66667e-06
50440 2.77556e-17
50450 3.33333e-06
50460 2.77556e-17
50470 2.77556e-17
50480 1.66667e-06
50490 2.77556e-17
50500 2.77556e-17
50510 1.66667e-06
50520 1.66667e-06
50530 1.66667e-06
50540 1.66667e-06
50550 1.66667e-06
50560 3.33333e-06
50570 3.33333e-06
50580 3.33333e-06
50590 1.66667e-06
50600 3.33333e-06
50610 1.66667e-06
50620 3.33333e-06
50630 2.77556e-17
50640 2.77556e-17
50650 1.66667e-06
50660 3.33333e-06
50670 1.66667e-06
50680 1.66667e-06
50690 1.66667e-06
50700 1.66667e-06
50710 2.77556e-17
50720 3.33333e-06
50730 1.66667e-06
50740 2.77556e-17
50750 1.66667e-06
50760 3.33333e-06
50770 1.66667e-06
50780 3.33333e-06
50790 1.66667e-06
50800 3.33333e-06
50810 3.33333e-06
50820 1.66667e-06
50830 2.77556e-17
50840 1.66667e-06
50850 1.66667e-06
50860 1.66667e-06
50870 2.77556e-17
50880 3.33333e-06
50890 1.66667e-06
50900 3.33333e-06
50910 3.33333e-06
50920 3.33333e-06
50930 1.66667e-06
50940 3.33333e-06
50950 1.66667e-06
50960 3.33333e-06
50970 2.77556e-17
50980 1.66667e-06
50990 1.66667e-06
51000 2.77556e-17
51010 3.33333e-06
51020 1.66667e-06
51030 2.77556e-17
51040 2.77556e-17
51050 1.66667e-06
51060 3.33333e-06
51070 1.66667e-06
51080 1.66667e-06
51090 1.66667e-06
51100 1.66667e-06
51110 3.33333e-06
51120 3.33333e-06
51130 3.33333e-06
51140 3.33333e-06
51150 1.66667e-06
51160 1.66667e-06
51170 2.77556e-17
51180 2.77556e-17
51190 1.66667e-06
51200 3.33333e-06
51210 2.77556e-17
51220 2.77556e-17
51230 1.66667e-06
51240 1.66667e-06
51250 1.66667e-06
51260 1.66667e-06
51270 1.66667e-06
51280 3.33333e-06
51290 2.77556e-17
51300 1.66667e-06
51310 3.33333e-06
51320 2.77556e-17
51330 1.66667e-06
51340 1.66667e-06
51350 1.66667e-06
51360 3.33333e-06
51370 3.33333e-06
51380 1.66667e-06
51390 1.66667e-06
51400 3.33333e-06
51410 2.77556e-17
51420 1.66667e-06
51430 1.66667e-06
51440 1.66667e-06
51450 2.77556e-17
51460 1.66667e-06
51470 1.66667e-06
51480 3.33333e-06
51490 3.33333e-06
51500 3.33333e-06
51510 1.66667e-06
51520 2.77556e-17
51530 2.77556e-17
51540 3.33333e-06
51550 1.66667e-06
51560 1.66667e-06
51570 3.33333e-06
51580 1.66667e-06
51590 3.33333e-06
51600 3.33333e-06
51610 1.66667e-06
51620 1.66667e-06
51630 3.33333e-06
51640 1.66667e-06
51650 1.66667e-06
51660 1.66667e-06
51670 2.77556e-17
51680 2.77556e-17
51690 1.66667e-06
51700 1.66667e-06
51710 1.66667e-06
51720 3.33333e-06
51730 3.33333e-06
51740 3.33333e-06
51750 1.66667e-06
51760 3.33333e-06
51770 3.33333e-06
51780 3.33333e-06
51790 2.77556e-17
51800 1.66667e-06
51810 1.66667e-06
51820 2.77556e-17
51830 2.77556e-17
51840 2.77556e-17
51850 1.66667e-06
51860 3.33333e-06
51870 3.33333e-06
51880 3.33333e-06
51890 2.77556e-17
51900 2.77556e-17
51910 2.77556e-17
51920 1.66667e-06
51930 3.33333e-06
51940 3.33333e-06
51950 3.33333e-06
51960 2.77556e-17
51970 2.77556e-17
51980 1.66667e-06
51990 3.33333e-06
52000 1.66667e-06
52010 1.66667e-06
52020 1.66667e-06
52030 1.66667e-06
52040 3.33333e-06
52050 1.66667e-06
52060 1.66667e-06
52070 1.66667e-06
52080 3.33333e-06
52090 1.66667e-06
52100 1.66667e-06
52110 1.66667e-06
52120 2.77556e-17
52130 1.66667e-06
52140 1.66667e-06
52150 3.33333e-06
52160 3.33333e-06
52170 1.66667e-06
52180 2.77556e-17
52190 2.77556e-17
52200 1.66667e-06
52210 2.77556e-17
52220 1.66667e-06
52230 1.66667e-06
52240 2.77556e-17
52250 2.77556e-17
52260 2.77556e-17
52270 2.77556e-17
52280 1.66667e-06
52290 1.66667e-06
52300 3.33333e-06
52310 1.66667e-06
52320 1.66667e-06
52330 3.33333e-06
52340 3.33333e-06
52350 3.33333e-06
52360 1.66667e-06
52370 1.66667e-06
52380 1.66667e-06
52390 1.66667e-06
52400 3.33333e-06
52410 1.66667e-06
52420 3.33333e-06
52430 1.66667e-06
52440 1.66667e-06
52450 1.66667e-06
52460 1.66667e-06
52470 1.66667e-06
52480 2.77556e-17
52490 1.66667e-06
52500 1.66667e-06
52510 1.66667e-06
52520 1.66667e-06
52530 3.33333e-06
52540 3.33333e-06
52550 3.33333e-06
52560 3.33333e-06
52570 3.33333e-06
52580 2.77556e-17
52590 1.66667e-06
52600 1.66667e-06
52610 3.33333e-06
52620 3.33333e-06
52630 1.66667e-06
52640 1.66667e-06
52650 3.33333e-06
52660 2.77556e-17
52670 3.33333e-06
52680 3.33333e-06
52690 1.66667e-06
52700 3.33333e-06
52710 3.33333e-06
52720 1.66667e-06
52730 2.77556e-17
52740 3.33333e-06
52750 2.77556e-17
52760 1.66667e-06
52770 3.33333e-06
52780 3.33333e-06
52790 2.77556e-17
52800 1.66667e-06
52810 3.33333e-06
52820 1.66667e-06
52830 3.33333e-06
52840 3.33333e-06
52850 2.77556e-17
52860 1.66667e-06
52870 1.66667e-06
52880 1.66667e-06
52890 1.66667e-06
52900 2.77556e-17
52910 2.77556e-17
52920 2.77556e-17
52930 2.77556e-17
52940 1.66667e-06
52950 1.66667e-06
52960 2.77556e-17
52970 3.33333e-06
52980 2.77556e-17
52990 2.77556e-17
53000 3.33333e-06
53010 3.33333e-06
53020 1.66667e-06
53030 1.66667e-06
53040 2.77556e-17
53050 1.66667e-06
53060 2.77556e-17
53070 2.77556e-17
53080 1.66667e-06
53090 1.66667e-06
53100 2.77556e-17
53110 2.77556e-17
53120 1.66667e-06
53130 3.33333e-06
53140 3.33333e-06
53150 1.66667e-06
53160 3.33333e-06
53170 3.33333e-06
53180 3.33333e-06
53190 1.66667e-06
53200 3.33333e-06
53210 3.33333e-06
53220 2.77556e-17
53230 1.66667e-06
53240 3.33333e-06
53250 1.66667e-06
53260 1.66667e-06
53270 2.77556e-17
53280 2.77556e-17
53290 2.77556e-17
53300 1.66667e-06
53310 2.77556e-17
53320 1.66667e-06
53330 3.33333e-06
53340 3.33333e-06
53350 3.33333e-06
53360 1.66667e-06
53370 2.77556e-17
53380 3.33333e-06
53390 3.33333e-06
53400 1.66667e-06
53410 1.66667e-06
53420 1.66667e-06
53430 1.66667e-06
53440 1.66667e-06
53450 1.66667e-06
53460 1.66667e-06
53470 2.77556e-17
53480 2.77556e-17
53490 2.77556e-17
53500 1.66667e-06
53510 2.77556e-17
53520 1.66667e-06
53530 1.66667e-06
53540 2.77556e-17
53550 2.77556e-17
53560 1.66667e-06
53570 2.77556e-17
53580 3.33333e-06
53590 1.66667e-06
53600 1.66667e-06
53610 1.66667e-06
53620 3.33333e-06
53630 1.66667e-06
53640 2.77556e-17
53650 1.66667e-06
53660 1.66667e-06
53670 1.66667e-06
53680 2.77556e-17
53690 1.66667e-06
53700 1.66667e-06
53710 1.66667e-06
53720 1.66667e-06
53730 1.66667e-06
53740 3.33333e-06
53750 3.33333e-06
53760 1.66667e-06
53770 2.77556e-17
53780 2.77556e-17
53790 2.77556e-17
53800 2.77556e-17
53810 1.66667e-06
53820 2.77556e-17
53830 2.77556e-17
53840 2.77556e-17
53850 1.66667e-06
53860 1.66667e-06
53870 1.66667e-06
53880 1.66667e-06
53890 3.33333e-06
53900 1.66667e-06
53910 3.33333e-06
53920 3.33333e-06
53930 3.33333e-06
53940 1.66667e-06
53950 2.77556e-17
53960 1.66667e-06
53970 1.66667e-06
53980 1.66667e-06
53990 1.66667e-06
54000 1.66667e-06
54010 2.77556e-17
54020 2.77556e-17
54030 2.77556e-17
54040 1.66667e-06
54050 2.77556e-17
54060 1.66667e-06
54070 1.66667e-06
54080 1.66667e-06
54090 2.77556e-17
54100 3.33333e-06
54110 1.66667e-06
54120 1.66667e-06
54130 2.77556e-17
54140 1.66667e-06
54150 3.33333e-06
54160 1.66667e-06
54170 2.77556e-17
54180 2.77556e-17
54190 3.33333e-06
54200 3.33333e-06
54210 1.66667e-06
54220 2.77556e-17
54230 2.77556e-17
54240 3.33333e-06
54250 3.33333e-06
54260 1.66667e-06
54270 1.66667e-06
54280 2.77556e-17
54290 1.66667e-06
54300 3.33333e-06
54310 2.77556e-17
54320 1.66667e-06
54330 2.77556e-17
54340 2.77556e-17
54350 2.77556e-17
54360 1.66667e-06
54370 3.33333e-06
54380 1.66667e-06
54390 1.66667e-06
54400 1.66667e-06
54410 1.66667e-06
54420 2.77556e-17
54430 2.77556e-17
54440 1.66667e-06
54450 3.33333e-06
54460 2.77556e-17
54470 1.66667e-06
54480 1.66667e-06
54490 3.33333e-06
54500 2.77556e-17
54510 1.66667e-06
54520 2.77556e-17
54530 2.77556e-17
54540 1.66667e-06
54550 3.33333e-06
54560 1.66667e-06
54570 3.33333e-06
54580 3.33333e-06
54590 3.33333e-06
54600 1.66667e-06
54610 1.66667e-06
54620 3.33333e-06
54630 1.66667e-06
54640 3.33333e-06
54650 1.66667e-06
54660 3.33333e-06
54670 1.66667e-06
54680 1.66667e-06
54690 1.66667e-06
54700 3.33333e-06
54710 1.66667e-06
54720 1.66667e-06
54730 1.66667e-06
54740 2.77556e-17
54750 1.66667e-06
54760 1.66667e-06
54770 1.66667e-06
54780 1.66667e-06
54790 2.77556e-17
54800 1.66667e-06
54810 1.66667e-06
54820 3.33333e-06
54830 1.66667e-06
54840 3.33333e-06
54850 1.66667e-06
54860 3.33333e-06
54870 1.66667e-06
54880 2.77556e-17
54890 1.66667e-06
54900 2.77556e-17
54910 1.66667e-06
54920 2.77556e-17
54930 3.33333e-06
54940 1.66667e-06
54950 1.66667e-06
54960 2.77556e-17
54970 2.77556e-17
54980 1.66667e-06
54990 1.66667e-06
55000 1.66667e-06
55010 1.66667e-06
55020 1.66667e-06
55030 1.66667e-06
55040 1.66667e-06
55050 1.66667e-06
55060 1.66667e-06
55070 3.33333e-06
55080 3.33333e-06
55090 1.66667e-06
55100 2.77556e-17
55110 1.66667e-06
55120 1.66667e-06
55130 3.33333e-06
55140 1.66667e-06
55150 1.66667e-06
55160 3.33333e-06
55170 1.66667e-06
55180 1.66667e-06
55190 1.66667e-06
55200 2.77556e-17
55210 2.77556e-17
55220 1.66667e-06
55230 2.77556e-17
55240 2.77556e-17
55250 1.66667e-06
55260 2.77556e-17
55270 1.66667e-06
55280 1.66667e-06
55290 1.66667e-06
55300 1.66667e-06
55310 2.77556e-17
55320 3.33333e-06
55330 1.66667e-06
55340 1.66667e-06
55350 1.66667e-06
55360 1.66667e-06
55370 2.77556e-17
55380 3.33333e-06
55390 3.33333e-06
55400 3.33333e-06
55410 1.66667e-06
55420 3.33333e-06
55430 2.77556e-17
55440 3.33333e-06
55450 1.66667e-06
55460 1.66667e-06
55470 3.33333e-06
55480 1.66667e-06
55490 2.77556e-17
55500 1.66667e-06
55510 3.33333e-06
55520 2.77556e-17
55530 1.66667e-06
55540 1.66667e-06
55550 1.66667e-06
55560 2.77556e-17
55570 2.77556e-17
55580 2.77556e-17
55590 1.66667e-06
55600 1.66667e-06
55610 2.77556e-17
55620 2.77556e-17
55630 1.66667e-06
55640 2.77556e-17
55650 1.66667e-06
55660 1.66667e-06
55670 1.66667e-06
55680 1.66667e-06
55690 2.77556e-17
55700 1.66667e-06
55710 1.66667e-06
55720 3.33333e-06
55730 3.33333e-06
55740 3.33333e-06
55750 3.33333e-06
55760 2.77556e-17
55770 2.77556e-17
55780 2.77556e-17
55790 1.66667e-06
55800 2.77556e-17
55810 2.77556e-17
55820 3.33333e-06
55830 3.33333e-06
55840 2.77556e-17
55850 1.66667e-06
55860 2.77556e-17
55870 1.66667e-06
55880 3.33333e-06
55890 1.66667e-06
55900 3.33333e-06
55910 1.66667e-06
55920 2.77556e-17
55930 1.66667e-06
55940 1.66667e-06
55950 3.33333e-06
55960 1.66667e-06
55970 3.33333e-06
55980 3.33333e-06
55990 1.66667e-06
56000 1.66667e-06
56010 3.33333e-06
56020 1.66667e-06
56030 3.33333e-06
56040 1.66667e-06
56050 2.77556e-17
56060 3.33333e-06
56070 1.66667e-06
56080 3.33333e-06
56090 3.33333e-06
56100 2.77556e-17
56110 2.77556e-17
56120 1.66667e-06
56130 3.33333e-06
56140 2.77556e-17
56150 2.77556e-17
56160 1.66667e-06
56170 2.77556e-17
56180 2.77556e-17
56190 1.66667e-06
56200 2.77556e-17
56210 1.66667e-06
56220 1.66667e-06
56230 1.66667e-06
56240 2.77556e-17
56250 2.77556e-17
56260 1.66667e-06
56270 1.66667e-06
56280 1.66667e-06
56290 1.66667e-06
56300 1.66667e-06
56310 3.33333e-06
56320 1.66667e-06
56330 2.77556e-17
56340 1.66667e-06
56350 1.66667e-06
56360 3.33333e-06
56370 3.33333e-06
56380 1.66667e-06
56390 2.77556e-17
56400 2.77556e-17
56410 1.66667e-06
56420 1.66667e-06
56430 2.77556e-17
56440 3.33333e-06
56450 3.33333e-06
56460 1.66667e-06
56470 1.66667e-06
56480 1.66667e-06
56490 1.66667e-06
56500 2.77556e-17
56510 1.66667e-06
56520 3.33333e-06
56530 3.33333e-06
56540 1.66667e-06
56550 2.77556e-17
56560 2.77556e-17
56570 1.66667e-06
56580 2.77556e-17
56590 1.66667e-06
56600 3.33333e-06
56610 1.66667e-06
56620 1.66667e-06
56630 1.66667e-06
56640 2.77556e-17
56650 2.77556e-17
56660 2.77556e-17
56670 1.66667e-06
56680 1.66667e-06
56690 2.77556e-17
56700 1.66667e-06
56710 1.66667e-06
56720 2.77556e-17
56730 1.66667e-06
56740 1.66667e-06
56750 1.66667e-06
56760 1.66667e-06
56770 1.66667e-06
56780 1.66667e-06
56790 2.77556e-17
56800 1.66667e-06
56810 2.77556e-17
56820 2.77556e-17
56830 1.66667e-06
56840 1.66667e-06
56850 2.77556e-17
56860 1.66667e-06
56870 1.66667e-06
56880 1.66667e-06
56890 1.66667e-06
56900 3.33333e-06
56910 1.66667e-06
56920 1.66667e-06
56930 2.77556e-17
56940 2.77556e-17
56950 3.33333e-06
56960 1.66667e-06
56970 1.66667e-06
56980 1.66667e-06
56990 2.77556e-17
57000 1.66667e-06
57010 2.77556e-17
57020 3.33333e-06
57030 3.33333e-06
57040 1.66667e-06
57050 2.77556e-17
57060 1.66667e-06
57070 3.33333e-06
57080 2.77556e-17
57090 3.33333e-06
57100 2.77556e-17
57110 1.66667e-06
57120 2.77556e-17
57130 1.66667e-06
57140 3.33333e-06
57150 1.66667e-06
57160 1.66667e-06
57170 3.33333e-06
57180 2.77556e-17
57190 3.33333e-06
57200 1.66667e-06
57210 2.77556e-17
57220 1.66667e-06
57230 1.66667e-06
57240 3.33333e-06
57250 2.77556e-17
57260 1.66667e-06
57270 1.66667e-06
57280 3.33333e-06
57290 1.66667e-06
57300 1.66667e-06
57310 3.33333e-06
57320 1.66667e-06
57330 3.33333e-06
57340 3.33333e-06
57350 3.33333e-06
57360 1.66667e-06
57370 1.66667e-06
57380 3.33333e-06
57390 1.66667e-06
57400 3.33333e-06
57410 1.66667e-06
57420 1.66667e-06
57430 3.33333e-06
57440 2.77556e-17
57450 2.77556e-17
57460 2.77556e-17
57470 1.66667e-06
57480 3.33333e-06
57490 1.66667e-06
57500 1.66667e-06
57510 1.66667e-06
57520 1.66667e-06
57530 1.66667e-06
57540 3.33333e-06
57550 1.66667e-06
57560 1.66667e-06
57570 1.66667e-06
57580 1.66667e-06
57590 1.66667e-06
57600 1.66667e-06
57610 2.77556e-17
57620 3.33333e-06
57630 1.66667e-06
57640 2.77556e-17
57650 1.66667e-06
57660 3.33333e-06
57670 2.77556e-17
57680 1.66667e-06
57690 1.66667e-06
57700 1.66667e-06
57710 2.77556e-17
57720 3.33333e-06
57730 3.33333e-06
57740 1.66667e-06
57750 1.66667e-06
57760 1.66667e-06
57770 2.77556e-17
57780 2.77556e-17
57790 1.66667e-06
57800 1.66667e-06
57810 1.66667e-06
57820 1.66667e-06
57830 1.66667e-06
57840 1.66667e-06
57850 1.66667e-06
57860 2.77556e-17
57870 1.66667e-06
57880 3.33333e-06
57890 1.66667e-06
57900 1.66667e-06
57910 1.66667e-06
57920 3.33333e-06
57930 1.66667e-06
57940 1.66667e-06
57950 1.66667e-06
57960 1.66667e-06
57970 1.66667e-06
57980 2.77556e-17
57990 1.66667e-06
58000 1.66667e-06
58010 2.77556e-17
58020 2.77556e-17
58030 1.66667e-06
58040 2.77556e-17
58050 1.66667e-06
58060 2.77556e-17
58070 1.66667e-06
58080 1.66667e-06
58090 1.66667e-06
58100 1.66667e-06
58110 2.77556e-17
58120 2.77556e-17
58130 3.33333e-06
58140 3.33333e-06
58150 2.77556e-17
58160 1.66667e-06
58170 1.66667e-06
58180 1.66667e-06
58190 3.33333e-06
58200 1.66667e-06
58210 1.66667e-06
58220 3.33333e-06
58230 3.33333e-06
58240 3.33333e-06
58250 1.66667e-06
58260 2.77556e-17
58270 1.66667e-06
58280 3.33333e-06
58290 3.33333e-06
58300 1.66667e-06
58310 3.33333e-06
58320 1.66667e-06
58330 1.66667e-06
58340 2.77556e-17
58350 2.77556e-17
58360 3.33333e-06
58370 3.33333e-06
58380 3.33333e-06
58390 3.33333e-06
58400 3.33333e-06
58410 3.33333e-06
58420 1.66667e-06
58430 3.33333e-06
58440 1.66667e-06
58450 3.33333e-06
58460 3.33333e-06
58470 1.66667e-06
58480 3.33333e-06
58490 1.66667e-06
58500 1.66667e-06
58510 1.66667e-06
58520 1.66667e-06
58530 3.33333e-06
58540 1.66667e-06
58550 3.33333e-06
58560 2.77556e-17
58570 1.66667e-06
58580 3.33333e-06
58590 1.66667e-06
58600 1.66667e-06
58610 3.33333e-06
58620 2.77556e-17
58630 3.33333e-06
58640 3.33333e-06
58650 3.33333e-06
58660 1.66667e-06
58670 1.66667e-06
58680 1.66667e-06
58690 1.66667e-06
58700 2.77556e-17
58710 1.66667e-06
58720 2.77556e-17
58730 3.33333e-06
58740 1.66667e-06
58750 1.66667e-06
58760 2.77556e-17
58770 1.66667e-06
58780 1.66667e-06
58790 2.77556e-17
58800 1.66667e-06
58810 1.66667e-06
58820 1.66667e-06
58830 3.33333e-06
58840 1.66667e-06
58850 3.33333e-06
58860 2.77556e-17
58870 2.77556e-17
58880 1.66667e-06
58890 1.66667e-06
58900 1.66667e-06
58910 2.77556e-17
58920 1.66667e-06
58930 1.66667e-06
58940 1.66667e-06
58950 2.77556e-17
58960 1.66667e-06
58970 1.66667e-06
58980 3.33333e-06
58990 1.66667e-06
59000 2.77556e-17
59010 3.33333e-06
59020 3.33333e-06
59030 3.33333e-06
59040 3.33333e-06
59050 1.66667e-06
59060 1.66667e-06
59070 2.77556e-17
59080 1.66667e-06
59090 1.66667e-06
59100 1.66667e-06
59110 3.33333e-06
59120 1.66667e-06
59130 3.33333e-06
59140 3.33333e-06
59150 1.66667e-06
59160 1.66667e-06
59170 3.33333e-06
59180 3.33333e-06
59190 2.77556e-17
59200 1.66667e-06
59210 2.77556e-17
59220 2.77556e-17
59230 3.33333e-06
59240 1.66667e-06
59250 1.66667e-06
59260 1.66667e-06
59270 3.33333e-06
59280 1.66667e-06
59290 2.77556e-17
59300 2.77556e-17
59310 1.66667e-06
59320 1.66667e-06
59330 2.77556e-17
59340 2.77556e-17
59350 2.77556e-17
59360 3.33333e-06
59370 2.77556e-17
59380 2.77556e-17
59390 1.66667e-06
59400 3.33333e-06
59410 3.33333e-06
59420 1.66667e-06
59430 2.77556e-17
59440 1.66667e-06
59450 1.66667e-06
59460 2.77556e-17
59470 1.66667e-06
59480 2.77556e-17
59490 2.77556e-17
59500 1.66667e-06
59510 1.66667e-06
59520 3.33333e-06
59530 3.33333e-06
59540 3.33333e-06
59550 1.66667e-06
59560 1.66667e-06
59570 1.66667e-06
59580 1.66667e-06
59590 1.66667e-06
59600 1.66667e-06
59610 2.77556e-17
59620 2.77556e-17
59630 1.66667e-06
59640 1.66667e-06
59650 3.33333e-06
59660 1.66667e-06
59670 1.66667e-06
59680 1.66667e-06
59690 1.66667e-06
59700 3.33333e-06
59710 3.33333e-06
59720 1.66667e-06
59730 2.77556e-17
59740 1.66667e-06
59750 2.77556e-17
59760 1.66667e-06
59770 1.66667e-06
59780 3.33333e-06
59790 2.77556e-17
59800 1.66667e-06
59810 3.33333e-06
59820 1.66667e-06
59830 2.77556e-17
59840 1.66667e-06
59850 3.33333e-06
59860 3.33333e-06
59870 1.66667e-06
59880 2.77556e-17
59890 2.77556e-17
59900 1.66667e-06
59910 1.66667e-06
59920 3.33333e-06
59930 1.66667e-06
59940 1.66667e-06
59950 3.33333e-06
59960 3.33333e-06
59970 1.66667e-06
59980 1.66667e-06
59990 1.66667e-06
60000 3.33333e-06
60010 1.66667e-06
60020 3.33333e-06
60030 1.66667e-06
60040 1.66667e-06
60050 2.77556e-17
60060 2.77556e-17
60070 3.33333e-06
60080 1.66667e-06
60090 1.66667e-06
60100 2.77556e-17
60110 1.66667e-06
60120 1.66667e-06
60130 1.66667e-06
60140 3.33333e-06
60150 1.66667e-06
60160 3.33333e-06
60170 1.66667e-06
60180 2.77556e-17
60190 1.66667e-06
60200 3.33333e-06
60210 1.66667e-06
60220 1.66667e-06
60230 1.66667e-06
60240 3.33333e-06
60250 3.33333e-06
60260 3.33333e-06
60270 3.33333e-06
60280 3.33333e-06
60290 3.33333e-06
60300 3.33333e-06
60310 1.66667e-06
60320 1.66667e-06
60330 1.66667e-06
60340 1.66667e-06
60350 3.33333e-06
60360 3.33333e-06
60370 1.66667e-06
60380 2.77556e-17
60390 1.66667e-06
60400 1.66667e-06
60410 2.77556e-17
60420 1.66667e-06
60430 2.77556e-17
60440 1.66667e-06
60450 1.66667e-06
60460 1.66667e-06
60470 1.66667e-06
60480 1.66667e-06
60490 2.77556e-17
60500 3.33333e-06
60510 1.66667e-06
60520 2.77556e-17
60530 1.66667e-06
60540 1.66667e-06
60550 1.66667e-06
60560 1.66667e-06
60570 1.66667e-06
60580 1.66667e-06
