10 1.66667e-06
20 1.66667e-06
30 1.66667e-06
40 2.77556e-17
50 2.77556e-17
60 2.77556e-17
70 2.77556e-17
80 3.33333e-06
90 2.77556e-17
100 2.77556e-17
110 1.66667e-06
120 0.16667
130 0.166668
140 1.66667e-06
150 3.33333e-06
160 3.33333e-06
170 0.0555583
180 1.66667e-06
190 1.66667e-06
200 1.66667e-06
210 1.66667e-06
220 0.16667
230 2.77556e-17
240 0.16667
250 0.166668
260 0.166668
270 3.33333e-06
280 1.66667e-06
290 1.66667e-06
300 3.33333e-06
310 2.77556e-17
320 3.33333e-06
330 0.16667
340 3.33333e-06
350 3.33333e-06
360 2.77556e-17
370 1.66667e-06
380 3.33333e-06
390 1.66667e-06
400 2.77556e-17
410 2.77556e-17
420 0.16667
430 2.77556e-17
440 3.33333e-06
450 3.33333e-06
460 1.66667e-06
470 2.77556e-17
480 2.77556e-17
490 2.77556e-17
500 1.66667e-06
510 1.66667e-06
520 0.16667
530 1.66667e-06
540 0.166668
550 1.66667e-06
560 1.66667e-06
570 1.66667e-06
580 3.33333e-06
590 1.66667e-06
600 1.66667e-06
610 2.77556e-17
620 1.66667e-06
630 1.66667e-06
640 1.66667e-06
650 1.66667e-06
660 3.33333e-06
670 2.77556e-17
680 1.66667e-06
690 1.66667e-06
700 0.166668
710 2.77556e-17
720 2.77556e-17
730 3.33333e-06
740 1.66667e-06
750 2.77556e-17
760 2.77556e-17
770 0.166668
780 3.33333e-06
790 1.66667e-06
800 3.33333e-06
810 3.33333e-06
820 3.33333e-06
830 3.33333e-06
840 3.33333e-06
850 3.33333e-06
860 1.66667e-06
870 2.77556e-17
880 1.66667e-06
890 2.77556e-17
900 1.66667e-06
910 1.66667e-06
920 0.16667
930 3.33333e-06
940 1.66667e-06
950 2.77556e-17
960 2.77556e-17
970 2.77556e-17
980 1.66667e-06
990 1.66667e-06
1000 3.33333e-06
1010 1.66667e-06
1020 1.66667e-06
1030 1.66667e-06
1040 3.33333e-06
1050 1.66667e-06
1060 2.77556e-17
1070 1.66667e-06
1080 2.77556e-17
1090 1.66667e-06
1100 1.66667e-06
1110 2.77556e-17
1120 1.66667e-06
1130 2.77556e-17
1140 2.77556e-17
1150 1.66667e-06
1160 3.33333e-06
1170 1.66667e-06
1180 2.77556e-17
1190 1.66667e-06
1200 1.66667e-06
1210 1.66667e-06
1220 3.33333e-06
1230 2.77556e-17
1240 2.77556e-17
1250 2.77556e-17
1260 2.77556e-17
1270 1.66667e-06
1280 1.66667e-06
1290 2.77556e-17
1300 1.66667e-06
1310 2.77556e-17
1320 1.66667e-06
1330 2.77556e-17
1340 2.77556e-17
1350 2.77556e-17
1360 2.77556e-17
1370 1.66667e-06
1380 2.77556e-17
1390 3.33333e-06
1400 1.66667e-06
1410 3.33333e-06
1420 0.16667
1430 2.77556e-17
1440 1.66667e-06
1450 2.77556e-17
1460 2.77556e-17
1470 3.33333e-06
1480 3.33333e-06
1490 3.33333e-06
1500 3.33333e-06
1510 1.66667e-06
1520 1.66667e-06
1530 1.66667e-06
1540 1.66667e-06
1550 2.77556e-17
1560 1.66667e-06
1570 2.77556e-17
1580 1.66667e-06
1590 1.66667e-06
1600 1.66667e-06
1610 1.66667e-06
1620 3.33333e-06
1630 2.77556e-17
1640 1.66667e-06
1650 3.33333e-06
1660 1.66667e-06
1670 1.66667e-06
1680 2.77556e-17
1690 1.66667e-06
1700 2.77556e-17
1710 1.66667e-06
1720 3.33333e-06
1730 1.66667e-06
1740 3.33333e-06
1750 1.66667e-06
1760 2.77556e-17
1770 2.77556e-17
1780 2.77556e-17
1790 2.77556e-17
1800 3.33333e-06
1810 2.77556e-17
1820 3.33333e-06
1830 3.33333e-06
1840 3.33333e-06
1850 1.66667e-06
1860 1.66667e-06
1870 2.77556e-17
1880 2.77556e-17
1890 1.66667e-06
1900 1.66667e-06
1910 1.66667e-06
1920 1.66667e-06
1930 1.66667e-06
1940 2.77556e-17
1950 1.66667e-06
1960 2.77556e-17
1970 1.66667e-06
1980 2.77556e-17
1990 2.77556e-17
2000 2.77556e-17
2010 2.77556e-17
2020 1.66667e-06
2030 2.77556e-17
2040 2.77556e-17
2050 1.66667e-06
2060 2.77556e-17
2070 1.66667e-06
2080 2.77556e-17
2090 1.66667e-06
2100 2.77556e-17
2110 1.66667e-06
2120 1.66667e-06
2130 1.66667e-06
2140 3.33333e-06
2150 1.66667e-06
2160 1.66667e-06
2170 1.66667e-06
2180 1.66667e-06
2190 2.77556e-17
2200 1.66667e-06
2210 1.66667e-06
2220 1.66667e-06
2230 3.33333e-06
2240 1.66667e-06
2250 2.77556e-17
2260 1.66667e-06
2270 2.77556e-17
2280 3.33333e-06
2290 1.66667e-06
2300 1.66667e-06
2310 1.66667e-06
2320 3.33333e-06
2330 1.66667e-06
2340 3.33333e-06
2350 1.66667e-06
2360 1.66667e-06
2370 1.66667e-06
2380 1.66667e-06
2390 1.66667e-06
2400 1.66667e-06
2410 1.66667e-06
2420 3.33333e-06
2430 2.77556e-17
2440 1.66667e-06
2450 1.66667e-06
2460 2.77556e-17
2470 1.66667e-06
2480 1.66667e-06
2490 3.33333e-06
2500 2.77556e-17
2510 1.66667e-06
2520 1.66667e-06
2530 1.66667e-06
2540 2.77556e-17
2550 1.66667e-06
2560 1.66667e-06
2570 3.33333e-06
2580 3.33333e-06
2590 1.66667e-06
2600 1.66667e-06
2610 3.33333e-06
2620 2.77556e-17
2630 2.77556e-17
2640 2.77556e-17
2650 2.77556e-17
2660 1.66667e-06
2670 2.77556e-17
2680 1.66667e-06
2690 2.77556e-17
2700 3.33333e-06
2710 2.77556e-17
2720 2.77556e-17
2730 1.66667e-06
2740 1.66667e-06
2750 1.66667e-06
2760 1.66667e-06
2770 2.77556e-17
2780 3.33333e-06
2790 1.66667e-06
2800 1.66667e-06
2810 3.33333e-06
2820 0.166668
2830 3.33333e-06
2840 2.77556e-17
2850 2.77556e-17
2860 2.77556e-17
2870 3.33333e-06
2880 3.33333e-06
2890 3.33333e-06
2900 1.66667e-06
2910 2.77556e-17
2920 2.77556e-17
2930 1.66667e-06
2940 3.33333e-06
2950 3.33333e-06
2960 1.66667e-06
2970 2.77556e-17
2980 1.66667e-06
2990 1.66667e-06
3000 3.33333e-06
3010 1.66667e-06
3020 2.77556e-17
3030 1.66667e-06
3040 1.66667e-06
3050 1.66667e-06
3060 1.66667e-06
3070 1.66667e-06
3080 1.66667e-06
3090 2.77556e-17
3100 3.33333e-06
3110 1.66667e-06
3120 2.77556e-17
3130 1.66667e-06
3140 1.66667e-06
3150 3.33333e-06
3160 1.66667e-06
3170 3.33333e-06
3180 3.33333e-06
3190 1.66667e-06
3200 3.33333e-06
3210 3.33333e-06
3220 1.66667e-06
3230 1.66667e-06
3240 1.66667e-06
3250 1.66667e-06
3260 3.33333e-06
3270 3.33333e-06
3280 2.77556e-17
3290 2.77556e-17
3300 1.66667e-06
3310 1.66667e-06
3320 2.77556e-17
3330 3.33333e-06
3340 1.66667e-06
3350 1.66667e-06
3360 2.77556e-17
3370 3.33333e-06
3380 1.66667e-06
3390 1.66667e-06
3400 1.66667e-06
3410 1.66667e-06
3420 3.33333e-06
3430 3.33333e-06
3440 3.33333e-06
3450 3.33333e-06
3460 3.33333e-06
3470 1.66667e-06
3480 3.33333e-06
3490 3.33333e-06
3500 1.66667e-06
3510 1.66667e-06
3520 2.77556e-17
3530 3.33333e-06
3540 1.66667e-06
3550 1.66667e-06
3560 2.77556e-17
3570 1.66667e-06
3580 3.33333e-06
3590 3.33333e-06
3600 2.77556e-17
3610 3.33333e-06
3620 2.77556e-17
3630 2.77556e-17
3640 2.77556e-17
3650 1.66667e-06
3660 1.66667e-06
3670 1.66667e-06
3680 2.77556e-17
3690 1.66667e-06
3700 1.66667e-06
3710 2.77556e-17
3720 1.66667e-06
3730 1.66667e-06
3740 2.77556e-17
3750 1.66667e-06
3760 1.66667e-06
3770 1.66667e-06
3780 1.66667e-06
3790 3.33333e-06
3800 1.66667e-06
3810 3.33333e-06
3820 1.66667e-06
3830 1.66667e-06
3840 2.77556e-17
3850 1.66667e-06
3860 3.33333e-06
3870 3.33333e-06
3880 3.33333e-06
3890 2.77556e-17
3900 1.66667e-06
3910 2.77556e-17
3920 1.66667e-06
3930 1.66667e-06
3940 1.66667e-06
3950 1.66667e-06
3960 1.66667e-06
3970 3.33333e-06
3980 1.66667e-06
3990 1.66667e-06
4000 2.77556e-17
4010 1.66667e-06
4020 1.66667e-06
4030 2.77556e-17
4040 1.66667e-06
4050 2.77556e-17
4060 1.66667e-06
4070 1.66667e-06
4080 2.77556e-17
4090 1.66667e-06
4100 1.66667e-06
4110 2.77556e-17
4120 2.77556e-17
4130 2.77556e-17
4140 1.66667e-06
4150 1.66667e-06
4160 2.77556e-17
4170 2.77556e-17
4180 1.66667e-06
4190 3.33333e-06
4200 2.77556e-17
4210 1.66667e-06
4220 1.66667e-06
4230 2.77556e-17
4240 2.77556e-17
4250 2.77556e-17
4260 1.66667e-06
4270 2.77556e-17
4280 1.66667e-06
4290 1.66667e-06
4300 1.66667e-06
4310 3.33333e-06
4320 3.33333e-06
4330 2.77556e-17
4340 2.77556e-17
4350 3.33333e-06
4360 3.33333e-06
4370 1.66667e-06
4380 3.33333e-06
4390 3.33333e-06
4400 2.77556e-17
4410 3.33333e-06
4420 1.66667e-06
4430 3.33333e-06
4440 3.33333e-06
4450 1.66667e-06
4460 2.77556e-17
4470 2.77556e-17
4480 3.33333e-06
4490 1.66667e-06
4500 1.66667e-06
4510 3.33333e-06
4520 3.33333e-06
4530 1.66667e-06
4540 1.66667e-06
4550 2.77556e-17
4560 2.77556e-17
4570 1.66667e-06
4580 1.66667e-06
4590 1.66667e-06
4600 3.33333e-06
4610 1.66667e-06
4620 1.66667e-06
4630 1.66667e-06
4640 2.77556e-17
4650 1.66667e-06
4660 1.66667e-06
4670 1.66667e-06
4680 3.33333e-06
4690 3.33333e-06
4700 1.66667e-06
4710 1.66667e-06
4720 1.66667e-06
4730 2.77556e-17
4740 3.33333e-06
4750 1.66667e-06
4760 1.66667e-06
4770 2.77556e-17
4780 3.33333e-06
4790 1.66667e-06
4800 1.66667e-06
4810 1.66667e-06
4820 1.66667e-06
4830 1.66667e-06
4840 1.66667e-06
4850 2.77556e-17
4860 2.77556e-17
4870 3.33333e-06
4880 2.77556e-17
4890 2.77556e-17
4900 1.66667e-06
4910 3.33333e-06
4920 1.66667e-06
4930 2.77556e-17
4940 1.66667e-06
4950 1.66667e-06
4960 2.77556e-17
4970 1.66667e-06
4980 3.33333e-06
4990 3.33333e-06
5000 1.66667e-06
5010 2.77556e-17
5020 1.66667e-06
5030 3.33333e-06
5040 2.77556e-17
5050 3.33333e-06
5060 1.66667e-06
5070 1.66667e-06
5080 1.66667e-06
5090 1.66667e-06
5100 2.77556e-17
5110 1.66667e-06
5120 3.33333e-06
5130 3.33333e-06
5140 1.66667e-06
5150 2.77556e-17
5160 1.66667e-06
5170 1.66667e-06
5180 3.33333e-06
5190 1.66667e-06
5200 1.66667e-06
5210 1.66667e-06
5220 1.66667e-06
5230 1.66667e-06
5240 1.66667e-06
5250 1.66667e-06
5260 1.66667e-06
5270 3.33333e-06
5280 3.33333e-06
5290 1.66667e-06
5300 1.66667e-06
5310 1.66667e-06
5320 1.66667e-06
5330 1.66667e-06
5340 1.66667e-06
5350 1.66667e-06
5360 2.77556e-17
5370 3.33333e-06
5380 1.66667e-06
5390 1.66667e-06
5400 1.66667e-06
5410 1.66667e-06
5420 3.33333e-06
5430 2.77556e-17
5440 2.77556e-17
5450 2.77556e-17
5460 3.33333e-06
5470 1.66667e-06
5480 1.66667e-06
5490 2.77556e-17
5500 1.66667e-06
5510 2.77556e-17
5520 2.77556e-17
5530 2.77556e-17
5540 3.33333e-06
5550 1.66667e-06
5560 1.66667e-06
5570 3.33333e-06
5580 1.66667e-06
5590 1.66667e-06
5600 1.66667e-06
5610 1.66667e-06
5620 1.66667e-06
5630 1.66667e-06
5640 2.77556e-17
5650 1.66667e-06
5660 3.33333e-06
5670 3.33333e-06
5680 1.66667e-06
5690 2.77556e-17
5700 1.66667e-06
5710 3.33333e-06
5720 2.77556e-17
5730 1.66667e-06
5740 1.66667e-06
5750 1.66667e-06
5760 2.77556e-17
5770 1.66667e-06
5780 3.33333e-06
5790 2.77556e-17
5800 1.66667e-06
5810 1.66667e-06
5820 2.77556e-17
5830 3.33333e-06
5840 1.66667e-06
5850 1.66667e-06
5860 2.77556e-17
5870 1.66667e-06
5880 1.66667e-06
5890 1.66667e-06
5900 2.77556e-17
5910 2.77556e-17
5920 1.66667e-06
5930 1.66667e-06
5940 2.77556e-17
5950 3.33333e-06
5960 2.77556e-17
5970 2.77556e-17
5980 2.77556e-17
5990 2.77556e-17
6000 3.33333e-06
6010 2.77556e-17
6020 1.66667e-06
6030 1.66667e-06
6040 3.33333e-06
6050 1.66667e-06
6060 1.66667e-06
6070 1.66667e-06
6080 1.66667e-06
6090 2.77556e-17
6100 3.33333e-06
6110 1.66667e-06
6120 2.77556e-17
6130 2.77556e-17
6140 1.66667e-06
6150 3.33333e-06
6160 2.77556e-17
6170 1.66667e-06
6180 1.66667e-06
6190 1.66667e-06
6200 2.77556e-17
6210 3.33333e-06
6220 1.66667e-06
6230 3.33333e-06
6240 1.66667e-06
6250 1.66667e-06
6260 1.66667e-06
6270 1.66667e-06
6280 3.33333e-06
6290 2.77556e-17
6300 1.66667e-06
6310 2.77556e-17
6320 3.33333e-06
6330 1.66667e-06
6340 2.77556e-17
6350 2.77556e-17
6360 1.66667e-06
6370 1.66667e-06
6380 1.66667e-06
6390 3.33333e-06
6400 1.66667e-06
6410 1.66667e-06
6420 1.66667e-06
6430 1.66667e-06
6440 1.66667e-06
6450 1.66667e-06
6460 1.66667e-06
6470 1.66667e-06
6480 2.77556e-17
6490 3.33333e-06
6500 1.66667e-06
6510 1.66667e-06
6520 2.77556e-17
6530 1.66667e-06
6540 3.33333e-06
6550 1.66667e-06
6560 2.77556e-17
6570 1.66667e-06
6580 2.77556e-17
6590 1.66667e-06
6600 3.33333e-06
6610 1.66667e-06
6620 2.77556e-17
6630 2.77556e-17
6640 1.66667e-06
6650 1.66667e-06
6660 3.33333e-06
6670 1.66667e-06
6680 2.77556e-17
6690 2.77556e-17
6700 3.33333e-06
6710 1.66667e-06
6720 1.66667e-06
6730 1.66667e-06
6740 2.77556e-17
6750 3.33333e-06
6760 2.77556e-17
6770 2.77556e-17
6780 2.77556e-17
6790 1.66667e-06
6800 2.77556e-17
6810 1.66667e-06
6820 1.66667e-06
6830 2.77556e-17
6840 3.33333e-06
6850 1.66667e-06
6860 3.33333e-06
6870 1.66667e-06
6880 3.33333e-06
6890 3.33333e-06
6900 1.66667e-06
6910 1.66667e-06
6920 2.77556e-17
6930 1.66667e-06
6940 3.33333e-06
6950 1.66667e-06
6960 1.66667e-06
6970 2.77556e-17
6980 2.77556e-17
6990 1.66667e-06
7000 2.77556e-17
7010 1.66667e-06
7020 2.77556e-17
7030 3.33333e-06
7040 2.77556e-17
7050 2.77556e-17
7060 2.77556e-17
7070 3.33333e-06
7080 3.33333e-06
7090 1.66667e-06
7100 1.66667e-06
7110 1.66667e-06
7120 1.66667e-06
7130 2.77556e-17
7140 1.66667e-06
7150 1.66667e-06
7160 1.66667e-06
7170 3.33333e-06
7180 3.33333e-06
7190 1.66667e-06
7200 3.33333e-06
7210 1.66667e-06
7220 1.66667e-06
7230 1.66667e-06
7240 1.66667e-06
7250 1.66667e-06
7260 2.77556e-17
7270 2.77556e-17
7280 1.66667e-06
7290 1.66667e-06
7300 1.66667e-06
7310 3.33333e-06
7320 3.33333e-06
7330 2.77556e-17
7340 1.66667e-06
7350 1.66667e-06
7360 1.66667e-06
7370 2.77556e-17
7380 2.77556e-17
7390 1.66667e-06
7400 1.66667e-06
7410 3.33333e-06
7420 1.66667e-06
7430 1.66667e-06
7440 1.66667e-06
7450 2.77556e-17
7460 3.33333e-06
7470 1.66667e-06
7480 2.77556e-17
7490 2.77556e-17
7500 1.66667e-06
7510 2.77556e-17
7520 3.33333e-06
7530 1.66667e-06
7540 3.33333e-06
7550 1.66667e-06
7560 1.66667e-06
7570 1.66667e-06
7580 1.66667e-06
7590 1.66667e-06
7600 2.77556e-17
7610 1.66667e-06
7620 1.66667e-06
7630 3.33333e-06
7640 3.33333e-06
7650 3.33333e-06
7660 1.66667e-06
7670 2.77556e-17
7680 1.66667e-06
7690 1.66667e-06
7700 1.66667e-06
7710 1.66667e-06
7720 3.33333e-06
7730 3.33333e-06
7740 3.33333e-06
7750 1.66667e-06
7760 3.33333e-06
7770 1.66667e-06
7780 1.66667e-06
7790 2.77556e-17
7800 1.66667e-06
7810 3.33333e-06
7820 1.66667e-06
7830 2.77556e-17
7840 3.33333e-06
7850 1.66667e-06
7860 1.66667e-06
7870 3.33333e-06
7880 1.66667e-06
7890 1.66667e-06
7900 1.66667e-06
7910 1.66667e-06
7920 2.77556e-17
7930 3.33333e-06
7940 3.33333e-06
7950 1.66667e-06
7960 3.33333e-06
7970 1.66667e-06
7980 1.66667e-06
7990 3.33333e-06
8000 2.77556e-17
8010 2.77556e-17
8020 2.77556e-17
8030 3.33333e-06
8040 3.33333e-06
8050 3.33333e-06
8060 2.77556e-17
8070 1.66667e-06
8080 3.33333e-06
8090 1.66667e-06
8100 2.77556e-17
8110 1.66667e-06
8120 3.33333e-06
8130 3.33333e-06
8140 1.66667e-06
8150 2.77556e-17
8160 2.77556e-17
8170 2.77556e-17
8180 1.66667e-06
8190 1.66667e-06
8200 1.66667e-06
8210 3.33333e-06
8220 1.66667e-06
8230 3.33333e-06
8240 1.66667e-06
8250 1.66667e-06
8260 1.66667e-06
8270 2.77556e-17
8280 1.66667e-06
8290 1.66667e-06
8300 1.66667e-06
8310 1.66667e-06
8320 1.66667e-06
8330 1.66667e-06
8340 1.66667e-06
8350 2.77556e-17
8360 3.33333e-06
8370 3.33333e-06
8380 1.66667e-06
8390 1.66667e-06
8400 3.33333e-06
8410 2.77556e-17
8420 2.77556e-17
8430 3.33333e-06
8440 2.77556e-17
8450 1.66667e-06
8460 1.66667e-06
8470 1.66667e-06
8480 1.66667e-06
8490 1.66667e-06
8500 3.33333e-06
8510 2.77556e-17
8520 3.33333e-06
8530 1.66667e-06
8540 2.77556e-17
8550 2.77556e-17
8560 1.66667e-06
8570 1.66667e-06
8580 1.66667e-06
8590 1.66667e-06
8600 2.77556e-17
8610 3.33333e-06
8620 3.33333e-06
8630 1.66667e-06
8640 2.77556e-17
8650 1.66667e-06
8660 2.77556e-17
8670 1.66667e-06
8680 2.77556e-17
8690 1.66667e-06
8700 3.33333e-06
8710 1.66667e-06
8720 2.77556e-17
8730 1.66667e-06
8740 3.33333e-06
8750 1.66667e-06
8760 1.66667e-06
8770 2.77556e-17
8780 1.66667e-06
8790 3.33333e-06
8800 3.33333e-06
8810 1.66667e-06
8820 3.33333e-06
8830 2.77556e-17
8840 2.77556e-17
8850 1.66667e-06
8860 1.66667e-06
8870 1.66667e-06
8880 2.77556e-17
8890 1.66667e-06
8900 1.66667e-06
8910 2.77556e-17
8920 1.66667e-06
8930 3.33333e-06
8940 2.77556e-17
8950 1.66667e-06
8960 2.77556e-17
8970 3.33333e-06
8980 1.66667e-06
8990 1.66667e-06
9000 1.66667e-06
9010 2.77556e-17
9020 3.33333e-06
9030 1.66667e-06
9040 2.77556e-17
9050 2.77556e-17
9060 1.66667e-06
9070 3.33333e-06
9080 1.66667e-06
9090 2.77556e-17
9100 3.33333e-06
9110 2.77556e-17
9120 2.77556e-17
9130 3.33333e-06
9140 3.33333e-06
9150 3.33333e-06
9160 2.77556e-17
9170 3.33333e-06
9180 1.66667e-06
9190 1.66667e-06
9200 1.66667e-06
9210 1.66667e-06
9220 1.66667e-06
9230 3.33333e-06
9240 1.66667e-06
9250 1.66667e-06
9260 3.33333e-06
9270 1.66667e-06
9280 2.77556e-17
9290 3.33333e-06
9300 2.77556e-17
9310 3.33333e-06
9320 1.66667e-06
9330 1.66667e-06
9340 2.77556e-17
9350 1.66667e-06
9360 1.66667e-06
9370 2.77556e-17
9380 3.33333e-06
9390 2.77556e-17
9400 2.77556e-17
9410 1.66667e-06
9420 2.77556e-17
9430 3.33333e-06
9440 2.77556e-17
9450 1.66667e-06
9460 1.66667e-06
9470 1.66667e-06
9480 1.66667e-06
9490 1.66667e-06
9500 2.77556e-17
9510 1.66667e-06
9520 1.66667e-06
9530 2.77556e-17
9540 1.66667e-06
9550 3.33333e-06
9560 1.66667e-06
9570 3.33333e-06
9580 1.66667e-06
9590 3.33333e-06
9600 2.77556e-17
9610 1.66667e-06
9620 3.33333e-06
9630 3.33333e-06
9640 1.66667e-06
9650 1.66667e-06
9660 1.66667e-06
9670 1.66667e-06
9680 1.66667e-06
9690 2.77556e-17
9700 1.66667e-06
9710 2.77556e-17
9720 2.77556e-17
9730 2.77556e-17
9740 1.66667e-06
9750 1.66667e-06
9760 2.77556e-17
9770 1.66667e-06
9780 3.33333e-06
9790 1.66667e-06
9800 1.66667e-06
9810 2.77556e-17
9820 2.77556e-17
9830 1.66667e-06
9840 2.77556e-17
9850 2.77556e-17
9860 3.33333e-06
9870 1.66667e-06
9880 3.33333e-06
9890 3.33333e-06
9900 1.66667e-06
9910 1.66667e-06
9920 1.66667e-06
9930 2.77556e-17
9940 2.77556e-17
9950 1.66667e-06
9960 3.33333e-06
9970 2.77556e-17
9980 2.77556e-17
9990 3.33333e-06
10000 1.66667e-06
10010 2.77556e-17
10020 1.66667e-06
10030 2.77556e-17
10040 2.77556e-17
10050 1.66667e-06
10060 3.33333e-06
10070 1.66667e-06
10080 2.77556e-17
10090 2.77556e-17
10100 1.66667e-06
10110 1.66667e-06
10120 1.66667e-06
10130 1.66667e-06
10140 3.33333e-06
10150 1.66667e-06
10160 1.66667e-06
10170 1.66667e-06
10180 3.33333e-06
10190 1.66667e-06
10200 1.66667e-06
10210 1.66667e-06
10220 2.77556e-17
10230 2.77556e-17
10240 1.66667e-06
10250 3.33333e-06
10260 1.66667e-06
10270 1.66667e-06
10280 3.33333e-06
10290 1.66667e-06
10300 3.33333e-06
10310 2.77556e-17
10320 2.77556e-17
10330 1.66667e-06
10340 3.33333e-06
10350 3.33333e-06
10360 1.66667e-06
10370 2.77556e-17
10380 1.66667e-06
10390 1.66667e-06
10400 2.77556e-17
10410 3.33333e-06
10420 3.33333e-06
10430 1.66667e-06
10440 1.66667e-06
10450 1.66667e-06
10460 3.33333e-06
10470 1.66667e-06
10480 1.66667e-06
10490 3.33333e-06
10500 2.77556e-17
10510 1.66667e-06
10520 1.66667e-06
10530 1.66667e-06
10540 1.66667e-06
10550 3.33333e-06
10560 1.66667e-06
10570 2.77556e-17
10580 3.33333e-06
10590 1.66667e-06
10600 3.33333e-06
10610 2.77556e-17
10620 2.77556e-17
10630 3.33333e-06
10640 1.66667e-06
10650 1.66667e-06
10660 3.33333e-06
10670 2.77556e-17
10680 1.66667e-06
10690 3.33333e-06
10700 1.66667e-06
10710 2.77556e-17
10720 1.66667e-06
10730 2.77556e-17
10740 3.33333e-06
10750 3.33333e-06
10760 3.33333e-06
10770 1.66667e-06
10780 1.66667e-06
10790 1.66667e-06
10800 1.66667e-06
10810 2.77556e-17
10820 1.66667e-06
10830 2.77556e-17
10840 1.66667e-06
10850 1.66667e-06
10860 1.66667e-06
10870 2.77556e-17
10880 2.77556e-17
10890 1.66667e-06
10900 1.66667e-06
10910 1.66667e-06
10920 3.33333e-06
10930 1.66667e-06
10940 1.66667e-06
10950 2.77556e-17
10960 3.33333e-06
10970 2.77556e-17
10980 1.66667e-06
10990 3.33333e-06
11000 2.77556e-17
11010 3.33333e-06
11020 1.66667e-06
11030 1.66667e-06
11040 1.66667e-06
11050 3.33333e-06
11060 2.77556e-17
11070 2.77556e-17
11080 1.66667e-06
11090 3.33333e-06
11100 1.66667e-06
11110 1.66667e-06
11120 1.66667e-06
11130 1.66667e-06
11140 3.33333e-06
11150 1.66667e-06
11160 1.66667e-06
11170 1.66667e-06
11180 1.66667e-06
11190 1.66667e-06
11200 2.77556e-17
11210 1.66667e-06
11220 1.66667e-06
11230 3.33333e-06
11240 1.66667e-06
11250 1.66667e-06
11260 1.66667e-06
11270 3.33333e-06
11280 1.66667e-06
11290 1.66667e-06
11300 2.77556e-17
11310 1.66667e-06
11320 3.33333e-06
11330 2.77556e-17
11340 3.33333e-06
11350 1.66667e-06
11360 3.33333e-06
11370 3.33333e-06
11380 1.66667e-06
11390 1.66667e-06
11400 2.77556e-17
11410 1.66667e-06
11420 2.77556e-17
11430 1.66667e-06
11440 1.66667e-06
11450 3.33333e-06
11460 1.66667e-06
11470 1.66667e-06
11480 1.66667e-06
11490 3.33333e-06
11500 1.66667e-06
11510 3.33333e-06
11520 1.66667e-06
11530 2.77556e-17
11540 3.33333e-06
11550 3.33333e-06
11560 2.77556e-17
11570 3.33333e-06
11580 2.77556e-17
11590 1.66667e-06
11600 2.77556e-17
11610 3.33333e-06
11620 3.33333e-06
11630 1.66667e-06
11640 2.77556e-17
11650 1.66667e-06
11660 2.77556e-17
11670 1.66667e-06
11680 1.66667e-06
11690 1.66667e-06
11700 1.66667e-06
11710 2.77556e-17
11720 1.66667e-06
11730 2.77556e-17
11740 2.77556e-17
11750 1.66667e-06
11760 1.66667e-06
11770 1.66667e-06
11780 1.66667e-06
11790 1.66667e-06
11800 1.66667e-06
11810 2.77556e-17
11820 1.66667e-06
11830 1.66667e-06
11840 1.66667e-06
11850 1.66667e-06
11860 3.33333e-06
11870 1.66667e-06
11880 2.77556e-17
11890 2.77556e-17
11900 2.77556e-17
11910 1.66667e-06
11920 3.33333e-06
11930 3.33333e-06
11940 1.66667e-06
11950 3.33333e-06
11960 2.77556e-17
11970 2.77556e-17
11980 1.66667e-06
11990 2.77556e-17
12000 1.66667e-06
12010 1.66667e-06
12020 2.77556e-17
12030 1.66667e-06
12040 1.66667e-06
12050 1.66667e-06
12060 2.77556e-17
12070 1.66667e-06
12080 3.33333e-06
12090 1.66667e-06
12100 1.66667e-06
12110 3.33333e-06
12120 1.66667e-06
12130 2.77556e-17
12140 3.33333e-06
12150 1.66667e-06
12160 1.66667e-06
12170 1.66667e-06
12180 1.66667e-06
12190 1.66667e-06
12200 3.33333e-06
12210 1.66667e-06
12220 1.66667e-06
12230 2.77556e-17
12240 3.33333e-06
12250 1.66667e-06
12260 2.77556e-17
12270 1.66667e-06
12280 1.66667e-06
12290 1.66667e-06
12300 2.77556e-17
12310 1.66667e-06
12320 3.33333e-06
12330 3.33333e-06
12340 1.66667e-06
12350 3.33333e-06
12360 3.33333e-06
12370 1.66667e-06
12380 3.33333e-06
12390 3.33333e-06
12400 1.66667e-06
12410 1.66667e-06
12420 3.33333e-06
12430 2.77556e-17
12440 1.66667e-06
12450 2.77556e-17
12460 2.77556e-17
12470 1.66667e-06
12480 3.33333e-06
12490 3.33333e-06
12500 2.77556e-17
12510 2.77556e-17
12520 2.77556e-17
12530 2.77556e-17
12540 2.77556e-17
12550 2.77556e-17
12560 1.66667e-06
12570 3.33333e-06
12580 1.66667e-06
12590 2.77556e-17
12600 2.77556e-17
12610 1.66667e-06
12620 2.77556e-17
12630 2.77556e-17
12640 2.77556e-17
12650 1.66667e-06
12660 3.33333e-06
12670 2.77556e-17
12680 2.77556e-17
12690 2.77556e-17
12700 1.66667e-06
12710 3.33333e-06
12720 2.77556e-17
12730 1.66667e-06
12740 3.33333e-06
12750 3.33333e-06
12760 2.77556e-17
12770 2.77556e-17
12780 1.66667e-06
12790 1.66667e-06
12800 1.66667e-06
12810 2.77556e-17
12820 2.77556e-17
12830 1.66667e-06
12840 1.66667e-06
12850 3.33333e-06
12860 1.66667e-06
12870 1.66667e-06
12880 1.66667e-06
12890 1.66667e-06
12900 2.77556e-17
12910 2.77556e-17
12920 3.33333e-06
12930 2.77556e-17
12940 3.33333e-06
12950 1.66667e-06
12960 1.66667e-06
12970 1.66667e-06
12980 1.66667e-06
12990 3.33333e-06
13000 3.33333e-06
13010 1.66667e-06
13020 1.66667e-06
13030 3.33333e-06
13040 1.66667e-06
13050 3.33333e-06
13060 2.77556e-17
13070 1.66667e-06
13080 1.66667e-06
13090 2.77556e-17
13100 2.77556e-17
13110 1.66667e-06
13120 1.66667e-06
13130 1.66667e-06
13140 3.33333e-06
13150 3.33333e-06
13160 2.77556e-17
13170 1.66667e-06
13180 2.77556e-17
13190 1.66667e-06
13200 3.33333e-06
13210 2.77556e-17
13220 1.66667e-06
13230 3.33333e-06
13240 2.77556e-17
13250 3.33333e-06
13260 2.77556e-17
13270 1.66667e-06
13280 1.66667e-06
13290 3.33333e-06
13300 2.77556e-17
13310 1.66667e-06
13320 1.66667e-06
13330 2.77556e-17
13340 2.77556e-17
13350 3.33333e-06
13360 2.77556e-17
13370 1.66667e-06
13380 2.77556e-17
13390 2.77556e-17
13400 1.66667e-06
13410 1.66667e-06
13420 1.66667e-06
13430 1.66667e-06
13440 1.66667e-06
13450 3.33333e-06
13460 1.66667e-06
13470 1.66667e-06
13480 1.66667e-06
13490 1.66667e-06
13500 1.66667e-06
13510 1.66667e-06
13520 1.66667e-06
13530 3.33333e-06
13540 1.66667e-06
13550 1.66667e-06
13560 2.77556e-17
13570 3.33333e-06
13580 3.33333e-06
13590 3.33333e-06
13600 2.77556e-17
13610 1.66667e-06
13620 2.77556e-17
13630 3.33333e-06
13640 3.33333e-06
13650 1.66667e-06
13660 3.33333e-06
13670 1.66667e-06
13680 1.66667e-06
13690 2.77556e-17
13700 3.33333e-06
13710 1.66667e-06
13720 2.77556e-17
13730 2.77556e-17
13740 1.66667e-06
13750 1.66667e-06
13760 3.33333e-06
13770 2.77556e-17
13780 1.66667e-06
13790 1.66667e-06
13800 1.66667e-06
13810 2.77556e-17
13820 2.77556e-17
13830 1.66667e-06
13840 1.66667e-06
13850 1.66667e-06
13860 1.66667e-06
13870 3.33333e-06
13880 1.66667e-06
13890 1.66667e-06
13900 1.66667e-06
13910 2.77556e-17
13920 1.66667e-06
13930 2.77556e-17
13940 2.77556e-17
13950 3.33333e-06
13960 2.77556e-17
13970 2.77556e-17
13980 1.66667e-06
13990 1.66667e-06
14000 3.33333e-06
14010 3.33333e-06
14020 3.33333e-06
14030 1.66667e-06
14040 2.77556e-17
14050 3.33333e-06
14060 1.66667e-06
14070 1.66667e-06
14080 3.33333e-06
14090 2.77556e-17
14100 1.66667e-06
14110 2.77556e-17
14120 1.66667e-06
14130 1.66667e-06
14140 3.33333e-06
14150 1.66667e-06
14160 2.77556e-17
14170 3.33333e-06
14180 1.66667e-06
14190 1.66667e-06
14200 2.77556e-17
14210 3.33333e-06
14220 1.66667e-06
14230 3.33333e-06
14240 1.66667e-06
14250 1.66667e-06
14260 3.33333e-06
14270 3.33333e-06
14280 2.77556e-17
14290 2.77556e-17
14300 3.33333e-06
14310 2.77556e-17
14320 1.66667e-06
14330 1.66667e-06
14340 3.33333e-06
14350 2.77556e-17
14360 1.66667e-06
14370 1.66667e-06
14380 1.66667e-06
14390 1.66667e-06
14400 2.77556e-17
14410 2.77556e-17
14420 2.77556e-17
14430 2.77556e-17
14440 2.77556e-17
14450 1.66667e-06
14460 3.33333e-06
14470 1.66667e-06
14480 2.77556e-17
14490 2.77556e-17
14500 1.66667e-06
14510 3.33333e-06
14520 3.33333e-06
14530 1.66667e-06
14540 3.33333e-06
14550 3.33333e-06
14560 2.77556e-17
14570 1.66667e-06
14580 1.66667e-06
14590 1.66667e-06
14600 3.33333e-06
14610 2.77556e-17
14620 2.77556e-17
14630 1.66667e-06
14640 1.66667e-06
14650 3.33333e-06
14660 1.66667e-06
14670 3.33333e-06
14680 1.66667e-06
14690 1.66667e-06
14700 1.66667e-06
14710 1.66667e-06
14720 3.33333e-06
14730 2.77556e-17
14740 1.66667e-06
14750 3.33333e-06
14760 2.77556e-17
14770 1.66667e-06
14780 3.33333e-06
14790 1.66667e-06
14800 1.66667e-06
14810 2.77556e-17
14820 1.66667e-06
14830 1.66667e-06
14840 1.66667e-06
14850 3.33333e-06
14860 1.66667e-06
14870 2.77556e-17
14880 2.77556e-17
14890 1.66667e-06
14900 3.33333e-06
14910 3.33333e-06
14920 3.33333e-06
14930 2.77556e-17
14940 2.77556e-17
14950 1.66667e-06
14960 3.33333e-06
14970 1.66667e-06
14980 3.33333e-06
14990 3.33333e-06
15000 1.66667e-06
15010 1.66667e-06
15020 1.66667e-06
15030 2.77556e-17
15040 2.77556e-17
15050 2.77556e-17
15060 1.66667e-06
15070 1.66667e-06
15080 3.33333e-06
15090 1.66667e-06
15100 2.77556e-17
15110 1.66667e-06
15120 1.66667e-06
15130 3.33333e-06
15140 3.33333e-06
15150 1.66667e-06
15160 1.66667e-06
15170 1.66667e-06
15180 3.33333e-06
15190 1.66667e-06
15200 3.33333e-06
15210 2.77556e-17
15220 1.66667e-06
15230 1.66667e-06
15240 1.66667e-06
15250 1.66667e-06
15260 3.33333e-06
15270 1.66667e-06
15280 2.77556e-17
15290 1.66667e-06
15300 1.66667e-06
15310 1.66667e-06
15320 2.77556e-17
15330 1.66667e-06
15340 3.33333e-06
15350 2.77556e-17
15360 1.66667e-06
15370 2.77556e-17
15380 1.66667e-06
15390 1.66667e-06
15400 2.77556e-17
15410 1.66667e-06
15420 2.77556e-17
15430 1.66667e-06
15440 3.33333e-06
15450 3.33333e-06
15460 1.66667e-06
15470 1.66667e-06
15480 1.66667e-06
15490 1.66667e-06
15500 3.33333e-06
15510 1.66667e-06
15520 3.33333e-06
15530 3.33333e-06
15540 1.66667e-06
15550 1.66667e-06
15560 3.33333e-06
15570 1.66667e-06
15580 2.77556e-17
15590 1.66667e-06
15600 1.66667e-06
15610 1.66667e-06
15620 1.66667e-06
15630 1.66667e-06
15640 2.77556e-17
15650 1.66667e-06
15660 1.66667e-06
15670 3.33333e-06
15680 2.77556e-17
15690 1.66667e-06
15700 1.66667e-06
15710 2.77556e-17
15720 1.66667e-06
15730 2.77556e-17
15740 2.77556e-17
15750 3.33333e-06
15760 3.33333e-06
15770 3.33333e-06
15780 2.77556e-17
15790 3.33333e-06
15800 1.66667e-06
15810 2.77556e-17
15820 3.33333e-06
15830 3.33333e-06
15840 1.66667e-06
15850 2.77556e-17
15860 2.77556e-17
15870 2.77556e-17
15880 1.66667e-06
15890 1.66667e-06
15900 1.66667e-06
15910 2.77556e-17
15920 2.77556e-17
15930 1.66667e-06
15940 1.66667e-06
15950 3.33333e-06
15960 1.66667e-06
15970 0.16667
15980 1.66667e-06
15990 2.77556e-17
16000 2.77556e-17
16010 2.77556e-17
16020 1.66667e-06
16030 2.77556e-17
16040 1.66667e-06
16050 2.77556e-17
16060 1.66667e-06
16070 2.77556e-17
16080 1.66667e-06
16090 3.33333e-06
16100 1.66667e-06
16110 3.33333e-06
16120 3.33333e-06
16130 3.33333e-06
16140 1.66667e-06
16150 3.33333e-06
16160 2.77556e-17
16170 1.66667e-06
16180 2.77556e-17
16190 2.77556e-17
16200 3.33333e-06
16210 1.66667e-06
16220 2.77556e-17
16230 2.77556e-17
16240 1.66667e-06
16250 1.66667e-06
16260 1.66667e-06
16270 1.66667e-06
16280 2.77556e-17
16290 1.66667e-06
16300 2.77556e-17
16310 1.66667e-06
16320 1.66667e-06
16330 1.66667e-06
16340 1.66667e-06
16350 1.66667e-06
16360 3.33333e-06
16370 1.66667e-06
16380 1.66667e-06
16390 1.66667e-06
16400 1.66667e-06
16410 2.77556e-17
16420 2.77556e-17
16430 3.33333e-06
16440 2.77556e-17
16450 1.66667e-06
16460 1.66667e-06
16470 3.33333e-06
16480 1.66667e-06
16490 1.66667e-06
16500 3.33333e-06
16510 3.33333e-06
16520 1.66667e-06
16530 1.66667e-06
16540 1.66667e-06
16550 1.66667e-06
16560 3.33333e-06
16570 3.33333e-06
16580 1.66667e-06
16590 1.66667e-06
16600 2.77556e-17
16610 2.77556e-17
16620 1.66667e-06
16630 1.66667e-06
16640 1.66667e-06
16650 1.66667e-06
16660 3.33333e-06
16670 1.66667e-06
16680 2.77556e-17
16690 1.66667e-06
16700 1.66667e-06
16710 1.66667e-06
16720 1.66667e-06
16730 1.66667e-06
16740 3.33333e-06
16750 1.66667e-06
16760 1.66667e-06
16770 3.33333e-06
16780 1.66667e-06
16790 1.66667e-06
16800 1.66667e-06
16810 1.66667e-06
16820 2.77556e-17
16830 3.33333e-06
16840 2.77556e-17
16850 1.66667e-06
16860 2.77556e-17
16870 2.77556e-17
16880 1.66667e-06
16890 3.33333e-06
16900 2.77556e-17
16910 3.33333e-06
16920 2.77556e-17
16930 3.33333e-06
16940 1.66667e-06
16950 3.33333e-06
16960 1.66667e-06
16970 2.77556e-17
16980 1.66667e-06
16990 3.33333e-06
17000 1.66667e-06
17010 2.77556e-17
17020 1.66667e-06
17030 3.33333e-06
17040 1.66667e-06
17050 3.33333e-06
17060 1.66667e-06
17070 1.66667e-06
17080 2.77556e-17
17090 1.66667e-06
17100 1.66667e-06
17110 1.66667e-06
17120 1.66667e-06
17130 2.77556e-17
17140 1.66667e-06
17150 1.66667e-06
17160 1.66667e-06
17170 1.66667e-06
17180 3.33333e-06
17190 2.77556e-17
17200 2.77556e-17
17210 1.66667e-06
17220 1.66667e-06
17230 1.66667e-06
17240 3.33333e-06
17250 1.66667e-06
17260 1.66667e-06
17270 1.66667e-06
17280 1.66667e-06
17290 2.77556e-17
17300 3.33333e-06
17310 1.66667e-06
17320 1.66667e-06
17330 1.66667e-06
17340 1.66667e-06
17350 1.66667e-06
17360 1.66667e-06
17370 1.66667e-06
17380 3.33333e-06
17390 3.33333e-06
17400 2.77556e-17
17410 1.66667e-06
17420 1.66667e-06
17430 1.66667e-06
17440 1.66667e-06
17450 1.66667e-06
17460 2.77556e-17
17470 2.77556e-17
17480 1.66667e-06
17490 1.66667e-06
17500 3.33333e-06
17510 1.66667e-06
17520 2.77556e-17
17530 3.33333e-06
17540 1.66667e-06
17550 1.66667e-06
17560 2.77556e-17
17570 2.77556e-17
17580 2.77556e-17
17590 3.33333e-06
17600 3.33333e-06
17610 1.66667e-06
17620 3.33333e-06
17630 2.77556e-17
17640 2.77556e-17
17650 1.66667e-06
17660 1.66667e-06
17670 1.66667e-06
17680 1.66667e-06
17690 3.33333e-06
17700 1.66667e-06
17710 3.33333e-06
17720 3.33333e-06
17730 3.33333e-06
17740 2.77556e-17
17750 3.33333e-06
17760 3.33333e-06
17770 2.77556e-17
17780 1.66667e-06
17790 2.77556e-17
17800 1.66667e-06
17810 3.33333e-06
17820 2.77556e-17
17830 3.33333e-06
17840 3.33333e-06
17850 1.66667e-06
17860 2.77556e-17
17870 2.77556e-17
17880 1.66667e-06
17890 3.33333e-06
17900 3.33333e-06
17910 2.77556e-17
17920 1.66667e-06
17930 3.33333e-06
17940 3.33333e-06
17950 1.66667e-06
17960 1.66667e-06
17970 3.33333e-06
17980 3.33333e-06
17990 2.77556e-17
18000 2.77556e-17
18010 3.33333e-06
18020 3.33333e-06
18030 1.66667e-06
18040 1.66667e-06
18050 2.77556e-17
18060 2.77556e-17
18070 1.66667e-06
18080 2.77556e-17
18090 2.77556e-17
18100 2.77556e-17
18110 1.66667e-06
18120 1.66667e-06
18130 2.77556e-17
18140 1.66667e-06
18150 3.33333e-06
18160 3.33333e-06
18170 1.66667e-06
18180 3.33333e-06
18190 1.66667e-06
18200 2.77556e-17
18210 1.66667e-06
18220 1.66667e-06
18230 1.66667e-06
18240 3.33333e-06
18250 1.66667e-06
18260 2.77556e-17
18270 3.33333e-06
18280 3.33333e-06
18290 3.33333e-06
18300 3.33333e-06
18310 2.77556e-17
18320 1.66667e-06
18330 1.66667e-06
18340 2.77556e-17
18350 2.77556e-17
18360 2.77556e-17
18370 1.66667e-06
18380 1.66667e-06
18390 2.77556e-17
18400 1.66667e-06
18410 3.33333e-06
18420 1.66667e-06
18430 2.77556e-17
18440 1.66667e-06
18450 3.33333e-06
18460 1.66667e-06
18470 1.66667e-06
18480 1.66667e-06
18490 1.66667e-06
18500 2.77556e-17
18510 3.33333e-06
18520 1.66667e-06
18530 1.66667e-06
18540 1.66667e-06
18550 1.66667e-06
18560 1.66667e-06
18570 1.66667e-06
18580 1.66667e-06
18590 3.33333e-06
18600 3.33333e-06
18610 1.66667e-06
18620 3.33333e-06
18630 3.33333e-06
18640 2.77556e-17
18650 1.66667e-06
18660 3.33333e-06
18670 1.66667e-06
18680 1.66667e-06
18690 1.66667e-06
18700 3.33333e-06
18710 2.77556e-17
18720 2.77556e-17
18730 2.77556e-17
18740 2.77556e-17
18750 3.33333e-06
18760 1.66667e-06
18770 2.77556e-17
18780 3.33333e-06
18790 2.77556e-17
18800 3.33333e-06
18810 1.66667e-06
18820 3.33333e-06
18830 1.66667e-06
18840 1.66667e-06
18850 1.66667e-06
18860 1.66667e-06
18870 1.66667e-06
18880 1.66667e-06
18890 3.33333e-06
18900 1.66667e-06
18910 2.77556e-17
18920 2.77556e-17
18930 1.66667e-06
18940 1.66667e-06
18950 2.77556e-17
18960 1.66667e-06
18970 1.66667e-06
18980 2.77556e-17
18990 1.66667e-06
19000 1.66667e-06
19010 2.77556e-17
19020 2.77556e-17
19030 1.66667e-06
19040 1.66667e-06
19050 1.66667e-06
19060 1.66667e-06
19070 2.77556e-17
19080 1.66667e-06
19090 1.66667e-06
19100 3.33333e-06
19110 1.66667e-06
19120 1.66667e-06
19130 1.66667e-06
19140 2.77556e-17
19150 3.33333e-06
19160 1.66667e-06
19170 1.66667e-06
19180 1.66667e-06
19190 1.66667e-06
19200 1.66667e-06
19210 3.33333e-06
19220 1.66667e-06
19230 3.33333e-06
19240 1.66667e-06
19250 1.66667e-06
19260 3.33333e-06
19270 1.66667e-06
19280 1.66667e-06
19290 1.66667e-06
19300 1.66667e-06
19310 2.77556e-17
19320 1.66667e-06
19330 3.33333e-06
19340 3.33333e-06
19350 1.66667e-06
19360 1.66667e-06
19370 1.66667e-06
19380 1.66667e-06
19390 1.66667e-06
19400 1.66667e-06
19410 1.66667e-06
19420 1.66667e-06
19430 1.66667e-06
19440 2.77556e-17
19450 1.66667e-06
19460 1.66667e-06
19470 1.66667e-06
19480 1.66667e-06
19490 3.33333e-06
19500 2.77556e-17
19510 2.77556e-17
19520 1.66667e-06
19530 1.66667e-06
19540 3.33333e-06
19550 1.66667e-06
19560 2.77556e-17
19570 1.66667e-06
19580 2.77556e-17
19590 1.66667e-06
19600 3.33333e-06
19610 1.66667e-06
19620 3.33333e-06
19630 3.33333e-06
19640 1.66667e-06
19650 1.66667e-06
19660 1.66667e-06
19670 1.66667e-06
19680 2.77556e-17
19690 2.77556e-17
19700 2.77556e-17
19710 1.66667e-06
19720 1.66667e-06
19730 1.66667e-06
19740 3.33333e-06
19750 2.77556e-17
19760 1.66667e-06
19770 1.66667e-06
19780 1.66667e-06
19790 2.77556e-17
19800 3.33333e-06
19810 1.66667e-06
19820 2.77556e-17
19830 2.77556e-17
19840 2.77556e-17
19850 1.66667e-06
19860 1.66667e-06
19870 2.77556e-17
19880 1.66667e-06
19890 3.33333e-06
19900 1.66667e-06
19910 3.33333e-06
19920 1.66667e-06
19930 2.77556e-17
19940 2.77556e-17
19950 3.33333e-06
19960 1.66667e-06
19970 1.66667e-06
19980 1.66667e-06
19990 1.66667e-06
20000 2.77556e-17
20010 2.77556e-17
20020 1.66667e-06
20030 3.33333e-06
20040 1.66667e-06
20050 2.77556e-17
20060 1.66667e-06
20070 3.33333e-06
20080 3.33333e-06
20090 2.77556e-17
20100 3.33333e-06
20110 1.66667e-06
20120 2.77556e-17
20130 3.33333e-06
20140 2.77556e-17
20150 1.66667e-06
20160 3.33333e-06
20170 1.66667e-06
20180 1.66667e-06
20190 3.33333e-06
20200 3.33333e-06
20210 1.66667e-06
20220 3.33333e-06
20230 2.77556e-17
20240 3.33333e-06
20250 2.77556e-17
20260 2.77556e-17
20270 2.77556e-17
20280 1.66667e-06
20290 1.66667e-06
20300 2.77556e-17
20310 1.66667e-06
20320 1.66667e-06
20330 2.77556e-17
20340 1.66667e-06
20350 1.66667e-06
20360 2.77556e-17
20370 2.77556e-17
20380 2.77556e-17
20390 1.66667e-06
20400 1.66667e-06
20410 2.77556e-17
20420 1.66667e-06
20430 1.66667e-06
20440 1.66667e-06
20450 1.66667e-06
20460 1.66667e-06
20470 1.66667e-06
20480 2.77556e-17
20490 2.77556e-17
20500 2.77556e-17
20510 3.33333e-06
20520 3.33333e-06
20530 3.33333e-06
20540 1.66667e-06
20550 2.77556e-17
20560 2.77556e-17
20570 1.66667e-06
20580 2.77556e-17
20590 1.66667e-06
20600 3.33333e-06
20610 2.77556e-17
20620 2.77556e-17
20630 1.66667e-06
20640 3.33333e-06
20650 3.33333e-06
20660 1.66667e-06
20670 2.77556e-17
20680 3.33333e-06
20690 1.66667e-06
20700 1.66667e-06
20710 2.77556e-17
20720 2.77556e-17
20730 1.66667e-06
20740 1.66667e-06
20750 1.66667e-06
20760 1.66667e-06
20770 3.33333e-06
20780 1.66667e-06
20790 2.77556e-17
20800 1.66667e-06
20810 1.66667e-06
20820 3.33333e-06
20830 1.66667e-06
20840 2.77556e-17
20850 2.77556e-17
20860 1.66667e-06
20870 1.66667e-06
20880 2.77556e-17
20890 1.66667e-06
20900 1.66667e-06
20910 1.66667e-06
20920 2.77556e-17
20930 1.66667e-06
20940 3.33333e-06
20950 1.66667e-06
20960 1.66667e-06
20970 3.33333e-06
20980 2.77556e-17
20990 1.66667e-06
21000 1.66667e-06
21010 1.66667e-06
21020 1.66667e-06
21030 2.77556e-17
21040 1.66667e-06
21050 3.33333e-06
21060 3.33333e-06
21070 1.66667e-06
21080 1.66667e-06
21090 3.33333e-06
21100 1.66667e-06
21110 2.77556e-17
21120 3.33333e-06
21130 3.33333e-06
21140 2.77556e-17
21150 1.66667e-06
21160 3.33333e-06
21170 1.66667e-06
21180 1.66667e-06
21190 1.66667e-06
21200 1.66667e-06
21210 1.66667e-06
21220 1.66667e-06
21230 2.77556e-17
21240 3.33333e-06
21250 3.33333e-06
21260 1.66667e-06
21270 2.77556e-17
21280 3.33333e-06
21290 2.77556e-17
21300 2.77556e-17
21310 1.66667e-06
21320 2.77556e-17
21330 2.77556e-17
21340 2.77556e-17
21350 2.77556e-17
21360 2.77556e-17
21370 2.77556e-17
21380 1.66667e-06
21390 1.66667e-06
21400 2.77556e-17
21410 3.33333e-06
21420 3.33333e-06
21430 1.66667e-06
21440 1.66667e-06
21450 3.33333e-06
21460 3.33333e-06
21470 1.66667e-06
21480 1.66667e-06
21490 1.66667e-06
21500 2.77556e-17
21510 3.33333e-06
21520 1.66667e-06
21530 1.66667e-06
21540 3.33333e-06
21550 2.77556e-17
21560 1.66667e-06
21570 1.66667e-06
21580 3.33333e-06
21590 2.77556e-17
21600 3.33333e-06
21610 1.66667e-06
21620 1.66667e-06
21630 3.33333e-06
21640 3.33333e-06
21650 1.66667e-06
21660 1.66667e-06
21670 2.77556e-17
21680 2.77556e-17
21690 1.66667e-06
21700 2.77556e-17
21710 2.77556e-17
21720 1.66667e-06
21730 3.33333e-06
21740 1.66667e-06
21750 1.66667e-06
21760 2.77556e-17
21770 1.66667e-06
21780 2.77556e-17
21790 2.77556e-17
21800 2.77556e-17
21810 2.77556e-17
21820 1.66667e-06
21830 1.66667e-06
21840 2.77556e-17
21850 2.77556e-17
21860 3.33333e-06
21870 1.66667e-06
21880 1.66667e-06
21890 1.66667e-06
21900 3.33333e-06
21910 1.66667e-06
21920 2.77556e-17
21930 1.66667e-06
21940 3.33333e-06
21950 2.77556e-17
21960 2.77556e-17
21970 3.33333e-06
21980 1.66667e-06
21990 3.33333e-06
22000 2.77556e-17
22010 1.66667e-06
22020 1.66667e-06
22030 1.66667e-06
22040 3.33333e-06
22050 1.66667e-06
22060 2.77556e-17
22070 1.66667e-06
22080 1.66667e-06
22090 1.66667e-06
22100 2.77556e-17
22110 1.66667e-06
22120 2.77556e-17
22130 1.66667e-06
22140 3.33333e-06
22150 1.66667e-06
22160 2.77556e-17
22170 1.66667e-06
22180 2.77556e-17
22190 2.77556e-17
22200 3.33333e-06
22210 1.66667e-06
22220 1.66667e-06
22230 2.77556e-17
22240 2.77556e-17
22250 1.66667e-06
22260 2.77556e-17
22270 1.66667e-06
22280 1.66667e-06
22290 3.33333e-06
22300 3.33333e-06
22310 3.33333e-06
22320 1.66667e-06
22330 1.66667e-06
22340 1.66667e-06
22350 1.66667e-06
22360 1.66667e-06
22370 3.33333e-06
22380 1.66667e-06
22390 2.77556e-17
22400 2.77556e-17
22410 2.77556e-17
22420 3.33333e-06
22430 1.66667e-06
22440 1.66667e-06
22450 1.66667e-06
22460 1.66667e-06
22470 3.33333e-06
22480 1.66667e-06
22490 1.66667e-06
22500 1.66667e-06
22510 1.66667e-06
22520 1.66667e-06
22530 2.77556e-17
22540 3.33333e-06
22550 3.33333e-06
22560 1.66667e-06
22570 3.33333e-06
22580 2.77556e-17
22590 2.77556e-17
22600 1.66667e-06
22610 3.33333e-06
22620 3.33333e-06
22630 1.66667e-06
22640 3.33333e-06
22650 1.66667e-06
22660 3.33333e-06
22670 1.66667e-06
22680 1.66667e-06
22690 1.66667e-06
22700 1.66667e-06
22710 2.77556e-17
22720 1.66667e-06
22730 2.77556e-17
22740 1.66667e-06
22750 3.33333e-06
22760 1.66667e-06
22770 3.33333e-06
22780 3.33333e-06
22790 1.66667e-06
22800 2.77556e-17
22810 2.77556e-17
22820 2.77556e-17
22830 2.77556e-17
22840 2.77556e-17
22850 2.77556e-17
22860 1.66667e-06
22870 2.77556e-17
22880 1.66667e-06
22890 1.66667e-06
22900 1.66667e-06
22910 2.77556e-17
22920 1.66667e-06
22930 1.66667e-06
22940 2.77556e-17
22950 2.77556e-17
22960 1.66667e-06
22970 1.66667e-06
22980 2.77556e-17
22990 1.66667e-06
23000 1.66667e-06
23010 1.66667e-06
23020 1.66667e-06
23030 2.77556e-17
23040 1.66667e-06
23050 1.66667e-06
23060 2.77556e-17
23070 1.66667e-06
23080 1.66667e-06
23090 3.33333e-06
23100 1.66667e-06
23110 1.66667e-06
23120 3.33333e-06
23130 3.33333e-06
23140 1.66667e-06
23150 1.66667e-06
23160 3.33333e-06
23170 1.66667e-06
23180 1.66667e-06
23190 3.33333e-06
23200 1.66667e-06
23210 3.33333e-06
23220 2.77556e-17
23230 1.66667e-06
23240 1.66667e-06
23250 1.66667e-06
23260 3.33333e-06
23270 2.77556e-17
23280 3.33333e-06
23290 3.33333e-06
23300 3.33333e-06
23310 1.66667e-06
23320 1.66667e-06
23330 2.77556e-17
23340 3.33333e-06
23350 2.77556e-17
23360 2.77556e-17
23370 1.66667e-06
23380 1.66667e-06
23390 3.33333e-06
23400 3.33333e-06
23410 1.66667e-06
23420 1.66667e-06
23430 3.33333e-06
23440 1.66667e-06
23450 1.66667e-06
23460 1.66667e-06
23470 1.66667e-06
23480 3.33333e-06
23490 2.77556e-17
23500 1.66667e-06
23510 1.66667e-06
23520 1.66667e-06
23530 2.77556e-17
23540 2.77556e-17
23550 3.33333e-06
23560 1.66667e-06
23570 1.66667e-06
23580 2.77556e-17
23590 3.33333e-06
23600 1.66667e-06
23610 2.77556e-17
23620 1.66667e-06
23630 2.77556e-17
23640 3.33333e-06
23650 3.33333e-06
23660 2.77556e-17
23670 1.66667e-06
23680 1.66667e-06
23690 1.66667e-06
23700 1.66667e-06
23710 3.33333e-06
23720 1.66667e-06
23730 3.33333e-06
23740 2.77556e-17
23750 1.66667e-06
23760 1.66667e-06
23770 3.33333e-06
23780 2.77556e-17
23790 2.77556e-17
23800 2.77556e-17
23810 1.66667e-06
23820 1.66667e-06
23830 2.77556e-17
23840 1.66667e-06
23850 3.33333e-06
23860 1.66667e-06
23870 1.66667e-06
23880 1.66667e-06
23890 3.33333e-06
23900 3.33333e-06
23910 1.66667e-06
23920 2.77556e-17
23930 2.77556e-17
23940 2.77556e-17
23950 3.33333e-06
23960 3.33333e-06
23970 1.66667e-06
23980 2.77556e-17
23990 3.33333e-06
24000 3.33333e-06
24010 1.66667e-06
24020 2.77556e-17
24030 2.77556e-17
24040 2.77556e-17
24050 1.66667e-06
24060 3.33333e-06
24070 1.66667e-06
24080 2.77556e-17
24090 1.66667e-06
24100 3.33333e-06
24110 2.77556e-17
24120 3.33333e-06
24130 2.77556e-17
24140 2.77556e-17
24150 2.77556e-17
24160 1.66667e-06
24170 3.33333e-06
24180 1.66667e-06
24190 3.33333e-06
24200 1.66667e-06
24210 1.66667e-06
24220 2.77556e-17
24230 1.66667e-06
24240 1.66667e-06
24250 2.77556e-17
24260 1.66667e-06
24270 1.66667e-06
24280 3.33333e-06
24290 3.33333e-06
24300 1.66667e-06
24310 2.77556e-17
24320 2.77556e-17
24330 2.77556e-17
24340 1.66667e-06
24350 1.66667e-06
24360 3.33333e-06
24370 2.77556e-17
24380 1.66667e-06
24390 1.66667e-06
24400 1.66667e-06
24410 1.66667e-06
24420 3.33333e-06
24430 2.77556e-17
24440 3.33333e-06
24450 1.66667e-06
24460 1.66667e-06
24470 1.66667e-06
24480 2.77556e-17
24490 1.66667e-06
24500 3.33333e-06
24510 1.66667e-06
24520 1.66667e-06
24530 1.66667e-06
24540 1.66667e-06
24550 3.33333e-06
24560 3.33333e-06
24570 1.66667e-06
24580 1.66667e-06
24590 3.33333e-06
24600 1.66667e-06
24610 1.66667e-06
24620 1.66667e-06
24630 1.66667e-06
24640 1.66667e-06
24650 1.66667e-06
24660 2.77556e-17
24670 2.77556e-17
24680 3.33333e-06
24690 1.66667e-06
24700 2.77556e-17
24710 1.66667e-06
24720 2.77556e-17
24730 1.66667e-06
24740 1.66667e-06
24750 1.66667e-06
24760 1.66667e-06
24770 3.33333e-06
24780 2.77556e-17
24790 1.66667e-06
24800 2.77556e-17
24810 2.77556e-17
24820 1.66667e-06
24830 1.66667e-06
24840 2.77556e-17
24850 3.33333e-06
24860 1.66667e-06
24870 1.66667e-06
24880 3.33333e-06
24890 2.77556e-17
24900 3.33333e-06
24910 1.66667e-06
24920 1.66667e-06
24930 1.66667e-06
24940 2.77556e-17
24950 2.77556e-17
24960 2.77556e-17
24970 2.77556e-17
24980 1.66667e-06
24990 2.77556e-17
25000 1.66667e-06
25010 2.77556e-17
25020 1.66667e-06
25030 3.33333e-06
25040 2.77556e-17
25050 2.77556e-17
25060 1.66667e-06
25070 1.66667e-06
25080 1.66667e-06
25090 2.77556e-17
25100 1.66667e-06
25110 2.77556e-17
25120 2.77556e-17
25130 3.33333e-06
25140 1.66667e-06
25150 3.33333e-06
25160 3.33333e-06
25170 3.33333e-06
25180 1.66667e-06
25190 3.33333e-06
25200 1.66667e-06
25210 3.33333e-06
25220 2.77556e-17
25230 2.77556e-17
25240 1.66667e-06
25250 1.66667e-06
25260 2.77556e-17
25270 2.77556e-17
25280 3.33333e-06
25290 2.77556e-17
25300 1.66667e-06
25310 1.66667e-06
25320 3.33333e-06
25330 2.77556e-17
25340 2.77556e-17
25350 1.66667e-06
25360 3.33333e-06
25370 2.77556e-17
25380 2.77556e-17
25390 3.33333e-06
25400 1.66667e-06
25410 1.66667e-06
25420 2.77556e-17
25430 3.33333e-06
25440 2.77556e-17
25450 3.33333e-06
25460 1.66667e-06
25470 1.66667e-06
25480 3.33333e-06
25490 3.33333e-06
25500 2.77556e-17
25510 3.33333e-06
25520 1.66667e-06
25530 1.66667e-06
25540 3.33333e-06
25550 1.66667e-06
25560 1.66667e-06
25570 1.66667e-06
25580 2.77556e-17
25590 1.66667e-06
25600 3.33333e-06
25610 1.66667e-06
25620 2.77556e-17
25630 1.66667e-06
25640 1.66667e-06
25650 2.77556e-17
25660 2.77556e-17
25670 2.77556e-17
25680 1.66667e-06
25690 3.33333e-06
25700 3.33333e-06
25710 2.77556e-17
25720 2.77556e-17
25730 1.66667e-06
25740 1.66667e-06
25750 3.33333e-06
25760 1.66667e-06
25770 2.77556e-17
25780 2.77556e-17
25790 1.66667e-06
25800 1.66667e-06
25810 3.33333e-06
25820 2.77556e-17
25830 3.33333e-06
25840 2.77556e-17
25850 3.33333e-06
25860 1.66667e-06
25870 2.77556e-17
25880 3.33333e-06
25890 2.77556e-17
25900 3.33333e-06
25910 1.66667e-06
25920 1.66667e-06
25930 2.77556e-17
25940 3.33333e-06
25950 2.77556e-17
25960 1.66667e-06
25970 2.77556e-17
25980 3.33333e-06
25990 2.77556e-17
26000 1.66667e-06
26010 2.77556e-17
26020 1.66667e-06
26030 1.66667e-06
26040 1.66667e-06
26050 1.66667e-06
26060 1.66667e-06
26070 3.33333e-06
26080 3.33333e-06
26090 2.77556e-17
26100 2.77556e-17
26110 3.33333e-06
26120 1.66667e-06
26130 1.66667e-06
26140 2.77556e-17
26150 1.66667e-06
26160 1.66667e-06
26170 1.66667e-06
26180 2.77556e-17
26190 1.66667e-06
26200 2.77556e-17
26210 2.77556e-17
26220 2.77556e-17
26230 3.33333e-06
26240 1.66667e-06
26250 2.77556e-17
26260 2.77556e-17
26270 3.33333e-06
26280 1.66667e-06
26290 2.77556e-17
26300 1.66667e-06
26310 3.33333e-06
26320 1.66667e-06
26330 2.77556e-17
26340 1.66667e-06
26350 3.33333e-06
26360 1.66667e-06
26370 3.33333e-06
26380 3.33333e-06
26390 1.66667e-06
26400 3.33333e-06
26410 1.66667e-06
26420 2.77556e-17
26430 2.77556e-17
26440 1.66667e-06
26450 1.66667e-06
26460 1.66667e-06
26470 3.33333e-06
26480 1.66667e-06
26490 2.77556e-17
26500 2.77556e-17
26510 3.33333e-06
26520 1.66667e-06
26530 1.66667e-06
26540 3.33333e-06
26550 3.33333e-06
26560 3.33333e-06
26570 1.66667e-06
26580 1.66667e-06
26590 1.66667e-06
26600 3.33333e-06
26610 1.66667e-06
26620 1.66667e-06
26630 1.66667e-06
26640 3.33333e-06
26650 1.66667e-06
26660 1.66667e-06
26670 1.66667e-06
26680 1.66667e-06
26690 2.77556e-17
26700 1.66667e-06
26710 3.33333e-06
26720 1.66667e-06
26730 1.66667e-06
26740 2.77556e-17
26750 3.33333e-06
26760 1.66667e-06
26770 1.66667e-06
26780 2.77556e-17
26790 2.77556e-17
26800 3.33333e-06
26810 3.33333e-06
26820 1.66667e-06
26830 2.77556e-17
26840 1.66667e-06
26850 1.66667e-06
26860 2.77556e-17
26870 1.66667e-06
26880 1.66667e-06
26890 3.33333e-06
26900 1.66667e-06
26910 1.66667e-06
26920 1.66667e-06
26930 3.33333e-06
26940 1.66667e-06
26950 1.66667e-06
26960 3.33333e-06
26970 2.77556e-17
26980 2.77556e-17
26990 2.77556e-17
27000 2.77556e-17
27010 2.77556e-17
27020 3.33333e-06
27030 3.33333e-06
27040 1.66667e-06
27050 1.66667e-06
27060 3.33333e-06
27070 1.66667e-06
27080 2.77556e-17
27090 1.66667e-06
27100 2.77556e-17
27110 2.77556e-17
27120 2.77556e-17
27130 3.33333e-06
27140 1.66667e-06
27150 3.33333e-06
27160 3.33333e-06
27170 2.77556e-17
27180 1.66667e-06
27190 1.66667e-06
27200 2.77556e-17
27210 2.77556e-17
27220 2.77556e-17
27230 1.66667e-06
27240 2.77556e-17
27250 2.77556e-17
27260 1.66667e-06
27270 1.66667e-06
27280 1.66667e-06
27290 2.77556e-17
27300 3.33333e-06
27310 1.66667e-06
27320 1.66667e-06
27330 1.66667e-06
27340 1.66667e-06
27350 2.77556e-17
27360 1.66667e-06
27370 1.66667e-06
27380 1.66667e-06
27390 1.66667e-06
27400 2.77556e-17
27410 2.77556e-17
27420 1.66667e-06
27430 1.66667e-06
27440 2.77556e-17
27450 1.66667e-06
27460 2.77556e-17
27470 1.66667e-06
27480 2.77556e-17
27490 1.66667e-06
27500 1.66667e-06
27510 1.66667e-06
27520 1.66667e-06
27530 1.66667e-06
27540 3.33333e-06
27550 3.33333e-06
27560 1.66667e-06
27570 1.66667e-06
27580 3.33333e-06
27590 1.66667e-06
27600 1.66667e-06
27610 2.77556e-17
27620 1.66667e-06
27630 2.77556e-17
27640 2.77556e-17
27650 1.66667e-06
27660 3.33333e-06
27670 2.77556e-17
27680 1.66667e-06
27690 1.66667e-06
27700 3.33333e-06
27710 2.77556e-17
27720 3.33333e-06
27730 1.66667e-06
27740 2.77556e-17
27750 1.66667e-06
27760 3.33333e-06
27770 2.77556e-17
27780 1.66667e-06
27790 1.66667e-06
27800 1.66667e-06
27810 1.66667e-06
27820 1.66667e-06
27830 1.66667e-06
27840 3.33333e-06
27850 1.66667e-06
27860 1.66667e-06
27870 2.77556e-17
27880 3.33333e-06
27890 3.33333e-06
27900 1.66667e-06
27910 1.66667e-06
27920 1.66667e-06
27930 2.77556e-17
27940 3.33333e-06
27950 3.33333e-06
27960 1.66667e-06
27970 1.66667e-06
27980 3.33333e-06
27990 1.66667e-06
28000 3.33333e-06
28010 2.77556e-17
28020 1.66667e-06
28030 2.77556e-17
28040 2.77556e-17
28050 1.66667e-06
28060 1.66667e-06
28070 1.66667e-06
28080 1.66667e-06
28090 2.77556e-17
28100 1.66667e-06
28110 1.66667e-06
28120 1.66667e-06
28130 3.33333e-06
28140 1.66667e-06
28150 1.66667e-06
28160 1.66667e-06
28170 1.66667e-06
28180 1.66667e-06
28190 2.77556e-17
28200 1.66667e-06
28210 1.66667e-06
28220 1.66667e-06
28230 1.66667e-06
28240 1.66667e-06
28250 1.66667e-06
28260 1.66667e-06
28270 1.66667e-06
28280 3.33333e-06
28290 1.66667e-06
28300 1.66667e-06
28310 1.66667e-06
28320 2.77556e-17
28330 3.33333e-06
28340 1.66667e-06
28350 3.33333e-06
28360 3.33333e-06
28370 1.66667e-06
28380 1.66667e-06
28390 1.66667e-06
28400 3.33333e-06
28410 1.66667e-06
28420 1.66667e-06
28430 1.66667e-06
28440 3.33333e-06
28450 1.66667e-06
28460 3.33333e-06
28470 1.66667e-06
28480 1.66667e-06
28490 1.66667e-06
28500 3.33333e-06
28510 1.66667e-06
28520 3.33333e-06
28530 2.77556e-17
28540 3.33333e-06
28550 2.77556e-17
28560 2.77556e-17
28570 2.77556e-17
28580 2.77556e-17
28590 1.66667e-06
28600 1.66667e-06
28610 1.66667e-06
28620 1.66667e-06
28630 1.66667e-06
28640 3.33333e-06
28650 2.77556e-17
28660 2.77556e-17
28670 2.77556e-17
28680 1.66667e-06
28690 1.66667e-06
28700 1.66667e-06
28710 3.33333e-06
28720 1.66667e-06
28730 1.66667e-06
28740 2.77556e-17
28750 1.66667e-06
28760 3.33333e-06
28770 3.33333e-06
28780 1.66667e-06
28790 2.77556e-17
28800 3.33333e-06
28810 1.66667e-06
28820 1.66667e-06
28830 2.77556e-17
28840 2.77556e-17
28850 2.77556e-17
28860 1.66667e-06
28870 1.66667e-06
28880 3.33333e-06
28890 3.33333e-06
28900 1.66667e-06
28910 2.77556e-17
28920 2.77556e-17
28930 1.66667e-06
28940 1.66667e-06
28950 1.66667e-06
28960 3.33333e-06
28970 1.66667e-06
28980 2.77556e-17
28990 2.77556e-17
29000 1.66667e-06
29010 2.77556e-17
29020 2.77556e-17
29030 2.77556e-17
29040 1.66667e-06
29050 2.77556e-17
29060 2.77556e-17
29070 2.77556e-17
29080 3.33333e-06
29090 2.77556e-17
29100 3.33333e-06
29110 3.33333e-06
29120 1.66667e-06
29130 1.66667e-06
29140 1.66667e-06
29150 3.33333e-06
29160 3.33333e-06
29170 1.66667e-06
29180 1.66667e-06
29190 3.33333e-06
29200 2.77556e-17
29210 1.66667e-06
29220 1.66667e-06
29230 1.66667e-06
29240 1.66667e-06
29250 2.77556e-17
29260 1.66667e-06
29270 2.77556e-17
29280 1.66667e-06
29290 1.66667e-06
29300 1.66667e-06
29310 1.66667e-06
29320 1.66667e-06
29330 2.77556e-17
29340 2.77556e-17
29350 2.77556e-17
29360 3.33333e-06
29370 1.66667e-06
29380 3.33333e-06
29390 1.66667e-06
29400 2.77556e-17
29410 1.66667e-06
29420 3.33333e-06
29430 1.66667e-06
29440 1.66667e-06
29450 3.33333e-06
29460 3.33333e-06
29470 1.66667e-06
29480 1.66667e-06
29490 1.66667e-06
29500 3.33333e-06
29510 1.66667e-06
29520 1.66667e-06
29530 3.33333e-06
29540 3.33333e-06
29550 1.66667e-06
29560 1.66667e-06
29570 1.66667e-06
29580 2.77556e-17
29590 3.33333e-06
29600 2.77556e-17
29610 3.33333e-06
29620 2.77556e-17
29630 1.66667e-06
29640 1.66667e-06
29650 1.66667e-06
29660 2.77556e-17
29670 1.66667e-06
29680 3.33333e-06
29690 2.77556e-17
29700 1.66667e-06
29710 1.66667e-06
29720 1.66667e-06
29730 3.33333e-06
29740 1.66667e-06
29750 1.66667e-06
29760 3.33333e-06
29770 1.66667e-06
29780 3.33333e-06
29790 2.77556e-17
29800 1.66667e-06
29810 3.33333e-06
29820 2.77556e-17
29830 1.66667e-06
29840 1.66667e-06
29850 1.66667e-06
29860 1.66667e-06
29870 2.77556e-17
29880 2.77556e-17
29890 3.33333e-06
29900 3.33333e-06
29910 1.66667e-06
29920 3.33333e-06
29930 3.33333e-06
29940 2.77556e-17
29950 2.77556e-17
29960 1.66667e-06
29970 2.77556e-17
29980 1.66667e-06
29990 1.66667e-06
30000 1.66667e-06
30010 1.66667e-06
30020 3.33333e-06
30030 1.66667e-06
30040 1.66667e-06
30050 1.66667e-06
30060 2.77556e-17
30070 1.66667e-06
30080 1.66667e-06
30090 1.66667e-06
30100 1.66667e-06
30110 2.77556e-17
30120 2.77556e-17
30130 1.66667e-06
30140 1.66667e-06
30150 1.66667e-06
30160 1.66667e-06
30170 2.77556e-17
30180 1.66667e-06
30190 2.77556e-17
30200 3.33333e-06
30210 3.33333e-06
30220 1.66667e-06
30230 1.66667e-06
30240 3.33333e-06
30250 3.33333e-06
30260 3.33333e-06
30270 1.66667e-06
30280 1.66667e-06
30290 3.33333e-06
30300 1.66667e-06
30310 3.33333e-06
30320 1.66667e-06
30330 3.33333e-06
30340 1.66667e-06
30350 3.33333e-06
30360 1.66667e-06
30370 2.77556e-17
30380 2.77556e-17
30390 2.77556e-17
30400 2.77556e-17
30410 2.77556e-17
30420 2.77556e-17
30430 1.66667e-06
30440 1.66667e-06
30450 3.33333e-06
30460 3.33333e-06
30470 2.77556e-17
30480 1.66667e-06
30490 1.66667e-06
30500 2.77556e-17
30510 1.66667e-06
30520 1.66667e-06
30530 2.77556e-17
30540 3.33333e-06
30550 2.77556e-17
30560 2.77556e-17
30570 3.33333e-06
30580 1.66667e-06
30590 2.77556e-17
30600 2.77556e-17
30610 3.33333e-06
30620 2.77556e-17
30630 2.77556e-17
30640 2.77556e-17
30650 1.66667e-06
30660 2.77556e-17
30670 1.66667e-06
30680 1.66667e-06
30690 2.77556e-17
30700 3.33333e-06
30710 1.66667e-06
30720 2.77556e-17
30730 1.66667e-06
30740 2.77556e-17
30750 1.66667e-06
30760 2.77556e-17
30770 1.66667e-06
30780 1.66667e-06
30790 1.66667e-06
30800 2.77556e-17
30810 3.33333e-06
30820 2.77556e-17
30830 2.77556e-17
30840 3.33333e-06
30850 2.77556e-17
30860 2.77556e-17
30870 3.33333e-06
30880 3.33333e-06
30890 1.66667e-06
30900 1.66667e-06
30910 2.77556e-17
30920 1.66667e-06
30930 3.33333e-06
30940 1.66667e-06
30950 1.66667e-06
30960 1.66667e-06
30970 3.33333e-06
30980 3.33333e-06
30990 1.66667e-06
31000 2.77556e-17
31010 2.77556e-17
31020 1.66667e-06
31030 2.77556e-17
31040 1.66667e-06
31050 2.77556e-17
31060 2.77556e-17
31070 1.66667e-06
31080 3.33333e-06
31090 2.77556e-17
31100 1.66667e-06
31110 1.66667e-06
31120 1.66667e-06
31130 1.66667e-06
31140 3.33333e-06
31150 1.66667e-06
31160 2.77556e-17
31170 1.66667e-06
31180 2.77556e-17
31190 2.77556e-17
31200 1.66667e-06
31210 1.66667e-06
31220 3.33333e-06
31230 1.66667e-06
31240 1.66667e-06
31250 1.66667e-06
31260 1.66667e-06
31270 1.66667e-06
31280 3.33333e-06
31290 3.33333e-06
31300 3.33333e-06
31310 2.77556e-17
31320 1.66667e-06
31330 2.77556e-17
31340 1.66667e-06
31350 1.66667e-06
31360 1.66667e-06
31370 3.33333e-06
31380 3.33333e-06
31390 1.66667e-06
31400 1.66667e-06
31410 1.66667e-06
31420 1.66667e-06
31430 1.66667e-06
31440 2.77556e-17
31450 1.66667e-06
31460 1.66667e-06
31470 1.66667e-06
31480 1.66667e-06
31490 1.66667e-06
31500 3.33333e-06
31510 1.66667e-06
31520 2.77556e-17
31530 1.66667e-06
31540 1.66667e-06
31550 1.66667e-06
31560 1.66667e-06
31570 1.66667e-06
31580 1.66667e-06
31590 1.66667e-06
31600 1.66667e-06
31610 1.66667e-06
31620 1.66667e-06
31630 3.33333e-06
31640 2.77556e-17
31650 2.77556e-17
31660 1.66667e-06
31670 1.66667e-06
31680 1.66667e-06
31690 1.66667e-06
31700 2.77556e-17
31710 1.66667e-06
31720 1.66667e-06
31730 3.33333e-06
31740 3.33333e-06
31750 3.33333e-06
31760 1.66667e-06
31770 1.66667e-06
31780 1.66667e-06
31790 1.66667e-06
31800 3.33333e-06
31810 1.66667e-06
31820 2.77556e-17
31830 2.77556e-17
31840 1.66667e-06
31850 1.66667e-06
31860 1.66667e-06
31870 2.77556e-17
31880 1.66667e-06
31890 1.66667e-06
31900 1.66667e-06
31910 1.66667e-06
31920 3.33333e-06
31930 2.77556e-17
31940 1.66667e-06
31950 1.66667e-06
31960 3.33333e-06
31970 1.66667e-06
31980 2.77556e-17
31990 3.33333e-06
32000 1.66667e-06
32010 2.77556e-17
32020 3.33333e-06
32030 1.66667e-06
32040 2.77556e-17
32050 1.66667e-06
32060 2.77556e-17
32070 2.77556e-17
32080 3.33333e-06
32090 1.66667e-06
32100 1.66667e-06
32110 1.66667e-06
32120 1.66667e-06
32130 1.66667e-06
32140 3.33333e-06
32150 1.66667e-06
32160 1.66667e-06
32170 1.66667e-06
32180 1.66667e-06
32190 2.77556e-17
32200 2.77556e-17
32210 1.66667e-06
32220 1.66667e-06
32230 1.66667e-06
32240 1.66667e-06
32250 3.33333e-06
32260 2.77556e-17
32270 3.33333e-06
32280 2.77556e-17
32290 2.77556e-17
32300 1.66667e-06
32310 1.66667e-06
32320 1.66667e-06
32330 2.77556e-17
32340 1.66667e-06
32350 2.77556e-17
32360 2.77556e-17
32370 1.66667e-06
32380 2.77556e-17
32390 1.66667e-06
32400 3.33333e-06
32410 1.66667e-06
32420 1.66667e-06
32430 1.66667e-06
32440 1.66667e-06
32450 1.66667e-06
32460 1.66667e-06
32470 3.33333e-06
32480 1.66667e-06
32490 1.66667e-06
32500 2.77556e-17
32510 3.33333e-06
32520 2.77556e-17
32530 3.33333e-06
32540 2.77556e-17
32550 1.66667e-06
32560 3.33333e-06
32570 1.66667e-06
32580 1.66667e-06
32590 1.66667e-06
32600 3.33333e-06
32610 1.66667e-06
32620 1.66667e-06
32630 1.66667e-06
32640 2.77556e-17
32650 1.66667e-06
32660 3.33333e-06
32670 2.77556e-17
32680 2.77556e-17
32690 2.77556e-17
32700 2.77556e-17
32710 2.77556e-17
32720 2.77556e-17
32730 3.33333e-06
32740 1.66667e-06
32750 1.66667e-06
32760 2.77556e-17
32770 1.66667e-06
32780 1.66667e-06
32790 1.66667e-06
32800 1.66667e-06
32810 3.33333e-06
32820 2.77556e-17
32830 1.66667e-06
32840 1.66667e-06
32850 1.66667e-06
32860 3.33333e-06
32870 1.66667e-06
32880 1.66667e-06
32890 3.33333e-06
32900 1.66667e-06
32910 1.66667e-06
32920 1.66667e-06
32930 2.77556e-17
32940 2.77556e-17
32950 2.77556e-17
32960 1.66667e-06
32970 1.66667e-06
32980 1.66667e-06
32990 2.77556e-17
33000 1.66667e-06
33010 2.77556e-17
33020 1.66667e-06
33030 1.66667e-06
33040 3.33333e-06
33050 1.66667e-06
33060 1.66667e-06
33070 2.77556e-17
33080 2.77556e-17
33090 3.33333e-06
33100 3.33333e-06
33110 3.33333e-06
33120 1.66667e-06
33130 3.33333e-06
33140 1.66667e-06
33150 2.77556e-17
33160 2.77556e-17
33170 1.66667e-06
33180 1.66667e-06
33190 1.66667e-06
33200 1.66667e-06
33210 3.33333e-06
33220 1.66667e-06
33230 2.77556e-17
33240 3.33333e-06
33250 2.77556e-17
33260 1.66667e-06
33270 1.66667e-06
33280 1.66667e-06
33290 1.66667e-06
33300 2.77556e-17
33310 2.77556e-17
33320 2.77556e-17
33330 1.66667e-06
33340 1.66667e-06
33350 2.77556e-17
33360 1.66667e-06
33370 1.66667e-06
33380 1.66667e-06
33390 2.77556e-17
33400 2.77556e-17
33410 3.33333e-06
33420 1.66667e-06
33430 2.77556e-17
33440 2.77556e-17
33450 1.66667e-06
33460 1.66667e-06
33470 1.66667e-06
33480 2.77556e-17
33490 2.77556e-17
33500 1.66667e-06
33510 1.66667e-06
33520 2.77556e-17
33530 1.66667e-06
33540 1.66667e-06
33550 1.66667e-06
33560 2.77556e-17
33570 2.77556e-17
33580 1.66667e-06
33590 1.66667e-06
33600 2.77556e-17
33610 1.66667e-06
33620 1.66667e-06
33630 2.77556e-17
33640 1.66667e-06
33650 3.33333e-06
33660 1.66667e-06
33670 1.66667e-06
33680 1.66667e-06
33690 1.66667e-06
33700 1.66667e-06
33710 1.66667e-06
33720 1.66667e-06
33730 2.77556e-17
33740 2.77556e-17
33750 2.77556e-17
33760 2.77556e-17
33770 1.66667e-06
33780 1.66667e-06
33790 3.33333e-06
33800 1.66667e-06
33810 1.66667e-06
33820 1.66667e-06
33830 3.33333e-06
33840 3.33333e-06
33850 1.66667e-06
33860 2.77556e-17
33870 1.66667e-06
33880 3.33333e-06
33890 1.66667e-06
33900 1.66667e-06
33910 1.66667e-06
33920 2.77556e-17
33930 1.66667e-06
33940 1.66667e-06
33950 1.66667e-06
33960 1.66667e-06
33970 3.33333e-06
33980 2.77556e-17
33990 1.66667e-06
34000 2.77556e-17
34010 1.66667e-06
34020 2.77556e-17
34030 2.77556e-17
34040 2.77556e-17
34050 1.66667e-06
34060 1.66667e-06
34070 1.66667e-06
34080 1.66667e-06
34090 1.66667e-06
34100 2.77556e-17
34110 1.66667e-06
34120 1.66667e-06
34130 1.66667e-06
34140 2.77556e-17
34150 1.66667e-06
34160 1.66667e-06
34170 1.66667e-06
34180 1.66667e-06
34190 3.33333e-06
34200 2.77556e-17
34210 2.77556e-17
34220 1.66667e-06
34230 1.66667e-06
34240 1.66667e-06
34250 3.33333e-06
34260 3.33333e-06
34270 1.66667e-06
34280 3.33333e-06
34290 2.77556e-17
34300 1.66667e-06
34310 2.77556e-17
34320 2.77556e-17
34330 3.33333e-06
34340 1.66667e-06
34350 2.77556e-17
34360 1.66667e-06
34370 1.66667e-06
34380 1.66667e-06
34390 1.66667e-06
34400 1.66667e-06
34410 1.66667e-06
34420 3.33333e-06
34430 3.33333e-06
34440 1.66667e-06
34450 1.66667e-06
34460 1.66667e-06
34470 3.33333e-06
34480 2.77556e-17
34490 2.77556e-17
34500 2.77556e-17
34510 3.33333e-06
34520 3.33333e-06
34530 3.33333e-06
34540 2.77556e-17
34550 1.66667e-06
34560 2.77556e-17
34570 2.77556e-17
34580 3.33333e-06
34590 1.66667e-06
34600 1.66667e-06
34610 2.77556e-17
34620 2.77556e-17
34630 2.77556e-17
34640 2.77556e-17
34650 1.66667e-06
34660 2.77556e-17
34670 2.77556e-17
34680 1.66667e-06
34690 2.77556e-17
34700 1.66667e-06
34710 1.66667e-06
34720 1.66667e-06
34730 2.77556e-17
34740 2.77556e-17
34750 3.33333e-06
34760 2.77556e-17
34770 2.77556e-17
34780 2.77556e-17
34790 1.66667e-06
34800 3.33333e-06
34810 3.33333e-06
34820 1.66667e-06
34830 2.77556e-17
34840 1.66667e-06
34850 1.66667e-06
34860 2.77556e-17
34870 2.77556e-17
34880 2.77556e-17
34890 1.66667e-06
34900 3.33333e-06
34910 1.66667e-06
34920 1.66667e-06
34930 2.77556e-17
34940 2.77556e-17
34950 1.66667e-06
34960 2.77556e-17
34970 2.77556e-17
34980 1.66667e-06
34990 1.66667e-06
35000 1.66667e-06
35010 1.66667e-06
35020 1.66667e-06
35030 3.33333e-06
35040 1.66667e-06
35050 2.77556e-17
35060 3.33333e-06
35070 1.66667e-06
35080 3.33333e-06
35090 2.77556e-17
35100 1.66667e-06
35110 2.77556e-17
35120 1.66667e-06
35130 1.66667e-06
35140 1.66667e-06
35150 2.77556e-17
35160 1.66667e-06
35170 2.77556e-17
35180 2.77556e-17
35190 2.77556e-17
35200 2.77556e-17
35210 1.66667e-06
35220 2.77556e-17
35230 1.66667e-06
35240 2.77556e-17
35250 1.66667e-06
35260 3.33333e-06
35270 3.33333e-06
35280 3.33333e-06
35290 3.33333e-06
35300 1.66667e-06
35310 2.77556e-17
35320 1.66667e-06
35330 1.66667e-06
35340 1.66667e-06
35350 2.77556e-17
35360 1.66667e-06
35370 1.66667e-06
35380 2.77556e-17
35390 1.66667e-06
35400 2.77556e-17
35410 1.66667e-06
35420 3.33333e-06
35430 2.77556e-17
35440 1.66667e-06
35450 1.66667e-06
35460 2.77556e-17
35470 2.77556e-17
35480 1.66667e-06
35490 3.33333e-06
35500 1.66667e-06
35510 2.77556e-17
35520 1.66667e-06
35530 1.66667e-06
35540 1.66667e-06
35550 3.33333e-06
35560 2.77556e-17
35570 2.77556e-17
35580 2.77556e-17
35590 1.66667e-06
35600 1.66667e-06
35610 1.66667e-06
35620 2.77556e-17
35630 3.33333e-06
35640 3.33333e-06
35650 1.66667e-06
35660 1.66667e-06
35670 3.33333e-06
35680 3.33333e-06
35690 2.77556e-17
35700 1.66667e-06
35710 1.66667e-06
35720 3.33333e-06
35730 3.33333e-06
35740 2.77556e-17
35750 2.77556e-17
35760 2.77556e-17
35770 3.33333e-06
35780 3.33333e-06
35790 1.66667e-06
35800 3.33333e-06
35810 2.77556e-17
35820 1.66667e-06
35830 3.33333e-06
35840 1.66667e-06
35850 3.33333e-06
35860 1.66667e-06
35870 1.66667e-06
35880 1.66667e-06
35890 1.66667e-06
35900 3.33333e-06
35910 3.33333e-06
35920 3.33333e-06
35930 1.66667e-06
35940 1.66667e-06
35950 2.77556e-17
35960 2.77556e-17
35970 1.66667e-06
35980 1.66667e-06
35990 1.66667e-06
36000 1.66667e-06
36010 1.66667e-06
36020 3.33333e-06
36030 1.66667e-06
36040 1.66667e-06
36050 1.66667e-06
36060 1.66667e-06
36070 2.77556e-17
36080 1.66667e-06
36090 1.66667e-06
36100 1.66667e-06
36110 2.77556e-17
36120 2.77556e-17
36130 1.66667e-06
36140 2.77556e-17
36150 1.66667e-06
36160 3.33333e-06
36170 1.66667e-06
36180 1.66667e-06
36190 1.66667e-06
36200 1.66667e-06
36210 3.33333e-06
36220 3.33333e-06
36230 1.66667e-06
36240 1.66667e-06
36250 1.66667e-06
36260 3.33333e-06
36270 1.66667e-06
36280 1.66667e-06
36290 1.66667e-06
36300 2.77556e-17
36310 1.66667e-06
36320 1.66667e-06
36330 2.77556e-17
36340 3.33333e-06
36350 3.33333e-06
36360 3.33333e-06
36370 3.33333e-06
36380 1.66667e-06
36390 3.33333e-06
36400 1.66667e-06
36410 1.66667e-06
36420 3.33333e-06
36430 2.77556e-17
36440 3.33333e-06
36450 1.66667e-06
36460 1.66667e-06
36470 3.33333e-06
36480 3.33333e-06
36490 1.66667e-06
36500 3.33333e-06
36510 1.66667e-06
36520 1.66667e-06
36530 1.66667e-06
36540 2.77556e-17
36550 1.66667e-06
36560 1.66667e-06
36570 2.77556e-17
36580 1.66667e-06
36590 3.33333e-06
36600 1.66667e-06
36610 1.66667e-06
36620 2.77556e-17
36630 1.66667e-06
36640 1.66667e-06
36650 1.66667e-06
36660 1.66667e-06
36670 3.33333e-06
36680 2.77556e-17
36690 1.66667e-06
36700 1.66667e-06
36710 1.66667e-06
36720 2.77556e-17
36730 2.77556e-17
36740 2.77556e-17
36750 2.77556e-17
36760 1.66667e-06
36770 1.66667e-06
36780 2.77556e-17
36790 3.33333e-06
36800 3.33333e-06
36810 2.77556e-17
36820 3.33333e-06
36830 3.33333e-06
36840 1.66667e-06
36850 2.77556e-17
36860 1.66667e-06
36870 1.66667e-06
36880 1.66667e-06
36890 1.66667e-06
36900 1.66667e-06
36910 3.33333e-06
36920 1.66667e-06
36930 2.77556e-17
36940 2.77556e-17
36950 2.77556e-17
36960 1.66667e-06
36970 2.77556e-17
36980 1.66667e-06
36990 1.66667e-06
37000 2.77556e-17
37010 1.66667e-06
37020 1.66667e-06
37030 2.77556e-17
37040 2.77556e-17
37050 1.66667e-06
37060 1.66667e-06
37070 1.66667e-06
37080 1.66667e-06
37090 2.77556e-17
37100 1.66667e-06
37110 1.66667e-06
37120 1.66667e-06
37130 2.77556e-17
37140 3.33333e-06
37150 2.77556e-17
37160 3.33333e-06
37170 1.66667e-06
37180 3.33333e-06
37190 3.33333e-06
37200 3.33333e-06
37210 3.33333e-06
37220 1.66667e-06
37230 3.33333e-06
37240 1.66667e-06
37250 1.66667e-06
37260 1.66667e-06
37270 3.33333e-06
37280 3.33333e-06
37290 2.77556e-17
37300 1.66667e-06
37310 3.33333e-06
37320 1.66667e-06
37330 1.66667e-06
37340 1.66667e-06
37350 1.66667e-06
37360 1.66667e-06
37370 1.66667e-06
37380 1.66667e-06
37390 1.66667e-06
37400 1.66667e-06
37410 1.66667e-06
37420 1.66667e-06
37430 3.33333e-06
37440 3.33333e-06
37450 1.66667e-06
37460 1.66667e-06
37470 1.66667e-06
37480 3.33333e-06
37490 2.77556e-17
37500 2.77556e-17
37510 2.77556e-17
37520 2.77556e-17
37530 2.77556e-17
37540 3.33333e-06
37550 1.66667e-06
37560 1.66667e-06
37570 2.77556e-17
37580 1.66667e-06
37590 3.33333e-06
37600 1.66667e-06
37610 2.77556e-17
37620 2.77556e-17
37630 1.66667e-06
37640 2.77556e-17
37650 3.33333e-06
37660 2.77556e-17
37670 2.77556e-17
37680 2.77556e-17
37690 2.77556e-17
37700 1.66667e-06
37710 2.77556e-17
37720 1.66667e-06
37730 1.66667e-06
37740 3.33333e-06
37750 2.77556e-17
37760 3.33333e-06
37770 3.33333e-06
37780 3.33333e-06
37790 2.77556e-17
37800 1.66667e-06
37810 1.66667e-06
37820 1.66667e-06
37830 3.33333e-06
37840 1.66667e-06
37850 3.33333e-06
37860 1.66667e-06
37870 3.33333e-06
37880 3.33333e-06
37890 2.77556e-17
37900 2.77556e-17
37910 3.33333e-06
37920 1.66667e-06
37930 1.66667e-06
37940 2.77556e-17
37950 1.66667e-06
37960 1.66667e-06
37970 2.77556e-17
37980 2.77556e-17
37990 2.77556e-17
38000 1.66667e-06
38010 1.66667e-06
38020 1.66667e-06
38030 3.33333e-06
38040 1.66667e-06
38050 3.33333e-06
38060 3.33333e-06
38070 3.33333e-06
38080 1.66667e-06
38090 1.66667e-06
38100 1.66667e-06
38110 2.77556e-17
38120 3.33333e-06
38130 1.66667e-06
38140 2.77556e-17
38150 3.33333e-06
38160 1.66667e-06
38170 2.77556e-17
38180 1.66667e-06
38190 2.77556e-17
38200 1.66667e-06
38210 3.33333e-06
38220 2.77556e-17
38230 1.66667e-06
38240 1.66667e-06
38250 1.66667e-06
38260 2.77556e-17
38270 1.66667e-06
38280 1.66667e-06
38290 2.77556e-17
38300 1.66667e-06
38310 1.66667e-06
38320 3.33333e-06
38330 1.66667e-06
38340 1.66667e-06
38350 2.77556e-17
38360 1.66667e-06
38370 3.33333e-06
38380 3.33333e-06
38390 1.66667e-06
38400 1.66667e-06
38410 1.66667e-06
38420 3.33333e-06
38430 2.77556e-17
38440 2.77556e-17
38450 1.66667e-06
38460 3.33333e-06
38470 1.66667e-06
38480 3.33333e-06
38490 3.33333e-06
38500 1.66667e-06
38510 3.33333e-06
38520 1.66667e-06
38530 3.33333e-06
38540 3.33333e-06
38550 3.33333e-06
38560 2.77556e-17
38570 1.66667e-06
38580 1.66667e-06
38590 1.66667e-06
38600 1.66667e-06
38610 3.33333e-06
38620 3.33333e-06
38630 2.77556e-17
38640 2.77556e-17
38650 3.33333e-06
38660 2.77556e-17
38670 1.66667e-06
38680 1.66667e-06
38690 2.77556e-17
38700 2.77556e-17
38710 3.33333e-06
38720 1.66667e-06
38730 2.77556e-17
38740 1.66667e-06
38750 2.77556e-17
38760 1.66667e-06
38770 2.77556e-17
38780 1.66667e-06
38790 3.33333e-06
38800 1.66667e-06
38810 3.33333e-06
38820 1.66667e-06
38830 2.77556e-17
38840 1.66667e-06
38850 1.66667e-06
38860 1.66667e-06
38870 1.66667e-06
38880 3.33333e-06
38890 1.66667e-06
38900 3.33333e-06
38910 1.66667e-06
38920 3.33333e-06
38930 1.66667e-06
38940 1.66667e-06
38950 1.66667e-06
38960 2.77556e-17
38970 3.33333e-06
38980 3.33333e-06
38990 3.33333e-06
39000 3.33333e-06
39010 2.77556e-17
39020 1.66667e-06
39030 1.66667e-06
39040 2.77556e-17
39050 2.77556e-17
39060 2.77556e-17
39070 1.66667e-06
39080 2.77556e-17
39090 3.33333e-06
39100 2.77556e-17
39110 3.33333e-06
39120 2.77556e-17
39130 1.66667e-06
39140 1.66667e-06
39150 1.66667e-06
39160 2.77556e-17
39170 2.77556e-17
39180 2.77556e-17
39190 2.77556e-17
39200 1.66667e-06
39210 3.33333e-06
39220 3.33333e-06
39230 2.77556e-17
39240 2.77556e-17
39250 1.66667e-06
39260 1.66667e-06
39270 2.77556e-17
39280 2.77556e-17
39290 2.77556e-17
39300 1.66667e-06
39310 1.66667e-06
39320 2.77556e-17
39330 2.77556e-17
39340 2.77556e-17
39350 1.66667e-06
39360 1.66667e-06
39370 3.33333e-06
39380 2.77556e-17
39390 2.77556e-17
39400 1.66667e-06
39410 1.66667e-06
39420 3.33333e-06
39430 1.66667e-06
39440 1.66667e-06
39450 1.66667e-06
39460 3.33333e-06
39470 3.33333e-06
39480 2.77556e-17
39490 3.33333e-06
39500 3.33333e-06
39510 1.66667e-06
39520 1.66667e-06
39530 1.66667e-06
39540 1.66667e-06
39550 2.77556e-17
39560 3.33333e-06
39570 2.77556e-17
39580 3.33333e-06
39590 1.66667e-06
39600 1.66667e-06
39610 1.66667e-06
39620 1.66667e-06
39630 1.66667e-06
39640 1.66667e-06
39650 1.66667e-06
39660 3.33333e-06
39670 2.77556e-17
39680 2.77556e-17
39690 2.77556e-17
39700 2.77556e-17
39710 2.77556e-17
39720 1.66667e-06
39730 1.66667e-06
39740 3.33333e-06
39750 2.77556e-17
39760 2.77556e-17
39770 1.66667e-06
39780 1.66667e-06
39790 1.66667e-06
39800 2.77556e-17
39810 1.66667e-06
39820 1.66667e-06
39830 1.66667e-06
39840 2.77556e-17
39850 1.66667e-06
39860 3.33333e-06
39870 1.66667e-06
39880 1.66667e-06
39890 3.33333e-06
39900 3.33333e-06
39910 1.66667e-06
39920 1.66667e-06
39930 1.66667e-06
39940 3.33333e-06
39950 3.33333e-06
39960 3.33333e-06
39970 3.33333e-06
39980 1.66667e-06
39990 2.77556e-17
40000 1.66667e-06
40010 3.33333e-06
40020 1.66667e-06
40030 2.77556e-17
40040 1.66667e-06
40050 1.66667e-06
40060 1.66667e-06
40070 3.33333e-06
40080 2.77556e-17
40090 3.33333e-06
40100 2.77556e-17
40110 2.77556e-17
40120 1.66667e-06
40130 3.33333e-06
40140 1.66667e-06
40150 2.77556e-17
40160 2.77556e-17
40170 1.66667e-06
40180 1.66667e-06
40190 2.77556e-17
40200 2.77556e-17
40210 2.77556e-17
40220 2.77556e-17
40230 1.66667e-06
40240 1.66667e-06
40250 2.77556e-17
40260 3.33333e-06
40270 1.66667e-06
40280 1.66667e-06
40290 2.77556e-17
40300 1.66667e-06
40310 2.77556e-17
40320 2.77556e-17
40330 2.77556e-17
40340 1.66667e-06
40350 2.77556e-17
40360 1.66667e-06
40370 3.33333e-06
40380 2.77556e-17
40390 1.66667e-06
40400 3.33333e-06
40410 3.33333e-06
40420 1.66667e-06
40430 2.77556e-17
40440 3.33333e-06
40450 2.77556e-17
40460 2.77556e-17
40470 2.77556e-17
40480 2.77556e-17
40490 1.66667e-06
40500 3.33333e-06
40510 3.33333e-06
40520 3.33333e-06
40530 3.33333e-06
40540 3.33333e-06
40550 1.66667e-06
40560 3.33333e-06
40570 1.66667e-06
40580 1.66667e-06
40590 1.66667e-06
40600 1.66667e-06
40610 3.33333e-06
40620 1.66667e-06
40630 1.66667e-06
40640 1.66667e-06
40650 1.66667e-06
40660 2.77556e-17
40670 3.33333e-06
40680 2.77556e-17
40690 1.66667e-06
40700 2.77556e-17
40710 1.66667e-06
40720 1.66667e-06
40730 3.33333e-06
40740 1.66667e-06
40750 3.33333e-06
40760 1.66667e-06
40770 1.66667e-06
40780 2.77556e-17
40790 3.33333e-06
40800 1.66667e-06
40810 3.33333e-06
40820 3.33333e-06
40830 1.66667e-06
40840 3.33333e-06
40850 1.66667e-06
40860 2.77556e-17
40870 3.33333e-06
40880 1.66667e-06
40890 1.66667e-06
40900 1.66667e-06
40910 1.66667e-06
40920 1.66667e-06
40930 1.66667e-06
40940 2.77556e-17
40950 3.33333e-06
40960 1.66667e-06
40970 2.77556e-17
40980 3.33333e-06
40990 2.77556e-17
41000 2.77556e-17
41010 1.66667e-06
41020 3.33333e-06
41030 2.77556e-17
41040 3.33333e-06
41050 1.66667e-06
41060 1.66667e-06
41070 3.33333e-06
41080 3.33333e-06
41090 1.66667e-06
41100 1.66667e-06
41110 3.33333e-06
41120 2.77556e-17
41130 3.33333e-06
41140 1.66667e-06
41150 1.66667e-06
41160 1.66667e-06
41170 2.77556e-17
41180 3.33333e-06
41190 3.33333e-06
41200 3.33333e-06
41210 3.33333e-06
41220 1.66667e-06
41230 1.66667e-06
41240 1.66667e-06
41250 3.33333e-06
41260 1.66667e-06
41270 1.66667e-06
41280 2.77556e-17
41290 1.66667e-06
41300 3.33333e-06
41310 2.77556e-17
41320 2.77556e-17
41330 1.66667e-06
41340 1.66667e-06
41350 2.77556e-17
41360 1.66667e-06
41370 1.66667e-06
41380 1.66667e-06
41390 1.66667e-06
41400 2.77556e-17
41410 1.66667e-06
41420 1.66667e-06
41430 2.77556e-17
41440 3.33333e-06
41450 1.66667e-06
41460 1.66667e-06
41470 2.77556e-17
41480 2.77556e-17
41490 3.33333e-06
41500 2.77556e-17
41510 2.77556e-17
41520 1.66667e-06
41530 3.33333e-06
41540 1.66667e-06
41550 3.33333e-06
41560 1.66667e-06
41570 2.77556e-17
41580 3.33333e-06
41590 3.33333e-06
41600 3.33333e-06
41610 1.66667e-06
41620 1.66667e-06
41630 3.33333e-06
41640 1.66667e-06
41650 1.66667e-06
41660 2.77556e-17
41670 1.66667e-06
41680 3.33333e-06
41690 2.77556e-17
41700 1.66667e-06
41710 3.33333e-06
41720 1.66667e-06
41730 1.66667e-06
41740 1.66667e-06
41750 1.66667e-06
41760 1.66667e-06
41770 1.66667e-06
41780 1.66667e-06
41790 1.66667e-06
41800 1.66667e-06
41810 1.66667e-06
41820 2.77556e-17
41830 2.77556e-17
41840 1.66667e-06
41850 1.66667e-06
41860 1.66667e-06
41870 2.77556e-17
41880 1.66667e-06
41890 1.66667e-06
41900 2.77556e-17
41910 2.77556e-17
41920 1.66667e-06
41930 2.77556e-17
41940 2.77556e-17
41950 2.77556e-17
41960 1.66667e-06
41970 1.66667e-06
41980 1.66667e-06
41990 1.66667e-06
42000 1.66667e-06
42010 3.33333e-06
42020 1.66667e-06
42030 3.33333e-06
42040 3.33333e-06
42050 3.33333e-06
42060 1.66667e-06
42070 2.77556e-17
42080 2.77556e-17
42090 1.66667e-06
42100 3.33333e-06
42110 3.33333e-06
42120 1.66667e-06
42130 1.66667e-06
42140 3.33333e-06
42150 1.66667e-06
42160 1.66667e-06
42170 2.77556e-17
42180 1.66667e-06
42190 1.66667e-06
42200 3.33333e-06
42210 2.77556e-17
42220 1.66667e-06
42230 1.66667e-06
42240 3.33333e-06
42250 1.66667e-06
42260 3.33333e-06
42270 3.33333e-06
42280 3.33333e-06
42290 1.66667e-06
42300 1.66667e-06
42310 3.33333e-06
42320 1.66667e-06
42330 1.66667e-06
42340 3.33333e-06
42350 1.66667e-06
42360 2.77556e-17
42370 1.66667e-06
42380 3.33333e-06
42390 3.33333e-06
42400 3.33333e-06
42410 1.66667e-06
42420 3.33333e-06
42430 3.33333e-06
42440 1.66667e-06
42450 1.66667e-06
42460 2.77556e-17
42470 3.33333e-06
42480 1.66667e-06
42490 3.33333e-06
42500 1.66667e-06
42510 1.66667e-06
42520 3.33333e-06
42530 1.66667e-06
42540 1.66667e-06
42550 1.66667e-06
42560 1.66667e-06
42570 3.33333e-06
42580 3.33333e-06
42590 1.66667e-06
42600 3.33333e-06
42610 1.66667e-06
42620 2.77556e-17
42630 2.77556e-17
42640 3.33333e-06
42650 1.66667e-06
42660 2.77556e-17
42670 2.77556e-17
42680 1.66667e-06
42690 3.33333e-06
42700 1.66667e-06
42710 3.33333e-06
42720 3.33333e-06
42730 1.66667e-06
42740 1.66667e-06
42750 2.77556e-17
42760 3.33333e-06
42770 1.66667e-06
42780 3.33333e-06
42790 3.33333e-06
42800 1.66667e-06
42810 1.66667e-06
42820 1.66667e-06
42830 1.66667e-06
42840 3.33333e-06
42850 1.66667e-06
42860 1.66667e-06
42870 2.77556e-17
42880 2.77556e-17
42890 2.77556e-17
42900 2.77556e-17
42910 1.66667e-06
42920 3.33333e-06
42930 1.66667e-06
42940 1.66667e-06
42950 2.77556e-17
42960 2.77556e-17
42970 1.66667e-06
42980 1.66667e-06
42990 1.66667e-06
43000 1.66667e-06
43010 1.66667e-06
43020 2.77556e-17
43030 3.33333e-06
43040 3.33333e-06
43050 3.33333e-06
43060 2.77556e-17
43070 1.66667e-06
43080 1.66667e-06
43090 1.66667e-06
43100 1.66667e-06
43110 2.77556e-17
43120 2.77556e-17
43130 1.66667e-06
43140 3.33333e-06
43150 3.33333e-06
43160 1.66667e-06
43170 1.66667e-06
43180 2.77556e-17
43190 2.77556e-17
43200 1.66667e-06
43210 1.66667e-06
43220 3.33333e-06
43230 1.66667e-06
43240 2.77556e-17
43250 2.77556e-17
43260 1.66667e-06
43270 1.66667e-06
43280 2.77556e-17
43290 3.33333e-06
43300 1.66667e-06
43310 3.33333e-06
43320 1.66667e-06
43330 1.66667e-06
43340 1.66667e-06
43350 1.66667e-06
43360 1.66667e-06
43370 3.33333e-06
43380 1.66667e-06
43390 3.33333e-06
43400 1.66667e-06
43410 2.77556e-17
43420 2.77556e-17
43430 3.33333e-06
43440 3.33333e-06
43450 1.66667e-06
43460 1.66667e-06
43470 2.77556e-17
43480 1.66667e-06
43490 3.33333e-06
43500 2.77556e-17
43510 1.66667e-06
43520 2.77556e-17
43530 1.66667e-06
43540 1.66667e-06
43550 2.77556e-17
43560 2.77556e-17
43570 2.77556e-17
43580 2.77556e-17
43590 3.33333e-06
43600 1.66667e-06
43610 1.66667e-06
43620 1.66667e-06
43630 1.66667e-06
43640 3.33333e-06
43650 1.66667e-06
43660 2.77556e-17
43670 1.66667e-06
43680 3.33333e-06
43690 3.33333e-06
43700 1.66667e-06
43710 1.66667e-06
43720 3.33333e-06
43730 1.66667e-06
43740 1.66667e-06
43750 1.66667e-06
43760 1.66667e-06
43770 1.66667e-06
43780 1.66667e-06
43790 3.33333e-06
43800 1.66667e-06
43810 3.33333e-06
43820 3.33333e-06
43830 1.66667e-06
43840 1.66667e-06
43850 2.77556e-17
43860 2.77556e-17
43870 1.66667e-06
43880 1.66667e-06
43890 3.33333e-06
43900 1.66667e-06
43910 3.33333e-06
43920 1.66667e-06
43930 1.66667e-06
43940 1.66667e-06
43950 3.33333e-06
43960 3.33333e-06
43970 1.66667e-06
43980 3.33333e-06
43990 3.33333e-06
44000 1.66667e-06
44010 1.66667e-06
44020 2.77556e-17
44030 1.66667e-06
44040 1.66667e-06
44050 1.66667e-06
44060 1.66667e-06
44070 1.66667e-06
44080 3.33333e-06
44090 1.66667e-06
44100 1.66667e-06
44110 3.33333e-06
44120 2.77556e-17
44130 1.66667e-06
44140 3.33333e-06
44150 3.33333e-06
44160 1.66667e-06
44170 1.66667e-06
44180 1.66667e-06
44190 1.66667e-06
44200 2.77556e-17
44210 2.77556e-17
44220 2.77556e-17
44230 2.77556e-17
44240 2.77556e-17
44250 1.66667e-06
44260 1.66667e-06
44270 1.66667e-06
44280 1.66667e-06
44290 3.33333e-06
44300 3.33333e-06
44310 1.66667e-06
44320 3.33333e-06
44330 1.66667e-06
44340 1.66667e-06
44350 3.33333e-06
44360 1.66667e-06
44370 1.66667e-06
44380 1.66667e-06
44390 1.66667e-06
44400 1.66667e-06
44410 3.33333e-06
44420 1.66667e-06
44430 1.66667e-06
44440 1.66667e-06
44450 2.77556e-17
44460 1.66667e-06
44470 1.66667e-06
44480 1.66667e-06
44490 3.33333e-06
44500 1.66667e-06
44510 3.33333e-06
44520 3.33333e-06
44530 1.66667e-06
44540 1.66667e-06
44550 3.33333e-06
44560 1.66667e-06
44570 1.66667e-06
44580 1.66667e-06
44590 1.66667e-06
44600 1.66667e-06
44610 1.66667e-06
44620 1.66667e-06
44630 1.66667e-06
44640 1.66667e-06
44650 1.66667e-06
44660 1.66667e-06
44670 2.77556e-17
44680 1.66667e-06
44690 1.66667e-06
44700 3.33333e-06
44710 1.66667e-06
44720 1.66667e-06
44730 2.77556e-17
44740 1.66667e-06
44750 1.66667e-06
44760 3.33333e-06
44770 1.66667e-06
44780 2.77556e-17
44790 1.66667e-06
44800 1.66667e-06
44810 1.66667e-06
44820 3.33333e-06
44830 1.66667e-06
44840 1.66667e-06
44850 1.66667e-06
44860 2.77556e-17
44870 1.66667e-06
44880 1.66667e-06
44890 2.77556e-17
44900 2.77556e-17
44910 2.77556e-17
44920 1.66667e-06
44930 1.66667e-06
44940 3.33333e-06
44950 1.66667e-06
44960 1.66667e-06
44970 2.77556e-17
44980 3.33333e-06
44990 1.66667e-06
45000 1.66667e-06
45010 3.33333e-06
45020 1.66667e-06
45030 1.66667e-06
45040 2.77556e-17
45050 1.66667e-06
45060 1.66667e-06
45070 2.77556e-17
45080 3.33333e-06
45090 3.33333e-06
45100 1.66667e-06
45110 1.66667e-06
45120 1.66667e-06
45130 3.33333e-06
45140 2.77556e-17
45150 2.77556e-17
45160 2.77556e-17
45170 2.77556e-17
45180 1.66667e-06
45190 2.77556e-17
45200 2.77556e-17
45210 1.66667e-06
45220 1.66667e-06
45230 2.77556e-17
45240 2.77556e-17
45250 3.33333e-06
45260 1.66667e-06
45270 1.66667e-06
45280 2.77556e-17
45290 3.33333e-06
45300 1.66667e-06
45310 1.66667e-06
45320 3.33333e-06
45330 1.66667e-06
45340 1.66667e-06
45350 1.66667e-06
45360 1.66667e-06
45370 3.33333e-06
45380 1.66667e-06
45390 1.66667e-06
45400 2.77556e-17
45410 2.77556e-17
45420 1.66667e-06
45430 1.66667e-06
45440 2.77556e-17
45450 2.77556e-17
45460 3.33333e-06
45470 1.66667e-06
45480 3.33333e-06
45490 1.66667e-06
45500 1.66667e-06
45510 2.77556e-17
45520 1.66667e-06
45530 3.33333e-06
45540 3.33333e-06
45550 1.66667e-06
45560 1.66667e-06
45570 1.66667e-06
45580 1.66667e-06
45590 1.66667e-06
45600 3.33333e-06
45610 3.33333e-06
45620 2.77556e-17
45630 1.66667e-06
45640 1.66667e-06
45650 1.66667e-06
45660 3.33333e-06
45670 1.66667e-06
45680 1.66667e-06
45690 3.33333e-06
45700 2.77556e-17
45710 1.66667e-06
45720 3.33333e-06
45730 2.77556e-17
45740 3.33333e-06
45750 1.66667e-06
45760 2.77556e-17
45770 2.77556e-17
45780 3.33333e-06
45790 1.66667e-06
45800 2.77556e-17
45810 1.66667e-06
45820 1.66667e-06
45830 3.33333e-06
45840 3.33333e-06
45850 3.33333e-06
45860 2.77556e-17
45870 2.77556e-17
45880 1.66667e-06
45890 1.66667e-06
45900 2.77556e-17
45910 3.33333e-06
45920 1.66667e-06
45930 1.66667e-06
45940 1.66667e-06
45950 1.66667e-06
45960 1.66667e-06
45970 1.66667e-06
45980 1.66667e-06
45990 1.66667e-06
46000 2.77556e-17
46010 2.77556e-17
46020 3.33333e-06
46030 2.77556e-17
46040 1.66667e-06
46050 1.66667e-06
46060 2.77556e-17
46070 2.77556e-17
46080 2.77556e-17
46090 3.33333e-06
46100 3.33333e-06
46110 1.66667e-06
46120 1.66667e-06
46130 3.33333e-06
46140 1.66667e-06
46150 3.33333e-06
46160 1.66667e-06
46170 1.66667e-06
46180 1.66667e-06
46190 2.77556e-17
46200 3.33333e-06
46210 1.66667e-06
46220 3.33333e-06
46230 1.66667e-06
46240 1.66667e-06
46250 2.77556e-17
46260 1.66667e-06
46270 3.33333e-06
46280 3.33333e-06
46290 1.66667e-06
46300 3.33333e-06
46310 1.66667e-06
46320 3.33333e-06
46330 3.33333e-06
46340 1.66667e-06
46350 1.66667e-06
46360 1.66667e-06
46370 1.66667e-06
46380 3.33333e-06
46390 1.66667e-06
46400 3.33333e-06
46410 1.66667e-06
46420 1.66667e-06
46430 1.66667e-06
46440 3.33333e-06
46450 1.66667e-06
46460 2.77556e-17
46470 2.77556e-17
46480 3.33333e-06
46490 1.66667e-06
46500 1.66667e-06
46510 1.66667e-06
46520 1.66667e-06
46530 3.33333e-06
46540 2.77556e-17
46550 2.77556e-17
46560 1.66667e-06
46570 1.66667e-06
46580 3.33333e-06
46590 1.66667e-06
46600 3.33333e-06
46610 1.66667e-06
46620 2.77556e-17
46630 1.66667e-06
46640 1.66667e-06
46650 1.66667e-06
46660 3.33333e-06
46670 1.66667e-06
46680 1.66667e-06
46690 1.66667e-06
46700 3.33333e-06
46710 1.66667e-06
46720 3.33333e-06
46730 1.66667e-06
46740 1.66667e-06
46750 1.66667e-06
46760 1.66667e-06
46770 2.77556e-17
46780 1.66667e-06
46790 2.77556e-17
46800 1.66667e-06
46810 3.33333e-06
46820 2.77556e-17
46830 3.33333e-06
46840 1.66667e-06
46850 1.66667e-06
46860 2.77556e-17
46870 2.77556e-17
46880 1.66667e-06
46890 1.66667e-06
46900 1.66667e-06
46910 1.66667e-06
46920 1.66667e-06
46930 3.33333e-06
46940 3.33333e-06
46950 3.33333e-06
46960 1.66667e-06
46970 3.33333e-06
46980 2.77556e-17
46990 2.77556e-17
47000 3.33333e-06
47010 2.77556e-17
47020 2.77556e-17
47030 2.77556e-17
47040 2.77556e-17
47050 1.66667e-06
47060 3.33333e-06
47070 3.33333e-06
47080 1.66667e-06
47090 1.66667e-06
47100 1.66667e-06
47110 3.33333e-06
47120 2.77556e-17
47130 2.77556e-17
47140 1.66667e-06
47150 1.66667e-06
47160 1.66667e-06
47170 2.77556e-17
47180 2.77556e-17
47190 2.77556e-17
47200 2.77556e-17
47210 1.66667e-06
47220 3.33333e-06
47230 1.66667e-06
47240 1.66667e-06
47250 3.33333e-06
47260 1.66667e-06
47270 3.33333e-06
47280 2.77556e-17
47290 1.66667e-06
47300 1.66667e-06
47310 1.66667e-06
47320 1.66667e-06
47330 2.77556e-17
47340 2.77556e-17
47350 2.77556e-17
47360 1.66667e-06
47370 2.77556e-17
47380 1.66667e-06
47390 3.33333e-06
47400 2.77556e-17
47410 1.66667e-06
47420 1.66667e-06
47430 2.77556e-17
47440 1.66667e-06
47450 2.77556e-17
47460 1.66667e-06
47470 3.33333e-06
47480 2.77556e-17
47490 1.66667e-06
47500 3.33333e-06
47510 1.66667e-06
47520 3.33333e-06
47530 1.66667e-06
47540 3.33333e-06
47550 1.66667e-06
47560 1.66667e-06
47570 2.77556e-17
47580 1.66667e-06
47590 1.66667e-06
47600 2.77556e-17
47610 1.66667e-06
47620 1.66667e-06
47630 2.77556e-17
47640 3.33333e-06
47650 2.77556e-17
47660 3.33333e-06
47670 1.66667e-06
47680 2.77556e-17
47690 3.33333e-06
47700 3.33333e-06
47710 2.77556e-17
47720 1.66667e-06
47730 1.66667e-06
47740 2.77556e-17
47750 1.66667e-06
47760 1.66667e-06
47770 2.77556e-17
47780 1.66667e-06
47790 3.33333e-06
47800 3.33333e-06
47810 3.33333e-06
47820 1.66667e-06
47830 3.33333e-06
47840 2.77556e-17
47850 1.66667e-06
47860 3.33333e-06
47870 1.66667e-06
47880 1.66667e-06
47890 3.33333e-06
47900 1.66667e-06
47910 1.66667e-06
47920 3.33333e-06
47930 1.66667e-06
47940 1.66667e-06
47950 1.66667e-06
47960 1.66667e-06
47970 1.66667e-06
47980 2.77556e-17
47990 2.77556e-17
48000 1.66667e-06
48010 1.66667e-06
48020 3.33333e-06
48030 1.66667e-06
48040 1.66667e-06
48050 1.66667e-06
48060 2.77556e-17
48070 1.66667e-06
48080 1.66667e-06
48090 2.77556e-17
48100 1.66667e-06
48110 2.77556e-17
48120 1.66667e-06
48130 2.77556e-17
48140 1.66667e-06
48150 2.77556e-17
48160 3.33333e-06
48170 2.77556e-17
48180 1.66667e-06
48190 1.66667e-06
48200 1.66667e-06
48210 3.33333e-06
48220 3.33333e-06
48230 1.66667e-06
48240 1.66667e-06
48250 3.33333e-06
48260 1.66667e-06
48270 3.33333e-06
48280 1.66667e-06
48290 1.66667e-06
48300 3.33333e-06
48310 1.66667e-06
48320 1.66667e-06
48330 1.66667e-06
48340 2.77556e-17
48350 3.33333e-06
48360 1.66667e-06
48370 1.66667e-06
48380 1.66667e-06
48390 2.77556e-17
48400 1.66667e-06
48410 1.66667e-06
48420 3.33333e-06
48430 1.66667e-06
48440 1.66667e-06
48450 3.33333e-06
48460 1.66667e-06
48470 1.66667e-06
48480 3.33333e-06
48490 2.77556e-17
48500 3.33333e-06
48510 1.66667e-06
48520 3.33333e-06
48530 3.33333e-06
48540 1.66667e-06
48550 1.66667e-06
48560 1.66667e-06
48570 1.66667e-06
48580 3.33333e-06
48590 1.66667e-06
48600 2.77556e-17
48610 2.77556e-17
48620 1.66667e-06
48630 3.33333e-06
48640 1.66667e-06
48650 1.66667e-06
48660 1.66667e-06
48670 2.77556e-17
48680 3.33333e-06
48690 1.66667e-06
48700 1.66667e-06
48710 1.66667e-06
48720 1.66667e-06
48730 1.66667e-06
48740 1.66667e-06
48750 3.33333e-06
48760 3.33333e-06
48770 3.33333e-06
48780 1.66667e-06
48790 2.77556e-17
48800 2.77556e-17
48810 2.77556e-17
48820 1.66667e-06
48830 1.66667e-06
48840 3.33333e-06
48850 1.66667e-06
48860 1.66667e-06
48870 3.33333e-06
48880 2.77556e-17
48890 2.77556e-17
48900 1.66667e-06
48910 2.77556e-17
48920 1.66667e-06
48930 3.33333e-06
48940 1.66667e-06
48950 1.66667e-06
48960 1.66667e-06
48970 1.66667e-06
48980 1.66667e-06
48990 1.66667e-06
49000 1.66667e-06
49010 1.66667e-06
49020 3.33333e-06
49030 3.33333e-06
49040 3.33333e-06
49050 3.33333e-06
49060 3.33333e-06
49070 3.33333e-06
49080 3.33333e-06
49090 1.66667e-06
49100 3.33333e-06
49110 3.33333e-06
49120 2.77556e-17
49130 1.66667e-06
49140 1.66667e-06
49150 3.33333e-06
49160 2.77556e-17
49170 3.33333e-06
49180 2.77556e-17
49190 1.66667e-06
49200 3.33333e-06
49210 1.66667e-06
49220 3.33333e-06
49230 3.33333e-06
49240 2.77556e-17
49250 1.66667e-06
49260 3.33333e-06
49270 1.66667e-06
49280 2.77556e-17
49290 2.77556e-17
49300 1.66667e-06
49310 3.33333e-06
49320 1.66667e-06
49330 3.33333e-06
49340 1.66667e-06
49350 1.66667e-06
49360 2.77556e-17
49370 2.77556e-17
49380 1.66667e-06
49390 1.66667e-06
49400 1.66667e-06
49410 1.66667e-06
49420 3.33333e-06
49430 1.66667e-06
49440 1.66667e-06
49450 1.66667e-06
49460 3.33333e-06
49470 1.66667e-06
49480 2.77556e-17
49490 1.66667e-06
49500 2.77556e-17
49510 2.77556e-17
49520 1.66667e-06
49530 1.66667e-06
49540 1.66667e-06
49550 2.77556e-17
49560 2.77556e-17
49570 1.66667e-06
49580 1.66667e-06
49590 2.77556e-17
49600 3.33333e-06
49610 2.77556e-17
49620 2.77556e-17
49630 1.66667e-06
49640 2.77556e-17
49650 1.66667e-06
49660 3.33333e-06
49670 1.66667e-06
49680 3.33333e-06
49690 2.77556e-17
49700 1.66667e-06
49710 2.77556e-17
49720 1.66667e-06
49730 1.66667e-06
49740 2.77556e-17
49750 3.33333e-06
49760 1.66667e-06
49770 1.66667e-06
49780 3.33333e-06
49790 3.33333e-06
49800 1.66667e-06
49810 3.33333e-06
49820 1.66667e-06
49830 1.66667e-06
49840 1.66667e-06
49850 1.66667e-06
49860 1.66667e-06
49870 2.77556e-17
49880 3.33333e-06
49890 1.66667e-06
49900 2.77556e-17
49910 3.33333e-06
49920 1.66667e-06
49930 2.77556e-17
49940 1.66667e-06
49950 1.66667e-06
49960 1.66667e-06
49970 1.66667e-06
49980 2.77556e-17
49990 3.33333e-06
50000 3.33333e-06
50010 2.77556e-17
50020 1.66667e-06
50030 2.77556e-17
50040 3.33333e-06
50050 1.66667e-06
50060 1.66667e-06
50070 3.33333e-06
50080 3.33333e-06
50090 1.66667e-06
50100 2.77556e-17
50110 3.33333e-06
50120 3.33333e-06
50130 1.66667e-06
50140 3.33333e-06
50150 1.66667e-06
50160 3.33333e-06
50170 1.66667e-06
50180 3.33333e-06
50190 1.66667e-06
50200 1.66667e-06
50210 1.66667e-06
50220 3.33333e-06
50230 3.33333e-06
50240 2.77556e-17
50250 2.77556e-17
50260 1.66667e-06
50270 1.66667e-06
50280 1.66667e-06
50290 1.66667e-06
50300 3.33333e-06
50310 3.33333e-06
50320 1.66667e-06
50330 3.33333e-06
50340 3.33333e-06
50350 3.33333e-06
50360 1.66667e-06
50370 3.33333e-06
50380 3.33333e-06
50390 2.77556e-17
50400 2.77556e-17
50410 1.66667e-06
50420 1.66667e-06
50430 3.33333e-06
50440 3.33333e-06
50450 1.66667e-06
50460 2.77556e-17
50470 1.66667e-06
50480 1.66667e-06
50490 3.33333e-06
50500 3.33333e-06
50510 3.33333e-06
50520 3.33333e-06
50530 1.66667e-06
50540 3.33333e-06
50550 1.66667e-06
50560 1.66667e-06
50570 3.33333e-06
50580 2.77556e-17
50590 1.66667e-06
50600 2.77556e-17
50610 2.77556e-17
50620 1.66667e-06
50630 2.77556e-17
50640 3.33333e-06
50650 3.33333e-06
50660 1.66667e-06
50670 1.66667e-06
50680 1.66667e-06
50690 3.33333e-06
50700 2.77556e-17
50710 1.66667e-06
50720 3.33333e-06
50730 3.33333e-06
50740 1.66667e-06
50750 1.66667e-06
50760 1.66667e-06
50770 1.66667e-06
50780 1.66667e-06
50790 2.77556e-17
50800 1.66667e-06
50810 2.77556e-17
50820 3.33333e-06
50830 1.66667e-06
50840 3.33333e-06
50850 1.66667e-06
50860 1.66667e-06
50870 3.33333e-06
50880 1.66667e-06
50890 3.33333e-06
50900 1.66667e-06
50910 3.33333e-06
50920 1.66667e-06
50930 1.66667e-06
50940 2.77556e-17
50950 1.66667e-06
50960 3.33333e-06
50970 1.66667e-06
50980 1.66667e-06
50990 3.33333e-06
51000 1.66667e-06
51010 3.33333e-06
51020 3.33333e-06
51030 1.66667e-06
51040 3.33333e-06
51050 3.33333e-06
51060 3.33333e-06
51070 3.33333e-06
51080 3.33333e-06
51090 3.33333e-06
51100 1.66667e-06
51110 3.33333e-06
51120 1.66667e-06
51130 1.66667e-06
51140 1.66667e-06
51150 1.66667e-06
51160 2.77556e-17
51170 2.77556e-17
51180 3.33333e-06
51190 1.66667e-06
51200 2.77556e-17
51210 1.66667e-06
51220 2.77556e-17
51230 3.33333e-06
51240 1.66667e-06
51250 1.66667e-06
51260 1.66667e-06
51270 1.66667e-06
51280 2.77556e-17
51290 1.66667e-06
51300 1.66667e-06
51310 3.33333e-06
51320 1.66667e-06
51330 1.66667e-06
51340 1.66667e-06
51350 2.77556e-17
51360 1.66667e-06
51370 2.77556e-17
51380 1.66667e-06
51390 2.77556e-17
51400 2.77556e-17
51410 1.66667e-06
51420 1.66667e-06
51430 2.77556e-17
51440 2.77556e-17
51450 1.66667e-06
51460 3.33333e-06
51470 2.77556e-17
51480 1.66667e-06
51490 2.77556e-17
51500 2.77556e-17
51510 2.77556e-17
51520 2.77556e-17
51530 3.33333e-06
51540 3.33333e-06
51550 2.77556e-17
51560 1.66667e-06
51570 3.33333e-06
51580 2.77556e-17
51590 2.77556e-17
51600 1.66667e-06
51610 1.66667e-06
51620 1.66667e-06
51630 3.33333e-06
51640 1.66667e-06
51650 1.66667e-06
51660 1.66667e-06
51670 2.77556e-17
51680 2.77556e-17
51690 2.77556e-17
51700 2.77556e-17
51710 3.33333e-06
51720 1.66667e-06
51730 3.33333e-06
51740 1.66667e-06
51750 1.66667e-06
51760 1.66667e-06
51770 2.77556e-17
51780 2.77556e-17
51790 2.77556e-17
51800 1.66667e-06
51810 1.66667e-06
51820 1.66667e-06
51830 1.66667e-06
51840 1.66667e-06
51850 1.66667e-06
51860 3.33333e-06
51870 1.66667e-06
51880 3.33333e-06
51890 3.33333e-06
51900 1.66667e-06
51910 3.33333e-06
51920 1.66667e-06
51930 2.77556e-17
51940 2.77556e-17
51950 1.66667e-06
51960 1.66667e-06
51970 3.33333e-06
51980 1.66667e-06
51990 2.77556e-17
52000 1.66667e-06
52010 1.66667e-06
52020 1.66667e-06
52030 1.66667e-06
52040 1.66667e-06
52050 1.66667e-06
52060 1.66667e-06
52070 2.77556e-17
52080 3.33333e-06
52090 1.66667e-06
52100 1.66667e-06
52110 2.77556e-17
52120 2.77556e-17
52130 1.66667e-06
52140 1.66667e-06
52150 2.77556e-17
52160 1.66667e-06
52170 2.77556e-17
52180 3.33333e-06
52190 1.66667e-06
52200 1.66667e-06
52210 1.66667e-06
52220 1.66667e-06
52230 2.77556e-17
52240 1.66667e-06
52250 3.33333e-06
52260 2.77556e-17
52270 1.66667e-06
52280 1.66667e-06
52290 1.66667e-06
52300 3.33333e-06
52310 1.66667e-06
52320 3.33333e-06
52330 2.77556e-17
52340 1.66667e-06
52350 1.66667e-06
52360 2.77556e-17
52370 3.33333e-06
52380 3.33333e-06
52390 1.66667e-06
52400 1.66667e-06
52410 1.66667e-06
52420 3.33333e-06
52430 1.66667e-06
52440 1.66667e-06
52450 2.77556e-17
52460 1.66667e-06
52470 2.77556e-17
52480 1.66667e-06
52490 1.66667e-06
52500 1.66667e-06
52510 2.77556e-17
52520 1.66667e-06
52530 1.66667e-06
52540 1.66667e-06
52550 1.66667e-06
52560 1.66667e-06
52570 1.66667e-06
52580 1.66667e-06
52590 1.66667e-06
52600 1.66667e-06
52610 2.77556e-17
52620 2.77556e-17
52630 1.66667e-06
52640 1.66667e-06
52650 1.66667e-06
52660 3.33333e-06
52670 3.33333e-06
52680 1.66667e-06
52690 3.33333e-06
52700 2.77556e-17
52710 1.66667e-06
52720 3.33333e-06
52730 1.66667e-06
52740 1.66667e-06
52750 2.77556e-17
52760 1.66667e-06
52770 1.66667e-06
52780 1.66667e-06
52790 1.66667e-06
52800 1.66667e-06
52810 2.77556e-17
52820 1.66667e-06
52830 1.66667e-06
52840 3.33333e-06
52850 2.77556e-17
52860 1.66667e-06
52870 3.33333e-06
52880 3.33333e-06
52890 3.33333e-06
52900 1.66667e-06
52910 1.66667e-06
52920 1.66667e-06
52930 1.66667e-06
52940 3.33333e-06
52950 1.66667e-06
52960 3.33333e-06
52970 1.66667e-06
52980 3.33333e-06
52990 1.66667e-06
53000 2.77556e-17
53010 1.66667e-06
53020 1.66667e-06
53030 1.66667e-06
53040 1.66667e-06
53050 1.66667e-06
53060 2.77556e-17
53070 1.66667e-06
53080 1.66667e-06
53090 3.33333e-06
53100 2.77556e-17
53110 3.33333e-06
53120 1.66667e-06
53130 1.66667e-06
53140 3.33333e-06
53150 1.66667e-06
53160 3.33333e-06
53170 3.33333e-06
53180 1.66667e-06
53190 3.33333e-06
53200 1.66667e-06
53210 1.66667e-06
53220 1.66667e-06
53230 1.66667e-06
53240 3.33333e-06
53250 1.66667e-06
53260 1.66667e-06
53270 1.66667e-06
53280 3.33333e-06
53290 1.66667e-06
53300 3.33333e-06
53310 2.77556e-17
53320 1.66667e-06
53330 2.77556e-17
53340 1.66667e-06
53350 1.66667e-06
53360 2.77556e-17
53370 3.33333e-06
53380 1.66667e-06
53390 3.33333e-06
53400 2.77556e-17
53410 1.66667e-06
53420 3.33333e-06
53430 1.66667e-06
53440 1.66667e-06
53450 1.66667e-06
53460 3.33333e-06
53470 1.66667e-06
53480 2.77556e-17
53490 1.66667e-06
53500 1.66667e-06
53510 3.33333e-06
53520 3.33333e-06
53530 1.66667e-06
53540 3.33333e-06
53550 2.77556e-17
53560 1.66667e-06
53570 1.66667e-06
53580 3.33333e-06
53590 2.77556e-17
53600 1.66667e-06
53610 2.77556e-17
53620 3.33333e-06
53630 3.33333e-06
53640 2.77556e-17
53650 2.77556e-17
53660 2.77556e-17
53670 3.33333e-06
53680 1.66667e-06
53690 1.66667e-06
53700 1.66667e-06
53710 1.66667e-06
53720 1.66667e-06
53730 1.66667e-06
53740 2.77556e-17
53750 1.66667e-06
53760 1.66667e-06
53770 1.66667e-06
53780 1.66667e-06
53790 3.33333e-06
53800 3.33333e-06
53810 1.66667e-06
53820 3.33333e-06
53830 1.66667e-06
53840 1.66667e-06
53850 3.33333e-06
53860 2.77556e-17
53870 1.66667e-06
53880 3.33333e-06
53890 3.33333e-06
53900 3.33333e-06
53910 3.33333e-06
53920 1.66667e-06
53930 3.33333e-06
53940 1.66667e-06
53950 3.33333e-06
53960 1.66667e-06
53970 1.66667e-06
53980 1.66667e-06
53990 1.66667e-06
54000 1.66667e-06
54010 1.66667e-06
54020 1.66667e-06
54030 3.33333e-06
54040 1.66667e-06
54050 2.77556e-17
54060 1.66667e-06
54070 1.66667e-06
54080 1.66667e-06
54090 1.66667e-06
54100 2.77556e-17
54110 1.66667e-06
54120 1.66667e-06
54130 1.66667e-06
54140 1.66667e-06
54150 1.66667e-06
54160 2.77556e-17
54170 2.77556e-17
54180 2.77556e-17
54190 2.77556e-17
54200 2.77556e-17
54210 1.66667e-06
54220 2.77556e-17
54230 1.66667e-06
54240 3.33333e-06
54250 1.66667e-06
54260 2.77556e-17
54270 3.33333e-06
54280 3.33333e-06
54290 3.33333e-06
54300 3.33333e-06
54310 1.66667e-06
54320 1.66667e-06
54330 1.66667e-06
54340 1.66667e-06
54350 3.33333e-06
54360 1.66667e-06
54370 1.66667e-06
54380 3.33333e-06
54390 3.33333e-06
54400 2.77556e-17
54410 1.66667e-06
54420 2.77556e-17
54430 1.66667e-06
54440 3.33333e-06
54450 1.66667e-06
54460 3.33333e-06
54470 1.66667e-06
54480 3.33333e-06
54490 1.66667e-06
54500 1.66667e-06
54510 1.66667e-06
54520 3.33333e-06
54530 1.66667e-06
54540 1.66667e-06
54550 3.33333e-06
54560 1.66667e-06
54570 3.33333e-06
54580 1.66667e-06
54590 1.66667e-06
54600 3.33333e-06
54610 3.33333e-06
54620 3.33333e-06
54630 1.66667e-06
54640 1.66667e-06
54650 1.66667e-06
54660 3.33333e-06
54670 1.66667e-06
54680 3.33333e-06
54690 3.33333e-06
54700 1.66667e-06
54710 2.77556e-17
54720 3.33333e-06
54730 1.66667e-06
54740 1.66667e-06
54750 1.66667e-06
54760 1.66667e-06
54770 2.77556e-17
54780 1.66667e-06
54790 3.33333e-06
54800 1.66667e-06
54810 3.33333e-06
54820 3.33333e-06
54830 3.33333e-06
54840 1.66667e-06
54850 2.77556e-17
54860 2.77556e-17
54870 2.77556e-17
54880 1.66667e-06
54890 1.66667e-06
54900 2.77556e-17
54910 2.77556e-17
54920 1.66667e-06
54930 3.33333e-06
54940 1.66667e-06
54950 2.77556e-17
54960 3.33333e-06
54970 1.66667e-06
54980 2.77556e-17
54990 1.66667e-06
55000 3.33333e-06
55010 1.66667e-06
55020 1.66667e-06
55030 1.66667e-06
55040 2.77556e-17
55050 1.66667e-06
55060 1.66667e-06
55070 3.33333e-06
55080 2.77556e-17
55090 1.66667e-06
55100 3.33333e-06
55110 2.77556e-17
55120 1.66667e-06
55130 1.66667e-06
55140 1.66667e-06
55150 2.77556e-17
55160 1.66667e-06
55170 3.33333e-06
55180 2.77556e-17
55190 1.66667e-06
55200 3.33333e-06
55210 3.33333e-06
55220 3.33333e-06
55230 1.66667e-06
55240 3.33333e-06
55250 1.66667e-06
55260 1.66667e-06
55270 3.33333e-06
55280 1.66667e-06
55290 2.77556e-17
55300 1.66667e-06
55310 3.33333e-06
55320 1.66667e-06
55330 3.33333e-06
55340 2.77556e-17
55350 1.66667e-06
55360 3.33333e-06
55370 1.66667e-06
55380 2.77556e-17
55390 1.66667e-06
55400 1.66667e-06
55410 2.77556e-17
55420 1.66667e-06
55430 2.77556e-17
55440 2.77556e-17
55450 1.66667e-06
55460 3.33333e-06
55470 1.66667e-06
55480 3.33333e-06
55490 2.77556e-17
55500 1.66667e-06
55510 1.66667e-06
55520 2.77556e-17
55530 3.33333e-06
55540 1.66667e-06
55550 1.66667e-06
55560 1.66667e-06
55570 1.66667e-06
55580 3.33333e-06
55590 1.66667e-06
55600 2.77556e-17
55610 3.33333e-06
55620 2.77556e-17
55630 2.77556e-17
55640 2.77556e-17
55650 1.66667e-06
55660 3.33333e-06
55670 1.66667e-06
55680 2.77556e-17
55690 2.77556e-17
55700 2.77556e-17
55710 2.77556e-17
55720 3.33333e-06
55730 1.66667e-06
55740 2.77556e-17
55750 3.33333e-06
55760 3.33333e-06
55770 2.77556e-17
55780 1.66667e-06
55790 1.66667e-06
55800 1.66667e-06
55810 1.66667e-06
55820 1.66667e-06
55830 3.33333e-06
55840 1.66667e-06
55850 1.66667e-06
55860 1.66667e-06
55870 3.33333e-06
55880 1.66667e-06
55890 1.66667e-06
55900 1.66667e-06
55910 1.66667e-06
55920 1.66667e-06
55930 1.66667e-06
55940 3.33333e-06
55950 3.33333e-06
55960 3.33333e-06
55970 3.33333e-06
55980 1.66667e-06
55990 2.77556e-17
56000 3.33333e-06
56010 1.66667e-06
56020 1.66667e-06
56030 1.66667e-06
56040 1.66667e-06
56050 3.33333e-06
56060 3.33333e-06
56070 3.33333e-06
56080 1.66667e-06
56090 1.66667e-06
56100 3.33333e-06
56110 1.66667e-06
56120 3.33333e-06
56130 3.33333e-06
56140 3.33333e-06
56150 3.33333e-06
56160 2.77556e-17
56170 3.33333e-06
56180 1.66667e-06
56190 3.33333e-06
56200 3.33333e-06
56210 3.33333e-06
56220 1.66667e-06
56230 2.77556e-17
56240 2.77556e-17
56250 2.77556e-17
56260 3.33333e-06
56270 1.66667e-06
56280 1.66667e-06
56290 1.66667e-06
56300 3.33333e-06
56310 1.66667e-06
56320 1.66667e-06
56330 3.33333e-06
56340 1.66667e-06
56350 3.33333e-06
56360 2.77556e-17
56370 1.66667e-06
56380 2.77556e-17
56390 2.77556e-17
56400 1.66667e-06
56410 1.66667e-06
56420 1.66667e-06
56430 1.66667e-06
56440 3.33333e-06
56450 1.66667e-06
56460 3.33333e-06
56470 1.66667e-06
56480 1.66667e-06
56490 1.66667e-06
56500 1.66667e-06
56510 1.66667e-06
56520 2.77556e-17
56530 2.77556e-17
56540 1.66667e-06
56550 2.77556e-17
56560 1.66667e-06
56570 1.66667e-06
56580 3.33333e-06
56590 1.66667e-06
56600 1.66667e-06
56610 2.77556e-17
56620 3.33333e-06
56630 3.33333e-06
56640 3.33333e-06
56650 1.66667e-06
56660 1.66667e-06
56670 1.66667e-06
56680 3.33333e-06
56690 1.66667e-06
56700 3.33333e-06
56710 1.66667e-06
56720 1.66667e-06
56730 2.77556e-17
56740 1.66667e-06
56750 1.66667e-06
56760 1.66667e-06
56770 1.66667e-06
56780 2.77556e-17
56790 1.66667e-06
56800 2.77556e-17
56810 2.77556e-17
56820 2.77556e-17
56830 2.77556e-17
56840 1.66667e-06
56850 1.66667e-06
56860 2.77556e-17
56870 1.66667e-06
56880 2.77556e-17
56890 1.66667e-06
56900 3.33333e-06
56910 1.66667e-06
56920 3.33333e-06
56930 2.77556e-17
56940 1.66667e-06
56950 1.66667e-06
56960 2.77556e-17
56970 2.77556e-17
56980 3.33333e-06
56990 3.33333e-06
57000 1.66667e-06
57010 1.66667e-06
57020 2.77556e-17
57030 1.66667e-06
57040 1.66667e-06
57050 1.66667e-06
57060 3.33333e-06
57070 3.33333e-06
57080 1.66667e-06
57090 1.66667e-06
57100 3.33333e-06
57110 3.33333e-06
57120 3.33333e-06
57130 1.66667e-06
57140 1.66667e-06
57150 1.66667e-06
57160 1.66667e-06
57170 3.33333e-06
57180 2.77556e-17
57190 1.66667e-06
57200 1.66667e-06
57210 3.33333e-06
57220 1.66667e-06
57230 3.33333e-06
57240 2.77556e-17
57250 1.66667e-06
57260 3.33333e-06
57270 1.66667e-06
57280 1.66667e-06
57290 3.33333e-06
57300 1.66667e-06
57310 2.77556e-17
57320 3.33333e-06
57330 2.77556e-17
57340 1.66667e-06
57350 1.66667e-06
57360 1.66667e-06
57370 1.66667e-06
57380 1.66667e-06
57390 3.33333e-06
57400 2.77556e-17
57410 3.33333e-06
57420 3.33333e-06
57430 2.77556e-17
57440 2.77556e-17
57450 1.66667e-06
57460 2.77556e-17
57470 1.66667e-06
57480 1.66667e-06
57490 1.66667e-06
57500 1.66667e-06
57510 1.66667e-06
57520 1.66667e-06
57530 3.33333e-06
57540 3.33333e-06
57550 1.66667e-06
57560 1.66667e-06
57570 3.33333e-06
57580 3.33333e-06
57590 2.77556e-17
57600 2.77556e-17
57610 2.77556e-17
57620 1.66667e-06
57630 3.33333e-06
57640 3.33333e-06
57650 2.77556e-17
57660 3.33333e-06
57670 3.33333e-06
57680 1.66667e-06
57690 2.77556e-17
57700 1.66667e-06
57710 2.77556e-17
57720 2.77556e-17
57730 1.66667e-06
57740 2.77556e-17
57750 1.66667e-06
57760 3.33333e-06
57770 1.66667e-06
57780 1.66667e-06
57790 1.66667e-06
57800 1.66667e-06
57810 1.66667e-06
57820 3.33333e-06
57830 3.33333e-06
57840 3.33333e-06
57850 1.66667e-06
57860 1.66667e-06
57870 1.66667e-06
57880 1.66667e-06
57890 1.66667e-06
57900 1.66667e-06
57910 1.66667e-06
57920 1.66667e-06
57930 1.66667e-06
57940 1.66667e-06
57950 1.66667e-06
57960 1.66667e-06
57970 1.66667e-06
57980 1.66667e-06
57990 1.66667e-06
58000 1.66667e-06
58010 1.66667e-06
58020 2.77556e-17
58030 2.77556e-17
58040 2.77556e-17
58050 2.77556e-17
58060 1.66667e-06
58070 1.66667e-06
58080 1.66667e-06
58090 1.66667e-06
58100 1.66667e-06
58110 1.66667e-06
58120 1.66667e-06
58130 1.66667e-06
58140 3.33333e-06
58150 2.77556e-17
58160 1.66667e-06
58170 1.66667e-06
58180 1.66667e-06
58190 1.66667e-06
58200 3.33333e-06
58210 1.66667e-06
58220 2.77556e-17
58230 2.77556e-17
58240 1.66667e-06
58250 3.33333e-06
58260 1.66667e-06
58270 3.33333e-06
58280 3.33333e-06
58290 3.33333e-06
58300 2.77556e-17
58310 1.66667e-06
58320 1.66667e-06
58330 2.77556e-17
58340 3.33333e-06
58350 3.33333e-06
58360 1.66667e-06
58370 1.66667e-06
58380 1.66667e-06
58390 3.33333e-06
58400 1.66667e-06
58410 1.66667e-06
58420 1.66667e-06
58430 1.66667e-06
58440 1.66667e-06
58450 2.77556e-17
58460 1.66667e-06
58470 1.66667e-06
58480 1.66667e-06
58490 3.33333e-06
58500 1.66667e-06
58510 1.66667e-06
58520 1.66667e-06
58530 3.33333e-06
58540 3.33333e-06
58550 3.33333e-06
58560 2.77556e-17
58570 1.66667e-06
58580 1.66667e-06
58590 1.66667e-06
58600 2.77556e-17
58610 2.77556e-17
58620 1.66667e-06
58630 1.66667e-06
58640 1.66667e-06
58650 1.66667e-06
58660 3.33333e-06
58670 2.77556e-17
58680 1.66667e-06
58690 1.66667e-06
58700 1.66667e-06
58710 1.66667e-06
58720 3.33333e-06
58730 3.33333e-06
58740 1.66667e-06
58750 2.77556e-17
58760 3.33333e-06
58770 3.33333e-06
58780 1.66667e-06
58790 1.66667e-06
58800 1.66667e-06
58810 3.33333e-06
58820 2.77556e-17
58830 1.66667e-06
58840 2.77556e-17
58850 2.77556e-17
58860 3.33333e-06
58870 3.33333e-06
58880 1.66667e-06
58890 1.66667e-06
58900 3.33333e-06
58910 3.33333e-06
58920 1.66667e-06
58930 3.33333e-06
58940 3.33333e-06
58950 3.33333e-06
58960 2.77556e-17
58970 3.33333e-06
58980 3.33333e-06
58990 1.66667e-06
59000 1.66667e-06
59010 1.66667e-06
59020 1.66667e-06
59030 1.66667e-06
59040 1.66667e-06
59050 1.66667e-06
59060 1.66667e-06
59070 2.77556e-17
59080 1.66667e-06
59090 1.66667e-06
59100 1.66667e-06
59110 3.33333e-06
59120 1.66667e-06
59130 3.33333e-06
59140 1.66667e-06
59150 3.33333e-06
59160 3.33333e-06
59170 1.66667e-06
59180 1.66667e-06
59190 1.66667e-06
59200 1.66667e-06
59210 3.33333e-06
59220 1.66667e-06
59230 1.66667e-06
59240 1.66667e-06
59250 1.66667e-06
59260 3.33333e-06
59270 3.33333e-06
59280 1.66667e-06
59290 3.33333e-06
59300 1.66667e-06
59310 1.66667e-06
59320 1.66667e-06
59330 1.66667e-06
59340 1.66667e-06
59350 1.66667e-06
59360 2.77556e-17
59370 1.66667e-06
59380 1.66667e-06
59390 2.77556e-17
59400 1.66667e-06
59410 2.77556e-17
59420 2.77556e-17
59430 1.66667e-06
59440 1.66667e-06
59450 2.77556e-17
59460 1.66667e-06
59470 1.66667e-06
59480 1.66667e-06
59490 2.77556e-17
59500 3.33333e-06
59510 1.66667e-06
59520 3.33333e-06
59530 1.66667e-06
59540 1.66667e-06
59550 1.66667e-06
59560 3.33333e-06
59570 3.33333e-06
59580 2.77556e-17
59590 1.66667e-06
59600 3.33333e-06
59610 1.66667e-06
59620 3.33333e-06
59630 3.33333e-06
59640 1.66667e-06
59650 1.66667e-06
59660 3.33333e-06
59670 1.66667e-06
59680 3.33333e-06
59690 2.77556e-17
59700 1.66667e-06
59710 1.66667e-06
59720 1.66667e-06
59730 1.66667e-06
59740 2.77556e-17
59750 1.66667e-06
59760 2.77556e-17
59770 2.77556e-17
59780 1.66667e-06
59790 3.33333e-06
59800 2.77556e-17
59810 3.33333e-06
59820 1.66667e-06
59830 3.33333e-06
59840 1.66667e-06
59850 1.66667e-06
59860 1.66667e-06
59870 1.66667e-06
59880 1.66667e-06
59890 1.66667e-06
59900 1.66667e-06
59910 1.66667e-06
59920 1.66667e-06
59930 3.33333e-06
59940 1.66667e-06
59950 1.66667e-06
59960 3.33333e-06
59970 2.77556e-17
59980 1.66667e-06
59990 1.66667e-06
60000 3.33333e-06
60010 1.66667e-06
60020 1.66667e-06
60030 1.66667e-06
60040 3.33333e-06
60050 1.66667e-06
60060 3.33333e-06
60070 1.66667e-06
60080 1.66667e-06
60090 1.66667e-06
60100 3.33333e-06
60110 2.77556e-17
60120 2.77556e-17
60130 1.66667e-06
60140 1.66667e-06
60150 3.33333e-06
60160 1.66667e-06
60170 1.66667e-06
60180 1.66667e-06
60190 1.66667e-06
60200 1.66667e-06
60210 1.66667e-06
60220 3.33333e-06
60230 2.77556e-17
60240 1.66667e-06
60250 2.77556e-17
60260 1.66667e-06
60270 1.66667e-06
60280 2.77556e-17
60290 2.77556e-17
60300 2.77556e-17
60310 1.66667e-06
60320 1.66667e-06
60330 1.66667e-06
60340 1.66667e-06
60350 1.66667e-06
60360 1.66667e-06
60370 1.66667e-06
60380 2.77556e-17
60390 1.66667e-06
60400 3.33333e-06
60410 1.66667e-06
60420 1.66667e-06
60430 1.66667e-06
60440 1.66667e-06
60450 3.33333e-06
60460 2.77556e-17
60470 3.33333e-06
60480 1.66667e-06
60490 2.77556e-17
60500 1.66667e-06
60510 2.77556e-17
60520 3.33333e-06
60530 2.77556e-17
60540 2.77556e-17
60550 1.66667e-06
60560 3.33333e-06
60570 3.33333e-06
60580 3.33333e-06
