{
    "-x0xxoo-xm": {
        "0": 0.3333333333333333,
        "1": 0,
        "2": 0.3333333333333333,
        "3": 0,
        "4": 0,
        "5": 0,
        "6": 0,
        "7": 0.3333333333333333,
        "8": 0
    },
    "---xxooxxs": {
        "9": 0.5,
        "10": 0.5,
        "11": 0,
        "12": 0
    },
    "-xoxxoo-xm": {
        "0": 0.5,
        "1": 0,
        "2": 0,
        "3": 0,
        "4": 0,
        "5": 0,
        "6": 0,
        "7": 0.5,
        "8": 0
    },
    "--xxxoooxm": {
        "0": 0.5,
        "1": 0.5,
        "2": 0,
        "3": 0,
        "4": 0,
        "5": 0,
        "6": 0,
        "7": 0,
        "8": 0
    },
    "-oxxxoo-xm": {
        "0": 0.5,
        "1": 0,
        "2": 0,
        "3": 0,
        "4": 0,
        "5": 0,
        "6": 0,
        "7": 0.5,
        "8": 0
    },
    "o0xxxoo-xm": {
        "0": 0,
        "1": 0.5,
        "2": 0,
        "3": 0,
        "4": 0,
        "5": 0,
        "6": 0,
        "7": 0.5,
        "8": 0
    },
    "oo-xxooxxm": {
        "0": 0,
        "1": 0,
        "2": 1.0,
        "3": 0,
        "4": 0,
        "5": 0,
        "6": 0,
        "7": 0,
        "8": 0
    },
    "o0-xxooxxm": {
        "0": 0,
        "1": 1.0,
        "2": 0,
        "3": 0,
        "4": 0,
        "5": 0,
        "6": 0,
        "7": 0,
        "8": 0
    },
    "-0oxxooxxm": {
        "0": 0,
        "1": 1.0,
        "2": 0,
        "3": 0,
        "4": 0,
        "5": 0,
        "6": 0,
        "7": 0,
        "8": 0
    },
    "-x-xxoo-xs": {
        "9": 0.25,
        "10": 0.25,
        "11": 0.25,
        "12": 0.25
    },
    "---xxoo-xm": {
        "0": 0.25,
        "1": 0.25,
        "2": 0.25,
        "3": 0,
        "4": 0,
        "5": 0,
        "6": 0,
        "7": 0.25,
        "8": 0
    },
    "ooxxxoo-xm": {
        "0": 0,
        "1": 0,
        "2": 0,
        "3": 0,
        "4": 0,
        "5": 0,
        "6": 0,
        "7": 1.0,
        "8": 0
    },
    "-x-xxoo0xm": {
        "0": 0,
        "1": 0,
        "2": 0,
        "3": 0,
        "4": 0,
        "5": 0,
        "6": 0,
        "7": 1.0,
        "8": 0
    },
    "--xxxoo0xm": {
        "0": 0.3333333333333333,
        "1": 0.3333333333333333,
        "2": 0,
        "3": 0,
        "4": 0,
        "5": 0,
        "6": 0,
        "7": 0.3333333333333333,
        "8": 0
    },
    "--xxxoo-xs": {
        "9": 0.25,
        "10": 0.25,
        "11": 0.25,
        "12": 0.25
    },
    "ox-xxoo-xm": {
        "0": 0,
        "1": 0,
        "2": 0.5,
        "3": 0,
        "4": 0,
        "5": 0,
        "6": 0,
        "7": 0.5,
        "8": 0
    },
    "-x-xxoooxm": {
        "0": 0.5,
        "1": 0,
        "2": 0.5,
        "3": 0,
        "4": 0,
        "5": 0,
        "6": 0,
        "7": 0,
        "8": 0
    },
    "-o0xxooxxm": {
        "0": 0.5,
        "1": 0,
        "2": 0.5,
        "3": 0,
        "4": 0,
        "5": 0,
        "6": 0,
        "7": 0,
        "8": 0
    },
    "-0xxxoo-xm": {
        "0": 0.3333333333333333,
        "1": 0.3333333333333333,
        "2": 0,
        "3": 0,
        "4": 0,
        "5": 0,
        "6": 0,
        "7": 0.3333333333333333,
        "8": 0
    }
}