10 0.05555699333400001 0.03849040284803327
20 1.3333360000000002e-06 2.9814299328476596e-07
30 0.04444632666800001 0.028974632928168556
40 0.04444666000200001 0.028974530664400023
50 0.10000186666800001 0.0365149101974157
60 0.03333560000000001 0.02981403100218269
70 0.03333560000000001 0.02981403100218269
80 0.03333560000000001 0.02981403100218269
90 1.666668000005551e-06 4.714040493838584e-07
100 0.03333426666800001 0.029814329144281542
110 0.03333460000200001 0.029814254608067383
120 0.033335666666000005 0.029814463312068294
130 2.000000000005551e-06 5.577725542006876e-07
140 2.333334e-06 3.6514691107662406e-07
150 2.000002e-06 2.9814120443038397e-07
160 2.6666659999999997e-06 3.6514691107662406e-07
170 0.033335000002000015 0.029814612378943766
180 0.033335333332000006 0.029814537850145813
190 1.666668e-06 4.7140404938778367e-07
200 1.666666000011102e-06 6.666659999950488e-07
210 0.033336000000000005 0.029814388773059062
220 0.033336333332 0.02981431423729211
230 2.000000000005551e-06 5.577725542006876e-07
240 2.000002e-06 2.981412044303839e-07
250 0.033335933332 0.02981395646641573
260 0.066669 0.03651520231842561
270 0.03333493333600001 0.029814180070921507
280 2.333332000005551e-06 5.962839741046366e-07
290 2.000000000005551e-06 5.577725542006876e-07
300 1.666666000005551e-06 6.666659999978244e-07
310 0.03333560000000001 0.02981403100218269
320 2.000000000005551e-06 5.577725542006876e-07
330 2.000002e-06 2.9814120443038387e-07
340 2.333332000005551e-06 5.962839741046366e-07
350 1.3333360000000002e-06 2.9814299328476596e-07
360 0.03333500000200001 0.029814612378943766
370 1.666668000005551e-06 4.714040493838584e-07
380 1.3333360000000002e-06 2.9814299328476596e-07
390 0.06666933333200001 0.036515080603802895
400 1.666668000005551e-06 4.714040493838584e-07
410 2e-06 5.577725542046685e-07
420 1.3333360000000002e-06 2.9814299328476596e-07
430 0.011113006667999999 0.009937911950343277
440 0.011112673335999999 0.00993798648145172
450 0.011112340002000004 0.009938061021392691
460 0.011113673332 0.009937762879741126
470 0.03333500000200001 0.029814612378943766
480 2.3333319999999998e-06 5.962839741089811e-07
490 2.333334e-06 3.65146911076624e-07
500 0.01111167333400001 0.00993821009288927
510 0.06666900000200002 0.03651520231465245
520 0.06666793333400002 0.03651522666047381
530 1.9999980000055513e-06 7.302960130404375e-07
540 0.033334600000000006 0.029814254612241353
550 1.666666000005551e-06 6.666659999978244e-07
560 0.03333466666600001 0.029814686919331843
570 0.10000153333400001 0.0365150927727274
580 0.03333633333200001 0.029814314237292118
590 0.03333500000200001 0.029814612378943766
600 2.6666659999999997e-06 3.6514691107662406e-07
610 1.666666000011102e-06 6.666659999950488e-07
620 2.9999979999999996e-06 2.9814120443038387e-07
630 2.6666659999999997e-06 3.6514691107662406e-07
640 2.9999979999999996e-06 2.9814120443038387e-07
650 0.03333560000000001 0.02981403100218269
660 0.03333500000200001 0.029814612378943766
670 1.3333340000055511e-06 5.577730322934584e-07
680 1.66667e-06 0.0
690 0.011112673335999999 0.00993798648145172
700 1.666668000005551e-06 4.714040493838584e-07
710 6.666680000166534e-07 3.651491019607731e-07
720 1.666668e-06 4.7140404938778367e-07
730 1.666668000005551e-06 4.714040493838584e-07
740 1.666668000005551e-06 4.714040493838584e-07
750 0.033336333332 0.02981431423729211
760 2.333332000005551e-06 5.962839741046366e-07
770 6.666680000055511e-07 3.6514910196482715e-07
780 2.000000000005551e-06 5.577725542006877e-07
790 2.666664000005551e-06 5.962841977101848e-07
800 1.3333360000000002e-06 2.9814299328476596e-07
810 2.000002e-06 2.981412044303839e-07
820 1.3333340000111022e-06 5.577730322908044e-07
830 1.000002e-06 3.651491019668541e-07
840 0.033334333334000016 0.029814761450440395
850 2.000002e-06 2.9814120443038397e-07
860 2.000002e-06 2.9814120443038387e-07
870 1.6666659999999998e-06 6.666660000005999e-07
880 2.333334e-06 3.6514691107662406e-07
890 1.666668e-06 4.7140404938778367e-07
900 0.033335666666000005 0.029814463312068294
910 2.000002e-06 2.9814120443038387e-07
920 1.0000000000111022e-06 5.962844213188527e-07
930 2.333334e-06 3.65146911076624e-07
940 1.3333340000111022e-06 5.577730322908044e-07
950 1.666668e-06 4.7140404938778367e-07
960 0.03333426666600001 0.029814329148455505
970 0.04444667333400001 0.02897440386220923
980 1.666668e-06 4.7140404938778367e-07
990 0.01111234000000001 0.009938061033020225
1000 1.666666000011102e-06 6.666659999950488e-07
1010 0.044445926668000006 0.028974295464469474
1020 0.04444560666800001 0.028974270920258022
1030 1.0000000000111022e-06 5.962844213188527e-07
1040 2.9999979999999996e-06 2.9814120443038387e-07
1050 2.000002e-06 2.9814120443038397e-07
1060 1.3333340000055511e-06 5.577730322934584e-07
1070 1.666666000005551e-06 6.666659999978244e-07
1080 1.666668000005551e-06 4.714040493838584e-07
1090 1.3333340000055511e-06 5.577730322934584e-07
1100 0.03333433333400001 0.029814761450440395
1110 1.0000000000111022e-06 5.962844213188527e-07
1120 1.3333340000055511e-06 5.577730322934584e-07
1130 1.3333340000111022e-06 5.577730322908045e-07
1140 1.666668000005551e-06 4.714040493838584e-07
1150 0.033335333334 0.02981453784597186
1160 1.66667e-06 0.0
1170 2.333334e-06 3.6514691107662406e-07
1180 2.9999979999999996e-06 2.9814120443038387e-07
1190 1.666668e-06 4.7140404938778367e-07
1200 0.03333533333400001 0.029814537845971854
1210 1.666668e-06 4.7140404938778367e-07
1220 1.3333340000055511e-06 5.577730322934584e-07
1230 1.666668000005551e-06 4.714040493838584e-07
1240 2.333334e-06 3.6514691107662406e-07
1250 1.3333360000055512e-06 2.9814299327980087e-07
1260 1.0000020000055513e-06 3.6514910196381357e-07
1270 6.666680000111022e-07 3.651491019628001e-07
1280 0.033334600000000006 0.029814254612241353
1290 0.033334666668000015 0.029814686915157918
1300 1.3333340000055511e-06 5.577730322934584e-07
1310 2.000002e-06 2.981412044303839e-07
1320 1.666668e-06 4.7140404938778367e-07
1330 0.033335266668000005 0.029814105537017948
1340 0.033335666666000005 0.029814463312068294
1350 0.03333533333400001 0.029814537845971854
1360 2.000000000005551e-06 5.577725542006876e-07
1370 1.3333340000111022e-06 5.577730322908045e-07
1380 0.033334600000000006 0.029814254612241353
1390 1.3333340000111022e-06 5.577730322908045e-07
1400 2.000002e-06 2.981412044303839e-07
1410 1.666668000005551e-06 4.714040493838584e-07
1420 2e-06 5.577725542046685e-07
1430 6.666680000111022e-07 3.651491019628001e-07
1440 2.000002e-06 2.9814120443038397e-07
1450 1.666668000005551e-06 4.714040493838584e-07
1460 1.666666000005551e-06 6.666659999978244e-07
1470 1.0000020000055513e-06 3.6514910196381357e-07
1480 2.333334e-06 3.6514691107662406e-07
1490 1.666668e-06 4.7140404938778367e-07
1500 2.000000000005551e-06 5.577725542006877e-07
1510 1.3333340000055511e-06 5.577730322934584e-07
1520 2.000000000005551e-06 5.577725542006876e-07
1530 2.000000000005551e-06 5.577725542006876e-07
1540 1.3333360000055512e-06 2.9814299327980087e-07
1550 2.000000000005551e-06 5.577725542006876e-07
1560 1.3333360000055512e-06 2.9814299327980087e-07
1570 2.000000000005551e-06 5.577725542006876e-07
1580 1.0000000000166533e-06 5.962844213169908e-07
1590 2.6666659999999997e-06 3.6514691107662406e-07
1600 2.333334e-06 3.6514691107662406e-07
1610 6.666680000166534e-07 3.651491019607731e-07
1620 0.03333560000000001 0.02981403100218269
1630 2.333334e-06 3.6514691107662406e-07
1640 2.000002e-06 2.9814120443038397e-07
1650 1.666668000005551e-06 4.714040493838584e-07
1660 1.3333340000055511e-06 5.577730322934584e-07
1670 1.666668000005551e-06 4.714040493838584e-07
1680 2.333334e-06 3.6514691107662406e-07
1690 2.000002e-06 2.9814120443038397e-07
1700 1.3333340000111022e-06 5.577730322908044e-07
1710 1.666668000005551e-06 4.714040493838584e-07
1720 1.3333360000055512e-06 2.9814299327980087e-07
1730 2.333334e-06 3.65146911076624e-07
1740 3.3333400001110226e-07 2.981429932822834e-07
1750 0.033335266668000005 0.029814105537017948
1760 2.333334e-06 3.6514691107662406e-07
1770 2.000002e-06 2.9814120443038387e-07
1780 1.0000020000055513e-06 3.6514910196381357e-07
1790 1.666668000005551e-06 4.714040493838584e-07
1800 2.000002e-06 2.981412044303839e-07
1810 2.000000000005551e-06 5.577725542006876e-07
1820 1.0000020000111023e-06 3.6514910196077315e-07
1830 1.0000020000111023e-06 3.6514910196077315e-07
1840 2.333334e-06 3.6514691107662406e-07
1850 6.666680000111022e-07 3.651491019628001e-07
1860 1.3333340000055511e-06 5.577730322934584e-07
1870 2.000002e-06 2.9814120443038387e-07
1880 2.000000000005551e-06 5.577725542006876e-07
1890 2.000000000005551e-06 5.577725542006876e-07
1900 2.000002e-06 2.9814120443038397e-07
1910 2.000002e-06 2.981412044303839e-07
1920 1.0000000000111022e-06 5.962844213188527e-07
1930 1.3333360000055512e-06 2.9814299327980087e-07
1940 0.033334600000000006 0.029814254612241353
1950 1.0000020000055513e-06 3.6514910196381357e-07
1960 1.3333340000055511e-06 5.577730322934584e-07
1970 1.0000020000055513e-06 3.6514910196381357e-07
1980 6.666660000166533e-07 5.962841977114261e-07
1990 1.666666000005551e-06 6.666659999978243e-07
2000 1.3333360000000002e-06 2.9814299328476596e-07
2010 2.000000000005551e-06 5.577725542006876e-07
2020 1.0000020000111023e-06 3.651491019607731e-07
2030 1.666668000005551e-06 4.714040493838584e-07
2040 1.3333360000055512e-06 2.9814299327980087e-07
2050 6.666680000111022e-07 3.651491019628001e-07
2060 1.666668000005551e-06 4.714040493838584e-07
2070 1.3333340000111022e-06 5.577730322908045e-07
2080 1.3333360000055512e-06 2.9814299327980087e-07
2090 6.666660000166533e-07 5.962841977114261e-07
2100 1.66667e-06 0.0
2110 2.000000000005551e-06 5.577725542006877e-07
2120 2.000002e-06 2.9814120443038397e-07
2130 1.666666000011102e-06 6.666659999950488e-07
2140 1.3333340000055511e-06 5.577730322934584e-07
2150 1.3333360000055512e-06 2.9814299327980087e-07
2160 1.0000020000055513e-06 3.6514910196381357e-07
2170 1.3333340000055511e-06 5.577730322934584e-07
2180 1.66667e-06 0.0
2190 2.000000000005551e-06 5.577725542006877e-07
2200 1.3333339999999999e-06 5.577730322961123e-07
2210 0.033335333334 0.029814537845971864
2220 0.03333533333600001 0.02981453784179791
2230 1.666666000005551e-06 6.666659999978244e-07
2240 0.03333533333400001 0.029814537845971854
2250 6.666680000111022e-07 3.651491019628001e-07
2260 0.03333500000000002 0.029814612383117695
2270 3.3333400001665334e-07 2.981429932810421e-07
2280 1.000000000005551e-06 5.962844213207147e-07
2290 1.3333360000000002e-06 2.9814299328476596e-07
2300 1.0000000000111022e-06 5.962844213188527e-07
2310 6.666680000166534e-07 3.651491019607731e-07
2320 6.666680000055511e-07 3.6514910196482715e-07
2330 1.3333360000055512e-06 2.9814299327980087e-07
2340 2.333334e-06 3.6514691107662406e-07
2350 2e-06 5.577725542046685e-07
2360 2.000002e-06 2.9814120443038397e-07
2370 1.3333340000055511e-06 5.577730322934584e-07
2380 1.6666659999999998e-06 6.666660000005999e-07
2390 1.3333340000055511e-06 5.577730322934584e-07
2400 2.000002e-06 2.981412044303839e-07
2410 6.666680000111022e-07 3.651491019628001e-07
2420 1.666666000005551e-06 6.666659999978244e-07
2430 1.666668000005551e-06 4.714040493838584e-07
2440 6.666680000055511e-07 3.6514910196482715e-07
2450 2.000002e-06 2.981412044303839e-07
2460 1.0000020000055513e-06 3.6514910196381357e-07
2470 2.000000000005551e-06 5.577725542006877e-07
2480 6.666680000111022e-07 3.651491019628001e-07
2490 1.0000020000055513e-06 3.6514910196381357e-07
2500 1.3333360000055512e-06 2.9814299327980087e-07
2510 1.666668000005551e-06 4.714040493838584e-07
2520 1.666668000005551e-06 4.714040493838584e-07
2530 1.0000020000055513e-06 3.6514910196381357e-07
2540 1.666668e-06 4.7140404938778367e-07
2550 2.000002e-06 2.981412044303839e-07
2560 1.3333360000000002e-06 2.9814299328476596e-07
2570 2.000002e-06 2.9814120443038397e-07
2580 1.0000020000111023e-06 3.651491019607731e-07
2590 1.3333340000055511e-06 5.577730322934584e-07
2600 1.0000020000055513e-06 3.6514910196381357e-07
2610 1.666668000005551e-06 4.714040493838584e-07
2620 1.66667e-06 0.0
2630 1.0000000000111022e-06 5.962844213188527e-07
2640 2.000000000005551e-06 5.577725542006876e-07
2650 6.666660000166533e-07 5.962841977114261e-07
2660 1.3333340000055511e-06 5.577730322934584e-07
2670 1.3333340000111022e-06 5.577730322908044e-07
2680 1.3333340000055511e-06 5.577730322934584e-07
2690 1.666666000005551e-06 6.666659999978244e-07
2700 0.01111200666800001 0.009938135558538522
2710 0.011112340000000005 0.009938061033020229
2720 1.0000020000111023e-06 3.6514910196077315e-07
2730 1.0000020000111023e-06 3.651491019607731e-07
2740 2.333334e-06 3.6514691107662406e-07
2750 1.666668e-06 4.7140404938778367e-07
2760 1.666668000005551e-06 4.714040493838584e-07
2770 2.666664000005551e-06 5.962841977101848e-07
2780 2.000000000005551e-06 5.577725542006877e-07
2790 2.000002e-06 2.981412044303839e-07
2800 1.3333340000055511e-06 5.577730322934584e-07
2810 1.0000020000111023e-06 3.6514910196077315e-07
2820 0.033335333334 0.029814537845971864
2830 1.666668000005551e-06 4.714040493838584e-07
2840 1.3333320000166533e-06 7.302960130373971e-07
2850 2.000000000005551e-06 5.577725542006876e-07
2860 1.3333320000166533e-06 7.302960130373971e-07
2870 2.333334e-06 3.6514691107662406e-07
2880 2.333334e-06 3.65146911076624e-07
2890 1.3333360000000002e-06 2.9814299328476596e-07
2900 2.333332e-06 5.962839741089811e-07
2910 2.6666659999999997e-06 3.6514691107662406e-07
2920 2.000000000005551e-06 5.577725542006877e-07
2930 2.000000000005551e-06 5.577725542006877e-07
2940 1.0000020000111023e-06 3.6514910196077315e-07
2950 1.6666659999999998e-06 6.666660000005999e-07
2960 1.0000020000111023e-06 3.6514910196077315e-07
2970 1.666668000005551e-06 4.714040493838584e-07
2980 1.666668000005551e-06 4.714040493838584e-07
2990 1.0000000000111022e-06 5.962844213188527e-07
3000 2.000002e-06 2.9814120443038397e-07
3010 1.0000020000111023e-06 3.651491019607731e-07
3020 1.0000020000055513e-06 3.6514910196381357e-07
3030 2.000000000005551e-06 5.577725542006877e-07
3040 2.333334e-06 3.6514691107662406e-07
3050 2.000002e-06 2.9814120443038397e-07
3060 1.9999980000111023e-06 7.302960130373971e-07
3070 2.333334e-06 3.6514691107662406e-07
3080 1.666668000005551e-06 4.714040493838584e-07
3090 1.666666000011102e-06 6.666659999950488e-07
3100 1.3333360000055512e-06 2.9814299327980087e-07
3110 2e-06 5.577725542046685e-07
3120 2.000002e-06 2.9814120443038397e-07
3130 2.000002e-06 2.9814120443038387e-07
3140 2.999998e-06 2.9814120443038387e-07
3150 2.666666e-06 3.6514691107662406e-07
3160 2.6666659999999997e-06 3.6514691107662406e-07
3170 1.3333360000000002e-06 2.9814299328476596e-07
3180 2e-06 5.577725542046685e-07
3190 2.000002e-06 2.9814120443038397e-07
3200 1.3333360000000002e-06 2.9814299328476596e-07
3210 1.666666000011102e-06 6.666659999950488e-07
3220 1.666666000011102e-06 6.666659999950488e-07
3230 2.6666659999999997e-06 3.6514691107662406e-07
3240 1.666666000005551e-06 6.666659999978244e-07
3250 1.666668e-06 4.7140404938778367e-07
3260 1.666668000005551e-06 4.714040493838584e-07
3270 6.666680000111022e-07 3.651491019628001e-07
3280 0.033334666668000015 0.029814686915157918
3290 1.3333340000111022e-06 5.577730322908045e-07
3300 1.666666000011102e-06 6.666659999950488e-07
3310 1.3333340000111022e-06 5.577730322908045e-07
3320 1.3333360000000002e-06 2.9814299328476596e-07
3330 1.0000000000111022e-06 5.962844213188527e-07
3340 1.0000000000111022e-06 5.962844213188527e-07
3350 1.666666000005551e-06 6.666659999978244e-07
3360 2.333332e-06 5.962839741089811e-07
3370 6.666680000111022e-07 3.651491019628001e-07
3380 1.666668000005551e-06 4.714040493838584e-07
3390 1.3333340000111022e-06 5.577730322908045e-07
3400 1.0000020000055513e-06 3.6514910196381357e-07
3410 1.3333360000000002e-06 2.9814299328476596e-07
3420 1.0000020000111023e-06 3.651491019607731e-07
3430 2.333334e-06 3.6514691107662406e-07
3440 1.3333360000055512e-06 2.9814299327980087e-07
3450 1.0000020000111023e-06 3.6514910196077315e-07
3460 1.3333340000111022e-06 5.577730322908044e-07
3470 2e-06 5.577725542046685e-07
3480 2.3333319999999998e-06 5.962839741089811e-07
3490 1.3333360000055512e-06 2.9814299327980087e-07
3500 2.000002e-06 2.981412044303839e-07
3510 1.0000020000055513e-06 3.6514910196381357e-07
3520 0.033334266668000004 0.029814329144281542
3530 1.3333340000055511e-06 5.577730322934584e-07
3540 2.333334e-06 3.6514691107662406e-07
3550 1.3333360000000002e-06 2.9814299328476596e-07
3560 2.000000000005551e-06 5.577725542006876e-07
3570 2.000000000005551e-06 5.577725542006876e-07
3580 2.333332000005551e-06 5.962839741046366e-07
3590 1.666668000005551e-06 4.714040493838584e-07
3600 1.666668e-06 4.7140404938778367e-07
3610 1.0000020000055513e-06 3.6514910196381357e-07
3620 1.666666000011102e-06 6.666659999950488e-07
3630 2.000000000005551e-06 5.577725542006876e-07
3640 1.66667e-06 0.0
3650 2.6666659999999997e-06 3.6514691107662406e-07
3660 2.333332000005551e-06 5.962839741046366e-07
3670 1.3333360000055512e-06 2.9814299327980087e-07
3680 1.0000020000055513e-06 3.6514910196381357e-07
3690 1.3333360000055512e-06 2.9814299327980087e-07
3700 1.3333340000055511e-06 5.577730322934584e-07
3710 1.3333360000000002e-06 2.9814299328476596e-07
3720 0.033334666668000015 0.029814686915157918
3730 1.666666000005551e-06 6.666659999978244e-07
3740 1.66667e-06 0.0
3750 1.3333360000055512e-06 2.9814299327980087e-07
3760 1.0000020000111023e-06 3.6514910196077315e-07
3770 1.3333360000055512e-06 2.9814299327980087e-07
3780 1.3333340000111022e-06 5.577730322908045e-07
3790 2.000002e-06 2.981412044303839e-07
3800 1.666668e-06 4.7140404938778367e-07
3810 1.666668e-06 4.7140404938778367e-07
3820 1.0000020000055513e-06 3.6514910196381357e-07
3830 1.3333340000055511e-06 5.577730322934584e-07
3840 1.666668e-06 4.7140404938778367e-07
3850 2.333332000005551e-06 5.962839741046366e-07
3860 1.666668e-06 4.7140404938778367e-07
3870 1.3333360000055512e-06 2.9814299327980087e-07
3880 1.666668000005551e-06 4.714040493838584e-07
3890 0.033335333334 0.02981453784597186
3900 1.3333340000055511e-06 5.577730322934584e-07
3910 1.0000000000111022e-06 5.962844213188527e-07
3920 3.3333400001665334e-07 2.981429932810421e-07
3930 1.3333339999999999e-06 5.577730322961123e-07
3940 2.000002e-06 2.9814120443038397e-07
3950 2.000000000005551e-06 5.577725542006877e-07
3960 2.000000000005551e-06 5.577725542006876e-07
3970 1.666668e-06 4.7140404938778367e-07
3980 6.666680000111022e-07 3.651491019628001e-07
3990 2.000000000005551e-06 5.577725542006876e-07
4000 1.666668e-06 4.7140404938778367e-07
4010 1.0000000000111022e-06 5.962844213188527e-07
4020 1.3333340000055511e-06 5.577730322934584e-07
4030 2e-06 5.577725542046685e-07
4040 2.000002e-06 2.9814120443038387e-07
4050 2.000000000005551e-06 5.577725542006876e-07
4060 1.3333340000111022e-06 5.577730322908045e-07
4070 1.666668000005551e-06 4.714040493838584e-07
4080 2.6666659999999997e-06 3.6514691107662406e-07
4090 1.3333340000055511e-06 5.577730322934584e-07
4100 2.333334e-06 3.6514691107662406e-07
4110 2.333332000005551e-06 5.962839741046366e-07
4120 0.033335000002000015 0.029814612378943766
4130 1.3333340000055511e-06 5.577730322934584e-07
4140 2.000000000005551e-06 5.577725542006877e-07
4150 1.666666000005551e-06 6.666659999978244e-07
4160 2.000002e-06 2.9814120443038397e-07
4170 1.3333360000055512e-06 2.9814299327980087e-07
4180 2.000000000005551e-06 5.577725542006877e-07
4190 2.6666659999999997e-06 3.6514691107662406e-07
4200 1.333332000011102e-06 7.302960130394242e-07
4210 1.666668000005551e-06 4.714040493838584e-07
4220 2.000000000005551e-06 5.577725542006876e-07
4230 2.3333319999999998e-06 5.962839741089811e-07
4240 1.3333340000111022e-06 5.577730322908045e-07
4250 2.000000000005551e-06 5.577725542006876e-07
4260 2.000000000005551e-06 5.577725542006876e-07
4270 6.666680000111022e-07 3.651491019628001e-07
4280 1.3333340000111022e-06 5.577730322908044e-07
4290 0.03333426666600001 0.029814329148455505
4300 1.3333360000055512e-06 2.9814299327980087e-07
4310 2.333334e-06 3.6514691107662406e-07
4320 1.666668000005551e-06 4.714040493838584e-07
4330 1.666668e-06 4.7140404938778367e-07
4340 1.3333340000055511e-06 5.577730322934584e-07
4350 1.3333340000055511e-06 5.577730322934584e-07
4360 2.333334e-06 3.6514691107662406e-07
4370 2.6666659999999997e-06 3.6514691107662406e-07
4380 2.000002e-06 2.9814120443038387e-07
4390 2.333334e-06 3.6514691107662406e-07
4400 1.666668000005551e-06 4.714040493838584e-07
4410 2.666666e-06 3.6514691107662406e-07
4420 1.0000000000111022e-06 5.962844213188527e-07
4430 1.666668e-06 4.7140404938778367e-07
4440 2.666666e-06 3.6514691107662406e-07
4450 1.3333340000055511e-06 5.577730322934584e-07
4460 1.0000020000055513e-06 3.6514910196381357e-07
4470 6.666680000111022e-07 3.651491019628001e-07
4480 1.666668000005551e-06 4.714040493838584e-07
4490 1.3333360000055512e-06 2.9814299327980087e-07
4500 2.3333320000055512e-06 5.962839741046365e-07
4510 2e-06 5.577725542046685e-07
4520 1.3333340000055511e-06 5.577730322934584e-07
4530 1.666668000005551e-06 4.714040493838584e-07
4540 2.333334e-06 3.6514691107662406e-07
4550 1.0000020000111023e-06 3.6514910196077315e-07
4560 1.333332000011102e-06 7.302960130394243e-07
4570 1.3333340000055511e-06 5.577730322934584e-07
4580 2e-06 5.577725542046685e-07
4590 3.3333400001110226e-07 2.981429932822834e-07
4600 1.0000000000166533e-06 5.962844213169908e-07
4610 2.000000000005551e-06 5.577725542006877e-07
4620 1.3333360000055512e-06 2.9814299327980087e-07
4630 2.000000000005551e-06 5.577725542006876e-07
4640 1.3333340000055511e-06 5.577730322934584e-07
4650 1.3333340000111022e-06 5.577730322908044e-07
4660 1.333332000011102e-06 7.302960130394243e-07
4670 2.333334e-06 3.6514691107662406e-07
4680 2.333334e-06 3.6514691107662406e-07
4690 1.0000020000055513e-06 3.6514910196381357e-07
4700 2.6666659999999997e-06 3.6514691107662406e-07
4710 6.666680000111022e-07 3.651491019628001e-07
4720 1.0000020000055513e-06 3.6514910196381357e-07
4730 1.66667e-06 0.0
4740 1.66667e-06 0.0
4750 1.0000020000055513e-06 3.6514910196381357e-07
4760 6.666680000055511e-07 3.6514910196482715e-07
4770 3.3333400001110226e-07 2.981429932822834e-07
4780 1.3333340000055511e-06 5.577730322934584e-07
4790 1.666668000005551e-06 4.714040493838584e-07
4800 1.3333360000000002e-06 2.9814299328476596e-07
4810 1.000002e-06 3.651491019668541e-07
4820 1.0000000000111022e-06 5.962844213188527e-07
4830 1.0000000000166533e-06 5.962844213169908e-07
4840 2.333332000005551e-06 5.962839741046366e-07
4850 1.3333340000111022e-06 5.577730322908044e-07
4860 1.3333360000055512e-06 2.9814299327980087e-07
4870 2.000002e-06 2.9814120443038387e-07
4880 2.000000000005551e-06 5.577725542006876e-07
4890 1.3333360000055512e-06 2.9814299327980087e-07
4900 1.3333340000111022e-06 5.577730322908044e-07
4910 1.666668e-06 4.7140404938778367e-07
4920 2.000002e-06 2.981412044303839e-07
4930 1.3333340000111022e-06 5.577730322908044e-07
4940 1.000000000005551e-06 5.962844213207146e-07
4950 1.66667e-06 0.0
4960 1.3333360000000002e-06 2.9814299328476596e-07
4970 1.666668000005551e-06 4.714040493838584e-07
4980 1.666668000005551e-06 4.714040493838584e-07
4990 1.3333340000055511e-06 5.577730322934584e-07
5000 1.3333360000000002e-06 2.9814299328476596e-07
5010 1.0000000000166533e-06 5.962844213169908e-07
5020 6.666680000055511e-07 3.6514910196482715e-07
5030 6.666680000055511e-07 3.6514910196482715e-07
5040 1.3333340000055511e-06 5.577730322934584e-07
5050 1.0000020000111023e-06 3.6514910196077315e-07
5060 1.3333340000111022e-06 5.577730322908044e-07
5070 2.000000000005551e-06 5.577725542006876e-07
5080 1.3333340000055511e-06 5.577730322934584e-07
5090 6.666680000055511e-07 3.6514910196482715e-07
5100 2.333334e-06 3.6514691107662406e-07
5110 1.666668e-06 4.7140404938778367e-07
5120 1.666666000005551e-06 6.666659999978244e-07
5130 1.0000020000055513e-06 3.6514910196381357e-07
5140 2.000002e-06 2.981412044303839e-07
5150 1.666666000011102e-06 6.666659999950488e-07
5160 1.666666000011102e-06 6.666659999950488e-07
5170 1.0000020000055513e-06 3.6514910196381357e-07
5180 2.000000000005551e-06 5.577725542006876e-07
5190 1.3333340000055511e-06 5.577730322934584e-07
5200 1.666668e-06 4.7140404938778367e-07
5210 2.000000000005551e-06 5.577725542006876e-07
5220 1.666668000005551e-06 4.714040493838584e-07
5230 1.666668000005551e-06 4.714040493838584e-07
5240 1.666668000005551e-06 4.714040493838584e-07
5250 1.3333360000055512e-06 2.9814299327980087e-07
5260 2.000000000005551e-06 5.577725542006877e-07
5270 1.0000020000055513e-06 3.6514910196381357e-07
5280 1.666666000005551e-06 6.666659999978244e-07
5290 1.3333340000111022e-06 5.577730322908045e-07
5300 1.3333340000111022e-06 5.577730322908045e-07
5310 2.000000000005551e-06 5.577725542006876e-07
5320 2.000002e-06 2.9814120443038397e-07
5330 2.000002e-06 2.9814120443038387e-07
5340 6.666680000111022e-07 3.651491019628001e-07
5350 1.0000020000111023e-06 3.6514910196077315e-07
5360 1.666666000005551e-06 6.666659999978244e-07
5370 1.0000020000111023e-06 3.651491019607731e-07
5380 1.666668000005551e-06 4.714040493838584e-07
5390 1.666668000005551e-06 4.714040493838584e-07
5400 2.333334e-06 3.6514691107662406e-07
5410 2.000000000005551e-06 5.577725542006877e-07
5420 1.3333340000111022e-06 5.577730322908044e-07
5430 1.0000000000111022e-06 5.962844213188527e-07
5440 1.3333360000055512e-06 2.9814299327980087e-07
5450 1.3333360000055512e-06 2.9814299327980087e-07
5460 3.3333400001110226e-07 2.981429932822834e-07
5470 1.0000020000111023e-06 3.6514910196077315e-07
5480 1.3333340000055511e-06 5.577730322934584e-07
5490 1.0000020000055513e-06 3.6514910196381357e-07
5500 1.3333360000055512e-06 2.9814299327980087e-07
5510 1.0000020000055513e-06 3.6514910196381357e-07
5520 1.666668000005551e-06 4.714040493838584e-07
5530 1.6666659999999998e-06 6.666660000005999e-07
5540 1.3333360000055512e-06 2.9814299327980087e-07
5550 1.3333360000055512e-06 2.9814299327980087e-07
5560 2.000000000005551e-06 5.577725542006876e-07
5570 2.000002e-06 2.981412044303839e-07
5580 1.3333360000055512e-06 2.9814299327980087e-07
5590 2.333334e-06 3.6514691107662406e-07
5600 2.333334e-06 3.6514691107662406e-07
5610 6.666680000111022e-07 3.651491019628001e-07
5620 6.666680000166534e-07 3.651491019607731e-07
5630 2.000000000005551e-06 5.577725542006877e-07
5640 1.3333360000055512e-06 2.9814299327980087e-07
5650 2.999998e-06 2.9814120443038387e-07
5660 1.666668000005551e-06 4.714040493838584e-07
5670 1.666668e-06 4.7140404938778367e-07
5680 2.333334e-06 3.6514691107662406e-07
5690 2e-06 5.577725542046685e-07
5700 2.000000000005551e-06 5.577725542006876e-07
5710 2.333334e-06 3.6514691107662406e-07
5720 2.000000000005551e-06 5.577725542006876e-07
5730 1.666668e-06 4.7140404938778367e-07
5740 2.6666659999999997e-06 3.6514691107662406e-07
5750 2.333334e-06 3.6514691107662406e-07
5760 2.000002e-06 2.9814120443038397e-07
5770 2.000000000005551e-06 5.577725542006876e-07
5780 1.0000020000055513e-06 3.6514910196381357e-07
5790 2.000002e-06 2.9814120443038387e-07
5800 1.666668000005551e-06 4.714040493838584e-07
5810 1.3333340000111022e-06 5.577730322908044e-07
5820 2.333334e-06 3.65146911076624e-07
5830 1.666668000005551e-06 4.714040493838584e-07
5840 1.666666000011102e-06 6.666659999950488e-07
5850 1.3333340000111022e-06 5.577730322908044e-07
5860 1.3333360000055512e-06 2.9814299327980087e-07
5870 1.3333360000055512e-06 2.9814299327980087e-07
5880 1.66667e-06 0.0
5890 1.3333340000111022e-06 5.577730322908045e-07
5900 1.666668000005551e-06 4.714040493838584e-07
5910 1.0000020000111023e-06 3.651491019607731e-07
5920 1.0000020000055513e-06 3.6514910196381357e-07
5930 2e-06 5.577725542046685e-07
5940 1.666668000005551e-06 4.714040493838584e-07
5950 2e-06 5.577725542046685e-07
5960 1.0000020000055513e-06 3.6514910196381357e-07
5970 1.3333340000111022e-06 5.577730322908044e-07
5980 1.666668e-06 4.7140404938778367e-07
5990 2.333334e-06 3.6514691107662406e-07
6000 1.3333340000055511e-06 5.577730322934584e-07
6010 2.000000000005551e-06 5.577725542006877e-07
6020 2.333334e-06 3.6514691107662406e-07
6030 1.666666000011102e-06 6.666659999950488e-07
6040 1.666666000005551e-06 6.666659999978244e-07
6050 1.000002e-06 3.651491019668541e-07
6060 2.000000000005551e-06 5.577725542006876e-07
6070 1.0000020000055513e-06 3.6514910196381357e-07
6080 1.666666000005551e-06 6.666659999978244e-07
6090 2.000000000005551e-06 5.577725542006877e-07
6100 6.666680000111022e-07 3.651491019628001e-07
6110 1.3333340000055511e-06 5.577730322934584e-07
6120 1.666666000011102e-06 6.666659999950488e-07
6130 1.666668000005551e-06 4.714040493838584e-07
6140 1.3333340000055511e-06 5.577730322934584e-07
6150 2e-06 5.577725542046685e-07
6160 2.3333319999999998e-06 5.962839741089811e-07
6170 0.033335333334 0.029814537845971864
6180 2.333334e-06 3.6514691107662406e-07
6190 2.333334e-06 3.6514691107662406e-07
6200 2.000000000005551e-06 5.577725542006877e-07
6210 1.3333360000055512e-06 2.9814299327980087e-07
6220 2.000002e-06 2.9814120443038397e-07
6230 1.0000020000055513e-06 3.6514910196381357e-07
6240 6.666680000111022e-07 3.651491019628001e-07
6250 1.666668e-06 4.7140404938778367e-07
6260 6.666660000111022e-07 5.962841977126673e-07
6270 2.000002e-06 2.981412044303839e-07
6280 1.666668e-06 4.7140404938778367e-07
6290 1.3333340000111022e-06 5.577730322908044e-07
6300 1.3333340000111022e-06 5.577730322908044e-07
6310 1.666668e-06 4.7140404938778367e-07
6320 1.666668e-06 4.7140404938778367e-07
6330 1.666668e-06 4.7140404938778367e-07
6340 1.666668000005551e-06 4.714040493838584e-07
6350 1.666668e-06 4.7140404938778367e-07
6360 1.666668000005551e-06 4.714040493838584e-07
6370 2.9999979999999996e-06 2.9814120443038387e-07
6380 2.000000000005551e-06 5.577725542006876e-07
6390 2.000000000005551e-06 5.577725542006876e-07
6400 2.000002e-06 2.9814120443038397e-07
6410 1.666666000005551e-06 6.666659999978244e-07
6420 1.3333360000055512e-06 2.9814299327980087e-07
6430 2.6666659999999997e-06 3.6514691107662406e-07
6440 1.666668000005551e-06 4.714040493838584e-07
6450 1.3333360000055512e-06 2.9814299327980087e-07
6460 2e-06 5.577725542046685e-07
6470 6.666680000055511e-07 3.6514910196482715e-07
6480 1.666668e-06 4.7140404938778367e-07
6490 2.333332e-06 5.962839741089811e-07
6500 1.3333340000111022e-06 5.577730322908044e-07
6510 1.666666000005551e-06 6.666659999978244e-07
6520 1.666668000005551e-06 4.714040493838584e-07
6530 2.000000000005551e-06 5.577725542006876e-07
6540 1.3333340000111022e-06 5.577730322908045e-07
6550 1.666668e-06 4.7140404938778367e-07
6560 2.333334e-06 3.6514691107662406e-07
6570 2.333334e-06 3.6514691107662406e-07
6580 1.3333360000055512e-06 2.9814299327980087e-07
6590 1.0000020000111023e-06 3.651491019607731e-07
6600 1.666666000011102e-06 6.666659999950488e-07
6610 1.3333360000055512e-06 2.9814299327980087e-07
6620 2.000000000005551e-06 5.577725542006877e-07
6630 1.3333360000000002e-06 2.9814299328476596e-07
6640 1.666668e-06 4.7140404938778367e-07
6650 1.3333360000055512e-06 2.9814299327980087e-07
6660 1.3333340000055511e-06 5.577730322934584e-07
6670 1.666668e-06 4.7140404938778367e-07
6680 1.0000020000055513e-06 3.6514910196381357e-07
6690 1.3333340000055511e-06 5.577730322934584e-07
6700 1.3333340000055511e-06 5.577730322934584e-07
6710 2.333332000005551e-06 5.962839741046366e-07
6720 1.3333340000111022e-06 5.577730322908045e-07
6730 1.3333360000000002e-06 2.9814299328476596e-07
6740 1.9999980000055513e-06 7.302960130404375e-07
6750 2.000002e-06 2.9814120443038397e-07
6760 1.666668000005551e-06 4.714040493838584e-07
6770 2.3333320000055512e-06 5.962839741046365e-07
6780 1.666668000005551e-06 4.714040493838584e-07
6790 2.000002e-06 2.981412044303839e-07
6800 1.0000020000055513e-06 3.6514910196381357e-07
6810 1.0000020000111023e-06 3.6514910196077315e-07
6820 1.3333340000055511e-06 5.577730322934584e-07
6830 1.666666000005551e-06 6.666659999978243e-07
6840 2.333334e-06 3.6514691107662406e-07
6850 2.333334e-06 3.6514691107662406e-07
6860 1.3333340000055511e-06 5.577730322934584e-07
6870 1.0000000000111022e-06 5.962844213188527e-07
6880 1.3333340000111022e-06 5.577730322908045e-07
6890 1.3333340000111022e-06 5.577730322908044e-07
6900 2.6666659999999997e-06 3.6514691107662406e-07
6910 1.66667e-06 0.0
6920 1.666668e-06 4.7140404938778367e-07
6930 1.666668000005551e-06 4.714040493838584e-07
6940 1.0000000000111022e-06 5.962844213188527e-07
6950 1.0000020000055513e-06 3.6514910196381357e-07
6960 2.000002e-06 2.9814120443038387e-07
6970 1.0000020000055513e-06 3.6514910196381357e-07
6980 3.3333400001665334e-07 2.9814299328104214e-07
6990 2e-06 5.577725542046685e-07
7000 2.000000000005551e-06 5.577725542006877e-07
7010 1.0000020000111023e-06 3.6514910196077315e-07
7020 1.3333340000055511e-06 5.577730322934584e-07
7030 1.666668000005551e-06 4.714040493838584e-07
7040 6.666680000111022e-07 3.651491019628001e-07
7050 1.000000000005551e-06 5.962844213207146e-07
7060 1.666666000005551e-06 6.666659999978244e-07
7070 1.666666000005551e-06 6.666659999978244e-07
7080 2.000002e-06 2.9814120443038397e-07
7090 1.3333340000111022e-06 5.577730322908045e-07
7100 1.0000020000055513e-06 3.6514910196381357e-07
7110 1.666666000005551e-06 6.666659999978244e-07
7120 2.333334e-06 3.6514691107662406e-07
7130 2.3333319999999998e-06 5.962839741089811e-07
7140 2.000002e-06 2.9814120443038397e-07
7150 2.3333320000055512e-06 5.962839741046365e-07
7160 1.666668e-06 4.7140404938778367e-07
7170 2.000002e-06 2.981412044303839e-07
7180 1.3333340000055511e-06 5.577730322934584e-07
7190 1.0000000000111022e-06 5.962844213188527e-07
7200 1.000002e-06 3.651491019668541e-07
7210 1.0000000000111022e-06 5.962844213188527e-07
7220 1.666668000005551e-06 4.714040493838584e-07
7230 1.666668000005551e-06 4.714040493838584e-07
7240 1.666668000005551e-06 4.714040493838584e-07
7250 1.666666000005551e-06 6.666659999978244e-07
7260 6.666680000055511e-07 3.6514910196482715e-07
7270 2.333334e-06 3.6514691107662406e-07
7280 1.3333340000055511e-06 5.577730322934584e-07
7290 2.000002e-06 2.9814120443038387e-07
7300 1.000000000005551e-06 5.962844213207147e-07
7310 1.3333360000055512e-06 2.9814299327980087e-07
7320 1.66667e-06 0.0
7330 2.000002e-06 2.9814120443038397e-07
7340 1.3333340000055511e-06 5.577730322934584e-07
7350 1.3333360000000002e-06 2.9814299328476596e-07
7360 2.333334e-06 3.6514691107662406e-07
7370 2.000002e-06 2.981412044303839e-07
7380 1.666668e-06 4.7140404938778367e-07
7390 1.666668000005551e-06 4.714040493838584e-07
7400 2.333334e-06 3.6514691107662406e-07
7410 2.000002e-06 2.981412044303839e-07
7420 2.6666659999999997e-06 3.6514691107662406e-07
7430 1.3333340000055511e-06 5.577730322934584e-07
7440 2.000002e-06 2.9814120443038397e-07
7450 6.666680000111022e-07 3.651491019628001e-07
7460 1.3333340000055511e-06 5.577730322934584e-07
7470 1.0000020000055513e-06 3.6514910196381357e-07
7480 1.666666000011102e-06 6.666659999950488e-07
7490 1.0000020000055513e-06 3.6514910196381357e-07
7500 1.3333360000055512e-06 2.9814299327980087e-07
7510 1.666666000005551e-06 6.666659999978244e-07
7520 2.000002e-06 2.981412044303839e-07
7530 1.3333340000055511e-06 5.577730322934584e-07
7540 2.333334e-06 3.65146911076624e-07
7550 2e-06 5.577725542046685e-07
7560 1.3333340000055511e-06 5.577730322934584e-07
7570 1.0000020000055513e-06 3.6514910196381357e-07
7580 2.000002e-06 2.9814120443038397e-07
7590 1.666668000005551e-06 4.714040493838584e-07
7600 1.0000020000055513e-06 3.6514910196381357e-07
7610 1.0000020000111023e-06 3.6514910196077315e-07
7620 1.3333320000166533e-06 7.302960130373971e-07
7630 1.0000020000111023e-06 3.6514910196077315e-07
7640 1.666668000005551e-06 4.714040493838584e-07
7650 2e-06 5.577725542046685e-07
7660 1.666668000005551e-06 4.714040493838584e-07
7670 1.3333339999999999e-06 5.577730322961123e-07
7680 1.66667e-06 0.0
7690 1.666668000005551e-06 4.714040493838584e-07
7700 2.666664000005551e-06 5.962841977101848e-07
7710 2.000000000005551e-06 5.577725542006876e-07
7720 1.3333340000055511e-06 5.577730322934584e-07
7730 6.666680000111022e-07 3.651491019628001e-07
7740 1.666668e-06 4.7140404938778367e-07
7750 1.3333340000055511e-06 5.577730322934584e-07
7760 1.666668000005551e-06 4.714040493838584e-07
7770 2.000002e-06 2.981412044303839e-07
7780 2.000002e-06 2.981412044303839e-07
7790 1.9999980000055513e-06 7.302960130404375e-07
7800 1.3333360000055512e-06 2.9814299327980087e-07
7810 2e-06 5.577725542046685e-07
7820 1.666668000005551e-06 4.714040493838584e-07
7830 1.666668e-06 4.7140404938778367e-07
7840 1.666666000005551e-06 6.666659999978244e-07
7850 1.3333360000000002e-06 2.9814299328476596e-07
7860 1.3333340000055511e-06 5.577730322934584e-07
7870 1.3333340000111022e-06 5.577730322908045e-07
7880 2.333334e-06 3.6514691107662406e-07
7890 2.000002e-06 2.9814120443038397e-07
7900 2.000000000005551e-06 5.577725542006877e-07
7910 3.3333400001665334e-07 2.9814299328104214e-07
7920 2.000000000005551e-06 5.577725542006876e-07
7930 2.6666659999999997e-06 3.6514691107662406e-07
7940 0.03333500000000001 0.0298146123831177
7950 2e-06 5.577725542046685e-07
7960 1.666668000005551e-06 4.714040493838584e-07
7970 1.666668e-06 4.7140404938778367e-07
7980 2.000002e-06 2.9814120443038397e-07
7990 2.000000000005551e-06 5.577725542006876e-07
8000 6.666680000166534e-07 3.651491019607731e-07
8010 2.000000000005551e-06 5.577725542006877e-07
8020 3.3333400001110226e-07 2.981429932822834e-07
8030 2.333334e-06 3.6514691107662406e-07
8040 1.666666000011102e-06 6.666659999950488e-07
8050 1.0000000000111022e-06 5.962844213188527e-07
8060 2.000002e-06 2.9814120443038387e-07
8070 2.000000000005551e-06 5.577725542006876e-07
8080 2e-06 5.577725542046685e-07
8090 1.666668e-06 4.7140404938778367e-07
8100 2.000000000005551e-06 5.577725542006877e-07
8110 1.0000020000055513e-06 3.6514910196381357e-07
8120 2.333334e-06 3.6514691107662406e-07
8130 1.3333360000000002e-06 2.9814299328476596e-07
8140 1.3333340000055511e-06 5.577730322934584e-07
8150 1.0000020000055513e-06 3.6514910196381357e-07
8160 1.3333340000055511e-06 5.577730322934584e-07
8170 1.666666000005551e-06 6.666659999978244e-07
8180 1.0000020000111023e-06 3.6514910196077315e-07
8190 1.0000020000111023e-06 3.6514910196077315e-07
8200 1.666668000005551e-06 4.714040493838584e-07
8210 1.0000020000055513e-06 3.6514910196381357e-07
8220 2e-06 5.577725542046685e-07
8230 1.3333340000111022e-06 5.577730322908044e-07
8240 1.333332000011102e-06 7.302960130394242e-07
8250 2.3333319999999998e-06 5.962839741089811e-07
8260 1.666666000005551e-06 6.666659999978244e-07
8270 2.333334e-06 3.6514691107662406e-07
8280 2.3333320000055512e-06 5.962839741046365e-07
8290 6.666680000055511e-07 3.6514910196482715e-07
8300 1.3333340000055511e-06 5.577730322934584e-07
8310 2.000000000005551e-06 5.577725542006876e-07
8320 1.3333340000055511e-06 5.577730322934584e-07
8330 1.666666000005551e-06 6.666659999978244e-07
8340 2.333334e-06 3.6514691107662406e-07
8350 1.666666000005551e-06 6.666659999978244e-07
8360 1.3333340000055511e-06 5.577730322934584e-07
8370 1.666668000005551e-06 4.714040493838584e-07
8380 1.3333340000111022e-06 5.577730322908044e-07
8390 2.3333320000055512e-06 5.962839741046365e-07
8400 2.333334e-06 3.6514691107662406e-07
8410 1.0000000000111022e-06 5.962844213188527e-07
8420 2.000000000005551e-06 5.577725542006876e-07
8430 2.6666659999999997e-06 3.6514691107662406e-07
8440 2e-06 5.577725542046685e-07
8450 3.3333300000000003e-06 1.8940232492426094e-22
8460 1.666668e-06 4.7140404938778367e-07
8470 2.6666659999999997e-06 3.6514691107662406e-07
8480 1.0000020000111023e-06 3.6514910196077315e-07
8490 1.666668e-06 4.7140404938778367e-07
8500 1.666668e-06 4.7140404938778367e-07
8510 1.3333360000055512e-06 2.9814299327980087e-07
8520 1.0000020000055513e-06 3.6514910196381357e-07
8530 1.3333360000055512e-06 2.9814299327980087e-07
8540 2e-06 5.577725542046685e-07
8550 2.000000000005551e-06 5.577725542006877e-07
8560 1.6666659999999998e-06 6.666660000005999e-07
8570 2.000000000005551e-06 5.577725542006876e-07
8580 1.3333340000111022e-06 5.577730322908045e-07
8590 1.66667e-06 0.0
8600 1.3333339999999999e-06 5.577730322961123e-07
8610 1.3333360000055512e-06 2.9814299327980087e-07
8620 2.000000000005551e-06 5.577725542006876e-07
8630 2.000002e-06 2.9814120443038387e-07
8640 1.666668e-06 4.7140404938778367e-07
8650 2.333334e-06 3.6514691107662406e-07
8660 2.6666659999999997e-06 3.6514691107662406e-07
8670 2.3333319999999998e-06 5.962839741089811e-07
8680 1.6666659999999998e-06 6.666660000005999e-07
8690 1.66667e-06 0.0
8700 1.666668000005551e-06 4.714040493838584e-07
8710 1.666668e-06 4.7140404938778367e-07
8720 2.333334e-06 3.6514691107662406e-07
8730 1.3333340000055511e-06 5.577730322934584e-07
8740 2e-06 5.577725542046685e-07
8750 1.0000000000111022e-06 5.962844213188527e-07
8760 6.666680000111022e-07 3.651491019628001e-07
8770 2.000000000005551e-06 5.577725542006877e-07
8780 1.666668000005551e-06 4.714040493838584e-07
8790 1.3333340000111022e-06 5.577730322908044e-07
8800 1.666668000005551e-06 4.714040493838584e-07
8810 1.66667e-06 0.0
8820 2.6666659999999997e-06 3.6514691107662406e-07
8830 2.333334e-06 3.6514691107662406e-07
8840 2.6666659999999997e-06 3.6514691107662406e-07
8850 2e-06 5.577725542046685e-07
8860 1.0000020000055513e-06 3.6514910196381357e-07
8870 6.666680000111022e-07 3.651491019628001e-07
8880 2.333334e-06 3.6514691107662406e-07
8890 2.000000000005551e-06 5.577725542006876e-07
8900 1.3333340000111022e-06 5.577730322908045e-07
8910 1.0000020000055513e-06 3.6514910196381357e-07
8920 1.3333360000055512e-06 2.9814299327980087e-07
8930 1.666668e-06 4.7140404938778367e-07
8940 1.3333340000111022e-06 5.577730322908044e-07
8950 6.666680000055511e-07 3.6514910196482715e-07
8960 6.666680000111022e-07 3.651491019628001e-07
8970 2.333334e-06 3.6514691107662406e-07
8980 1.3333360000055512e-06 2.9814299327980087e-07
8990 1.3333340000055511e-06 5.577730322934584e-07
9000 1.3333340000055511e-06 5.577730322934584e-07
9010 2.3333320000055512e-06 5.962839741046365e-07
9020 6.666680000055511e-07 3.6514910196482715e-07
9030 1.000002e-06 3.651491019668541e-07
9040 1.3333340000055511e-06 5.577730322934584e-07
9050 1.66667e-06 0.0
9060 2.6666659999999997e-06 3.6514691107662406e-07
9070 1.666666000005551e-06 6.666659999978243e-07
9080 1.666668e-06 4.7140404938778367e-07
9090 2.333334e-06 3.6514691107662406e-07
9100 2e-06 5.577725542046685e-07
9110 1.0000020000055513e-06 3.6514910196381357e-07
9120 2.333334e-06 3.65146911076624e-07
9130 2.3333319999999998e-06 5.962839741089811e-07
9140 2.000002e-06 2.9814120443038397e-07
9150 1.3333340000055511e-06 5.577730322934584e-07
9160 2.6666659999999997e-06 3.6514691107662406e-07
9170 6.666680000111022e-07 3.651491019628001e-07
9180 1.3333360000000002e-06 2.9814299328476596e-07
9190 2.000002e-06 2.981412044303839e-07
9200 1.0000020000111023e-06 3.651491019607731e-07
9210 2.333332000005551e-06 5.962839741046366e-07
9220 2.000002e-06 2.981412044303839e-07
9230 1.66667e-06 0.0
9240 1.0000020000111023e-06 3.651491019607731e-07
9250 1.0000020000055513e-06 3.6514910196381357e-07
9260 2.333332000005551e-06 5.962839741046366e-07
9270 2.666664000005551e-06 5.962841977101848e-07
9280 2e-06 5.577725542046685e-07
9290 1.3333360000055512e-06 2.9814299327980087e-07
9300 1.3333340000055511e-06 5.577730322934584e-07
9310 1.3333340000111022e-06 5.577730322908044e-07
9320 2.6666659999999997e-06 3.6514691107662406e-07
9330 2.000002e-06 2.9814120443038397e-07
9340 2.333334e-06 3.6514691107662406e-07
9350 2.333332e-06 5.962839741089811e-07
9360 2.000002e-06 2.9814120443038397e-07
9370 1.666668e-06 4.7140404938778367e-07
9380 1.0000000000111022e-06 5.962844213188527e-07
9390 2.000000000005551e-06 5.577725542006877e-07
9400 2.6666659999999997e-06 3.6514691107662406e-07
9410 1.666668000005551e-06 4.714040493838584e-07
9420 1.66667e-06 0.0
9430 2.000002e-06 2.9814120443038387e-07
9440 1.3333340000055511e-06 5.577730322934584e-07
9450 1.666668e-06 4.7140404938778367e-07
9460 1.3333360000055512e-06 2.9814299327980087e-07
9470 2.333334e-06 3.6514691107662406e-07
9480 1.666668e-06 4.7140404938778367e-07
9490 1.3333340000055511e-06 5.577730322934584e-07
9500 1.3333340000111022e-06 5.577730322908044e-07
9510 1.3333360000000002e-06 2.9814299328476596e-07
9520 1.666666000005551e-06 6.666659999978244e-07
9530 1.666666000011102e-06 6.666659999950488e-07
9540 1.3333360000055512e-06 2.9814299327980087e-07
9550 2.000000000005551e-06 5.577725542006877e-07
9560 2.3333319999999998e-06 5.962839741089811e-07
9570 2.000000000005551e-06 5.577725542006876e-07
9580 1.666668e-06 4.7140404938778367e-07
9590 1.666666000011102e-06 6.666659999950488e-07
9600 6.666680000055511e-07 3.6514910196482715e-07
9610 1.666668000005551e-06 4.714040493838584e-07
9620 1.666666000011102e-06 6.666659999950488e-07
9630 1.0000020000055513e-06 3.6514910196381357e-07
9640 2.000002e-06 2.9814120443038397e-07
9650 2.6666659999999997e-06 3.6514691107662406e-07
9660 1.3333360000055512e-06 2.9814299327980087e-07
9670 1.666668000005551e-06 4.714040493838584e-07
9680 1.666668000005551e-06 4.714040493838584e-07
9690 1.666668000005551e-06 4.714040493838584e-07
9700 1.3333360000000002e-06 2.9814299328476596e-07
9710 1.0000020000111023e-06 3.6514910196077315e-07
9720 1.666666000005551e-06 6.666659999978244e-07
9730 1.666668e-06 4.7140404938778367e-07
9740 1.666668000005551e-06 4.714040493838584e-07
9750 2.000002e-06 2.981412044303839e-07
9760 1.0000020000111023e-06 3.6514910196077315e-07
9770 2.333332000005551e-06 5.962839741046366e-07
9780 1.66667e-06 0.0
9790 2e-06 5.577725542046685e-07
9800 1.3333340000055511e-06 5.577730322934584e-07
9810 1.0000000000166533e-06 5.962844213169908e-07
9820 1.666668000005551e-06 4.714040493838584e-07
9830 1.666666000011102e-06 6.666659999950488e-07
9840 1.0000000000111022e-06 5.962844213188527e-07
9850 1.666668e-06 4.7140404938778367e-07
9860 1.0000020000055513e-06 3.6514910196381357e-07
9870 1.3333340000055511e-06 5.577730322934584e-07
9880 1.0000000000111022e-06 5.962844213188527e-07
9890 1.0000020000055513e-06 3.6514910196381357e-07
9900 1.3333340000055511e-06 5.577730322934584e-07
9910 3.3333400001110226e-07 2.981429932822834e-07
9920 1.66667e-06 0.0
9930 1.666666000005551e-06 6.666659999978244e-07
9940 6.666680000111022e-07 3.651491019628001e-07
9950 1.3333340000111022e-06 5.577730322908045e-07
9960 1.3333340000111022e-06 5.577730322908045e-07
9970 2.000002e-06 2.9814120443038397e-07
9980 1.3333340000055511e-06 5.577730322934584e-07
9990 1.000002e-06 3.651491019668541e-07
10000 1.66667e-06 0.0
10010 2.000000000005551e-06 5.577725542006876e-07
10020 2.333334e-06 3.6514691107662406e-07
10030 1.3333340000055511e-06 5.577730322934584e-07
10040 1.000000000005551e-06 5.962844213207147e-07
10050 1.3333360000000002e-06 2.9814299328476596e-07
10060 1.666666000005551e-06 6.666659999978244e-07
10070 1.000002e-06 3.651491019668541e-07
10080 1.0000020000111023e-06 3.651491019607731e-07
10090 1.3333340000111022e-06 5.577730322908044e-07
10100 1.0000020000055513e-06 3.6514910196381357e-07
10110 2.333334e-06 3.65146911076624e-07
10120 1.666668000005551e-06 4.714040493838584e-07
10130 1.000002e-06 3.651491019668541e-07
10140 1.0000000000111022e-06 5.962844213188527e-07
10150 6.666680000111022e-07 3.651491019628001e-07
10160 2.000002e-06 2.981412044303839e-07
10170 1.666668000005551e-06 4.714040493838584e-07
10180 2.000002e-06 2.981412044303839e-07
10190 1.3333340000111022e-06 5.577730322908044e-07
10200 1.3333340000055511e-06 5.577730322934584e-07
10210 1.66667e-06 0.0
10220 1.66667e-06 0.0
10230 6.666680000055511e-07 3.6514910196482715e-07
10240 1.3333360000055512e-06 2.9814299327980087e-07
10250 1.3333340000055511e-06 5.577730322934584e-07
10260 2.000002e-06 2.981412044303839e-07
10270 1.0000000000166533e-06 5.962844213169908e-07
10280 1.3333340000055511e-06 5.577730322934584e-07
10290 1.666668e-06 4.7140404938778367e-07
10300 2.000000000005551e-06 5.577725542006877e-07
10310 1.9999980000111023e-06 7.302960130373971e-07
10320 1.666668e-06 4.7140404938778367e-07
10330 2.000002e-06 2.9814120443038397e-07
10340 1.0000020000055513e-06 3.6514910196381357e-07
10350 1.3333340000055511e-06 5.577730322934584e-07
10360 1.3333340000055511e-06 5.577730322934584e-07
10370 2e-06 5.577725542046685e-07
10380 1.0000020000055513e-06 3.6514910196381357e-07
10390 1.3333340000055511e-06 5.577730322934584e-07
10400 2.3333320000055512e-06 5.962839741046365e-07
10410 1.0000020000111023e-06 3.6514910196077315e-07
10420 2.000000000005551e-06 5.577725542006877e-07
10430 2.000002e-06 2.9814120443038397e-07
10440 1.3333340000055511e-06 5.577730322934584e-07
10450 1.666666000005551e-06 6.666659999978244e-07
10460 1.3333340000055511e-06 5.577730322934584e-07
10470 1.3333340000055511e-06 5.577730322934584e-07
10480 1.3333340000055511e-06 5.577730322934584e-07
10490 3.3333400001110226e-07 2.981429932822834e-07
10500 1.3333360000055512e-06 2.9814299327980087e-07
10510 1.3333340000055511e-06 5.577730322934584e-07
10520 2.000002e-06 2.981412044303839e-07
10530 1.3333340000055511e-06 5.577730322934584e-07
10540 2.000002e-06 2.981412044303839e-07
10550 1.000000000005551e-06 5.962844213207147e-07
10560 1.666668e-06 4.7140404938778367e-07
10570 1.66667e-06 0.0
10580 2e-06 5.577725542046685e-07
10590 2.000002e-06 2.981412044303839e-07
10600 1.666666000005551e-06 6.666659999978244e-07
10610 2.333334e-06 3.6514691107662406e-07
10620 2.333334e-06 3.6514691107662406e-07
10630 1.3333340000111022e-06 5.577730322908045e-07
10640 1.0000020000111023e-06 3.6514910196077315e-07
10650 2.000002e-06 2.9814120443038397e-07
10660 1.666666000005551e-06 6.666659999978244e-07
10670 1.3333360000000002e-06 2.9814299328476596e-07
10680 1.3333340000111022e-06 5.577730322908044e-07
10690 1.3333340000055511e-06 5.577730322934584e-07
10700 1.0000000000166533e-06 5.962844213169908e-07
10710 1.333332000011102e-06 7.302960130394242e-07
10720 1.9999980000055513e-06 7.302960130404375e-07
10730 2.6666659999999997e-06 3.6514691107662406e-07
10740 1.0000000000111022e-06 5.962844213188527e-07
10750 2.333334e-06 3.6514691107662406e-07
10760 1.666668e-06 4.7140404938778367e-07
10770 1.666668e-06 4.7140404938778367e-07
10780 2.000002e-06 2.9814120443038387e-07
10790 1.0000020000055513e-06 3.6514910196381357e-07
10800 2e-06 5.577725542046685e-07
10810 2.000002e-06 2.9814120443038387e-07
10820 2e-06 5.577725542046685e-07
10830 1.3333340000055511e-06 5.577730322934584e-07
10840 2.000000000005551e-06 5.577725542006876e-07
10850 2.000002e-06 2.9814120443038397e-07
10860 1.3333360000055512e-06 2.9814299327980087e-07
10870 1.3333340000055511e-06 5.577730322934584e-07
10880 1.666668000005551e-06 4.714040493838584e-07
10890 1.3333339999999999e-06 5.577730322961123e-07
10900 2.333332000005551e-06 5.962839741046366e-07
10910 1.0000000000166533e-06 5.962844213169908e-07
10920 2.9999979999999996e-06 2.9814120443038387e-07
10930 2.666666e-06 3.6514691107662406e-07
10940 1.666668000005551e-06 4.714040493838584e-07
10950 1.666668e-06 4.7140404938778367e-07
10960 1.000002e-06 3.651491019668541e-07
10970 2e-06 5.577725542046685e-07
10980 6.666680000055511e-07 3.6514910196482715e-07
10990 2.3333319999999998e-06 5.962839741089811e-07
11000 1.666666000005551e-06 6.666659999978244e-07
11010 1.666668e-06 4.7140404938778367e-07
11020 1.0000020000111023e-06 3.651491019607731e-07
11030 1.3333340000055511e-06 5.577730322934584e-07
11040 1.0000020000111023e-06 3.6514910196077315e-07
11050 1.3333360000055512e-06 2.9814299327980087e-07
11060 2.333332000005551e-06 5.962839741046366e-07
11070 1.3333360000000002e-06 2.9814299328476596e-07
11080 2.000000000005551e-06 5.577725542006876e-07
11090 2.333332000005551e-06 5.962839741046366e-07
11100 1.3333360000000002e-06 2.9814299328476596e-07
11110 1.3333360000000002e-06 2.9814299328476596e-07
11120 1.666668e-06 4.7140404938778367e-07
11130 2.9999979999999996e-06 2.9814120443038387e-07
11140 1.3333360000000002e-06 2.9814299328476596e-07
11150 1.0000020000055513e-06 3.6514910196381357e-07
11160 1.666666000005551e-06 6.666659999978244e-07
11170 2.333334e-06 3.6514691107662406e-07
11180 1.3333340000055511e-06 5.577730322934584e-07
11190 2.000000000005551e-06 5.577725542006876e-07
11200 1.666666000011102e-06 6.666659999950488e-07
11210 6.666680000055511e-07 3.6514910196482715e-07
11220 1.3333340000055511e-06 5.577730322934584e-07
11230 2.000002e-06 2.9814120443038397e-07
11240 2.9999979999999996e-06 2.9814120443038387e-07
11250 1.333332000005551e-06 7.302960130414511e-07
11260 3.3333400001665334e-07 2.981429932810421e-07
11270 2.000000000005551e-06 5.577725542006876e-07
11280 1.0000020000111023e-06 3.6514910196077315e-07
11290 1.66667e-06 0.0
11300 2.000000000005551e-06 5.577725542006876e-07
11310 2.6666659999999997e-06 3.6514691107662406e-07
11320 1.000000000005551e-06 5.962844213207147e-07
11330 2.6666659999999997e-06 3.6514691107662406e-07
11340 2.6666659999999997e-06 3.6514691107662406e-07
11350 2.6666659999999997e-06 3.6514691107662406e-07
11360 1.66667e-06 0.0
11370 2.000000000005551e-06 5.577725542006876e-07
11380 1.666666000011102e-06 6.666659999950488e-07
11390 1.666668000005551e-06 4.714040493838584e-07
11400 1.3333340000055511e-06 5.577730322934584e-07
11410 6.666680000111022e-07 3.651491019628001e-07
11420 1.0000020000055513e-06 3.6514910196381357e-07
11430 1.666668e-06 4.7140404938778367e-07
11440 2.333334e-06 3.6514691107662406e-07
11450 1.6666659999999998e-06 6.666660000005999e-07
11460 1.666668000005551e-06 4.714040493838584e-07
11470 3.3333400001110226e-07 2.981429932822834e-07
11480 1.66667e-06 0.0
11490 1.666668000005551e-06 4.714040493838584e-07
11500 1.666668000005551e-06 4.714040493838584e-07
11510 1.3333340000055511e-06 5.577730322934584e-07
11520 1.66667e-06 0.0
11530 1.3333360000055512e-06 2.9814299327980087e-07
11540 1.66667e-06 0.0
11550 2.333334e-06 3.65146911076624e-07
11560 1.666668000005551e-06 4.714040493838584e-07
11570 1.3333360000055512e-06 2.9814299327980087e-07
11580 2.3333320000055512e-06 5.962839741046365e-07
11590 2.333334e-06 3.6514691107662406e-07
11600 1.666668e-06 4.7140404938778367e-07
11610 6.666680000111022e-07 3.651491019628001e-07
11620 1.666668000005551e-06 4.714040493838584e-07
11630 2.000002e-06 2.9814120443038397e-07
11640 2.333334e-06 3.65146911076624e-07
11650 1.3333360000055512e-06 2.9814299327980087e-07
11660 1.0000020000111023e-06 3.6514910196077315e-07
11670 1.3333340000055511e-06 5.577730322934584e-07
11680 1.3333340000055511e-06 5.577730322934584e-07
11690 1.3333340000055511e-06 5.577730322934584e-07
11700 1.666666000011102e-06 6.666659999950488e-07
11710 1.666666000011102e-06 6.666659999950488e-07
11720 1.3333340000055511e-06 5.577730322934584e-07
11730 2e-06 5.577725542046685e-07
11740 1.0000000000111022e-06 5.962844213188527e-07
11750 2.3333319999999998e-06 5.962839741089811e-07
11760 2e-06 5.577725542046685e-07
11770 1.3333360000055512e-06 2.9814299327980087e-07
11780 1.666668e-06 4.7140404938778367e-07
11790 1.0000000000111022e-06 5.962844213188527e-07
11800 2.000002e-06 2.9814120443038387e-07
11810 1.666666000005551e-06 6.666659999978244e-07
11820 1.666668e-06 4.7140404938778367e-07
11830 2.000002e-06 2.9814120443038397e-07
11840 1.3333340000111022e-06 5.577730322908044e-07
11850 2.333334e-06 3.6514691107662406e-07
11860 2.000002e-06 2.981412044303839e-07
11870 6.666680000111022e-07 3.651491019628001e-07
11880 1.0000020000055513e-06 3.6514910196381357e-07
11890 1.3333340000055511e-06 5.577730322934584e-07
11900 2.000002e-06 2.981412044303839e-07
11910 1.666668e-06 4.7140404938778367e-07
11920 1.3333360000000002e-06 2.9814299328476596e-07
11930 1.3333340000055511e-06 5.577730322934584e-07
11940 1.666668000005551e-06 4.714040493838584e-07
11950 1.0000020000055513e-06 3.6514910196381357e-07
11960 1.000000000005551e-06 5.962844213207147e-07
11970 1.000002e-06 3.651491019668541e-07
11980 2.000002e-06 2.9814120443038397e-07
11990 2.3333319999999998e-06 5.962839741089811e-07
12000 1.3333340000055511e-06 5.577730322934584e-07
12010 2e-06 5.577725542046685e-07
12020 1.666668000005551e-06 4.714040493838584e-07
12030 6.666660000111022e-07 5.962841977126673e-07
12040 1.666668e-06 4.7140404938778367e-07
12050 2.333334e-06 3.6514691107662406e-07
12060 1.3333360000055512e-06 2.9814299327980087e-07
12070 1.666668000005551e-06 4.714040493838584e-07
12080 1.666668000005551e-06 4.714040493838584e-07
12090 2.6666659999999997e-06 3.6514691107662406e-07
12100 2.333332000005551e-06 5.962839741046366e-07
12110 2.333332000005551e-06 5.962839741046366e-07
12120 1.666668000005551e-06 4.714040493838584e-07
12130 1.0000000000111022e-06 5.962844213188527e-07
12140 1.6666659999999998e-06 6.666660000005999e-07
12150 1.3333340000055511e-06 5.577730322934584e-07
12160 1.3333340000111022e-06 5.577730322908044e-07
12170 1.3333360000000002e-06 2.9814299328476596e-07
12180 2.333334e-06 3.6514691107662406e-07
12190 1.0000000000111022e-06 5.962844213188527e-07
12200 1.666668000005551e-06 4.714040493838584e-07
12210 1.66667e-06 0.0
12220 1.666668e-06 4.7140404938778367e-07
12230 1.0000000000111022e-06 5.962844213188527e-07
12240 2e-06 5.577725542046685e-07
12250 1.666668000005551e-06 4.714040493838584e-07
12260 2e-06 5.577725542046685e-07
12270 1.0000000000111022e-06 5.962844213188527e-07
12280 1.0000020000111023e-06 3.651491019607731e-07
12290 1.3333360000055512e-06 2.9814299327980087e-07
12300 2.333334e-06 3.6514691107662406e-07
12310 2.000002e-06 2.981412044303839e-07
12320 2.333334e-06 3.6514691107662406e-07
12330 1.0000000000166533e-06 5.962844213169908e-07
12340 1.666668000005551e-06 4.714040493838584e-07
12350 1.666668e-06 4.7140404938778367e-07
12360 1.3333340000055511e-06 5.577730322934584e-07
12370 1.666668000005551e-06 4.714040493838584e-07
12380 1.3333360000055512e-06 2.9814299327980087e-07
12390 2.333332000005551e-06 5.962839741046366e-07
12400 6.666680000055511e-07 3.6514910196482715e-07
12410 1.666668e-06 4.7140404938778367e-07
12420 1.3333340000111022e-06 5.577730322908044e-07
12430 2.6666659999999997e-06 3.6514691107662406e-07
12440 6.666680000111022e-07 3.651491019628001e-07
12450 6.666680000055511e-07 3.6514910196482715e-07
12460 6.666680000111022e-07 3.651491019628001e-07
12470 2.000002e-06 2.981412044303839e-07
12480 1.66667e-06 0.0
12490 2.000002e-06 2.9814120443038397e-07
12500 2.000002e-06 2.981412044303839e-07
12510 1.0000020000055513e-06 3.6514910196381357e-07
12520 1.3333340000055511e-06 5.577730322934584e-07
12530 1.666668000005551e-06 4.714040493838584e-07
12540 6.666680000111022e-07 3.651491019628001e-07
12550 1.3333360000055512e-06 2.9814299327980087e-07
12560 1.0000020000111023e-06 3.6514910196077315e-07
12570 1.666668000005551e-06 4.714040493838584e-07
12580 1.666668000005551e-06 4.714040493838584e-07
12590 1.0000020000055513e-06 3.6514910196381357e-07
12600 1.0000020000111023e-06 3.651491019607731e-07
12610 1.3333340000055511e-06 5.577730322934584e-07
12620 1.666668000005551e-06 4.714040493838584e-07
12630 1.666668000005551e-06 4.714040493838584e-07
12640 2.333334e-06 3.6514691107662406e-07
12650 2.000002e-06 2.981412044303839e-07
12660 6.666680000055511e-07 3.6514910196482715e-07
12670 1.0000020000055513e-06 3.6514910196381357e-07
12680 2.000000000005551e-06 5.577725542006876e-07
12690 1.666668000005551e-06 4.714040493838584e-07
12700 1.3333340000055511e-06 5.577730322934584e-07
12710 1.9999980000055513e-06 7.302960130404375e-07
12720 1.666666000005551e-06 6.666659999978244e-07
12730 2e-06 5.577725542046685e-07
12740 1.3333339999999999e-06 5.577730322961123e-07
12750 2.333334e-06 3.6514691107662406e-07
12760 1.666668e-06 4.7140404938778367e-07
12770 2.000000000005551e-06 5.577725542006876e-07
12780 1.3333360000055512e-06 2.9814299327980087e-07
12790 1.6666659999999998e-06 6.666660000005999e-07
12800 2.000002e-06 2.9814120443038397e-07
12810 2.333334e-06 3.6514691107662406e-07
12820 1.666666000005551e-06 6.666659999978244e-07
12830 1.666668e-06 4.7140404938778367e-07
12840 1.0000020000055513e-06 3.6514910196381357e-07
12850 1.3333339999999999e-06 5.577730322961123e-07
12860 1.3333340000055511e-06 5.577730322934584e-07
12870 1.3333340000055511e-06 5.577730322934584e-07
12880 1.666666000005551e-06 6.666659999978244e-07
12890 2.000002e-06 2.981412044303839e-07
12900 2.000002e-06 2.981412044303839e-07
12910 1.3333360000000002e-06 2.9814299328476596e-07
12920 6.666680000111022e-07 3.651491019628001e-07
12930 1.3333340000055511e-06 5.577730322934584e-07
12940 1.3333340000055511e-06 5.577730322934584e-07
12950 2.333334e-06 3.6514691107662406e-07
12960 1.666668000005551e-06 4.714040493838584e-07
12970 2.6666659999999997e-06 3.6514691107662406e-07
12980 1.3333340000111022e-06 5.577730322908045e-07
12990 2.333334e-06 3.65146911076624e-07
13000 1.666668e-06 4.7140404938778367e-07
13010 1.3333339999999999e-06 5.577730322961123e-07
13020 2e-06 5.577725542046685e-07
13030 1.666666000005551e-06 6.666659999978244e-07
13040 1.66667e-06 0.0
13050 1.665336e-17 6.0809472868361544e-18
13060 1.0000020000055513e-06 3.6514910196381357e-07
13070 2.000002e-06 2.9814120443038397e-07
13080 1.666668e-06 4.7140404938778367e-07
13090 1.3333340000055511e-06 5.577730322934584e-07
13100 1.0000020000055513e-06 3.6514910196381357e-07
13110 1.666668000005551e-06 4.714040493838584e-07
13120 6.666680000111022e-07 3.651491019628001e-07
13130 2.333334e-06 3.6514691107662406e-07
13140 1.0000020000055513e-06 3.6514910196381357e-07
13150 1.3333340000111022e-06 5.577730322908044e-07
13160 1.3333339999999999e-06 5.577730322961123e-07
13170 1.3333340000055511e-06 5.577730322934584e-07
13180 2.000002e-06 2.981412044303839e-07
13190 1.3333340000111022e-06 5.577730322908044e-07
13200 1.000002e-06 3.651491019668541e-07
13210 2.333334e-06 3.65146911076624e-07
13220 2.333334e-06 3.6514691107662406e-07
13230 1.666666000005551e-06 6.666659999978244e-07
13240 1.3333340000055511e-06 5.577730322934584e-07
13250 1.0000020000111023e-06 3.6514910196077315e-07
13260 2e-06 5.577725542046685e-07
13270 1.3333360000000002e-06 2.9814299328476596e-07
13280 1.9999980000055513e-06 7.302960130404375e-07
13290 2.000000000005551e-06 5.577725542006876e-07
13300 2.000000000005551e-06 5.577725542006876e-07
13310 1.3333340000111022e-06 5.577730322908044e-07
13320 1.666666000005551e-06 6.666659999978244e-07
13330 1.3333340000055511e-06 5.577730322934584e-07
13340 1.666668000005551e-06 4.714040493838584e-07
13350 1.000000000005551e-06 5.962844213207147e-07
13360 1.666668000005551e-06 4.714040493838584e-07
13370 1.3333340000055511e-06 5.577730322934584e-07
13380 1.3333340000055511e-06 5.577730322934584e-07
13390 2.000000000005551e-06 5.577725542006876e-07
13400 2.000002e-06 2.9814120443038397e-07
13410 2.6666659999999997e-06 3.6514691107662406e-07
13420 6.666680000166534e-07 3.651491019607731e-07
13430 1.666668e-06 4.7140404938778367e-07
13440 2.000000000005551e-06 5.577725542006876e-07
13450 1.3333340000055511e-06 5.577730322934584e-07
13460 2.000002e-06 2.9814120443038387e-07
13470 1.666668000005551e-06 4.714040493838584e-07
13480 1.3333360000055512e-06 2.9814299327980087e-07
13490 1.3333340000055511e-06 5.577730322934584e-07
13500 1.0000020000111023e-06 3.6514910196077315e-07
13510 6.666680000111022e-07 3.651491019628001e-07
13520 2e-06 5.577725542046685e-07
13530 1.666666000005551e-06 6.666659999978244e-07
13540 1.666666000005551e-06 6.666659999978243e-07
13550 1.3333360000055512e-06 2.9814299327980087e-07
13560 2.3333320000055512e-06 5.962839741046365e-07
13570 1.666668000005551e-06 4.714040493838584e-07
13580 1.3333360000055512e-06 2.9814299327980087e-07
13590 1.666666000005551e-06 6.666659999978244e-07
13600 2.333334e-06 3.6514691107662406e-07
13610 1.666668000005551e-06 4.714040493838584e-07
13620 2.000002e-06 2.981412044303839e-07
13630 1.666668e-06 4.7140404938778367e-07
13640 2.333334e-06 3.65146911076624e-07
13650 1.000000000005551e-06 5.962844213207147e-07
13660 1.666668e-06 4.7140404938778367e-07
13670 2.000002e-06 2.981412044303839e-07
13680 1.3333360000055512e-06 2.9814299327980087e-07
13690 2.000000000005551e-06 5.577725542006877e-07
13700 2.000002e-06 2.981412044303839e-07
13710 1.666668000005551e-06 4.714040493838584e-07
13720 1.0000000000111022e-06 5.962844213188527e-07
13730 1.3333340000055511e-06 5.577730322934584e-07
13740 2.000000000005551e-06 5.577725542006877e-07
13750 1.66667e-06 0.0
13760 1.666668000005551e-06 4.714040493838584e-07
13770 1.666666000011102e-06 6.666659999950488e-07
13780 2.3333319999999998e-06 5.962839741089811e-07
13790 1.666666000005551e-06 6.666659999978244e-07
13800 1.666668e-06 4.7140404938778367e-07
13810 1.000002e-06 3.651491019668541e-07
13820 1.3333340000055511e-06 5.577730322934584e-07
13830 1.3333340000055511e-06 5.577730322934584e-07
13840 2.6666659999999997e-06 3.6514691107662406e-07
13850 1.3333340000055511e-06 5.577730322934584e-07
13860 1.0000020000055513e-06 3.6514910196381357e-07
13870 2e-06 5.577725542046685e-07
13880 2.000000000005551e-06 5.577725542006877e-07
13890 1.000002e-06 3.651491019668541e-07
13900 1.0000020000055513e-06 3.6514910196381357e-07
13910 2.000002e-06 2.9814120443038397e-07
13920 6.666680000166534e-07 3.651491019607731e-07
13930 1.666668e-06 4.7140404938778367e-07
13940 1.666668e-06 4.7140404938778367e-07
13950 2.000002e-06 2.9814120443038397e-07
13960 1.3333360000055512e-06 2.9814299327980087e-07
13970 2.333334e-06 3.6514691107662406e-07
13980 1.3333340000111022e-06 5.577730322908045e-07
13990 1.666668e-06 4.7140404938778367e-07
14000 1.0000020000111023e-06 3.6514910196077315e-07
14010 1.3333360000055512e-06 2.9814299327980087e-07
14020 1.3333340000111022e-06 5.577730322908045e-07
14030 1.666668000005551e-06 4.714040493838584e-07
14040 1.3333340000055511e-06 5.577730322934584e-07
14050 1.666668000005551e-06 4.714040493838584e-07
14060 1.66667e-06 0.0
14070 2.333334e-06 3.6514691107662406e-07
14080 2e-06 5.577725542046685e-07
14090 2.000002e-06 2.9814120443038397e-07
14100 1.0000020000055513e-06 3.6514910196381357e-07
14110 6.666680000055511e-07 3.6514910196482715e-07
14120 1.66667e-06 0.0
14130 2.000000000005551e-06 5.577725542006877e-07
14140 6.666680000055511e-07 3.6514910196482715e-07
14150 1.3333340000055511e-06 5.577730322934584e-07
14160 2.333334e-06 3.6514691107662406e-07
14170 1.0000020000055513e-06 3.6514910196381357e-07
14180 1.666668000005551e-06 4.714040493838584e-07
14190 1.666668000005551e-06 4.714040493838584e-07
14200 2.9999979999999996e-06 2.9814120443038387e-07
14210 2.000000000005551e-06 5.577725542006876e-07
14220 1.666668e-06 4.7140404938778367e-07
14230 1.666668e-06 4.7140404938778367e-07
14240 1.3333340000055511e-06 5.577730322934584e-07
14250 6.666680000166534e-07 3.651491019607731e-07
14260 1.3333360000055512e-06 2.9814299327980087e-07
14270 2.333332000005551e-06 5.962839741046366e-07
14280 2e-06 5.577725542046685e-07
14290 1.000002e-06 3.651491019668541e-07
14300 1.333332000005551e-06 7.302960130414511e-07
14310 1.66667e-06 0.0
14320 2.333334e-06 3.6514691107662406e-07
14330 1.666666000005551e-06 6.666659999978244e-07
14340 1.666668e-06 4.7140404938778367e-07
14350 1.3333360000000002e-06 2.9814299328476596e-07
14360 1.3333340000111022e-06 5.577730322908045e-07
14370 2e-06 5.577725542046685e-07
14380 1.666666000005551e-06 6.666659999978244e-07
14390 1.666668000005551e-06 4.714040493838584e-07
14400 1.666668000005551e-06 4.714040493838584e-07
14410 1.66667e-06 0.0
14420 1.3333360000055512e-06 2.9814299327980087e-07
14430 1.3333340000055511e-06 5.577730322934584e-07
14440 1.3333360000000002e-06 2.9814299328476596e-07
14450 1.3333360000055512e-06 2.9814299327980087e-07
14460 1.0000020000111023e-06 3.651491019607731e-07
14470 1.666668000005551e-06 4.714040493838584e-07
14480 1.3333360000055512e-06 2.9814299327980087e-07
14490 2.333332000005551e-06 5.962839741046366e-07
14500 1.3333340000055511e-06 5.577730322934584e-07
14510 1.3333360000055512e-06 2.9814299327980087e-07
14520 1.666666000011102e-06 6.666659999950488e-07
14530 6.666680000055511e-07 3.6514910196482715e-07
14540 2.000002e-06 2.9814120443038397e-07
14550 1.666668000005551e-06 4.714040493838584e-07
14560 2.000002e-06 2.9814120443038397e-07
14570 1.3333360000000002e-06 2.9814299328476596e-07
14580 1.0000020000111023e-06 3.6514910196077315e-07
14590 1.666668000005551e-06 4.714040493838584e-07
14600 1.666668e-06 4.7140404938778367e-07
14610 1.666668000005551e-06 4.714040493838584e-07
14620 1.3333340000055511e-06 5.577730322934584e-07
14630 2.333334e-06 3.6514691107662406e-07
14640 6.666680000111022e-07 3.651491019628001e-07
14650 1.0000020000055513e-06 3.6514910196381357e-07
14660 1.666668000005551e-06 4.714040493838584e-07
14670 2.333334e-06 3.6514691107662406e-07
14680 2.000002e-06 2.9814120443038397e-07
14690 1.3333340000055511e-06 5.577730322934584e-07
14700 1.3333340000055511e-06 5.577730322934584e-07
14710 2.000002e-06 2.981412044303839e-07
14720 2.000000000005551e-06 5.577725542006876e-07
14730 1.3333340000111022e-06 5.577730322908044e-07
14740 1.3333360000000002e-06 2.9814299328476596e-07
14750 2e-06 5.577725542046685e-07
14760 1.3333360000055512e-06 2.9814299327980087e-07
14770 1.666668e-06 4.7140404938778367e-07
14780 2e-06 5.577725542046685e-07
14790 1.0000020000055513e-06 3.6514910196381357e-07
14800 2.333334e-06 3.6514691107662406e-07
14810 1.3333340000055511e-06 5.577730322934584e-07
14820 1.9999980000055513e-06 7.302960130404375e-07
14830 1.666666000005551e-06 6.666659999978244e-07
14840 1.3333340000111022e-06 5.577730322908045e-07
14850 1.3333360000055512e-06 2.9814299327980087e-07
14860 1.3333340000055511e-06 5.577730322934584e-07
14870 2.333332000005551e-06 5.962839741046366e-07
14880 1.666668e-06 4.7140404938778367e-07
14890 6.666680000111022e-07 3.651491019628001e-07
14900 1.0000000000166533e-06 5.962844213169908e-07
14910 2.3333319999999998e-06 5.962839741089811e-07
14920 1.000000000005551e-06 5.962844213207147e-07
14930 2.6666659999999997e-06 3.6514691107662406e-07
14940 1.666666000005551e-06 6.666659999978244e-07
14950 1.0000020000055513e-06 3.6514910196381357e-07
14960 2.333334e-06 3.6514691107662406e-07
14970 2e-06 5.577725542046685e-07
14980 1.666668e-06 4.7140404938778367e-07
14990 1.66667e-06 0.0
15000 2.000000000005551e-06 5.577725542006876e-07
15010 1.0000020000111023e-06 3.6514910196077315e-07
15020 1.3333340000055511e-06 5.577730322934584e-07
15030 1.666668000005551e-06 4.714040493838584e-07
15040 2.000000000005551e-06 5.577725542006876e-07
15050 2.000000000005551e-06 5.577725542006877e-07
15060 1.3333340000055511e-06 5.577730322934584e-07
15070 1.3333360000055512e-06 2.9814299327980087e-07
15080 1.3333360000055512e-06 2.9814299327980087e-07
15090 1.666668e-06 4.7140404938778367e-07
15100 6.666680000166534e-07 3.651491019607731e-07
15110 1.3333340000111022e-06 5.577730322908045e-07
15120 1.0000020000055513e-06 3.6514910196381357e-07
15130 1.666668000005551e-06 4.714040493838584e-07
15140 1.000002e-06 3.651491019668541e-07
15150 2.333334e-06 3.6514691107662406e-07
15160 2.000000000005551e-06 5.577725542006876e-07
15170 2.333334e-06 3.6514691107662406e-07
15180 6.666680000055511e-07 3.6514910196482715e-07
15190 1.666668e-06 4.7140404938778367e-07
15200 2e-06 5.577725542046685e-07
15210 2.333334e-06 3.6514691107662406e-07
15220 1.666666000005551e-06 6.666659999978244e-07
15230 1.3333360000055512e-06 2.9814299327980087e-07
15240 1.333332000011102e-06 7.302960130394242e-07
15250 1.3333360000000002e-06 2.9814299328476596e-07
15260 2.6666659999999997e-06 3.6514691107662406e-07
15270 2.000002e-06 2.9814120443038397e-07
15280 2.3333320000055512e-06 5.962839741046365e-07
15290 2.333334e-06 3.6514691107662406e-07
15300 1.3333360000055512e-06 2.9814299327980087e-07
15310 2.000000000005551e-06 5.577725542006877e-07
15320 1.666666000011102e-06 6.666659999950488e-07
15330 1.666668e-06 4.7140404938778367e-07
15340 2.000002e-06 2.9814120443038397e-07
15350 1.3333360000055512e-06 2.9814299327980087e-07
15360 1.3333360000055512e-06 2.9814299327980087e-07
15370 1.3333340000055511e-06 5.577730322934584e-07
15380 1.666668e-06 4.7140404938778367e-07
15390 2.000000000005551e-06 5.577725542006876e-07
15400 2.333334e-06 3.6514691107662406e-07
15410 1.666668000005551e-06 4.714040493838584e-07
15420 1.0000020000111023e-06 3.6514910196077315e-07
15430 1.66667e-06 0.0
15440 1.666668e-06 4.7140404938778367e-07
15450 2.333332000005551e-06 5.962839741046366e-07
15460 1.3333340000055511e-06 5.577730322934584e-07
15470 1.3333340000055511e-06 5.577730322934584e-07
15480 2.000002e-06 2.981412044303839e-07
15490 1.3333360000055512e-06 2.9814299327980087e-07
15500 2.6666659999999997e-06 3.6514691107662406e-07
15510 2.000002e-06 2.9814120443038387e-07
15520 1.66667e-06 0.0
15530 1.3333360000000002e-06 2.9814299328476596e-07
15540 1.666668e-06 4.7140404938778367e-07
15550 1.666668e-06 4.7140404938778367e-07
15560 1.66667e-06 0.0
15570 1.666668e-06 4.7140404938778367e-07
15580 1.0000020000111023e-06 3.6514910196077315e-07
15590 2.000000000005551e-06 5.577725542006876e-07
15600 1.666668000005551e-06 4.714040493838584e-07
15610 1.3333340000111022e-06 5.577730322908044e-07
15620 1.000000000005551e-06 5.962844213207147e-07
15630 2.333334e-06 3.6514691107662406e-07
15640 2.000002e-06 2.981412044303839e-07
15650 2.000002e-06 2.9814120443038387e-07
15660 1.666668000005551e-06 4.714040493838584e-07
15670 1.66667e-06 0.0
15680 2e-06 5.577725542046685e-07
15690 2.000000000005551e-06 5.577725542006876e-07
15700 2.333332000005551e-06 5.962839741046366e-07
15710 1.666668e-06 4.7140404938778367e-07
15720 1.3333360000000002e-06 2.9814299328476596e-07
15730 2.6666659999999997e-06 3.6514691107662406e-07
15740 2.000000000005551e-06 5.577725542006877e-07
15750 1.3333360000000002e-06 2.9814299328476596e-07
15760 1.3333360000055512e-06 2.9814299327980087e-07
15770 1.666668e-06 4.7140404938778367e-07
15780 1.3333340000111022e-06 5.577730322908044e-07
15790 2.000002e-06 2.9814120443038397e-07
15800 2e-06 5.577725542046685e-07
15810 2.000000000005551e-06 5.577725542006877e-07
15820 2.333334e-06 3.6514691107662406e-07
15830 6.666680000055511e-07 3.6514910196482715e-07
15840 1.3333360000055512e-06 2.9814299327980087e-07
15850 1.0000020000111023e-06 3.651491019607731e-07
15860 1.3333340000111022e-06 5.577730322908044e-07
15870 1.3333340000055511e-06 5.577730322934584e-07
15880 1.3333340000055511e-06 5.577730322934584e-07
15890 3.3333400001665334e-07 2.981429932810421e-07
15900 1.3333320000166533e-06 7.302960130373971e-07
15910 2.333334e-06 3.6514691107662406e-07
15920 1.0000000000166533e-06 5.962844213169908e-07
15930 1.3333360000055512e-06 2.9814299327980087e-07
15940 1.666668000005551e-06 4.714040493838584e-07
15950 2.000002e-06 2.9814120443038387e-07
15960 1.3333360000000002e-06 2.9814299328476596e-07
15970 1.66667e-06 0.0
15980 1.666668e-06 4.7140404938778367e-07
15990 1.3333360000000002e-06 2.9814299328476596e-07
16000 1.66667e-06 0.0
16010 2.000002e-06 2.9814120443038397e-07
16020 1.0000020000055513e-06 3.6514910196381357e-07
16030 1.666668000005551e-06 4.714040493838584e-07
16040 1.3333340000111022e-06 5.577730322908044e-07
16050 1.0000020000055513e-06 3.6514910196381357e-07
16060 1.3333340000111022e-06 5.577730322908044e-07
16070 2.333334e-06 3.6514691107662406e-07
16080 2.000000000005551e-06 5.577725542006877e-07
16090 1.3333340000055511e-06 5.577730322934584e-07
16100 2.333334e-06 3.6514691107662406e-07
16110 6.666680000111022e-07 3.651491019628001e-07
16120 2.9999979999999996e-06 2.9814120443038387e-07
16130 1.3333340000111022e-06 5.577730322908045e-07
16140 1.0000000000111022e-06 5.962844213188527e-07
16150 2.000002e-06 2.981412044303839e-07
16160 2.333334e-06 3.6514691107662406e-07
16170 1.0000000000111022e-06 5.962844213188527e-07
16180 1.333332000011102e-06 7.302960130394242e-07
16190 2.333334e-06 3.6514691107662406e-07
16200 6.666660000166533e-07 5.962841977114261e-07
16210 1.66667e-06 0.0
16220 1.3333340000055511e-06 5.577730322934584e-07
16230 1.666668000005551e-06 4.714040493838584e-07
16240 2.000000000005551e-06 5.577725542006876e-07
16250 1.3333340000111022e-06 5.577730322908044e-07
16260 1.3333360000055512e-06 2.9814299327980087e-07
16270 1.666668000005551e-06 4.714040493838584e-07
16280 2.000000000005551e-06 5.577725542006876e-07
16290 1.3333360000055512e-06 2.9814299327980087e-07
16300 1.3333340000111022e-06 5.577730322908044e-07
16310 1.666668000005551e-06 4.714040493838584e-07
16320 3.3333400001110226e-07 2.981429932822834e-07
16330 1.666668000005551e-06 4.714040493838584e-07
16340 1.666668000005551e-06 4.714040493838584e-07
16350 2e-06 5.577725542046685e-07
16360 1.666668000005551e-06 4.714040493838584e-07
16370 1.66667e-06 0.0
16380 2.3333320000055512e-06 5.962839741046365e-07
16390 2.333334e-06 3.6514691107662406e-07
16400 1.666668e-06 4.7140404938778367e-07
16410 1.3333340000111022e-06 5.577730322908044e-07
16420 1.0000020000111023e-06 3.6514910196077315e-07
16430 1.666668000005551e-06 4.714040493838584e-07
16440 1.000000000005551e-06 5.962844213207147e-07
16450 2.333334e-06 3.6514691107662406e-07
16460 2.000000000005551e-06 5.577725542006877e-07
16470 1.66667e-06 0.0
16480 1.3333340000055511e-06 5.577730322934584e-07
16490 6.666680000055511e-07 3.6514910196482715e-07
16500 1.666668000005551e-06 4.714040493838584e-07
16510 2.000002e-06 2.9814120443038397e-07
16520 1.666668000005551e-06 4.714040493838584e-07
16530 1.666668000005551e-06 4.714040493838584e-07
16540 1.3333340000055511e-06 5.577730322934584e-07
16550 1.3333360000055512e-06 2.9814299327980087e-07
16560 2.999998e-06 2.981412044303839e-07
16570 2e-06 5.577725542046685e-07
16580 2.000002e-06 2.9814120443038397e-07
16590 1.0000020000055513e-06 3.6514910196381357e-07
16600 1.000002e-06 3.651491019668541e-07
16610 2.000000000005551e-06 5.577725542006876e-07
16620 1.666668e-06 4.7140404938778367e-07
16630 1.9999980000055513e-06 7.302960130404375e-07
16640 1.666666000005551e-06 6.666659999978244e-07
16650 2.6666659999999997e-06 3.6514691107662406e-07
16660 1.3333340000055511e-06 5.577730322934584e-07
16670 1.3333360000000002e-06 2.9814299328476596e-07
16680 6.666680000111022e-07 3.651491019628001e-07
16690 1.3333340000055511e-06 5.577730322934584e-07
16700 1.3333340000111022e-06 5.577730322908044e-07
16710 6.666680000111022e-07 3.651491019628001e-07
16720 2.333334e-06 3.6514691107662406e-07
16730 1.3333340000055511e-06 5.577730322934584e-07
16740 1.333332000005551e-06 7.302960130414511e-07
16750 1.3333340000055511e-06 5.577730322934584e-07
16760 2.999998e-06 2.9814120443038387e-07
16770 1.3333340000111022e-06 5.577730322908045e-07
16780 1.3333340000111022e-06 5.577730322908044e-07
16790 2.000002e-06 2.9814120443038397e-07
16800 1.3333340000055511e-06 5.577730322934584e-07
16810 2.000000000005551e-06 5.577725542006876e-07
16820 2.000000000005551e-06 5.577725542006876e-07
16830 1.0000000000111022e-06 5.962844213188527e-07
16840 2.000000000005551e-06 5.577725542006877e-07
16850 1.0000020000055513e-06 3.6514910196381357e-07
16860 1.3333340000055511e-06 5.577730322934584e-07
16870 1.666668e-06 4.7140404938778367e-07
16880 2.000000000005551e-06 5.577725542006877e-07
16890 2.666664000005551e-06 5.962841977101848e-07
16900 1.66667e-06 0.0
16910 2.666664000005551e-06 5.962841977101848e-07
16920 2.000002e-06 2.9814120443038397e-07
16930 2.000002e-06 2.9814120443038397e-07
16940 1.0000000000111022e-06 5.962844213188527e-07
16950 2.333334e-06 3.6514691107662406e-07
16960 2.000002e-06 2.9814120443038387e-07
16970 1.0000000000111022e-06 5.962844213188527e-07
16980 1.0000020000055513e-06 3.6514910196381357e-07
16990 1.3333340000055511e-06 5.577730322934584e-07
17000 1.666668e-06 4.7140404938778367e-07
17010 1.666666000005551e-06 6.666659999978244e-07
17020 1.666666000011102e-06 6.666659999950488e-07
17030 1.3333340000055511e-06 5.577730322934584e-07
17040 1.3333340000055511e-06 5.577730322934584e-07
17050 1.666666000011102e-06 6.666659999950488e-07
17060 2.000000000005551e-06 5.577725542006877e-07
17070 1.666668e-06 4.7140404938778367e-07
17080 2.333334e-06 3.6514691107662406e-07
17090 1.666668000005551e-06 4.714040493838584e-07
17100 1.666666000011102e-06 6.666659999950488e-07
17110 2.000002e-06 2.9814120443038397e-07
17120 2.000002e-06 2.9814120443038397e-07
17130 1.3333340000111022e-06 5.577730322908045e-07
17140 1.3333360000000002e-06 2.9814299328476596e-07
17150 1.0000020000055513e-06 3.6514910196381357e-07
17160 1.3333360000055512e-06 2.9814299327980087e-07
17170 2e-06 5.577725542046685e-07
17180 2.6666659999999997e-06 3.6514691107662406e-07
17190 1.666668e-06 4.7140404938778367e-07
17200 1.0000020000111023e-06 3.6514910196077315e-07
17210 2.000002e-06 2.9814120443038397e-07
17220 6.666680000111022e-07 3.651491019628001e-07
17230 6.666680000111022e-07 3.651491019628001e-07
17240 1.0000020000055513e-06 3.6514910196381357e-07
17250 1.3333360000055512e-06 2.9814299327980087e-07
17260 1.0000000000111022e-06 5.962844213188527e-07
17270 1.3333340000055511e-06 5.577730322934584e-07
17280 1.0000020000111023e-06 3.6514910196077315e-07
17290 1.666668e-06 4.7140404938778367e-07
17300 1.0000000000111022e-06 5.962844213188527e-07
17310 2.333334e-06 3.6514691107662406e-07
17320 1.0000020000111023e-06 3.651491019607731e-07
17330 1.0000000000111022e-06 5.962844213188527e-07
17340 1.3333360000055512e-06 2.9814299327980087e-07
17350 1.666666000005551e-06 6.666659999978244e-07
17360 1.3333360000055512e-06 2.9814299327980087e-07
17370 6.666680000166534e-07 3.651491019607731e-07
17380 1.3333340000111022e-06 5.577730322908045e-07
17390 1.666666000011102e-06 6.666659999950488e-07
17400 1.666668000005551e-06 4.714040493838584e-07
17410 2.000000000005551e-06 5.577725542006877e-07
17420 1.666668e-06 4.7140404938778367e-07
17430 3.3333400001665334e-07 2.981429932810421e-07
17440 1.666668000005551e-06 4.714040493838584e-07
17450 1.666668000005551e-06 4.714040493838584e-07
17460 1.666668000005551e-06 4.714040493838584e-07
17470 1.66667e-06 0.0
17480 1.0000000000111022e-06 5.962844213188527e-07
17490 1.666668e-06 4.7140404938778367e-07
17500 1.666668000005551e-06 4.714040493838584e-07
17510 1.3333340000055511e-06 5.577730322934584e-07
17520 1.3333340000111022e-06 5.577730322908044e-07
17530 1.666666000011102e-06 6.666659999950488e-07
17540 2.000002e-06 2.9814120443038397e-07
17550 1.3333340000111022e-06 5.577730322908044e-07
17560 1.333332000011102e-06 7.302960130394243e-07
17570 1.3333340000055511e-06 5.577730322934584e-07
17580 1.666666000005551e-06 6.666659999978243e-07
17590 1.9999980000111023e-06 7.302960130373971e-07
17600 1.666666000005551e-06 6.666659999978244e-07
17610 2.333334e-06 3.6514691107662406e-07
17620 1.333332000011102e-06 7.302960130394242e-07
17630 1.3333360000000002e-06 2.9814299328476596e-07
17640 2.000000000005551e-06 5.577725542006877e-07
17650 2e-06 5.577725542046685e-07
17660 1.3333360000055512e-06 2.9814299327980087e-07
17670 1.666666000005551e-06 6.666659999978244e-07
17680 1.3333340000055511e-06 5.577730322934584e-07
17690 1.3333340000055511e-06 5.577730322934584e-07
17700 1.0000020000111023e-06 3.6514910196077315e-07
17710 2.000002e-06 2.9814120443038397e-07
17720 1.666668e-06 4.7140404938778367e-07
17730 1.6666659999999998e-06 6.666660000005999e-07
17740 2.3333319999999998e-06 5.962839741089811e-07
17750 2.000002e-06 2.981412044303839e-07
17760 1.3333340000055511e-06 5.577730322934584e-07
17770 2.000002e-06 2.9814120443038397e-07
17780 1.666668000005551e-06 4.714040493838584e-07
17790 1.0000000000111022e-06 5.962844213188527e-07
17800 6.666680000111022e-07 3.651491019628001e-07
17810 1.666668e-06 4.7140404938778367e-07
17820 2.333334e-06 3.65146911076624e-07
17830 2.333334e-06 3.6514691107662406e-07
17840 1.666668e-06 4.7140404938778367e-07
17850 1.666666000005551e-06 6.666659999978244e-07
17860 1.666668e-06 4.7140404938778367e-07
17870 1.000002e-06 3.651491019668541e-07
17880 2.000000000005551e-06 5.577725542006876e-07
17890 1.3333340000055511e-06 5.577730322934584e-07
17900 2e-06 5.577725542046685e-07
17910 2.6666659999999997e-06 3.6514691107662406e-07
17920 2.000000000005551e-06 5.577725542006877e-07
17930 2.333334e-06 3.6514691107662406e-07
17940 2.000000000005551e-06 5.577725542006876e-07
17950 1.666666000005551e-06 6.666659999978244e-07
17960 1.0000020000055513e-06 3.6514910196381357e-07
17970 6.666680000111022e-07 3.651491019628001e-07
17980 2.333334e-06 3.6514691107662406e-07
17990 1.3333339999999999e-06 5.577730322961123e-07
18000 2.333334e-06 3.6514691107662406e-07
18010 1.666668000005551e-06 4.714040493838584e-07
18020 1.666668e-06 4.7140404938778367e-07
18030 1.3333340000055511e-06 5.577730322934584e-07
18040 1.3333340000055511e-06 5.577730322934584e-07
18050 1.666668000005551e-06 4.714040493838584e-07
18060 2.333334e-06 3.6514691107662406e-07
18070 1.666666000005551e-06 6.666659999978244e-07
18080 1.666666000011102e-06 6.666659999950488e-07
18090 6.666680000166534e-07 3.651491019607731e-07
18100 1.666668e-06 4.7140404938778367e-07
18110 1.666666000005551e-06 6.666659999978244e-07
18120 2e-06 5.577725542046685e-07
18130 1.0000020000055513e-06 3.6514910196381357e-07
18140 1.666666000011102e-06 6.666659999950488e-07
18150 1.66667e-06 0.0
18160 1.3333340000111022e-06 5.577730322908045e-07
18170 1.666668000005551e-06 4.714040493838584e-07
18180 1.666668000005551e-06 4.714040493838584e-07
18190 1.666668000005551e-06 4.714040493838584e-07
18200 1.3333360000000002e-06 2.9814299328476596e-07
18210 1.66667e-06 0.0
18220 1.0000000000111022e-06 5.962844213188527e-07
18230 1.3333340000055511e-06 5.577730322934584e-07
18240 2.000002e-06 2.9814120443038387e-07
18250 1.666668e-06 4.7140404938778367e-07
18260 1.0000020000055513e-06 3.6514910196381357e-07
18270 3.3333400001665334e-07 2.9814299328104214e-07
18280 6.666680000111022e-07 3.651491019628001e-07
18290 2.333334e-06 3.6514691107662406e-07
18300 2e-06 5.577725542046685e-07
18310 1.666666000005551e-06 6.666659999978243e-07
18320 1.666666000005551e-06 6.666659999978244e-07
18330 1.0000020000055513e-06 3.6514910196381357e-07
18340 1.3333339999999999e-06 5.577730322961123e-07
18350 1.666668000005551e-06 4.714040493838584e-07
18360 2.000000000005551e-06 5.577725542006876e-07
18370 2.000002e-06 2.9814120443038397e-07
18380 2e-06 5.577725542046685e-07
18390 1.3333360000000002e-06 2.9814299328476596e-07
18400 1.000000000005551e-06 5.962844213207147e-07
18410 1.3333340000055511e-06 5.577730322934584e-07
18420 1.666668e-06 4.7140404938778367e-07
18430 1.666668000005551e-06 4.714040493838584e-07
18440 6.666680000111022e-07 3.651491019628001e-07
18450 1.3333340000055511e-06 5.577730322934584e-07
18460 1.666668e-06 4.7140404938778367e-07
18470 1.0000020000055513e-06 3.6514910196381357e-07
18480 2.6666659999999997e-06 3.6514691107662406e-07
18490 2.333334e-06 3.65146911076624e-07
18500 1.3333360000055512e-06 2.9814299327980087e-07
18510 1.0000000000111022e-06 5.962844213188527e-07
18520 1.666666000011102e-06 6.666659999950488e-07
18530 1.0000020000055513e-06 3.6514910196381357e-07
18540 6.666680000111022e-07 3.651491019628001e-07
18550 3.3333400001110226e-07 2.981429932822834e-07
18560 1.3333340000055511e-06 5.577730322934584e-07
18570 1.666668e-06 4.7140404938778367e-07
18580 6.666680000055511e-07 3.6514910196482715e-07
18590 1.666666000005551e-06 6.666659999978244e-07
18600 1.0000000000111022e-06 5.962844213188527e-07
18610 2.3333319999999998e-06 5.962839741089811e-07
18620 1.3333360000055512e-06 2.9814299327980087e-07
18630 6.666660000111022e-07 5.962841977126673e-07
18640 1.666668e-06 4.7140404938778367e-07
18650 2.333334e-06 3.6514691107662406e-07
18660 2.6666659999999997e-06 3.6514691107662406e-07
18670 1.3333360000055512e-06 2.9814299327980087e-07
18680 6.666680000111022e-07 3.651491019628001e-07
18690 1.9999980000055513e-06 7.302960130404375e-07
18700 1.3333339999999999e-06 5.577730322961123e-07
18710 1.666666000011102e-06 6.666659999950488e-07
18720 6.666680000111022e-07 3.651491019628001e-07
18730 1.0000020000055513e-06 3.6514910196381357e-07
18740 1.0000020000111023e-06 3.6514910196077315e-07
18750 1.3333340000055511e-06 5.577730322934584e-07
18760 1.3333340000111022e-06 5.577730322908044e-07
18770 1.666668000005551e-06 4.714040493838584e-07
18780 2.333334e-06 3.6514691107662406e-07
18790 1.3333360000000002e-06 2.9814299328476596e-07
18800 1.3333339999999999e-06 5.577730322961123e-07
18810 2.333334e-06 3.6514691107662406e-07
18820 2e-06 5.577725542046685e-07
18830 2.333334e-06 3.6514691107662406e-07
18840 2e-06 5.577725542046685e-07
18850 1.3333360000000002e-06 2.9814299328476596e-07
18860 2.000000000005551e-06 5.577725542006876e-07
18870 1.666668000005551e-06 4.714040493838584e-07
18880 2.000000000005551e-06 5.577725542006876e-07
18890 1.666666000011102e-06 6.666659999950488e-07
18900 2.000002e-06 2.9814120443038397e-07
18910 1.666668000005551e-06 4.714040493838584e-07
18920 2.000002e-06 2.9814120443038387e-07
18930 2.333332000005551e-06 5.962839741046366e-07
18940 2.000000000005551e-06 5.577725542006876e-07
18950 1.666668e-06 4.7140404938778367e-07
18960 2e-06 5.577725542046685e-07
18970 1.666668e-06 4.7140404938778367e-07
18980 6.666680000111022e-07 3.651491019628001e-07
18990 6.666680000166534e-07 3.651491019607731e-07
19000 2.000000000005551e-06 5.577725542006876e-07
19010 1.0000020000055513e-06 3.6514910196381357e-07
19020 1.666668e-06 4.7140404938778367e-07
19030 1.3333340000055511e-06 5.577730322934584e-07
19040 1.0000000000166533e-06 5.962844213169908e-07
19050 1.666668000005551e-06 4.714040493838584e-07
19060 1.3333360000055512e-06 2.9814299327980087e-07
19070 2.333334e-06 3.65146911076624e-07
19080 6.666680000055511e-07 3.6514910196482715e-07
19090 1.666668e-06 4.7140404938778367e-07
19100 1.3333340000055511e-06 5.577730322934584e-07
19110 1.0000020000111023e-06 3.6514910196077315e-07
19120 1.3333340000055511e-06 5.577730322934584e-07
19130 1.666668e-06 4.7140404938778367e-07
19140 1.3333339999999999e-06 5.577730322961123e-07
19150 1.666668000005551e-06 4.714040493838584e-07
19160 1.666668000005551e-06 4.714040493838584e-07
19170 1.666666000005551e-06 6.666659999978244e-07
19180 1.3333340000055511e-06 5.577730322934584e-07
19190 2.333332000005551e-06 5.962839741046366e-07
19200 1.3333360000000002e-06 2.9814299328476596e-07
19210 2e-06 5.577725542046685e-07
19220 1.3333360000000002e-06 2.9814299328476596e-07
19230 1.666668000005551e-06 4.714040493838584e-07
19240 2.333334e-06 3.6514691107662406e-07
19250 1.666668000005551e-06 4.714040493838584e-07
19260 2.333332e-06 5.962839741089811e-07
19270 1.999998e-06 7.302960130434781e-07
19280 2.6666659999999997e-06 3.6514691107662406e-07
19290 1.3333340000111022e-06 5.577730322908044e-07
19300 1.666668000005551e-06 4.714040493838584e-07
19310 2.000002e-06 2.9814120443038397e-07
19320 1.666668000005551e-06 4.714040493838584e-07
19330 2.000000000005551e-06 5.577725542006877e-07
19340 1.999998e-06 7.302960130434781e-07
19350 1.666668000005551e-06 4.714040493838584e-07
19360 1.3333360000055512e-06 2.9814299327980087e-07
19370 1.666666000005551e-06 6.666659999978244e-07
19380 1.666668e-06 4.7140404938778367e-07
19390 1.3333340000055511e-06 5.577730322934584e-07
19400 1.666668000005551e-06 4.714040493838584e-07
19410 1.3333360000055512e-06 2.9814299327980087e-07
19420 2.333334e-06 3.6514691107662406e-07
19430 6.666680000111022e-07 3.651491019628001e-07
19440 6.666680000111022e-07 3.651491019628001e-07
19450 1.3333340000055511e-06 5.577730322934584e-07
19460 1.333332000011102e-06 7.302960130394243e-07
19470 2.000002e-06 2.981412044303839e-07
19480 2.333334e-06 3.6514691107662406e-07
19490 1.3333340000111022e-06 5.577730322908044e-07
19500 1.3333340000055511e-06 5.577730322934584e-07
19510 2.333332000005551e-06 5.962839741046366e-07
19520 1.666668e-06 4.7140404938778367e-07
19530 1.666668000005551e-06 4.714040493838584e-07
19540 1.666668e-06 4.7140404938778367e-07
19550 1.0000020000055513e-06 3.6514910196381357e-07
19560 1.666668e-06 4.7140404938778367e-07
19570 2.000002e-06 2.9814120443038387e-07
19580 1.66667e-06 0.0
19590 2.333334e-06 3.6514691107662406e-07
19600 1.0000020000055513e-06 3.6514910196381357e-07
19610 1.66667e-06 0.0
19620 2.000002e-06 2.981412044303839e-07
19630 2.000000000005551e-06 5.577725542006876e-07
19640 1.3333340000111022e-06 5.577730322908044e-07
19650 1.3333340000055511e-06 5.577730322934584e-07
19660 2.333334e-06 3.6514691107662406e-07
19670 2.000002e-06 2.981412044303839e-07
19680 1.000000000005551e-06 5.962844213207146e-07
19690 2.333332000005551e-06 5.962839741046366e-07
19700 1.000000000005551e-06 5.962844213207146e-07
19710 2.333332000005551e-06 5.962839741046366e-07
19720 2.333332000005551e-06 5.962839741046366e-07
19730 1.666666000011102e-06 6.666659999950488e-07
19740 2e-06 5.577725542046685e-07
19750 2.000002e-06 2.9814120443038397e-07
19760 2.333332000005551e-06 5.962839741046366e-07
19770 1.3333340000111022e-06 5.577730322908044e-07
19780 1.3333340000055511e-06 5.577730322934584e-07
19790 1.3333360000055512e-06 2.9814299327980087e-07
19800 1.666668e-06 4.7140404938778367e-07
19810 1.66667e-06 0.0
19820 1.3333340000055511e-06 5.577730322934584e-07
19830 6.666680000111022e-07 3.651491019628001e-07
19840 1.0000020000111023e-06 3.651491019607731e-07
19850 1.3333360000000002e-06 2.9814299328476596e-07
19860 1.666666000005551e-06 6.666659999978243e-07
19870 1.3333360000000002e-06 2.9814299328476596e-07
19880 2.6666659999999997e-06 3.6514691107662406e-07
19890 2.333334e-06 3.6514691107662406e-07
19900 1.666666000005551e-06 6.666659999978244e-07
19910 1.000000000005551e-06 5.962844213207146e-07
19920 1.0000000000111022e-06 5.962844213188527e-07
19930 2.333332000005551e-06 5.962839741046366e-07
19940 2.333334e-06 3.6514691107662406e-07
19950 2.333334e-06 3.6514691107662406e-07
19960 1.0000000000111022e-06 5.962844213188527e-07
19970 1.3333360000055512e-06 2.9814299327980087e-07
19980 2.3333319999999998e-06 5.962839741089811e-07
19990 2.000000000005551e-06 5.577725542006877e-07
20000 6.666680000166534e-07 3.651491019607731e-07
20010 1.000000000005551e-06 5.962844213207147e-07
20020 1.3333339999999999e-06 5.577730322961123e-07
20030 2.000002e-06 2.981412044303839e-07
20040 2.000002e-06 2.9814120443038397e-07
20050 1.3333340000055511e-06 5.577730322934584e-07
20060 1.3333360000055512e-06 2.9814299327980087e-07
20070 2.000002e-06 2.9814120443038387e-07
20080 2.000002e-06 2.9814120443038397e-07
20090 2.000002e-06 2.981412044303839e-07
20100 1.0000000000111022e-06 5.962844213188527e-07
20110 2e-06 5.577725542046685e-07
20120 1.666666000005551e-06 6.666659999978244e-07
20130 1.0000000000111022e-06 5.962844213188527e-07
20140 1.666666000005551e-06 6.666659999978244e-07
20150 1.666668000005551e-06 4.714040493838584e-07
20160 2.333334e-06 3.6514691107662406e-07
20170 1.66667e-06 0.0
20180 1.3333340000111022e-06 5.577730322908045e-07
20190 1.3333340000111022e-06 5.577730322908044e-07
20200 1.666668000005551e-06 4.714040493838584e-07
20210 2.6666659999999997e-06 3.6514691107662406e-07
20220 2.333332000005551e-06 5.962839741046366e-07
20230 2.000002e-06 2.9814120443038387e-07
20240 1.666668000005551e-06 4.714040493838584e-07
20250 1.3333360000055512e-06 2.9814299327980087e-07
20260 1.666668e-06 4.7140404938778367e-07
20270 1.666666000005551e-06 6.666659999978244e-07
20280 1.000002e-06 3.651491019668541e-07
20290 6.666660000166533e-07 5.962841977114261e-07
20300 2.333334e-06 3.6514691107662406e-07
20310 1.666666000011102e-06 6.666659999950488e-07
20320 6.666660000111022e-07 5.962841977126673e-07
20330 2.333334e-06 3.6514691107662406e-07
20340 2.000002e-06 2.9814120443038397e-07
20350 1.3333340000055511e-06 5.577730322934584e-07
20360 2e-06 5.577725542046685e-07
20370 1.66667e-06 0.0
20380 1.3333339999999999e-06 5.577730322961123e-07
20390 2.333334e-06 3.6514691107662406e-07
20400 1.3333340000055511e-06 5.577730322934584e-07
20410 2.000002e-06 2.9814120443038387e-07
20420 2.000002e-06 2.9814120443038387e-07
20430 1.66667e-06 0.0
20440 1.66667e-06 0.0
20450 1.3333360000000002e-06 2.9814299328476596e-07
20460 1.3333360000055512e-06 2.9814299327980087e-07
20470 1.3333360000000002e-06 2.9814299328476596e-07
20480 2.333334e-06 3.6514691107662406e-07
20490 2.3333319999999998e-06 5.962839741089811e-07
20500 6.666680000111022e-07 3.651491019628001e-07
20510 1.000002e-06 3.651491019668541e-07
20520 1.0000000000111022e-06 5.962844213188527e-07
20530 1.666668e-06 4.7140404938778367e-07
20540 1.3333340000111022e-06 5.577730322908045e-07
20550 1.3333340000111022e-06 5.577730322908044e-07
20560 2.333334e-06 3.6514691107662406e-07
20570 2e-06 5.577725542046685e-07
20580 2.000002e-06 2.9814120443038397e-07
20590 1.3333340000055511e-06 5.577730322934584e-07
20600 1.333332000011102e-06 7.302960130394243e-07
20610 1.3333340000055511e-06 5.577730322934584e-07
20620 1.666666000005551e-06 6.666659999978244e-07
20630 2.000002e-06 2.981412044303839e-07
20640 2.333334e-06 3.6514691107662406e-07
20650 2.000002e-06 2.9814120443038387e-07
20660 2.000000000005551e-06 5.577725542006876e-07
20670 2e-06 5.577725542046685e-07
20680 1.666666000005551e-06 6.666659999978244e-07
20690 1.000002e-06 3.651491019668541e-07
20700 2.000000000005551e-06 5.577725542006876e-07
20710 1.6666659999999998e-06 6.666660000005999e-07
20720 1.666668e-06 4.7140404938778367e-07
20730 1.333332000011102e-06 7.302960130394242e-07
20740 1.0000020000111023e-06 3.6514910196077315e-07
20750 1.0000020000055513e-06 3.6514910196381357e-07
20760 2.333334e-06 3.6514691107662406e-07
20770 1.333332000005551e-06 7.302960130414511e-07
20780 1.0000020000111023e-06 3.6514910196077315e-07
20790 1.3333339999999999e-06 5.577730322961123e-07
20800 6.666680000055511e-07 3.6514910196482715e-07
20810 1.3333340000055511e-06 5.577730322934584e-07
20820 2.333332000005551e-06 5.962839741046366e-07
20830 1.3333340000055511e-06 5.577730322934584e-07
20840 1.0000000000111022e-06 5.962844213188527e-07
20850 1.3333340000055511e-06 5.577730322934584e-07
20860 1.3333339999999999e-06 5.577730322961123e-07
20870 2.000000000005551e-06 5.577725542006876e-07
20880 1.0000020000055513e-06 3.6514910196381357e-07
20890 2.000002e-06 2.981412044303839e-07
20900 2.000000000005551e-06 5.577725542006876e-07
20910 2.333334e-06 3.6514691107662406e-07
20920 1.0000020000055513e-06 3.6514910196381357e-07
20930 6.666680000111022e-07 3.651491019628001e-07
20940 2.666664000005551e-06 5.962841977101848e-07
20950 1.666668e-06 4.7140404938778367e-07
20960 1.666666000005551e-06 6.666659999978244e-07
20970 1.333332000011102e-06 7.302960130394242e-07
20980 2.000002e-06 2.9814120443038387e-07
20990 2.000002e-06 2.981412044303839e-07
21000 2.000002e-06 2.981412044303839e-07
21010 2.333334e-06 3.6514691107662406e-07
21020 1.3333360000055512e-06 2.9814299327980087e-07
21030 2.000002e-06 2.981412044303839e-07
21040 2.6666659999999997e-06 3.6514691107662406e-07
21050 1.0000020000111023e-06 3.6514910196077315e-07
21060 1.666666000011102e-06 6.666659999950488e-07
21070 1.666668000005551e-06 4.714040493838584e-07
21080 1.3333340000111022e-06 5.577730322908044e-07
21090 2.333334e-06 3.6514691107662406e-07
21100 1.0000020000055513e-06 3.6514910196381357e-07
21110 2.000002e-06 2.9814120443038397e-07
21120 1.0000020000055513e-06 3.6514910196381357e-07
21130 2.000000000005551e-06 5.577725542006876e-07
21140 2e-06 5.577725542046685e-07
21150 2.333334e-06 3.65146911076624e-07
21160 1.666668000005551e-06 4.714040493838584e-07
21170 2.6666659999999997e-06 3.6514691107662406e-07
21180 2.000002e-06 2.9814120443038387e-07
21190 2e-06 5.577725542046685e-07
21200 1.0000020000055513e-06 3.6514910196381357e-07
21210 3.3333400001110226e-07 2.981429932822834e-07
21220 6.666680000111022e-07 3.651491019628001e-07
21230 1.3333360000000002e-06 2.9814299328476596e-07
21240 2.3333319999999998e-06 5.962839741089811e-07
21250 1.3333340000111022e-06 5.577730322908045e-07
21260 1.66667e-06 0.0
21270 1.333332000011102e-06 7.302960130394243e-07
21280 1.3333340000055511e-06 5.577730322934584e-07
21290 1.3333339999999999e-06 5.577730322961123e-07
21300 2.6666659999999997e-06 3.6514691107662406e-07
21310 1.333332000011102e-06 7.302960130394242e-07
21320 2.000000000005551e-06 5.577725542006876e-07
21330 2.333334e-06 3.6514691107662406e-07
21340 2.000002e-06 2.9814120443038397e-07
21350 6.666680000055511e-07 3.6514910196482715e-07
21360 1.666668e-06 4.7140404938778367e-07
21370 2.000000000005551e-06 5.577725542006876e-07
21380 2.6666659999999997e-06 3.6514691107662406e-07
21390 2.333334e-06 3.6514691107662406e-07
21400 1.666668000005551e-06 4.714040493838584e-07
21410 1.666668e-06 4.7140404938778367e-07
21420 2.333334e-06 3.6514691107662406e-07
21430 1.3333360000055512e-06 2.9814299327980087e-07
21440 1.3333340000055511e-06 5.577730322934584e-07
21450 2.333332000005551e-06 5.962839741046366e-07
21460 2.333334e-06 3.6514691107662406e-07
21470 1.666668000005551e-06 4.714040493838584e-07
21480 2.333332e-06 5.962839741089811e-07
21490 1.0000020000055513e-06 3.6514910196381357e-07
21500 6.666660000166533e-07 5.962841977114261e-07
21510 1.666668e-06 4.7140404938778367e-07
21520 1.3333340000055511e-06 5.577730322934584e-07
21530 2.000002e-06 2.9814120443038397e-07
21540 1.666668000005551e-06 4.714040493838584e-07
21550 1.3333340000055511e-06 5.577730322934584e-07
21560 2.6666659999999997e-06 3.6514691107662406e-07
21570 1.3333360000000002e-06 2.9814299328476596e-07
21580 1.3333340000111022e-06 5.577730322908045e-07
21590 2.6666659999999997e-06 3.6514691107662406e-07
21600 1.666668e-06 4.7140404938778367e-07
21610 1.666668000005551e-06 4.714040493838584e-07
21620 1.0000000000111022e-06 5.962844213188527e-07
21630 1.3333339999999999e-06 5.577730322961123e-07
21640 2.3333320000055512e-06 5.962839741046365e-07
21650 1.3333340000111022e-06 5.577730322908044e-07
21660 1.0000020000055513e-06 3.6514910196381357e-07
21670 1.3333340000111022e-06 5.577730322908044e-07
21680 1.0000000000166533e-06 5.962844213169908e-07
21690 2e-06 5.577725542046685e-07
21700 3.3333400001665334e-07 2.9814299328104214e-07
21710 1.0000000000111022e-06 5.962844213188527e-07
21720 1.0000020000055513e-06 3.6514910196381357e-07
21730 1.66667e-06 0.0
21740 1.666668000005551e-06 4.714040493838584e-07
21750 1.9999980000111023e-06 7.302960130373971e-07
21760 1.666668e-06 4.7140404938778367e-07
21770 1.0000020000055513e-06 3.6514910196381357e-07
21780 1.3333340000055511e-06 5.577730322934584e-07
21790 2.333334e-06 3.6514691107662406e-07
21800 2e-06 5.577725542046685e-07
21810 1.3333340000055511e-06 5.577730322934584e-07
21820 1.3333340000055511e-06 5.577730322934584e-07
21830 1.666666000005551e-06 6.666659999978244e-07
21840 6.666680000111022e-07 3.651491019628001e-07
21850 1.3333340000055511e-06 5.577730322934584e-07
21860 1.0000000000111022e-06 5.962844213188527e-07
21870 1.6666659999999998e-06 6.666660000005999e-07
21880 2.999998e-06 2.9814120443038387e-07
21890 2.000002e-06 2.981412044303839e-07
21900 1.0000020000055513e-06 3.6514910196381357e-07
21910 6.666680000111022e-07 3.651491019628001e-07
21920 1.666668e-06 4.7140404938778367e-07
21930 2.000000000005551e-06 5.577725542006876e-07
21940 2.6666659999999997e-06 3.6514691107662406e-07
21950 2.000000000005551e-06 5.577725542006877e-07
21960 2.000000000005551e-06 5.577725542006877e-07
21970 1.666668e-06 4.7140404938778367e-07
21980 2.333334e-06 3.65146911076624e-07
21990 1.0000020000055513e-06 3.6514910196381357e-07
22000 1.666668000005551e-06 4.714040493838584e-07
22010 1.3333340000055511e-06 5.577730322934584e-07
22020 1.666666000011102e-06 6.666659999950488e-07
22030 1.666666000005551e-06 6.666659999978243e-07
22040 1.0000000000111022e-06 5.962844213188527e-07
22050 1.3333360000055512e-06 2.9814299327980087e-07
22060 1.0000020000055513e-06 3.6514910196381357e-07
22070 1.3333340000111022e-06 5.577730322908044e-07
22080 1.3333340000055511e-06 5.577730322934584e-07
22090 1.666668000005551e-06 4.714040493838584e-07
22100 1.666668e-06 4.7140404938778367e-07
22110 2.333334e-06 3.6514691107662406e-07
22120 1.3333340000111022e-06 5.577730322908044e-07
22130 1.0000000000166533e-06 5.962844213169908e-07
22140 1.3333360000055512e-06 2.9814299327980087e-07
22150 1.0000020000111023e-06 3.6514910196077315e-07
22160 2.333332000005551e-06 5.962839741046366e-07
22170 1.666666000011102e-06 6.666659999950488e-07
22180 1.0000020000055513e-06 3.6514910196381357e-07
22190 1.3333340000055511e-06 5.577730322934584e-07
22200 2.000002e-06 2.9814120443038397e-07
22210 1.6666659999999998e-06 6.666660000005999e-07
22220 1.66667e-06 0.0
22230 1.666668e-06 4.7140404938778367e-07
22240 2.000000000005551e-06 5.577725542006877e-07
22250 1.333332000011102e-06 7.302960130394242e-07
22260 1.66667e-06 0.0
22270 1.666668e-06 4.7140404938778367e-07
22280 2.333334e-06 3.65146911076624e-07
22290 2.000002e-06 2.981412044303839e-07
22300 2.000000000005551e-06 5.577725542006876e-07
22310 1.0000000000111022e-06 5.962844213188527e-07
22320 3.3333400001110226e-07 2.981429932822834e-07
22330 1.666668e-06 4.7140404938778367e-07
22340 6.666680000111022e-07 3.651491019628001e-07
22350 1.000000000005551e-06 5.962844213207146e-07
22360 2.333334e-06 3.6514691107662406e-07
22370 1.666666000005551e-06 6.666659999978243e-07
22380 1.66667e-06 0.0
22390 2.000002e-06 2.9814120443038397e-07
22400 2.6666659999999997e-06 3.6514691107662406e-07
22410 1.666668000005551e-06 4.714040493838584e-07
22420 2.000000000005551e-06 5.577725542006876e-07
22430 6.666680000055511e-07 3.6514910196482715e-07
22440 1.3333340000055511e-06 5.577730322934584e-07
22450 2.3333320000055512e-06 5.962839741046365e-07
22460 2.333334e-06 3.65146911076624e-07
22470 1.666666000011102e-06 6.666659999950488e-07
22480 6.666680000111022e-07 3.651491019628001e-07
22490 1.666666000005551e-06 6.666659999978244e-07
22500 2.333334e-06 3.6514691107662406e-07
22510 1.666668e-06 4.7140404938778367e-07
22520 1.666668000005551e-06 4.714040493838584e-07
22530 1.3333340000055511e-06 5.577730322934584e-07
22540 2.000000000005551e-06 5.577725542006877e-07
22550 1.000002e-06 3.651491019668541e-07
22560 2.3333319999999998e-06 5.962839741089811e-07
22570 2.000002e-06 2.9814120443038397e-07
22580 2e-06 5.577725542046685e-07
22590 1.666668e-06 4.7140404938778367e-07
22600 2.3333319999999998e-06 5.962839741089811e-07
22610 1.3333340000111022e-06 5.577730322908045e-07
22620 6.666680000055511e-07 3.6514910196482715e-07
22630 1.666668e-06 4.7140404938778367e-07
22640 1.6666659999999998e-06 6.666660000005999e-07
22650 1.3333360000000002e-06 2.9814299328476596e-07
22660 1.3333339999999999e-06 5.577730322961123e-07
22670 1.000000000005551e-06 5.962844213207147e-07
22680 2.333334e-06 3.6514691107662406e-07
22690 1.0000020000055513e-06 3.6514910196381357e-07
22700 2.000000000005551e-06 5.577725542006876e-07
22710 1.666668000005551e-06 4.714040493838584e-07
22720 1.3333340000055511e-06 5.577730322934584e-07
22730 1.666668000005551e-06 4.714040493838584e-07
22740 2.000000000005551e-06 5.577725542006876e-07
22750 1.666668e-06 4.7140404938778367e-07
22760 2e-06 5.577725542046685e-07
22770 2.000002e-06 2.9814120443038397e-07
22780 2.000002e-06 2.9814120443038397e-07
22790 1.3333360000000002e-06 2.9814299328476596e-07
22800 2.000002e-06 2.9814120443038397e-07
22810 1.0000020000055513e-06 3.6514910196381357e-07
22820 2.000000000005551e-06 5.577725542006876e-07
22830 6.666680000055511e-07 3.6514910196482715e-07
22840 1.3333360000000002e-06 2.9814299328476596e-07
22850 1.3333360000055512e-06 2.9814299327980087e-07
22860 1.3333360000000002e-06 2.9814299328476596e-07
22870 2e-06 5.577725542046685e-07
22880 2.000002e-06 2.981412044303839e-07
22890 2.3333319999999998e-06 5.962839741089811e-07
22900 1.666666000011102e-06 6.666659999950488e-07
22910 1.66667e-06 0.0
22920 2.333334e-06 3.6514691107662406e-07
22930 1.0000000000111022e-06 5.962844213188527e-07
22940 1.666668000005551e-06 4.714040493838584e-07
22950 1.3333340000055511e-06 5.577730322934584e-07
22960 1.666666000005551e-06 6.666659999978244e-07
22970 1.3333340000055511e-06 5.577730322934584e-07
22980 1.666668e-06 4.7140404938778367e-07
22990 1.0000020000055513e-06 3.6514910196381357e-07
23000 1.666668000005551e-06 4.714040493838584e-07
23010 1.3333360000055512e-06 2.9814299327980087e-07
23020 1.666668000005551e-06 4.714040493838584e-07
23030 2.666664e-06 5.962841977151499e-07
23040 2.333332000005551e-06 5.962839741046366e-07
23050 2.000002e-06 2.9814120443038387e-07
23060 1.666668e-06 4.7140404938778367e-07
23070 1.666666000005551e-06 6.666659999978244e-07
23080 2.6666659999999997e-06 3.6514691107662406e-07
23090 1.666666000005551e-06 6.666659999978244e-07
23100 2e-06 5.577725542046685e-07
23110 2.000000000005551e-06 5.577725542006876e-07
23120 1.666668000005551e-06 4.714040493838584e-07
23130 1.3333340000055511e-06 5.577730322934584e-07
23140 1.66667e-06 0.0
23150 2.3333319999999998e-06 5.962839741089811e-07
23160 2.3333319999999998e-06 5.962839741089811e-07
23170 2.666666e-06 3.6514691107662406e-07
23180 1.3333340000111022e-06 5.577730322908044e-07
23190 1.66667e-06 0.0
23200 1.666666000005551e-06 6.666659999978244e-07
23210 2.333332000005551e-06 5.962839741046366e-07
23220 2.333332000005551e-06 5.962839741046366e-07
23230 2.000002e-06 2.981412044303839e-07
23240 2.333332e-06 5.962839741089811e-07
23250 6.666680000111022e-07 3.651491019628001e-07
23260 1.666668e-06 4.7140404938778367e-07
23270 6.666680000166534e-07 3.651491019607731e-07
23280 1.0000020000055513e-06 3.6514910196381357e-07
23290 2.333334e-06 3.6514691107662406e-07
23300 1.333332000011102e-06 7.302960130394243e-07
23310 1.666666000005551e-06 6.666659999978244e-07
23320 2.666664000005551e-06 5.962841977101848e-07
23330 1.666666000011102e-06 6.666659999950488e-07
23340 1.66667e-06 0.0
23350 1.666666000011102e-06 6.666659999950488e-07
23360 1.000000000005551e-06 5.962844213207147e-07
23370 1.0000020000055513e-06 3.6514910196381357e-07
23380 2.000000000005551e-06 5.577725542006876e-07
23390 1.66667e-06 0.0
23400 1.000002e-06 3.651491019668541e-07
23410 1.3333340000055511e-06 5.577730322934584e-07
23420 2.000002e-06 2.981412044303839e-07
23430 2.333334e-06 3.6514691107662406e-07
23440 2.6666659999999997e-06 3.6514691107662406e-07
23450 2.333334e-06 3.6514691107662406e-07
23460 1.66667e-06 0.0
23470 1.3333340000055511e-06 5.577730322934584e-07
23480 1.3333360000055512e-06 2.9814299327980087e-07
23490 1.3333340000111022e-06 5.577730322908044e-07
23500 1.3333340000055511e-06 5.577730322934584e-07
23510 2.333332000005551e-06 5.962839741046366e-07
23520 1.3333340000055511e-06 5.577730322934584e-07
23530 1.0000020000111023e-06 3.6514910196077315e-07
23540 2.6666659999999997e-06 3.6514691107662406e-07
23550 1.9999980000055513e-06 7.302960130404375e-07
23560 1.000000000005551e-06 5.962844213207146e-07
23570 1.3333340000055511e-06 5.577730322934584e-07
23580 1.666668e-06 4.7140404938778367e-07
23590 2.333334e-06 3.6514691107662406e-07
23600 2.3333319999999998e-06 5.962839741089811e-07
23610 2.333334e-06 3.6514691107662406e-07
23620 2e-06 5.577725542046685e-07
23630 6.666680000055511e-07 3.6514910196482715e-07
23640 1.3333340000055511e-06 5.577730322934584e-07
23650 1.666668000005551e-06 4.714040493838584e-07
23660 1.3333340000055511e-06 5.577730322934584e-07
23670 2.000002e-06 2.9814120443038397e-07
23680 1.666666000011102e-06 6.666659999950488e-07
23690 1.0000020000055513e-06 3.6514910196381357e-07
23700 1.3333340000055511e-06 5.577730322934584e-07
23710 1.3333340000055511e-06 5.577730322934584e-07
23720 2.333334e-06 3.6514691107662406e-07
23730 2.000002e-06 2.981412044303839e-07
23740 2.000002e-06 2.981412044303839e-07
23750 1.3333340000055511e-06 5.577730322934584e-07
23760 1.3333340000055511e-06 5.577730322934584e-07
23770 1.3333340000055511e-06 5.577730322934584e-07
23780 1.000000000005551e-06 5.962844213207147e-07
23790 1.3333360000055512e-06 2.9814299327980087e-07
23800 2.333334e-06 3.6514691107662406e-07
23810 2.3333319999999998e-06 5.962839741089811e-07
23820 1.3333360000000002e-06 2.9814299328476596e-07
23830 1.3333340000055511e-06 5.577730322934584e-07
23840 1.3333340000055511e-06 5.577730322934584e-07
23850 2e-06 5.577725542046685e-07
23860 1.9999980000055513e-06 7.302960130404375e-07
23870 2.000002e-06 2.9814120443038397e-07
23880 2.000000000005551e-06 5.577725542006877e-07
23890 2.000002e-06 2.981412044303839e-07
23900 2.999998e-06 2.9814120443038387e-07
23910 1.0000020000111023e-06 3.6514910196077315e-07
23920 2.333332e-06 5.962839741089811e-07
23930 2.000002e-06 2.9814120443038397e-07
23940 1.9999980000055513e-06 7.302960130404375e-07
23950 2.3333319999999998e-06 5.962839741089811e-07
23960 1.666668000005551e-06 4.714040493838584e-07
23970 2.3333319999999998e-06 5.962839741089811e-07
23980 1.3333360000000002e-06 2.9814299328476596e-07
23990 1.666668000005551e-06 4.714040493838584e-07
24000 1.0000020000055513e-06 3.6514910196381357e-07
24010 1.3333360000055512e-06 2.9814299327980087e-07
24020 2.000000000005551e-06 5.577725542006876e-07
24030 2.333334e-06 3.6514691107662406e-07
24040 2.666664000005551e-06 5.962841977101848e-07
24050 1.666668000005551e-06 4.714040493838584e-07
24060 1.666668e-06 4.7140404938778367e-07
24070 2.000000000005551e-06 5.577725542006877e-07
24080 1.3333339999999999e-06 5.577730322961123e-07
24090 1.0000020000055513e-06 3.6514910196381357e-07
24100 2.333334e-06 3.6514691107662406e-07
24110 1.666668000005551e-06 4.714040493838584e-07
24120 1.666668000005551e-06 4.714040493838584e-07
24130 1.0000000000111022e-06 5.962844213188527e-07
24140 2e-06 5.577725542046685e-07
24150 2.333334e-06 3.65146911076624e-07
24160 2e-06 5.577725542046685e-07
24170 1.666666000005551e-06 6.666659999978244e-07
24180 1.66667e-06 0.0
24190 6.666680000055511e-07 3.6514910196482715e-07
24200 1.3333340000055511e-06 5.577730322934584e-07
24210 2.9999979999999996e-06 2.9814120443038387e-07
24220 1.666668e-06 4.7140404938778367e-07
24230 1.0000020000055513e-06 3.6514910196381357e-07
24240 2.000002e-06 2.9814120443038387e-07
24250 1.000000000005551e-06 5.962844213207146e-07
24260 1.666668000005551e-06 4.714040493838584e-07
24270 6.666680000111022e-07 3.651491019628001e-07
24280 1.0000020000055513e-06 3.6514910196381357e-07
24290 1.000002e-06 3.651491019668541e-07
24300 1.000000000005551e-06 5.962844213207146e-07
24310 1.6666659999999998e-06 6.666660000005999e-07
24320 6.666680000055511e-07 3.6514910196482715e-07
24330 1.6666659999999998e-06 6.666660000005999e-07
24340 1.666668000005551e-06 4.714040493838584e-07
24350 1.3333340000111022e-06 5.577730322908044e-07
24360 1.3333340000055511e-06 5.577730322934584e-07
24370 6.666660000111022e-07 5.962841977126673e-07
24380 2.333334e-06 3.6514691107662406e-07
24390 1.666668000005551e-06 4.714040493838584e-07
24400 6.666680000055511e-07 3.6514910196482715e-07
24410 3.3333400001110226e-07 2.981429932822834e-07
24420 1.0000020000055513e-06 3.6514910196381357e-07
24430 1.666666000005551e-06 6.666659999978244e-07
24440 1.3333340000111022e-06 5.577730322908044e-07
24450 1.3333360000000002e-06 2.9814299328476596e-07
24460 1.3333340000055511e-06 5.577730322934584e-07
24470 1.666668e-06 4.7140404938778367e-07
24480 1.3333340000055511e-06 5.577730322934584e-07
24490 2e-06 5.577725542046685e-07
24500 1.666668000005551e-06 4.714040493838584e-07
24510 1.3333360000000002e-06 2.9814299328476596e-07
24520 2.333334e-06 3.6514691107662406e-07
24530 2.000000000005551e-06 5.577725542006877e-07
24540 2e-06 5.577725542046685e-07
24550 1.666668000005551e-06 4.714040493838584e-07
24560 1.0000000000111022e-06 5.962844213188527e-07
24570 1.0000020000055513e-06 3.6514910196381357e-07
24580 1.3333340000055511e-06 5.577730322934584e-07
24590 1.66667e-06 0.0
24600 1.3333339999999999e-06 5.577730322961123e-07
24610 1.3333360000055512e-06 2.9814299327980087e-07
24620 6.666680000111022e-07 3.651491019628001e-07
24630 1.3333340000111022e-06 5.577730322908045e-07
24640 2.000002e-06 2.9814120443038397e-07
24650 1.666668e-06 4.7140404938778367e-07
24660 1.3333340000055511e-06 5.577730322934584e-07
24670 1.666668e-06 4.7140404938778367e-07
24680 1.0000020000055513e-06 3.6514910196381357e-07
24690 1.666668000005551e-06 4.714040493838584e-07
24700 2.000002e-06 2.9814120443038397e-07
24710 1.6666659999999998e-06 6.666660000005999e-07
24720 1.66667e-06 0.0
24730 2.000002e-06 2.981412044303839e-07
24740 1.000000000005551e-06 5.962844213207146e-07
24750 2e-06 5.577725542046685e-07
24760 1.666668e-06 4.7140404938778367e-07
24770 1.666666000005551e-06 6.666659999978244e-07
24780 2.000002e-06 2.981412044303839e-07
24790 1.0000020000055513e-06 3.6514910196381357e-07
24800 1.666668e-06 4.7140404938778367e-07
24810 2.000002e-06 2.981412044303839e-07
24820 1.3333340000055511e-06 5.577730322934584e-07
24830 2.000002e-06 2.9814120443038397e-07
24840 1.3333360000055512e-06 2.9814299327980087e-07
24850 2.000002e-06 2.981412044303839e-07
24860 1.666668000005551e-06 4.714040493838584e-07
24870 2.000002e-06 2.9814120443038397e-07
24880 1.665336e-17 6.0809472868361544e-18
24890 1.0000020000055513e-06 3.6514910196381357e-07
24900 1.0000020000111023e-06 3.651491019607731e-07
24910 6.666680000166534e-07 3.651491019607731e-07
24920 1.666666000005551e-06 6.666659999978244e-07
24930 1.0000020000111023e-06 3.651491019607731e-07
24940 1.0000020000111023e-06 3.651491019607731e-07
24950 1.3333339999999999e-06 5.577730322961123e-07
24960 6.666680000166534e-07 3.651491019607731e-07
24970 6.666680000166534e-07 3.651491019607731e-07
24980 2.666664000005551e-06 5.962841977101848e-07
24990 2.333334e-06 3.6514691107662406e-07
25000 1.666668e-06 4.7140404938778367e-07
25010 2.000002e-06 2.9814120443038397e-07
25020 1.666668e-06 4.7140404938778367e-07
25030 2.6666659999999997e-06 3.6514691107662406e-07
25040 1.0000020000055513e-06 3.6514910196381357e-07
25050 1.000000000005551e-06 5.962844213207146e-07
25060 2e-06 5.577725542046685e-07
25070 2.000002e-06 2.9814120443038387e-07
25080 1.0000020000111023e-06 3.6514910196077315e-07
25090 1.666666000005551e-06 6.666659999978244e-07
25100 2.3333319999999998e-06 5.962839741089811e-07
25110 6.666660000111022e-07 5.962841977126673e-07
25120 2.6666659999999997e-06 3.6514691107662406e-07
25130 2.000000000005551e-06 5.577725542006876e-07
25140 1.666668e-06 4.7140404938778367e-07
25150 2.000002e-06 2.9814120443038387e-07
25160 1.666668e-06 4.7140404938778367e-07
25170 2.333334e-06 3.65146911076624e-07
25180 1.3333340000111022e-06 5.577730322908044e-07
25190 1.0000020000055513e-06 3.6514910196381357e-07
25200 6.666680000111022e-07 3.651491019628001e-07
25210 2e-06 5.577725542046685e-07
25220 1.666668000005551e-06 4.714040493838584e-07
25230 1.000000000005551e-06 5.962844213207147e-07
25240 2.000002e-06 2.9814120443038397e-07
25250 2.000000000005551e-06 5.577725542006877e-07
25260 2e-06 5.577725542046685e-07
25270 2e-06 5.577725542046685e-07
25280 1.3333340000111022e-06 5.577730322908045e-07
25290 1.3333340000055511e-06 5.577730322934584e-07
25300 1.3333340000055511e-06 5.577730322934584e-07
25310 2.000002e-06 2.981412044303839e-07
25320 1.3333360000000002e-06 2.9814299328476596e-07
25330 1.666668e-06 4.7140404938778367e-07
25340 1.0000020000111023e-06 3.6514910196077315e-07
25350 1.3333360000055512e-06 2.9814299327980087e-07
25360 2.3333320000055512e-06 5.962839741046365e-07
25370 1.666666000005551e-06 6.666659999978244e-07
25380 2.000000000005551e-06 5.577725542006876e-07
25390 1.666668000005551e-06 4.714040493838584e-07
25400 1.3333340000111022e-06 5.577730322908045e-07
25410 1.0000020000055513e-06 3.6514910196381357e-07
25420 2.000002e-06 2.981412044303839e-07
25430 1.666668000005551e-06 4.714040493838584e-07
25440 1.66667e-06 0.0
25450 2e-06 5.577725542046685e-07
25460 1.666668000005551e-06 4.714040493838584e-07
25470 1.666668000005551e-06 4.714040493838584e-07
25480 1.3333340000055511e-06 5.577730322934584e-07
25490 2.000002e-06 2.9814120443038397e-07
25500 1.3333340000111022e-06 5.577730322908044e-07
25510 1.3333340000111022e-06 5.577730322908044e-07
25520 1.666666000011102e-06 6.666659999950488e-07
25530 2.000000000005551e-06 5.577725542006877e-07
25540 1.3333340000111022e-06 5.577730322908045e-07
25550 1.0000020000055513e-06 3.6514910196381357e-07
25560 2.000000000005551e-06 5.577725542006877e-07
25570 2.000000000005551e-06 5.577725542006877e-07
25580 6.666680000055511e-07 3.6514910196482715e-07
25590 6.666680000055511e-07 3.6514910196482715e-07
25600 1.666668e-06 4.7140404938778367e-07
25610 1.3333339999999999e-06 5.577730322961123e-07
25620 1.666668e-06 4.7140404938778367e-07
25630 1.666668e-06 4.7140404938778367e-07
25640 2.000002e-06 2.981412044303839e-07
25650 2.000002e-06 2.981412044303839e-07
25660 2.000000000005551e-06 5.577725542006876e-07
25670 1.666668e-06 4.7140404938778367e-07
25680 2.6666659999999997e-06 3.6514691107662406e-07
25690 2e-06 5.577725542046685e-07
25700 2.333334e-06 3.6514691107662406e-07
25710 1.3333339999999999e-06 5.577730322961123e-07
25720 1.0000020000055513e-06 3.6514910196381357e-07
25730 6.666680000111022e-07 3.651491019628001e-07
25740 1.3333339999999999e-06 5.577730322961123e-07
25750 1.333332000011102e-06 7.302960130394242e-07
25760 2.333334e-06 3.6514691107662406e-07
25770 1.000000000005551e-06 5.962844213207147e-07
25780 2.3333320000055512e-06 5.962839741046365e-07
25790 1.3333360000000002e-06 2.9814299328476596e-07
25800 2.000000000005551e-06 5.577725542006877e-07
25810 2.333334e-06 3.6514691107662406e-07
25820 1.0000020000055513e-06 3.6514910196381357e-07
25830 1.3333340000055511e-06 5.577730322934584e-07
25840 1.3333340000055511e-06 5.577730322934584e-07
25850 2.333334e-06 3.6514691107662406e-07
25860 1.3333339999999999e-06 5.577730322961123e-07
25870 2.9999979999999996e-06 2.9814120443038387e-07
25880 1.3333360000055512e-06 2.9814299327980087e-07
25890 1.3333340000055511e-06 5.577730322934584e-07
25900 1.666668e-06 4.7140404938778367e-07
25910 2e-06 5.577725542046685e-07
25920 1.666666000005551e-06 6.666659999978244e-07
25930 1.666668e-06 4.7140404938778367e-07
25940 1.666668e-06 4.7140404938778367e-07
25950 2.3333319999999998e-06 5.962839741089811e-07
25960 1.3333340000111022e-06 5.577730322908045e-07
25970 2.000002e-06 2.9814120443038397e-07
25980 2.333334e-06 3.6514691107662406e-07
25990 2.000002e-06 2.9814120443038397e-07
26000 1.666668000005551e-06 4.714040493838584e-07
26010 1.0000020000055513e-06 3.6514910196381357e-07
26020 1.3333340000055511e-06 5.577730322934584e-07
26030 1.666666000005551e-06 6.666659999978244e-07
26040 2.000002e-06 2.9814120443038397e-07
26050 1.0000020000111023e-06 3.6514910196077315e-07
26060 1.666666000005551e-06 6.666659999978244e-07
26070 1.666666000011102e-06 6.666659999950488e-07
26080 2.000000000005551e-06 5.577725542006877e-07
26090 1.666668e-06 4.7140404938778367e-07
26100 1.0000020000055513e-06 3.6514910196381357e-07
26110 1.666668000005551e-06 4.714040493838584e-07
26120 1.3333360000000002e-06 2.9814299328476596e-07
26130 1.666668000005551e-06 4.714040493838584e-07
26140 1.3333360000055512e-06 2.9814299327980087e-07
26150 2e-06 5.577725542046685e-07
26160 2.666666e-06 3.6514691107662406e-07
26170 2.333334e-06 3.6514691107662406e-07
26180 1.666668e-06 4.7140404938778367e-07
26190 1.0000020000055513e-06 3.6514910196381357e-07
26200 2.000002e-06 2.981412044303839e-07
26210 2e-06 5.577725542046685e-07
26220 1.3333339999999999e-06 5.577730322961123e-07
26230 1.3333340000111022e-06 5.577730322908045e-07
26240 1.0000020000055513e-06 3.6514910196381357e-07
26250 1.666668e-06 4.7140404938778367e-07
26260 2.9999979999999996e-06 2.9814120443038387e-07
26270 2.333334e-06 3.6514691107662406e-07
26280 1.666666000005551e-06 6.666659999978244e-07
26290 2.000000000005551e-06 5.577725542006877e-07
26300 1.3333340000055511e-06 5.577730322934584e-07
26310 1.0000000000111022e-06 5.962844213188527e-07
26320 1.666668000005551e-06 4.714040493838584e-07
26330 2e-06 5.577725542046685e-07
26340 2.000000000005551e-06 5.577725542006876e-07
26350 1.666666000005551e-06 6.666659999978244e-07
26360 1.666668e-06 4.7140404938778367e-07
26370 2.000002e-06 2.9814120443038397e-07
26380 2e-06 5.577725542046685e-07
26390 1.3333340000055511e-06 5.577730322934584e-07
26400 1.3333340000055511e-06 5.577730322934584e-07
26410 1.666668e-06 4.7140404938778367e-07
26420 2.000000000005551e-06 5.577725542006876e-07
26430 1.0000020000055513e-06 3.6514910196381357e-07
26440 1.666668000005551e-06 4.714040493838584e-07
26450 1.0000020000055513e-06 3.6514910196381357e-07
26460 2.000002e-06 2.9814120443038397e-07
26470 1.666668e-06 4.7140404938778367e-07
26480 1.3333360000000002e-06 2.9814299328476596e-07
26490 2e-06 5.577725542046685e-07
26500 1.666666000005551e-06 6.666659999978244e-07
26510 1.666668000005551e-06 4.714040493838584e-07
26520 1.666668000005551e-06 4.714040493838584e-07
26530 1.666666000005551e-06 6.666659999978244e-07
26540 1.66667e-06 0.0
26550 1.666666000005551e-06 6.666659999978244e-07
26560 3.3333400001110226e-07 2.981429932822834e-07
26570 1.66667e-06 0.0
26580 2e-06 5.577725542046685e-07
26590 1.0000000000111022e-06 5.962844213188527e-07
26600 2.3333320000055512e-06 5.962839741046365e-07
26610 1.333332000005551e-06 7.302960130414511e-07
26620 1.3333340000055511e-06 5.577730322934584e-07
26630 2e-06 5.577725542046685e-07
26640 1.666666000005551e-06 6.666659999978243e-07
26650 1.666668e-06 4.7140404938778367e-07
26660 6.666680000055511e-07 3.6514910196482715e-07
26670 1.3333340000055511e-06 5.577730322934584e-07
26680 1.0000020000055513e-06 3.6514910196381357e-07
26690 1.66667e-06 0.0
26700 2.000002e-06 2.9814120443038397e-07
26710 1.3333340000055511e-06 5.577730322934584e-07
26720 1.666668e-06 4.7140404938778367e-07
26730 1.666666000005551e-06 6.666659999978244e-07
26740 1.3333360000055512e-06 2.9814299327980087e-07
26750 1.3333360000055512e-06 2.9814299327980087e-07
26760 1.3333360000055512e-06 2.9814299327980087e-07
26770 2.000000000005551e-06 5.577725542006876e-07
26780 3.3333400001110226e-07 2.981429932822834e-07
26790 1.66667e-06 0.0
26800 1.000000000005551e-06 5.962844213207147e-07
26810 1.3333340000055511e-06 5.577730322934584e-07
26820 1.3333360000055512e-06 2.9814299327980087e-07
26830 2.6666659999999997e-06 3.6514691107662406e-07
26840 2.333334e-06 3.6514691107662406e-07
26850 2.333334e-06 3.6514691107662406e-07
26860 2e-06 5.577725542046685e-07
26870 2.333332000005551e-06 5.962839741046366e-07
26880 1.666668000005551e-06 4.714040493838584e-07
26890 1.3333340000055511e-06 5.577730322934584e-07
26900 2.000000000005551e-06 5.577725542006877e-07
26910 2.333334e-06 3.65146911076624e-07
26920 2.000002e-06 2.981412044303839e-07
26930 2.333334e-06 3.6514691107662406e-07
26940 1.665336e-17 6.0809472868361544e-18
26950 1.666668000005551e-06 4.714040493838584e-07
26960 2.3333319999999998e-06 5.962839741089811e-07
26970 1.666666000005551e-06 6.666659999978244e-07
26980 1.666668e-06 4.7140404938778367e-07
26990 2.000000000005551e-06 5.577725542006876e-07
27000 1.3333340000055511e-06 5.577730322934584e-07
27010 1.000002e-06 3.651491019668541e-07
27020 1.666668000005551e-06 4.714040493838584e-07
27030 2.000002e-06 2.981412044303839e-07
27040 1.666668000005551e-06 4.714040493838584e-07
27050 1.3333340000055511e-06 5.577730322934584e-07
27060 2.333334e-06 3.6514691107662406e-07
27070 6.666680000111022e-07 3.651491019628001e-07
27080 2.333334e-06 3.6514691107662406e-07
27090 1.3333340000055511e-06 5.577730322934584e-07
27100 1.0000020000055513e-06 3.6514910196381357e-07
27110 1.66667e-06 0.0
27120 1.666668e-06 4.7140404938778367e-07
27130 6.666680000111022e-07 3.651491019628001e-07
27140 1.666668000005551e-06 4.714040493838584e-07
27150 2.000000000005551e-06 5.577725542006876e-07
27160 2.6666659999999997e-06 3.6514691107662406e-07
27170 1.66667e-06 0.0
27180 2.000002e-06 2.9814120443038387e-07
27190 1.3333360000055512e-06 2.9814299327980087e-07
27200 2.000002e-06 2.9814120443038397e-07
27210 1.3333340000055511e-06 5.577730322934584e-07
27220 1.0000000000111022e-06 5.962844213188527e-07
27230 1.666668e-06 4.7140404938778367e-07
27240 2.000000000005551e-06 5.577725542006877e-07
27250 1.3333340000111022e-06 5.577730322908044e-07
27260 1.3333360000000002e-06 2.9814299328476596e-07
27270 1.666668000005551e-06 4.714040493838584e-07
27280 1.666668e-06 4.7140404938778367e-07
27290 1.666668e-06 4.7140404938778367e-07
27300 2.3333319999999998e-06 5.962839741089811e-07
27310 2.000002e-06 2.981412044303839e-07
27320 1.666668000005551e-06 4.714040493838584e-07
27330 1.0000020000055513e-06 3.6514910196381357e-07
27340 6.666680000055511e-07 3.6514910196482715e-07
27350 1.3333340000055511e-06 5.577730322934584e-07
27360 2.3333320000055512e-06 5.962839741046365e-07
27370 1.333332000011102e-06 7.302960130394243e-07
27380 2.333334e-06 3.6514691107662406e-07
27390 2.000002e-06 2.9814120443038397e-07
27400 1.666668e-06 4.7140404938778367e-07
27410 6.666680000055511e-07 3.6514910196482715e-07
27420 1.666668e-06 4.7140404938778367e-07
27430 1.666668e-06 4.7140404938778367e-07
27440 1.666666000005551e-06 6.666659999978244e-07
27450 2.6666659999999997e-06 3.6514691107662406e-07
27460 1.0000020000111023e-06 3.6514910196077315e-07
27470 1.666668000005551e-06 4.714040493838584e-07
27480 2e-06 5.577725542046685e-07
27490 1.666666000011102e-06 6.666659999950488e-07
27500 1.666666000005551e-06 6.666659999978244e-07
27510 1.666668000005551e-06 4.714040493838584e-07
27520 2.000002e-06 2.981412044303839e-07
27530 2.3333319999999998e-06 5.962839741089811e-07
27540 1.66667e-06 0.0
27550 2.333334e-06 3.6514691107662406e-07
27560 1.3333360000000002e-06 2.9814299328476596e-07
27570 1.666668e-06 4.7140404938778367e-07
27580 1.0000020000111023e-06 3.651491019607731e-07
27590 2.000002e-06 2.9814120443038397e-07
27600 1.666666000005551e-06 6.666659999978243e-07
27610 1.666666000005551e-06 6.666659999978244e-07
27620 1.66667e-06 0.0
27630 1.3333340000055511e-06 5.577730322934584e-07
27640 1.666668000005551e-06 4.714040493838584e-07
27650 1.3333339999999999e-06 5.577730322961123e-07
27660 1.666668000005551e-06 4.714040493838584e-07
27670 1.3333340000055511e-06 5.577730322934584e-07
27680 2.333334e-06 3.6514691107662406e-07
27690 2e-06 5.577725542046685e-07
27700 1.3333360000055512e-06 2.9814299327980087e-07
27710 1.6666659999999998e-06 6.666660000005999e-07
27720 2.9999979999999996e-06 2.9814120443038387e-07
27730 1.666668000005551e-06 4.714040493838584e-07
27740 2.9999979999999996e-06 2.9814120443038387e-07
27750 2.000002e-06 2.981412044303839e-07
27760 3.3333400001665334e-07 2.981429932810421e-07
27770 1.666668e-06 4.7140404938778367e-07
27780 6.666680000111022e-07 3.651491019628001e-07
27790 1.66667e-06 0.0
27800 1.3333340000055511e-06 5.577730322934584e-07
27810 2.333334e-06 3.6514691107662406e-07
27820 6.666680000055511e-07 3.6514910196482715e-07
27830 2e-06 5.577725542046685e-07
27840 1.0000020000055513e-06 3.6514910196381357e-07
27850 2.000002e-06 2.981412044303839e-07
27860 1.666668e-06 4.7140404938778367e-07
27870 6.666680000111022e-07 3.651491019628001e-07
27880 1.3333339999999999e-06 5.577730322961123e-07
27890 1.3333360000055512e-06 2.9814299327980087e-07
27900 1.0000000000111022e-06 5.962844213188527e-07
27910 1.666668e-06 4.7140404938778367e-07
27920 1.0000000000111022e-06 5.962844213188527e-07
27930 1.666668000005551e-06 4.714040493838584e-07
27940 1.3333360000055512e-06 2.9814299327980087e-07
27950 2.000002e-06 2.9814120443038397e-07
27960 1.0000020000055513e-06 3.6514910196381357e-07
27970 1.0000020000055513e-06 3.6514910196381357e-07
27980 1.3333339999999999e-06 5.577730322961123e-07
27990 1.3333360000000002e-06 2.9814299328476596e-07
28000 1.666668000005551e-06 4.714040493838584e-07
28010 1.9999980000111023e-06 7.302960130373971e-07
28020 2.000002e-06 2.9814120443038397e-07
28030 1.666668000005551e-06 4.714040493838584e-07
28040 1.3333360000055512e-06 2.9814299327980087e-07
28050 1.000000000005551e-06 5.962844213207146e-07
28060 1.3333360000000002e-06 2.9814299328476596e-07
28070 2e-06 5.577725542046685e-07
28080 1.0000020000055513e-06 3.6514910196381357e-07
28090 1.9999980000055513e-06 7.302960130404375e-07
28100 1.666668e-06 4.7140404938778367e-07
28110 1.0000000000111022e-06 5.962844213188527e-07
28120 1.666668000005551e-06 4.714040493838584e-07
28130 1.3333339999999999e-06 5.577730322961123e-07
28140 2.333334e-06 3.6514691107662406e-07
28150 2.333334e-06 3.6514691107662406e-07
28160 1.0000020000055513e-06 3.6514910196381357e-07
28170 2.3333319999999998e-06 5.962839741089811e-07
28180 1.666668000005551e-06 4.714040493838584e-07
28190 1.666668000005551e-06 4.714040493838584e-07
28200 1.66667e-06 0.0
28210 2e-06 5.577725542046685e-07
28220 1.666666000005551e-06 6.666659999978244e-07
28230 2.000002e-06 2.9814120443038387e-07
28240 1.66667e-06 0.0
28250 1.666668000005551e-06 4.714040493838584e-07
28260 2.000002e-06 2.981412044303839e-07
28270 1.666668e-06 4.7140404938778367e-07
28280 2.3333319999999998e-06 5.962839741089811e-07
28290 1.666668e-06 4.7140404938778367e-07
28300 2.000000000005551e-06 5.577725542006876e-07
28310 1.0000000000111022e-06 5.962844213188527e-07
28320 1.66667e-06 0.0
28330 1.000000000005551e-06 5.962844213207147e-07
28340 1.666668e-06 4.7140404938778367e-07
28350 1.666668000005551e-06 4.714040493838584e-07
28360 1.66667e-06 0.0
28370 2.000000000005551e-06 5.577725542006876e-07
28380 2.000002e-06 2.9814120443038397e-07
28390 1.3333339999999999e-06 5.577730322961123e-07
28400 1.3333360000055512e-06 2.9814299327980087e-07
28410 2e-06 5.577725542046685e-07
28420 1.3333360000000002e-06 2.9814299328476596e-07
28430 1.0000020000111023e-06 3.651491019607731e-07
28440 2.333334e-06 3.65146911076624e-07
28450 1.666668000005551e-06 4.714040493838584e-07
28460 2.000000000005551e-06 5.577725542006876e-07
28470 2.6666659999999997e-06 3.6514691107662406e-07
28480 1.666668e-06 4.7140404938778367e-07
28490 1.3333360000000002e-06 2.9814299328476596e-07
28500 2.333334e-06 3.6514691107662406e-07
28510 1.666668e-06 4.7140404938778367e-07
28520 2.000002e-06 2.9814120443038397e-07
28530 1.3333339999999999e-06 5.577730322961123e-07
28540 2.333332000005551e-06 5.962839741046366e-07
28550 1.66667e-06 0.0
28560 1.6666659999999998e-06 6.666660000005999e-07
28570 1.6666659999999998e-06 6.666660000005999e-07
28580 1.666668000005551e-06 4.714040493838584e-07
28590 1.3333340000111022e-06 5.577730322908044e-07
28600 2.333332000005551e-06 5.962839741046366e-07
28610 1.666668000005551e-06 4.714040493838584e-07
28620 1.9999980000055513e-06 7.302960130404375e-07
28630 1.3333340000055511e-06 5.577730322934584e-07
28640 2.000002e-06 2.981412044303839e-07
28650 1.3333340000055511e-06 5.577730322934584e-07
28660 1.0000020000111023e-06 3.6514910196077315e-07
28670 2.000002e-06 2.9814120443038397e-07
28680 2.000002e-06 2.9814120443038397e-07
28690 1.3333340000055511e-06 5.577730322934584e-07
28700 1.666668e-06 4.7140404938778367e-07
28710 1.666666000005551e-06 6.666659999978244e-07
28720 2.000000000005551e-06 5.577725542006876e-07
28730 6.666680000055511e-07 3.6514910196482715e-07
28740 3.3333400001110226e-07 2.981429932822834e-07
28750 6.666680000055511e-07 3.6514910196482715e-07
28760 1.666666000005551e-06 6.666659999978244e-07
28770 1.3333360000000002e-06 2.9814299328476596e-07
28780 1.0000020000111023e-06 3.6514910196077315e-07
28790 1.0000020000111023e-06 3.651491019607731e-07
28800 1.3333360000055512e-06 2.9814299327980087e-07
28810 2.000002e-06 2.981412044303839e-07
28820 1.0000020000055513e-06 3.6514910196381357e-07
28830 2.3333319999999998e-06 5.962839741089811e-07
28840 1.3333339999999999e-06 5.577730322961123e-07
28850 2.000002e-06 2.9814120443038397e-07
28860 1.0000020000055513e-06 3.6514910196381357e-07
28870 2e-06 5.577725542046685e-07
28880 1.3333340000055511e-06 5.577730322934584e-07
28890 1.666668e-06 4.7140404938778367e-07
28900 1.3333360000055512e-06 2.9814299327980087e-07
28910 6.666680000111022e-07 3.651491019628001e-07
28920 1.66667e-06 0.0
28930 1.666668e-06 4.7140404938778367e-07
28940 2e-06 5.577725542046685e-07
28950 1.3333340000055511e-06 5.577730322934584e-07
28960 1.0000020000055513e-06 3.6514910196381357e-07
28970 1.3333340000055511e-06 5.577730322934584e-07
28980 2e-06 5.577725542046685e-07
28990 1.0000000000111022e-06 5.962844213188527e-07
29000 1.3333340000055511e-06 5.577730322934584e-07
29010 2e-06 5.577725542046685e-07
29020 1.3333340000055511e-06 5.577730322934584e-07
29030 1.333332000005551e-06 7.302960130414511e-07
29040 1.3333340000111022e-06 5.577730322908045e-07
29050 2.000002e-06 2.9814120443038387e-07
29060 1.666668000005551e-06 4.714040493838584e-07
29070 1.3333360000055512e-06 2.9814299327980087e-07
29080 1.000002e-06 3.651491019668541e-07
29090 1.3333340000111022e-06 5.577730322908044e-07
29100 1.3333360000000002e-06 2.9814299328476596e-07
29110 1.66667e-06 0.0
29120 6.666660000111022e-07 5.962841977126673e-07
29130 1.666668e-06 4.7140404938778367e-07
29140 1.0000000000111022e-06 5.962844213188527e-07
29150 1.666668e-06 4.7140404938778367e-07
29160 2.000002e-06 2.981412044303839e-07
29170 1.3333340000111022e-06 5.577730322908045e-07
29180 1.66667e-06 0.0
29190 2e-06 5.577725542046685e-07
29200 1.666666000005551e-06 6.666659999978244e-07
29210 2.000002e-06 2.9814120443038397e-07
29220 1.0000020000055513e-06 3.6514910196381357e-07
29230 6.666680000111022e-07 3.651491019628001e-07
29240 1.66667e-06 0.0
29250 1.666666000005551e-06 6.666659999978244e-07
29260 1.0000020000055513e-06 3.6514910196381357e-07
29270 2.333332000005551e-06 5.962839741046366e-07
29280 1.0000020000055513e-06 3.6514910196381357e-07
29290 1.3333360000055512e-06 2.9814299327980087e-07
29300 1.3333340000111022e-06 5.577730322908044e-07
29310 1.666666000011102e-06 6.666659999950488e-07
29320 2e-06 5.577725542046685e-07
29330 1.3333360000055512e-06 2.9814299327980087e-07
29340 2.333332000005551e-06 5.962839741046366e-07
29350 2.000000000005551e-06 5.577725542006876e-07
29360 2.999998e-06 2.981412044303839e-07
29370 2.333334e-06 3.6514691107662406e-07
29380 6.666680000055511e-07 3.6514910196482715e-07
29390 1.3333339999999999e-06 5.577730322961123e-07
29400 1.666668000005551e-06 4.714040493838584e-07
29410 2.000002e-06 2.9814120443038397e-07
29420 1.666666000005551e-06 6.666659999978244e-07
29430 2.9999979999999996e-06 2.9814120443038387e-07
29440 1.666666000005551e-06 6.666659999978244e-07
29450 1.3333340000055511e-06 5.577730322934584e-07
29460 1.3333360000055512e-06 2.9814299327980087e-07
29470 2.000002e-06 2.9814120443038397e-07
29480 2.000002e-06 2.9814120443038387e-07
29490 1.666668e-06 4.7140404938778367e-07
29500 1.66667e-06 0.0
29510 2.3333319999999998e-06 5.962839741089811e-07
29520 2.333334e-06 3.6514691107662406e-07
29530 1.0000000000111022e-06 5.962844213188527e-07
29540 1.666668e-06 4.7140404938778367e-07
29550 1.3333340000055511e-06 5.577730322934584e-07
29560 2.000002e-06 2.9814120443038397e-07
29570 2.000002e-06 2.981412044303839e-07
29580 2.9999979999999996e-06 2.9814120443038387e-07
29590 2e-06 5.577725542046685e-07
29600 1.666668000005551e-06 4.714040493838584e-07
29610 1.000000000005551e-06 5.962844213207147e-07
29620 1.0000000000111022e-06 5.962844213188527e-07
29630 3.3333400001110226e-07 2.981429932822834e-07
29640 1.3333360000055512e-06 2.9814299327980087e-07
29650 2.333334e-06 3.6514691107662406e-07
29660 2.000002e-06 2.981412044303839e-07
29670 2.333332000005551e-06 5.962839741046366e-07
29680 1.6666659999999998e-06 6.666660000005999e-07
29690 2.333332e-06 5.962839741089811e-07
29700 2.000002e-06 2.9814120443038397e-07
29710 1.666666000005551e-06 6.666659999978244e-07
29720 1.666666000005551e-06 6.666659999978244e-07
29730 2.000002e-06 2.9814120443038387e-07
29740 2.000002e-06 2.981412044303839e-07
29750 2.9999979999999996e-06 2.9814120443038387e-07
29760 2.000000000005551e-06 5.577725542006876e-07
29770 6.666680000055511e-07 3.6514910196482715e-07
29780 1.0000020000055513e-06 3.6514910196381357e-07
29790 2.000002e-06 2.9814120443038387e-07
29800 1.333332000005551e-06 7.302960130414511e-07
29810 1.3333339999999999e-06 5.577730322961123e-07
29820 1.9999980000055513e-06 7.302960130404375e-07
29830 1.666668000005551e-06 4.714040493838584e-07
29840 1.666666000005551e-06 6.666659999978244e-07
29850 2.333334e-06 3.6514691107662406e-07
29860 6.666680000111022e-07 3.651491019628001e-07
29870 1.666668000005551e-06 4.714040493838584e-07
29880 3.3333300000000003e-06 1.8940232492426094e-22
29890 6.666680000111022e-07 3.651491019628001e-07
29900 1.3333360000055512e-06 2.9814299327980087e-07
29910 2.3333320000055512e-06 5.962839741046365e-07
29920 2.000000000005551e-06 5.577725542006876e-07
29930 1.666668e-06 4.7140404938778367e-07
29940 2.333334e-06 3.6514691107662406e-07
29950 2e-06 5.577725542046685e-07
29960 1.3333339999999999e-06 5.577730322961123e-07
29970 2.333334e-06 3.6514691107662406e-07
29980 1.000000000005551e-06 5.962844213207147e-07
29990 1.3333340000055511e-06 5.577730322934584e-07
30000 2.000002e-06 2.9814120443038397e-07
30010 1.3333340000055511e-06 5.577730322934584e-07
30020 1.0000020000055513e-06 3.6514910196381357e-07
30030 1.666668000005551e-06 4.714040493838584e-07
30040 1.666668e-06 4.7140404938778367e-07
30050 2.3333320000055512e-06 5.962839741046365e-07
30060 1.3333340000055511e-06 5.577730322934584e-07
30070 1.6666659999999998e-06 6.666660000005999e-07
30080 2.6666659999999997e-06 3.6514691107662406e-07
30090 1.3333340000055511e-06 5.577730322934584e-07
30100 2.000002e-06 2.981412044303839e-07
30110 1.666668e-06 4.7140404938778367e-07
30120 1.3333360000000002e-06 2.9814299328476596e-07
30130 1.3333340000055511e-06 5.577730322934584e-07
30140 1.3333340000055511e-06 5.577730322934584e-07
30150 1.3333360000000002e-06 2.9814299328476596e-07
30160 1.666668e-06 4.7140404938778367e-07
30170 1.000000000005551e-06 5.962844213207147e-07
30180 1.3333360000000002e-06 2.9814299328476596e-07
30190 1.666668e-06 4.7140404938778367e-07
30200 1.3333340000055511e-06 5.577730322934584e-07
30210 1.3333360000000002e-06 2.9814299328476596e-07
30220 1.3333360000055512e-06 2.9814299327980087e-07
30230 2.000002e-06 2.9814120443038397e-07
30240 2.000000000005551e-06 5.577725542006876e-07
30250 2.333334e-06 3.65146911076624e-07
30260 1.666668e-06 4.7140404938778367e-07
30270 1.666668000005551e-06 4.714040493838584e-07
30280 1.666668e-06 4.7140404938778367e-07
30290 2.000002e-06 2.9814120443038397e-07
30300 2.000002e-06 2.9814120443038397e-07
30310 1.3333340000055511e-06 5.577730322934584e-07
30320 1.0000020000055513e-06 3.6514910196381357e-07
30330 1.3333360000055512e-06 2.9814299327980087e-07
30340 1.666668e-06 4.7140404938778367e-07
30350 1.3333340000055511e-06 5.577730322934584e-07
30360 1.0000020000055513e-06 3.6514910196381357e-07
30370 1.3333340000055511e-06 5.577730322934584e-07
30380 2.000000000005551e-06 5.577725542006876e-07
30390 1.666668000005551e-06 4.714040493838584e-07
30400 2.333334e-06 3.6514691107662406e-07
30410 2.333334e-06 3.6514691107662406e-07
30420 2.000000000005551e-06 5.577725542006876e-07
30430 2.333334e-06 3.6514691107662406e-07
30440 1.666668000005551e-06 4.714040493838584e-07
30450 2.333334e-06 3.6514691107662406e-07
30460 2.000002e-06 2.9814120443038387e-07
30470 1.666668000005551e-06 4.714040493838584e-07
30480 1.666668e-06 4.7140404938778367e-07
30490 1.0000020000055513e-06 3.6514910196381357e-07
30500 1.666668e-06 4.7140404938778367e-07
30510 1.3333340000055511e-06 5.577730322934584e-07
30520 1.666666000005551e-06 6.666659999978244e-07
30530 1.0000020000055513e-06 3.6514910196381357e-07
30540 2.9999979999999996e-06 2.9814120443038387e-07
30550 1.666668e-06 4.7140404938778367e-07
30560 1.666666000005551e-06 6.666659999978243e-07
30570 1.3333340000055511e-06 5.577730322934584e-07
30580 1.0000020000055513e-06 3.6514910196381357e-07
30590 1.666668e-06 4.7140404938778367e-07
30600 6.666680000055511e-07 3.6514910196482715e-07
30610 1.666666000011102e-06 6.666659999950488e-07
30620 1.66667e-06 0.0
30630 1.666668000005551e-06 4.714040493838584e-07
30640 1.3333340000055511e-06 5.577730322934584e-07
30650 1.0000020000055513e-06 3.6514910196381357e-07
30660 1.666666000005551e-06 6.666659999978244e-07
30670 6.666680000111022e-07 3.651491019628001e-07
30680 1.0000020000055513e-06 3.6514910196381357e-07
30690 1.0000000000111022e-06 5.962844213188527e-07
30700 1.3333340000055511e-06 5.577730322934584e-07
30710 2.3333319999999998e-06 5.962839741089811e-07
30720 1.666666000005551e-06 6.666659999978244e-07
30730 2.333334e-06 3.6514691107662406e-07
30740 2e-06 5.577725542046685e-07
30750 1.3333339999999999e-06 5.577730322961123e-07
30760 2e-06 5.577725542046685e-07
30770 1.666668e-06 4.7140404938778367e-07
30780 1.3333340000055511e-06 5.577730322934584e-07
30790 1.3333340000055511e-06 5.577730322934584e-07
30800 1.66667e-06 0.0
30810 1.666666000005551e-06 6.666659999978244e-07
30820 2.666664e-06 5.962841977151499e-07
30830 2.333334e-06 3.6514691107662406e-07
30840 1.0000020000111023e-06 3.6514910196077315e-07
30850 3.3333400001665334e-07 2.9814299328104214e-07
30860 2.666666e-06 3.6514691107662406e-07
30870 1.3333360000000002e-06 2.9814299328476596e-07
30880 1.666666000005551e-06 6.666659999978244e-07
30890 2.333332000005551e-06 5.962839741046366e-07
30900 1.3333340000055511e-06 5.577730322934584e-07
30910 2.000002e-06 2.981412044303839e-07
30920 1.666668e-06 4.7140404938778367e-07
30930 6.666680000111022e-07 3.651491019628001e-07
30940 2.333334e-06 3.6514691107662406e-07
30950 1.666668e-06 4.7140404938778367e-07
30960 2.333332000005551e-06 5.962839741046366e-07
30970 1.3333340000111022e-06 5.577730322908045e-07
30980 1.3333339999999999e-06 5.577730322961123e-07
30990 2.000000000005551e-06 5.577725542006876e-07
31000 1.000002e-06 3.651491019668541e-07
31010 2.6666659999999997e-06 3.6514691107662406e-07
31020 1.0000000000166533e-06 5.962844213169908e-07
31030 2.000000000005551e-06 5.577725542006877e-07
31040 1.666668000005551e-06 4.714040493838584e-07
31050 2.3333320000055512e-06 5.962839741046365e-07
31060 1.666668000005551e-06 4.714040493838584e-07
31070 1.3333340000055511e-06 5.577730322934584e-07
31080 1.3333360000000002e-06 2.9814299328476596e-07
31090 1.666668000005551e-06 4.714040493838584e-07
31100 1.0000000000166533e-06 5.962844213169908e-07
31110 1.666668e-06 4.7140404938778367e-07
31120 2.000000000005551e-06 5.577725542006876e-07
31130 1.3333360000055512e-06 2.9814299327980087e-07
31140 1.000000000005551e-06 5.962844213207147e-07
31150 1.3333360000055512e-06 2.9814299327980087e-07
31160 1.3333360000000002e-06 2.9814299328476596e-07
31170 2.999998e-06 2.9814120443038387e-07
31180 1.666666000005551e-06 6.666659999978244e-07
31190 2e-06 5.577725542046685e-07
31200 1.666666000005551e-06 6.666659999978244e-07
31210 1.0000020000111023e-06 3.6514910196077315e-07
31220 1.0000020000055513e-06 3.6514910196381357e-07
31230 1.666668000005551e-06 4.714040493838584e-07
31240 2.333334e-06 3.6514691107662406e-07
31250 1.666666000005551e-06 6.666659999978244e-07
31260 2.000002e-06 2.981412044303839e-07
31270 1.3333360000000002e-06 2.9814299328476596e-07
31280 1.3333340000055511e-06 5.577730322934584e-07
31290 1.3333340000111022e-06 5.577730322908044e-07
31300 1.666668000005551e-06 4.714040493838584e-07
31310 1.666666000011102e-06 6.666659999950488e-07
31320 2.333332000005551e-06 5.962839741046366e-07
31330 1.666668000005551e-06 4.714040493838584e-07
31340 1.666668000005551e-06 4.714040493838584e-07
31350 2.000002e-06 2.9814120443038397e-07
31360 1.3333360000055512e-06 2.9814299327980087e-07
31370 1.666668e-06 4.7140404938778367e-07
31380 6.666680000055511e-07 3.6514910196482715e-07
31390 1.666668000005551e-06 4.714040493838584e-07
31400 2.333332000005551e-06 5.962839741046366e-07
31410 1.3333360000000002e-06 2.9814299328476596e-07
31420 1.0000020000055513e-06 3.6514910196381357e-07
31430 2.000002e-06 2.9814120443038397e-07
31440 1.66667e-06 0.0
31450 1.0000000000111022e-06 5.962844213188527e-07
31460 1.6666659999999998e-06 6.666660000005999e-07
31470 1.666668e-06 4.7140404938778367e-07
31480 3.3333300000000003e-06 1.8940232492426094e-22
31490 2.333334e-06 3.6514691107662406e-07
31500 1.3333340000055511e-06 5.577730322934584e-07
31510 1.0000020000055513e-06 3.6514910196381357e-07
31520 6.666660000111022e-07 5.962841977126673e-07
31530 1.666668000005551e-06 4.714040493838584e-07
31540 2.000000000005551e-06 5.577725542006876e-07
31550 1.666668000005551e-06 4.714040493838584e-07
31560 6.666680000111022e-07 3.651491019628001e-07
31570 2.000000000005551e-06 5.577725542006876e-07
31580 1.666668000005551e-06 4.714040493838584e-07
31590 1.000000000005551e-06 5.962844213207147e-07
31600 2.6666659999999997e-06 3.6514691107662406e-07
31610 1.0000000000111022e-06 5.962844213188527e-07
31620 2.333334e-06 3.6514691107662406e-07
31630 1.666666000005551e-06 6.666659999978244e-07
31640 1.3333360000000002e-06 2.9814299328476596e-07
31650 1.3333360000000002e-06 2.9814299328476596e-07
31660 1.66667e-06 0.0
31670 2e-06 5.577725542046685e-07
31680 2.000000000005551e-06 5.577725542006876e-07
31690 1.666668000005551e-06 4.714040493838584e-07
31700 1.0000020000055513e-06 3.6514910196381357e-07
31710 2.333334e-06 3.6514691107662406e-07
31720 1.3333340000055511e-06 5.577730322934584e-07
31730 2.000002e-06 2.981412044303839e-07
31740 2.6666659999999997e-06 3.6514691107662406e-07
31750 2.000002e-06 2.981412044303839e-07
31760 1.000002e-06 3.651491019668541e-07
31770 2.6666659999999997e-06 3.6514691107662406e-07
31780 2e-06 5.577725542046685e-07
31790 1.3333360000000002e-06 2.9814299328476596e-07
31800 1.3333340000055511e-06 5.577730322934584e-07
31810 1.666668000005551e-06 4.714040493838584e-07
31820 1.3333340000055511e-06 5.577730322934584e-07
31830 1.3333360000055512e-06 2.9814299327980087e-07
31840 1.3333340000111022e-06 5.577730322908045e-07
31850 1.0000020000055513e-06 3.6514910196381357e-07
31860 1.0000000000111022e-06 5.962844213188527e-07
31870 1.0000020000111023e-06 3.651491019607731e-07
31880 2.333334e-06 3.6514691107662406e-07
31890 1.333332000005551e-06 7.302960130414511e-07
31900 1.666668e-06 4.7140404938778367e-07
31910 1.666668000005551e-06 4.714040493838584e-07
31920 6.666680000111022e-07 3.651491019628001e-07
31930 2.000000000005551e-06 5.577725542006876e-07
31940 1.3333340000111022e-06 5.577730322908045e-07
31950 1.3333340000055511e-06 5.577730322934584e-07
31960 2.000002e-06 2.9814120443038397e-07
31970 2.000000000005551e-06 5.577725542006876e-07
31980 2.999998e-06 2.981412044303839e-07
31990 1.666668e-06 4.7140404938778367e-07
32000 1.3333340000055511e-06 5.577730322934584e-07
32010 2.6666659999999997e-06 3.6514691107662406e-07
32020 2e-06 5.577725542046685e-07
32030 2e-06 5.577725542046685e-07
32040 1.000000000005551e-06 5.962844213207146e-07
32050 1.666666000005551e-06 6.666659999978244e-07
32060 2.000002e-06 2.981412044303839e-07
32070 2.3333319999999998e-06 5.962839741089811e-07
32080 1.000002e-06 3.651491019668541e-07
32090 2.000002e-06 2.9814120443038387e-07
32100 2e-06 5.577725542046685e-07
32110 1.000002e-06 3.651491019668541e-07
32120 1.3333340000055511e-06 5.577730322934584e-07
32130 2.000002e-06 2.9814120443038397e-07
32140 1.666666000005551e-06 6.666659999978243e-07
32150 1.0000020000111023e-06 3.6514910196077315e-07
32160 2.000002e-06 2.9814120443038387e-07
32170 1.3333360000055512e-06 2.9814299327980087e-07
32180 1.666668e-06 4.7140404938778367e-07
32190 2e-06 5.577725542046685e-07
32200 2.000002e-06 2.9814120443038397e-07
32210 1.666668e-06 4.7140404938778367e-07
32220 2e-06 5.577725542046685e-07
32230 1.3333340000055511e-06 5.577730322934584e-07
32240 6.666680000111022e-07 3.651491019628001e-07
32250 6.666660000111022e-07 5.962841977126673e-07
32260 1.333332000011102e-06 7.302960130394242e-07
32270 2.000000000005551e-06 5.577725542006876e-07
32280 6.666680000111022e-07 3.651491019628001e-07
32290 2.000000000005551e-06 5.577725542006877e-07
32300 1.0000020000055513e-06 3.6514910196381357e-07
32310 1.3333340000055511e-06 5.577730322934584e-07
32320 1.333332000011102e-06 7.302960130394243e-07
32330 2.000002e-06 2.9814120443038397e-07
32340 2.333334e-06 3.6514691107662406e-07
32350 1.666668000005551e-06 4.714040493838584e-07
32360 2.3333319999999998e-06 5.962839741089811e-07
32370 1.666666000005551e-06 6.666659999978244e-07
32380 1.666666000011102e-06 6.666659999950488e-07
32390 1.666668000005551e-06 4.714040493838584e-07
32400 2.333332e-06 5.962839741089811e-07
32410 1.666666000011102e-06 6.666659999950488e-07
32420 2.333332e-06 5.962839741089811e-07
32430 2.333334e-06 3.6514691107662406e-07
32440 1.3333340000055511e-06 5.577730322934584e-07
32450 1.666666000005551e-06 6.666659999978243e-07
32460 1.0000020000055513e-06 3.6514910196381357e-07
32470 1.3333340000111022e-06 5.577730322908045e-07
32480 1.666668e-06 4.7140404938778367e-07
32490 1.000000000005551e-06 5.962844213207147e-07
32500 1.0000000000111022e-06 5.962844213188527e-07
32510 1.666666000011102e-06 6.666659999950488e-07
32520 2.3333319999999998e-06 5.962839741089811e-07
32530 1.3333340000111022e-06 5.577730322908045e-07
32540 1.3333340000055511e-06 5.577730322934584e-07
32550 1.666668e-06 4.7140404938778367e-07
32560 1.666666000005551e-06 6.666659999978244e-07
32570 2.6666659999999997e-06 3.6514691107662406e-07
32580 2.333334e-06 3.6514691107662406e-07
32590 1.666666000005551e-06 6.666659999978244e-07
32600 1.0000020000055513e-06 3.6514910196381357e-07
32610 1.666668000005551e-06 4.714040493838584e-07
32620 1.666668000005551e-06 4.714040493838584e-07
32630 1.666668000005551e-06 4.714040493838584e-07
32640 2.333332000005551e-06 5.962839741046366e-07
32650 2.000000000005551e-06 5.577725542006877e-07
32660 1.999998e-06 7.302960130434781e-07
32670 2.333334e-06 3.6514691107662406e-07
32680 2.333334e-06 3.6514691107662406e-07
32690 1.666668e-06 4.7140404938778367e-07
32700 1.3333360000055512e-06 2.9814299327980087e-07
32710 1.666668000005551e-06 4.714040493838584e-07
32720 1.666668e-06 4.7140404938778367e-07
32730 1.3333360000055512e-06 2.9814299327980087e-07
32740 1.66667e-06 0.0
32750 1.66667e-06 0.0
32760 6.666680000055511e-07 3.6514910196482715e-07
32770 1.3333339999999999e-06 5.577730322961123e-07
32780 2.3333319999999998e-06 5.962839741089811e-07
32790 1.0000020000055513e-06 3.6514910196381357e-07
32800 1.3333340000055511e-06 5.577730322934584e-07
32810 1.66667e-06 0.0
32820 1.666668e-06 4.7140404938778367e-07
32830 1.666668000005551e-06 4.714040493838584e-07
32840 2e-06 5.577725542046685e-07
32850 1.666668000005551e-06 4.714040493838584e-07
32860 1.3333360000000002e-06 2.9814299328476596e-07
32870 1.66667e-06 0.0
32880 2.6666659999999997e-06 3.6514691107662406e-07
32890 6.666680000111022e-07 3.651491019628001e-07
32900 1.3333360000000002e-06 2.9814299328476596e-07
32910 1.3333320000166533e-06 7.302960130373971e-07
32920 1.3333360000055512e-06 2.9814299327980087e-07
32930 1.3333360000000002e-06 2.9814299328476596e-07
32940 2.000002e-06 2.9814120443038397e-07
32950 2e-06 5.577725542046685e-07
32960 1.666668000005551e-06 4.714040493838584e-07
32970 1.66667e-06 0.0
32980 2.333334e-06 3.6514691107662406e-07
32990 1.666668000005551e-06 4.714040493838584e-07
33000 2e-06 5.577725542046685e-07
33010 1.666668e-06 4.7140404938778367e-07
33020 2.333334e-06 3.6514691107662406e-07
33030 1.3333360000000002e-06 2.9814299328476596e-07
33040 2.333334e-06 3.6514691107662406e-07
33050 1.6666659999999998e-06 6.666660000005999e-07
33060 1.0000020000055513e-06 3.6514910196381357e-07
33070 1.3333340000111022e-06 5.577730322908045e-07
33080 6.666680000111022e-07 3.651491019628001e-07
33090 1.666668e-06 4.7140404938778367e-07
33100 1.000002e-06 3.651491019668541e-07
33110 2e-06 5.577725542046685e-07
33120 1.666668e-06 4.7140404938778367e-07
33130 1.0000020000111023e-06 3.6514910196077315e-07
33140 1.3333339999999999e-06 5.577730322961123e-07
33150 1.666668000005551e-06 4.714040493838584e-07
33160 2.000000000005551e-06 5.577725542006877e-07
33170 1.666666000005551e-06 6.666659999978244e-07
33180 1.666666000005551e-06 6.666659999978244e-07
33190 2.333334e-06 3.6514691107662406e-07
33200 1.3333360000055512e-06 2.9814299327980087e-07
33210 1.0000020000055513e-06 3.6514910196381357e-07
33220 1.000002e-06 3.651491019668541e-07
33230 1.666666000011102e-06 6.666659999950488e-07
33240 2.3333319999999998e-06 5.962839741089811e-07
33250 1.666666000005551e-06 6.666659999978243e-07
33260 1.3333360000055512e-06 2.9814299327980087e-07
33270 1.0000020000111023e-06 3.651491019607731e-07
33280 1.666668e-06 4.7140404938778367e-07
33290 1.3333340000055511e-06 5.577730322934584e-07
33300 2e-06 5.577725542046685e-07
33310 2e-06 5.577725542046685e-07
33320 2.333334e-06 3.6514691107662406e-07
33330 2.333334e-06 3.65146911076624e-07
33340 1.666668000005551e-06 4.714040493838584e-07
33350 1.000002e-06 3.651491019668541e-07
33360 1.3333360000000002e-06 2.9814299328476596e-07
33370 1.3333360000055512e-06 2.9814299327980087e-07
33380 2.333332000005551e-06 5.962839741046366e-07
33390 1.0000020000055513e-06 3.6514910196381357e-07
33400 2.000000000005551e-06 5.577725542006877e-07
33410 1.666668000005551e-06 4.714040493838584e-07
33420 2.333334e-06 3.6514691107662406e-07
33430 2.333334e-06 3.6514691107662406e-07
33440 1.999998e-06 7.302960130434781e-07
33450 1.666668e-06 4.7140404938778367e-07
33460 1.000000000005551e-06 5.962844213207147e-07
33470 2.000000000005551e-06 5.577725542006876e-07
33480 1.3333340000111022e-06 5.577730322908044e-07
33490 1.666666000005551e-06 6.666659999978244e-07
33500 1.666668000005551e-06 4.714040493838584e-07
33510 1.666668000005551e-06 4.714040493838584e-07
33520 1.3333340000111022e-06 5.577730322908044e-07
33530 1.666668000005551e-06 4.714040493838584e-07
33540 1.3333340000055511e-06 5.577730322934584e-07
33550 1.3333340000111022e-06 5.577730322908044e-07
33560 1.0000020000055513e-06 3.6514910196381357e-07
33570 2.000002e-06 2.9814120443038397e-07
33580 2.000000000005551e-06 5.577725542006877e-07
33590 1.0000000000111022e-06 5.962844213188527e-07
33600 1.0000020000111023e-06 3.651491019607731e-07
33610 1.3333340000055511e-06 5.577730322934584e-07
33620 1.3333360000055512e-06 2.9814299327980087e-07
33630 2.3333319999999998e-06 5.962839741089811e-07
33640 2e-06 5.577725542046685e-07
33650 1.0000020000111023e-06 3.651491019607731e-07
33660 2.000000000005551e-06 5.577725542006877e-07
33670 2.000000000005551e-06 5.577725542006876e-07
33680 1.666668000005551e-06 4.714040493838584e-07
33690 1.666668e-06 4.7140404938778367e-07
33700 1.3333340000055511e-06 5.577730322934584e-07
33710 1.3333360000000002e-06 2.9814299328476596e-07
33720 1.3333340000111022e-06 5.577730322908044e-07
33730 1.666668e-06 4.7140404938778367e-07
33740 1.3333340000055511e-06 5.577730322934584e-07
33750 2.333334e-06 3.6514691107662406e-07
33760 2.9999979999999996e-06 2.9814120443038387e-07
33770 3.3333400001110226e-07 2.981429932822834e-07
33780 1.66667e-06 0.0
33790 2.666666e-06 3.6514691107662406e-07
33800 1.0000020000055513e-06 3.6514910196381357e-07
33810 1.3333360000000002e-06 2.9814299328476596e-07
33820 1.0000000000111022e-06 5.962844213188527e-07
33830 1.0000020000055513e-06 3.6514910196381357e-07
33840 1.3333339999999999e-06 5.577730322961123e-07
33850 1.666668e-06 4.7140404938778367e-07
33860 2.000002e-06 2.981412044303839e-07
33870 1.0000020000055513e-06 3.6514910196381357e-07
33880 2.333334e-06 3.6514691107662406e-07
33890 1.666668e-06 4.7140404938778367e-07
33900 2.666666e-06 3.6514691107662406e-07
33910 1.3333360000055512e-06 2.9814299327980087e-07
33920 2.000002e-06 2.9814120443038387e-07
33930 2.000000000005551e-06 5.577725542006876e-07
33940 2.333334e-06 3.6514691107662406e-07
33950 1.666666000005551e-06 6.666659999978244e-07
33960 1.0000020000055513e-06 3.6514910196381357e-07
33970 1.666668e-06 4.7140404938778367e-07
33980 1.000000000005551e-06 5.962844213207147e-07
33990 1.3333339999999999e-06 5.577730322961123e-07
34000 1.0000000000111022e-06 5.962844213188527e-07
34010 2e-06 5.577725542046685e-07
34020 2e-06 5.577725542046685e-07
34030 1.0000020000111023e-06 3.6514910196077315e-07
34040 1.0000000000111022e-06 5.962844213188527e-07
34050 1.0000020000055513e-06 3.6514910196381357e-07
34060 1.6666659999999998e-06 6.666660000005999e-07
34070 3.3333400001110226e-07 2.981429932822834e-07
34080 2e-06 5.577725542046685e-07
34090 1.3333360000000002e-06 2.9814299328476596e-07
34100 1.666668000005551e-06 4.714040493838584e-07
34110 6.666680000055511e-07 3.6514910196482715e-07
34120 6.666680000111022e-07 3.651491019628001e-07
34130 1.3333340000055511e-06 5.577730322934584e-07
34140 2.666664000005551e-06 5.962841977101848e-07
34150 3.3333400001110226e-07 2.981429932822834e-07
34160 1.0000020000055513e-06 3.6514910196381357e-07
34170 1.333332000011102e-06 7.302960130394243e-07
34180 1.0000000000111022e-06 5.962844213188527e-07
34190 2.000002e-06 2.9814120443038397e-07
34200 1.3333360000000002e-06 2.9814299328476596e-07
34210 6.666680000055511e-07 3.6514910196482715e-07
34220 1.3333360000000002e-06 2.9814299328476596e-07
34230 1.666666000005551e-06 6.666659999978244e-07
34240 1.9999980000055513e-06 7.302960130404375e-07
34250 1.000000000005551e-06 5.962844213207147e-07
34260 2.000002e-06 2.9814120443038397e-07
34270 1.666666000011102e-06 6.666659999950488e-07
34280 2.000002e-06 2.9814120443038397e-07
34290 2e-06 5.577725542046685e-07
34300 1.9999980000111023e-06 7.302960130373971e-07
34310 1.3333340000111022e-06 5.577730322908044e-07
34320 2.000000000005551e-06 5.577725542006876e-07
34330 2.000002e-06 2.9814120443038397e-07
34340 1.666666000005551e-06 6.666659999978244e-07
34350 2.6666659999999997e-06 3.6514691107662406e-07
34360 1.3333340000055511e-06 5.577730322934584e-07
34370 2.333332000005551e-06 5.962839741046366e-07
34380 2e-06 5.577725542046685e-07
34390 3.3333400001665334e-07 2.9814299328104214e-07
34400 1.3333360000055512e-06 2.9814299327980087e-07
34410 6.666680000055511e-07 3.6514910196482715e-07
34420 1.666666000005551e-06 6.666659999978244e-07
34430 1.3333340000055511e-06 5.577730322934584e-07
34440 1.666668e-06 4.7140404938778367e-07
34450 1.3333339999999999e-06 5.577730322961123e-07
34460 1.3333340000111022e-06 5.577730322908044e-07
34470 2e-06 5.577725542046685e-07
34480 1.666668e-06 4.7140404938778367e-07
34490 2.3333319999999998e-06 5.962839741089811e-07
34500 1.666668e-06 4.7140404938778367e-07
34510 1.0000020000055513e-06 3.6514910196381357e-07
34520 2.333334e-06 3.6514691107662406e-07
34530 1.66667e-06 0.0
34540 1.666666000005551e-06 6.666659999978244e-07
34550 1.333332000011102e-06 7.302960130394243e-07
34560 1.0000020000055513e-06 3.6514910196381357e-07
34570 2.333334e-06 3.6514691107662406e-07
34580 6.666680000055511e-07 3.6514910196482715e-07
34590 2.000002e-06 2.9814120443038397e-07
34600 1.665336e-17 6.0809472868361544e-18
34610 2.333334e-06 3.6514691107662406e-07
34620 1.3333360000055512e-06 2.9814299327980087e-07
34630 1.0000020000055513e-06 3.6514910196381357e-07
34640 1.3333339999999999e-06 5.577730322961123e-07
34650 1.3333360000055512e-06 2.9814299327980087e-07
34660 6.666680000111022e-07 3.651491019628001e-07
34670 1.3333340000111022e-06 5.577730322908045e-07
34680 1.000000000005551e-06 5.962844213207146e-07
34690 1.0000020000055513e-06 3.6514910196381357e-07
34700 1.0000000000111022e-06 5.962844213188527e-07
34710 2.666664000005551e-06 5.962841977101848e-07
34720 2.333334e-06 3.65146911076624e-07
34730 2.333334e-06 3.6514691107662406e-07
34740 2.333334e-06 3.6514691107662406e-07
34750 2.3333319999999998e-06 5.962839741089811e-07
34760 2.000000000005551e-06 5.577725542006876e-07
34770 6.666680000111022e-07 3.651491019628001e-07
34780 1.666668e-06 4.7140404938778367e-07
34790 1.3333340000055511e-06 5.577730322934584e-07
34800 1.666668000005551e-06 4.714040493838584e-07
34810 2.000002e-06 2.9814120443038387e-07
34820 2e-06 5.577725542046685e-07
34830 1.666668000005551e-06 4.714040493838584e-07
34840 1.66667e-06 0.0
34850 1.0000020000111023e-06 3.6514910196077315e-07
34860 2e-06 5.577725542046685e-07
34870 1.3333340000055511e-06 5.577730322934584e-07
34880 2.000000000005551e-06 5.577725542006876e-07
34890 1.666666000011102e-06 6.666659999950488e-07
34900 1.666668e-06 4.7140404938778367e-07
34910 2.6666659999999997e-06 3.6514691107662406e-07
34920 1.3333340000055511e-06 5.577730322934584e-07
34930 1.9999980000055513e-06 7.302960130404375e-07
34940 1.666668000005551e-06 4.714040493838584e-07
34950 2.000002e-06 2.981412044303839e-07
34960 2.3333320000055512e-06 5.962839741046365e-07
34970 1.3333360000000002e-06 2.9814299328476596e-07
34980 1.666668e-06 4.7140404938778367e-07
34990 1.0000000000111022e-06 5.962844213188527e-07
35000 2e-06 5.577725542046685e-07
35010 1.3333360000055512e-06 2.9814299327980087e-07
35020 1.0000020000055513e-06 3.6514910196381357e-07
35030 1.3333340000111022e-06 5.577730322908045e-07
35040 1.666668000005551e-06 4.714040493838584e-07
35050 1.666668000005551e-06 4.714040493838584e-07
35060 2.333332000005551e-06 5.962839741046366e-07
35070 1.9999980000055513e-06 7.302960130404375e-07
35080 1.3333340000055511e-06 5.577730322934584e-07
35090 1.666668000005551e-06 4.714040493838584e-07
35100 2.000002e-06 2.9814120443038397e-07
35110 1.666668e-06 4.7140404938778367e-07
35120 2.6666659999999997e-06 3.6514691107662406e-07
35130 1.666668000005551e-06 4.714040493838584e-07
35140 1.0000020000055513e-06 3.6514910196381357e-07
35150 1.666668000005551e-06 4.714040493838584e-07
35160 1.666668e-06 4.7140404938778367e-07
35170 2e-06 5.577725542046685e-07
35180 1.666668000005551e-06 4.714040493838584e-07
35190 2.000002e-06 2.9814120443038397e-07
35200 1.3333339999999999e-06 5.577730322961123e-07
35210 2.000002e-06 2.9814120443038397e-07
35220 1.666668e-06 4.7140404938778367e-07
35230 1.66667e-06 0.0
35240 1.66667e-06 0.0
35250 2.000002e-06 2.9814120443038397e-07
35260 1.666668e-06 4.7140404938778367e-07
35270 6.666680000111022e-07 3.651491019628001e-07
35280 2.000000000005551e-06 5.577725542006876e-07
35290 2.000000000005551e-06 5.577725542006877e-07
35300 1.3333340000055511e-06 5.577730322934584e-07
35310 1.0000020000111023e-06 3.651491019607731e-07
35320 6.666680000111022e-07 3.651491019628001e-07
35330 1.66667e-06 0.0
35340 1.666666000011102e-06 6.666659999950488e-07
35350 2.3333319999999998e-06 5.962839741089811e-07
35360 2.000000000005551e-06 5.577725542006876e-07
35370 2.333334e-06 3.6514691107662406e-07
35380 2e-06 5.577725542046685e-07
35390 2.000002e-06 2.9814120443038397e-07
35400 1.3333340000055511e-06 5.577730322934584e-07
35410 1.000002e-06 3.651491019668541e-07
35420 1.6666659999999998e-06 6.666660000005999e-07
35430 2.000002e-06 2.981412044303839e-07
35440 1.3333360000000002e-06 2.9814299328476596e-07
35450 2.666666e-06 3.6514691107662406e-07
35460 2.333334e-06 3.6514691107662406e-07
35470 1.3333340000055511e-06 5.577730322934584e-07
35480 1.3333340000111022e-06 5.577730322908045e-07
35490 1.3333360000055512e-06 2.9814299327980087e-07
35500 2.666664000005551e-06 5.962841977101848e-07
35510 1.0000000000111022e-06 5.962844213188527e-07
35520 6.666660000111022e-07 5.962841977126673e-07
35530 1.3333340000111022e-06 5.577730322908044e-07
35540 2.333334e-06 3.6514691107662406e-07
35550 6.666680000055511e-07 3.6514910196482715e-07
35560 1.66667e-06 0.0
35570 1.0000020000055513e-06 3.6514910196381357e-07
35580 2.333334e-06 3.6514691107662406e-07
35590 1.666668e-06 4.7140404938778367e-07
35600 1.3333340000055511e-06 5.577730322934584e-07
35610 1.3333339999999999e-06 5.577730322961123e-07
35620 1.666666000011102e-06 6.666659999950488e-07
35630 2.000002e-06 2.981412044303839e-07
35640 1.0000020000111023e-06 3.6514910196077315e-07
35650 2.000000000005551e-06 5.577725542006876e-07
35660 1.3333360000055512e-06 2.9814299327980087e-07
35670 1.0000020000055513e-06 3.6514910196381357e-07
35680 1.0000020000111023e-06 3.6514910196077315e-07
35690 1.666666000005551e-06 6.666659999978244e-07
35700 1.66667e-06 0.0
35710 1.0000020000055513e-06 3.6514910196381357e-07
35720 1.666668e-06 4.7140404938778367e-07
35730 1.666668000005551e-06 4.714040493838584e-07
35740 1.0000000000111022e-06 5.962844213188527e-07
35750 1.3333340000055511e-06 5.577730322934584e-07
35760 1.0000020000055513e-06 3.6514910196381357e-07
35770 1.3333360000055512e-06 2.9814299327980087e-07
35780 1.3333340000055511e-06 5.577730322934584e-07
35790 6.666680000055511e-07 3.6514910196482715e-07
35800 1.666668000005551e-06 4.714040493838584e-07
35810 1.66667e-06 0.0
35820 1.3333340000111022e-06 5.577730322908045e-07
35830 1.666666000011102e-06 6.666659999950488e-07
35840 1.3333340000055511e-06 5.577730322934584e-07
35850 2.333334e-06 3.6514691107662406e-07
35860 6.666680000055511e-07 3.6514910196482715e-07
35870 2e-06 5.577725542046685e-07
35880 1.3333360000055512e-06 2.9814299327980087e-07
35890 1.3333340000055511e-06 5.577730322934584e-07
35900 2.333332000005551e-06 5.962839741046366e-07
35910 1.666668000005551e-06 4.714040493838584e-07
35920 2e-06 5.577725542046685e-07
35930 1.3333360000000002e-06 2.9814299328476596e-07
35940 2.6666659999999997e-06 3.6514691107662406e-07
35950 1.666668000005551e-06 4.714040493838584e-07
35960 1.3333360000055512e-06 2.9814299327980087e-07
35970 1.666666000005551e-06 6.666659999978244e-07
35980 1.3333360000000002e-06 2.9814299328476596e-07
35990 1.0000020000055513e-06 3.6514910196381357e-07
36000 6.666680000111022e-07 3.651491019628001e-07
36010 6.666660000166533e-07 5.962841977114261e-07
36020 6.666660000111022e-07 5.962841977126673e-07
36030 6.666680000111022e-07 3.651491019628001e-07
36040 1.666668000005551e-06 4.714040493838584e-07
36050 1.666668000005551e-06 4.714040493838584e-07
36060 1.000000000005551e-06 5.962844213207147e-07
36070 1.000002e-06 3.651491019668541e-07
36080 1.666666000005551e-06 6.666659999978244e-07
36090 2.000000000005551e-06 5.577725542006877e-07
36100 1.0000000000111022e-06 5.962844213188527e-07
36110 1.666668000005551e-06 4.714040493838584e-07
36120 6.666680000111022e-07 3.651491019628001e-07
36130 6.666660000166533e-07 5.962841977114261e-07
36140 2e-06 5.577725542046685e-07
36150 3.3333400001110226e-07 2.981429932822834e-07
36160 1.0000020000055513e-06 3.6514910196381357e-07
36170 2.333334e-06 3.6514691107662406e-07
36180 2.6666659999999997e-06 3.6514691107662406e-07
36190 2.6666659999999997e-06 3.6514691107662406e-07
36200 1.666666000005551e-06 6.666659999978244e-07
36210 1.3333339999999999e-06 5.577730322961123e-07
36220 1.666668e-06 4.7140404938778367e-07
36230 1.3333360000055512e-06 2.9814299327980087e-07
36240 1.3333340000111022e-06 5.577730322908044e-07
36250 2.333332e-06 5.962839741089811e-07
36260 1.0000020000111023e-06 3.6514910196077315e-07
36270 1.3333339999999999e-06 5.577730322961123e-07
36280 2.333334e-06 3.6514691107662406e-07
36290 2.000000000005551e-06 5.577725542006877e-07
36300 2.000000000005551e-06 5.577725542006876e-07
36310 1.3333340000055511e-06 5.577730322934584e-07
36320 1.333332000011102e-06 7.302960130394242e-07
36330 1.3333339999999999e-06 5.577730322961123e-07
36340 1.3333360000000002e-06 2.9814299328476596e-07
36350 2.000000000005551e-06 5.577725542006876e-07
36360 6.666680000111022e-07 3.651491019628001e-07
36370 3.3333400001110226e-07 2.981429932822834e-07
36380 1.666668000005551e-06 4.714040493838584e-07
36390 1.3333360000055512e-06 2.9814299327980087e-07
36400 1.666668e-06 4.7140404938778367e-07
36410 1.666668e-06 4.7140404938778367e-07
36420 1.66667e-06 0.0
36430 1.666668000005551e-06 4.714040493838584e-07
36440 1.0000020000055513e-06 3.6514910196381357e-07
36450 1.3333360000000002e-06 2.9814299328476596e-07
36460 1.3333360000055512e-06 2.9814299327980087e-07
36470 2.000002e-06 2.9814120443038387e-07
36480 1.666666000011102e-06 6.666659999950488e-07
36490 2.000002e-06 2.9814120443038397e-07
36500 2e-06 5.577725542046685e-07
36510 1.666666000005551e-06 6.666659999978244e-07
36520 1.0000020000111023e-06 3.651491019607731e-07
36530 1.3333360000000002e-06 2.9814299328476596e-07
36540 1.000000000005551e-06 5.962844213207147e-07
36550 2.3333319999999998e-06 5.962839741089811e-07
36560 2.000002e-06 2.9814120443038397e-07
36570 1.6666659999999998e-06 6.666660000005999e-07
36580 1.666668e-06 4.7140404938778367e-07
36590 2.000002e-06 2.9814120443038387e-07
36600 1.3333340000055511e-06 5.577730322934584e-07
36610 1.66667e-06 0.0
36620 1.3333360000055512e-06 2.9814299327980087e-07
36630 2.000002e-06 2.9814120443038387e-07
36640 1.3333340000055511e-06 5.577730322934584e-07
36650 1.3333360000000002e-06 2.9814299328476596e-07
36660 1.666668e-06 4.7140404938778367e-07
36670 1.3333340000055511e-06 5.577730322934584e-07
36680 2.000002e-06 2.981412044303839e-07
36690 2.000002e-06 2.9814120443038387e-07
36700 2.333332000005551e-06 5.962839741046366e-07
36710 1.3333340000055511e-06 5.577730322934584e-07
36720 2e-06 5.577725542046685e-07
36730 1.0000020000055513e-06 3.6514910196381357e-07
36740 2.333334e-06 3.6514691107662406e-07
36750 1.666668000005551e-06 4.714040493838584e-07
36760 1.0000020000055513e-06 3.6514910196381357e-07
36770 1.9999980000111023e-06 7.302960130373971e-07
36780 2.000000000005551e-06 5.577725542006876e-07
36790 2.000000000005551e-06 5.577725542006876e-07
36800 2.000000000005551e-06 5.577725542006877e-07
36810 2.333334e-06 3.6514691107662406e-07
36820 2.000000000005551e-06 5.577725542006877e-07
36830 1.666668000005551e-06 4.714040493838584e-07
36840 2.000000000005551e-06 5.577725542006876e-07
36850 1.666668000005551e-06 4.714040493838584e-07
36860 1.0000020000111023e-06 3.6514910196077315e-07
36870 1.666668e-06 4.7140404938778367e-07
36880 1.0000020000055513e-06 3.6514910196381357e-07
36890 1.3333340000055511e-06 5.577730322934584e-07
36900 1.0000020000055513e-06 3.6514910196381357e-07
36910 1.3333340000055511e-06 5.577730322934584e-07
36920 2.333334e-06 3.65146911076624e-07
36930 2.000002e-06 2.9814120443038387e-07
36940 1.000000000005551e-06 5.962844213207147e-07
36950 2.000000000005551e-06 5.577725542006876e-07
36960 1.3333360000055512e-06 2.9814299327980087e-07
36970 1.666668000005551e-06 4.714040493838584e-07
36980 2.333332000005551e-06 5.962839741046366e-07
36990 2e-06 5.577725542046685e-07
37000 1.3333340000055511e-06 5.577730322934584e-07
37010 1.66667e-06 0.0
37020 1.0000020000055513e-06 3.6514910196381357e-07
37030 6.666680000111022e-07 3.651491019628001e-07
37040 2e-06 5.577725542046685e-07
37050 2.333334e-06 3.6514691107662406e-07
37060 1.3333360000000002e-06 2.9814299328476596e-07
37070 2e-06 5.577725542046685e-07
37080 2.000000000005551e-06 5.577725542006876e-07
37090 1.0000020000055513e-06 3.6514910196381357e-07
37100 6.666680000111022e-07 3.651491019628001e-07
37110 1.0000020000055513e-06 3.6514910196381357e-07
37120 2.333334e-06 3.6514691107662406e-07
37130 2.333334e-06 3.6514691107662406e-07
37140 6.666680000111022e-07 3.651491019628001e-07
37150 2e-06 5.577725542046685e-07
37160 6.666660000166533e-07 5.962841977114261e-07
37170 2.000000000005551e-06 5.577725542006877e-07
37180 2.000002e-06 2.981412044303839e-07
37190 1.666666000005551e-06 6.666659999978243e-07
37200 1.3333339999999999e-06 5.577730322961123e-07
37210 2.000002e-06 2.9814120443038397e-07
37220 1.3333340000055511e-06 5.577730322934584e-07
37230 1.3333340000055511e-06 5.577730322934584e-07
37240 1.3333360000055512e-06 2.9814299327980087e-07
37250 1.0000000000111022e-06 5.962844213188527e-07
37260 1.3333340000055511e-06 5.577730322934584e-07
37270 1.666668000005551e-06 4.714040493838584e-07
37280 1.0000020000055513e-06 3.6514910196381357e-07
37290 2.333332000005551e-06 5.962839741046366e-07
37300 1.666668e-06 4.7140404938778367e-07
37310 3.3333400001665334e-07 2.9814299328104214e-07
37320 1.3333340000055511e-06 5.577730322934584e-07
37330 1.0000000000166533e-06 5.962844213169908e-07
37340 1.666666000011102e-06 6.666659999950488e-07
37350 1.3333360000000002e-06 2.9814299328476596e-07
37360 1.000002e-06 3.651491019668541e-07
37370 1.66667e-06 0.0
37380 1.3333340000055511e-06 5.577730322934584e-07
37390 2.6666659999999997e-06 3.6514691107662406e-07
37400 1.3333340000055511e-06 5.577730322934584e-07
37410 2.333332000005551e-06 5.962839741046366e-07
37420 1.0000020000055513e-06 3.6514910196381357e-07
37430 1.3333360000000002e-06 2.9814299328476596e-07
37440 2.666666e-06 3.6514691107662406e-07
37450 2.000002e-06 2.9814120443038387e-07
37460 2.333334e-06 3.6514691107662406e-07
37470 1.666668000005551e-06 4.714040493838584e-07
37480 1.666666000005551e-06 6.666659999978244e-07
37490 1.0000020000055513e-06 3.6514910196381357e-07
37500 2.000002e-06 2.981412044303839e-07
37510 1.3333340000055511e-06 5.577730322934584e-07
37520 2e-06 5.577725542046685e-07
37530 1.0000020000055513e-06 3.6514910196381357e-07
37540 1.3333340000055511e-06 5.577730322934584e-07
37550 1.0000020000055513e-06 3.6514910196381357e-07
37560 2e-06 5.577725542046685e-07
37570 2.333334e-06 3.6514691107662406e-07
37580 2.6666659999999997e-06 3.6514691107662406e-07
37590 2.333332e-06 5.962839741089811e-07
37600 2e-06 5.577725542046685e-07
37610 1.666668e-06 4.7140404938778367e-07
37620 2.333334e-06 3.6514691107662406e-07
37630 1.3333340000111022e-06 5.577730322908045e-07
37640 1.000000000005551e-06 5.962844213207147e-07
37650 1.0000020000055513e-06 3.6514910196381357e-07
37660 6.666680000055511e-07 3.6514910196482715e-07
37670 2e-06 5.577725542046685e-07
37680 1.3333360000000002e-06 2.9814299328476596e-07
37690 2.6666659999999997e-06 3.6514691107662406e-07
37700 2.6666659999999997e-06 3.6514691107662406e-07
37710 1.0000020000055513e-06 3.6514910196381357e-07
37720 1.3333360000055512e-06 2.9814299327980087e-07
37730 6.666680000055511e-07 3.6514910196482715e-07
37740 1.333332000005551e-06 7.302960130414511e-07
37750 1.0000000000111022e-06 5.962844213188527e-07
37760 1.3333360000055512e-06 2.9814299327980087e-07
37770 1.3333340000111022e-06 5.577730322908044e-07
37780 2.000000000005551e-06 5.577725542006876e-07
37790 2.000002e-06 2.9814120443038397e-07
37800 1.666668e-06 4.7140404938778367e-07
37810 1.3333340000055511e-06 5.577730322934584e-07
37820 1.3333339999999999e-06 5.577730322961123e-07
37830 2e-06 5.577725542046685e-07
37840 1.666668e-06 4.7140404938778367e-07
37850 1.0000020000055513e-06 3.6514910196381357e-07
37860 2.333334e-06 3.6514691107662406e-07
37870 2.000002e-06 2.981412044303839e-07
37880 2.000000000005551e-06 5.577725542006876e-07
37890 2.000000000005551e-06 5.577725542006877e-07
37900 1.3333340000055511e-06 5.577730322934584e-07
37910 1.0000000000111022e-06 5.962844213188527e-07
37920 2.333332000005551e-06 5.962839741046366e-07
37930 2.6666659999999997e-06 3.6514691107662406e-07
37940 1.000002e-06 3.651491019668541e-07
37950 2.000000000005551e-06 5.577725542006876e-07
37960 6.666680000111022e-07 3.651491019628001e-07
37970 1.3333340000055511e-06 5.577730322934584e-07
37980 2.333334e-06 3.6514691107662406e-07
37990 2.000000000005551e-06 5.577725542006876e-07
38000 2.000002e-06 2.9814120443038397e-07
38010 1.0000000000166533e-06 5.962844213169908e-07
38020 1.666666000011102e-06 6.666659999950488e-07
38030 6.666680000111022e-07 3.651491019628001e-07
38040 1.000002e-06 3.651491019668541e-07
38050 1.666668000005551e-06 4.714040493838584e-07
38060 2.000000000005551e-06 5.577725542006877e-07
38070 2.000000000005551e-06 5.577725542006876e-07
38080 6.666680000111022e-07 3.651491019628001e-07
38090 1.666668e-06 4.7140404938778367e-07
38100 2.000000000005551e-06 5.577725542006877e-07
38110 6.666680000055511e-07 3.6514910196482715e-07
38120 2.6666659999999997e-06 3.6514691107662406e-07
38130 1.3333340000055511e-06 5.577730322934584e-07
38140 1.3333340000111022e-06 5.577730322908044e-07
38150 1.3333360000000002e-06 2.9814299328476596e-07
38160 1.0000000000111022e-06 5.962844213188527e-07
38170 1.3333340000055511e-06 5.577730322934584e-07
38180 1.0000000000166533e-06 5.962844213169908e-07
38190 2.3333319999999998e-06 5.962839741089811e-07
38200 2.000000000005551e-06 5.577725542006876e-07
38210 1.666668000005551e-06 4.714040493838584e-07
38220 1.3333339999999999e-06 5.577730322961123e-07
38230 1.0000000000111022e-06 5.962844213188527e-07
38240 1.0000020000055513e-06 3.6514910196381357e-07
38250 1.0000020000055513e-06 3.6514910196381357e-07
38260 2.333334e-06 3.65146911076624e-07
38270 2.000000000005551e-06 5.577725542006876e-07
38280 1.3333340000055511e-06 5.577730322934584e-07
38290 1.0000000000111022e-06 5.962844213188527e-07
38300 2.6666659999999997e-06 3.6514691107662406e-07
38310 1.666668000005551e-06 4.714040493838584e-07
38320 1.0000020000111023e-06 3.6514910196077315e-07
38330 1.666668000005551e-06 4.714040493838584e-07
38340 1.3333360000055512e-06 2.9814299327980087e-07
38350 2e-06 5.577725542046685e-07
38360 1.666668e-06 4.7140404938778367e-07
38370 1.666668000005551e-06 4.714040493838584e-07
38380 1.666668000005551e-06 4.714040493838584e-07
38390 1.0000020000111023e-06 3.651491019607731e-07
38400 1.3333340000055511e-06 5.577730322934584e-07
38410 3.3333400001665334e-07 2.9814299328104214e-07
38420 2.6666659999999997e-06 3.6514691107662406e-07
38430 2.000002e-06 2.9814120443038387e-07
38440 1.3333360000000002e-06 2.9814299328476596e-07
38450 2.000000000005551e-06 5.577725542006876e-07
38460 1.3333360000055512e-06 2.9814299327980087e-07
38470 1.3333340000055511e-06 5.577730322934584e-07
38480 1.666668000005551e-06 4.714040493838584e-07
38490 1.000002e-06 3.651491019668541e-07
38500 1.66667e-06 0.0
38510 1.0000020000055513e-06 3.6514910196381357e-07
38520 6.666680000166534e-07 3.651491019607731e-07
38530 1.0000000000111022e-06 5.962844213188527e-07
38540 6.666680000111022e-07 3.651491019628001e-07
38550 1.3333340000055511e-06 5.577730322934584e-07
38560 1.666668000005551e-06 4.714040493838584e-07
38570 1.666668000005551e-06 4.714040493838584e-07
38580 2.6666659999999997e-06 3.6514691107662406e-07
38590 2e-06 5.577725542046685e-07
38600 1.666668000005551e-06 4.714040493838584e-07
38610 1.3333340000055511e-06 5.577730322934584e-07
38620 2.000000000005551e-06 5.577725542006877e-07
38630 1.0000020000055513e-06 3.6514910196381357e-07
38640 6.666680000111022e-07 3.651491019628001e-07
38650 1.666666000005551e-06 6.666659999978244e-07
38660 1.666666000005551e-06 6.666659999978243e-07
38670 1.000002e-06 3.651491019668541e-07
38680 2.000002e-06 2.9814120443038397e-07
38690 1.666668000005551e-06 4.714040493838584e-07
38700 1.3333340000055511e-06 5.577730322934584e-07
38710 6.666680000055511e-07 3.6514910196482715e-07
38720 1.666666000011102e-06 6.666659999950488e-07
38730 2.000000000005551e-06 5.577725542006876e-07
38740 2.3333320000055512e-06 5.962839741046365e-07
38750 2.333334e-06 3.6514691107662406e-07
38760 1.3333339999999999e-06 5.577730322961123e-07
38770 6.666680000055511e-07 3.6514910196482715e-07
38780 1.666668e-06 4.7140404938778367e-07
38790 1.3333360000000002e-06 2.9814299328476596e-07
38800 1.3333360000055512e-06 2.9814299327980087e-07
38810 2.000000000005551e-06 5.577725542006876e-07
38820 1.3333340000055511e-06 5.577730322934584e-07
38830 1.666668000005551e-06 4.714040493838584e-07
38840 1.0000020000055513e-06 3.6514910196381357e-07
38850 2.000000000005551e-06 5.577725542006876e-07
38860 2e-06 5.577725542046685e-07
38870 1.666668000005551e-06 4.714040493838584e-07
38880 2e-06 5.577725542046685e-07
38890 2.333334e-06 3.65146911076624e-07
38900 2.6666659999999997e-06 3.6514691107662406e-07
38910 2.333334e-06 3.6514691107662406e-07
38920 1.666666000005551e-06 6.666659999978244e-07
38930 1.9999980000055513e-06 7.302960130404375e-07
38940 2.3333319999999998e-06 5.962839741089811e-07
38950 2.333334e-06 3.6514691107662406e-07
38960 2.333334e-06 3.65146911076624e-07
38970 2.000000000005551e-06 5.577725542006877e-07
38980 2.000002e-06 2.981412044303839e-07
38990 2.6666659999999997e-06 3.6514691107662406e-07
39000 1.3333339999999999e-06 5.577730322961123e-07
39010 1.666668000005551e-06 4.714040493838584e-07
39020 1.333332000005551e-06 7.302960130414511e-07
39030 1.666668000005551e-06 4.714040493838584e-07
39040 2.6666659999999997e-06 3.6514691107662406e-07
39050 2.333332000005551e-06 5.962839741046366e-07
39060 2.000002e-06 2.9814120443038387e-07
39070 1.66667e-06 0.0
39080 2.333334e-06 3.6514691107662406e-07
39090 1.666668e-06 4.7140404938778367e-07
39100 1.3333340000055511e-06 5.577730322934584e-07
39110 2e-06 5.577725542046685e-07
39120 1.0000020000055513e-06 3.6514910196381357e-07
39130 1.6666659999999998e-06 6.666660000005999e-07
39140 1.666668000005551e-06 4.714040493838584e-07
39150 1.666668000005551e-06 4.714040493838584e-07
39160 1.66667e-06 0.0
39170 2e-06 5.577725542046685e-07
39180 1.666666000005551e-06 6.666659999978244e-07
39190 1.666668000005551e-06 4.714040493838584e-07
39200 2.333334e-06 3.6514691107662406e-07
39210 1.000000000005551e-06 5.962844213207147e-07
39220 2.333332e-06 5.962839741089811e-07
39230 2.3333320000055512e-06 5.962839741046365e-07
39240 1.0000000000111022e-06 5.962844213188527e-07
39250 1.0000020000055513e-06 3.6514910196381357e-07
39260 1.0000020000055513e-06 3.6514910196381357e-07
39270 1.3333360000055512e-06 2.9814299327980087e-07
39280 2.333334e-06 3.6514691107662406e-07
39290 1.999998e-06 7.302960130434781e-07
39300 1.3333360000000002e-06 2.9814299328476596e-07
39310 1.3333340000055511e-06 5.577730322934584e-07
39320 1.666668000005551e-06 4.714040493838584e-07
39330 2.000000000005551e-06 5.577725542006877e-07
39340 6.666660000166533e-07 5.962841977114261e-07
39350 2.6666659999999997e-06 3.6514691107662406e-07
39360 1.3333340000055511e-06 5.577730322934584e-07
39370 2.000000000005551e-06 5.577725542006877e-07
39380 2e-06 5.577725542046685e-07
39390 2.000002e-06 2.9814120443038397e-07
39400 1.666668e-06 4.7140404938778367e-07
39410 1.3333340000055511e-06 5.577730322934584e-07
39420 3.3333300000000003e-06 1.8940232492426094e-22
39430 1.666668e-06 4.7140404938778367e-07
39440 2.3333319999999998e-06 5.962839741089811e-07
39450 2.333332e-06 5.962839741089811e-07
39460 2.000002e-06 2.9814120443038397e-07
39470 1.666668e-06 4.7140404938778367e-07
39480 1.3333360000055512e-06 2.9814299327980087e-07
39490 1.666668e-06 4.7140404938778367e-07
39500 1.666668e-06 4.7140404938778367e-07
39510 1.666668000005551e-06 4.714040493838584e-07
39520 1.666668000005551e-06 4.714040493838584e-07
39530 2.000000000005551e-06 5.577725542006876e-07
39540 2.000000000005551e-06 5.577725542006876e-07
39550 2e-06 5.577725542046685e-07
39560 1.0000020000111023e-06 3.6514910196077315e-07
39570 2.000002e-06 2.9814120443038387e-07
39580 2.6666659999999997e-06 3.6514691107662406e-07
39590 2.333334e-06 3.6514691107662406e-07
39600 1.3333340000055511e-06 5.577730322934584e-07
39610 2e-06 5.577725542046685e-07
39620 1.66667e-06 0.0
39630 2.6666659999999997e-06 3.6514691107662406e-07
39640 2.333332000005551e-06 5.962839741046366e-07
39650 1.3333340000111022e-06 5.577730322908044e-07
39660 2.333334e-06 3.6514691107662406e-07
39670 2.333334e-06 3.6514691107662406e-07
39680 2.333334e-06 3.6514691107662406e-07
39690 2.333334e-06 3.6514691107662406e-07
39700 6.666680000111022e-07 3.651491019628001e-07
39710 1.000002e-06 3.651491019668541e-07
39720 2.000000000005551e-06 5.577725542006876e-07
39730 2.000002e-06 2.981412044303839e-07
39740 1.666666000005551e-06 6.666659999978244e-07
39750 2.000000000005551e-06 5.577725542006876e-07
39760 1.666668e-06 4.7140404938778367e-07
39770 2.000002e-06 2.9814120443038397e-07
39780 6.666680000055511e-07 3.6514910196482715e-07
39790 2.333334e-06 3.6514691107662406e-07
39800 2e-06 5.577725542046685e-07
39810 2.333332000005551e-06 5.962839741046366e-07
39820 1.666666000005551e-06 6.666659999978244e-07
39830 2.333334e-06 3.6514691107662406e-07
39840 1.666668e-06 4.7140404938778367e-07
39850 2.333334e-06 3.6514691107662406e-07
39860 2.333334e-06 3.6514691107662406e-07
39870 1.3333340000055511e-06 5.577730322934584e-07
39880 6.666680000111022e-07 3.651491019628001e-07
39890 1.3333360000055512e-06 2.9814299327980087e-07
39900 1.0000000000111022e-06 5.962844213188527e-07
39910 1.3333360000000002e-06 2.9814299328476596e-07
39920 6.666660000166533e-07 5.962841977114261e-07
39930 6.666680000055511e-07 3.6514910196482715e-07
39940 2.000000000005551e-06 5.577725542006876e-07
39950 2.3333320000055512e-06 5.962839741046365e-07
39960 3.3333400001665334e-07 2.9814299328104214e-07
39970 2.333334e-06 3.6514691107662406e-07
39980 1.66667e-06 0.0
39990 1.3333340000111022e-06 5.577730322908044e-07
40000 1.666668e-06 4.7140404938778367e-07
40010 1.3333340000055511e-06 5.577730322934584e-07
40020 1.3333360000055512e-06 2.9814299327980087e-07
40030 1.3333360000000002e-06 2.9814299328476596e-07
40040 2.000002e-06 2.9814120443038387e-07
40050 1.666668000005551e-06 4.714040493838584e-07
40060 1.3333339999999999e-06 5.577730322961123e-07
40070 1.3333339999999999e-06 5.577730322961123e-07
40080 2.6666659999999997e-06 3.6514691107662406e-07
40090 2.000000000005551e-06 5.577725542006877e-07
40100 1.666668000005551e-06 4.714040493838584e-07
40110 1.666666000005551e-06 6.666659999978244e-07
40120 1.3333360000055512e-06 2.9814299327980087e-07
40130 1.3333340000055511e-06 5.577730322934584e-07
40140 1.3333360000055512e-06 2.9814299327980087e-07
40150 2.000002e-06 2.981412044303839e-07
40160 2e-06 5.577725542046685e-07
40170 1.666666000005551e-06 6.666659999978244e-07
40180 1.0000000000111022e-06 5.962844213188527e-07
40190 1.3333339999999999e-06 5.577730322961123e-07
40200 1.3333360000000002e-06 2.9814299328476596e-07
40210 2.000000000005551e-06 5.577725542006877e-07
40220 1.0000000000111022e-06 5.962844213188527e-07
40230 1.3333339999999999e-06 5.577730322961123e-07
40240 1.3333360000000002e-06 2.9814299328476596e-07
40250 1.3333360000055512e-06 2.9814299327980087e-07
40260 2.000002e-06 2.981412044303839e-07
40270 1.3333340000055511e-06 5.577730322934584e-07
40280 1.666668000005551e-06 4.714040493838584e-07
40290 6.666680000111022e-07 3.651491019628001e-07
40300 1.0000020000055513e-06 3.6514910196381357e-07
40310 2.333334e-06 3.6514691107662406e-07
40320 2.6666659999999997e-06 3.6514691107662406e-07
40330 2.3333319999999998e-06 5.962839741089811e-07
40340 2.000000000005551e-06 5.577725542006877e-07
40350 1.0000020000055513e-06 3.6514910196381357e-07
40360 1.3333340000055511e-06 5.577730322934584e-07
40370 1.3333340000055511e-06 5.577730322934584e-07
40380 2.333334e-06 3.6514691107662406e-07
40390 3.3333400001110226e-07 2.981429932822834e-07
40400 1.3333360000055512e-06 2.9814299327980087e-07
40410 1.3333360000055512e-06 2.9814299327980087e-07
40420 1.3333340000055511e-06 5.577730322934584e-07
40430 2.6666659999999997e-06 3.6514691107662406e-07
40440 1.666668000005551e-06 4.714040493838584e-07
40450 1.666668e-06 4.7140404938778367e-07
40460 6.666680000055511e-07 3.6514910196482715e-07
40470 2.6666659999999997e-06 3.6514691107662406e-07
40480 3.3333400001110226e-07 2.981429932822834e-07
40490 1.0000020000055513e-06 3.6514910196381357e-07
40500 1.3333360000055512e-06 2.9814299327980087e-07
40510 6.666680000055511e-07 3.6514910196482715e-07
40520 2.000000000005551e-06 5.577725542006876e-07
40530 2e-06 5.577725542046685e-07
40540 2.3333319999999998e-06 5.962839741089811e-07
40550 1.666668e-06 4.7140404938778367e-07
40560 1.666668e-06 4.7140404938778367e-07
40570 1.666668000005551e-06 4.714040493838584e-07
40580 1.0000020000055513e-06 3.6514910196381357e-07
40590 2.333334e-06 3.6514691107662406e-07
40600 2.000000000005551e-06 5.577725542006876e-07
40610 2.333334e-06 3.6514691107662406e-07
40620 1.3333340000111022e-06 5.577730322908045e-07
40630 1.3333360000000002e-06 2.9814299328476596e-07
40640 2.000000000005551e-06 5.577725542006876e-07
40650 2.333334e-06 3.6514691107662406e-07
40660 2.6666659999999997e-06 3.6514691107662406e-07
40670 1.6666659999999998e-06 6.666660000005999e-07
40680 1.0000020000055513e-06 3.6514910196381357e-07
40690 1.3333340000055511e-06 5.577730322934584e-07
40700 2.000002e-06 2.9814120443038387e-07
40710 1.0000020000055513e-06 3.6514910196381357e-07
40720 1.666666000011102e-06 6.666659999950488e-07
40730 2.333334e-06 3.6514691107662406e-07
40740 2.000000000005551e-06 5.577725542006876e-07
40750 1.666668e-06 4.7140404938778367e-07
40760 2.333332000005551e-06 5.962839741046366e-07
40770 6.666680000166534e-07 3.651491019607731e-07
40780 1.666668000005551e-06 4.714040493838584e-07
40790 1.666666000011102e-06 6.666659999950488e-07
40800 1.0000000000111022e-06 5.962844213188527e-07
40810 1.666666000005551e-06 6.666659999978244e-07
40820 1.3333340000055511e-06 5.577730322934584e-07
40830 2.333332000005551e-06 5.962839741046366e-07
40840 3.3333400001110226e-07 2.981429932822834e-07
40850 1.666668000005551e-06 4.714040493838584e-07
40860 1.3333340000055511e-06 5.577730322934584e-07
40870 2.333334e-06 3.6514691107662406e-07
40880 1.666668e-06 4.7140404938778367e-07
40890 1.0000020000111023e-06 3.6514910196077315e-07
40900 1.666666000005551e-06 6.666659999978244e-07
40910 1.3333340000111022e-06 5.577730322908044e-07
40920 2.6666659999999997e-06 3.6514691107662406e-07
40930 1.0000020000111023e-06 3.651491019607731e-07
40940 1.0000020000055513e-06 3.6514910196381357e-07
40950 2.333334e-06 3.6514691107662406e-07
40960 1.3333340000111022e-06 5.577730322908045e-07
40970 2e-06 5.577725542046685e-07
40980 2.333334e-06 3.6514691107662406e-07
40990 2.333334e-06 3.6514691107662406e-07
41000 1.3333340000055511e-06 5.577730322934584e-07
41010 1.3333340000055511e-06 5.577730322934584e-07
41020 1.3333340000055511e-06 5.577730322934584e-07
41030 1.0000020000055513e-06 3.6514910196381357e-07
41040 1.0000020000055513e-06 3.6514910196381357e-07
41050 6.666680000111022e-07 3.651491019628001e-07
41060 1.3333340000055511e-06 5.577730322934584e-07
41070 1.66667e-06 0.0
41080 2.666664e-06 5.962841977151498e-07
41090 2.333334e-06 3.6514691107662406e-07
41100 2.9999979999999996e-06 2.9814120443038387e-07
41110 2.000002e-06 2.981412044303839e-07
41120 1.0000020000055513e-06 3.6514910196381357e-07
41130 1.666668000005551e-06 4.714040493838584e-07
41140 1.666666000011102e-06 6.666659999950488e-07
41150 1.666668000005551e-06 4.714040493838584e-07
41160 1.3333360000055512e-06 2.9814299327980087e-07
41170 1.666668000005551e-06 4.714040493838584e-07
41180 1.666668000005551e-06 4.714040493838584e-07
41190 1.0000020000111023e-06 3.651491019607731e-07
41200 1.3333340000111022e-06 5.577730322908044e-07
41210 1.3333340000111022e-06 5.577730322908044e-07
41220 1.3333340000055511e-06 5.577730322934584e-07
41230 2.333334e-06 3.6514691107662406e-07
41240 2.000002e-06 2.9814120443038397e-07
41250 2.6666659999999997e-06 3.6514691107662406e-07
41260 2.333334e-06 3.6514691107662406e-07
41270 1.3333360000055512e-06 2.9814299327980087e-07
41280 1.66667e-06 0.0
41290 2.6666659999999997e-06 3.6514691107662406e-07
41300 2.000002e-06 2.9814120443038397e-07
41310 2.000000000005551e-06 5.577725542006876e-07
41320 2.000002e-06 2.9814120443038397e-07
41330 2.666664000005551e-06 5.962841977101848e-07
41340 1.0000000000111022e-06 5.962844213188527e-07
41350 2.333334e-06 3.6514691107662406e-07
41360 2.000002e-06 2.981412044303839e-07
41370 2.333334e-06 3.6514691107662406e-07
41380 1.0000020000055513e-06 3.6514910196381357e-07
41390 3.3333400001665334e-07 2.9814299328104214e-07
41400 6.666680000166534e-07 3.651491019607731e-07
41410 2.000002e-06 2.9814120443038387e-07
41420 1.3333360000055512e-06 2.9814299327980087e-07
41430 1.0000020000055513e-06 3.6514910196381357e-07
41440 1.3333340000055511e-06 5.577730322934584e-07
41450 1.666668e-06 4.7140404938778367e-07
41460 1.3333360000055512e-06 2.9814299327980087e-07
41470 1.666668000005551e-06 4.714040493838584e-07
41480 1.66667e-06 0.0
41490 2.333334e-06 3.6514691107662406e-07
41500 2.000002e-06 2.981412044303839e-07
41510 2.000002e-06 2.9814120443038397e-07
41520 2.333334e-06 3.6514691107662406e-07
41530 2.6666659999999997e-06 3.6514691107662406e-07
41540 1.66667e-06 0.0
41550 1.0000020000055513e-06 3.6514910196381357e-07
41560 1.666666000005551e-06 6.666659999978244e-07
41570 2.999998e-06 2.981412044303839e-07
41580 1.666668000005551e-06 4.714040493838584e-07
41590 1.666668000005551e-06 4.714040493838584e-07
41600 2.333334e-06 3.6514691107662406e-07
41610 2.6666659999999997e-06 3.6514691107662406e-07
41620 1.0000020000055513e-06 3.6514910196381357e-07
41630 2e-06 5.577725542046685e-07
41640 1.3333360000055512e-06 2.9814299327980087e-07
41650 1.666666000011102e-06 6.666659999950488e-07
41660 6.666680000166534e-07 3.651491019607731e-07
41670 2.000000000005551e-06 5.577725542006877e-07
41680 1.666668000005551e-06 4.714040493838584e-07
41690 1.66667e-06 0.0
41700 2.000002e-06 2.9814120443038397e-07
41710 2.333334e-06 3.6514691107662406e-07
41720 1.666668e-06 4.7140404938778367e-07
41730 2e-06 5.577725542046685e-07
41740 2.333334e-06 3.6514691107662406e-07
41750 1.3333340000055511e-06 5.577730322934584e-07
41760 1.666668000005551e-06 4.714040493838584e-07
41770 2.333334e-06 3.6514691107662406e-07
41780 1.666666000005551e-06 6.666659999978244e-07
41790 2.333334e-06 3.6514691107662406e-07
41800 2.9999979999999996e-06 2.9814120443038387e-07
41810 1.666668e-06 4.7140404938778367e-07
41820 1.0000020000055513e-06 3.6514910196381357e-07
41830 1.666666000005551e-06 6.666659999978244e-07
41840 2.333334e-06 3.65146911076624e-07
41850 2.000002e-06 2.9814120443038387e-07
41860 1.666666000005551e-06 6.666659999978244e-07
41870 1.666668000005551e-06 4.714040493838584e-07
41880 1.3333340000055511e-06 5.577730322934584e-07
41890 2.333334e-06 3.6514691107662406e-07
41900 2.3333320000055512e-06 5.962839741046365e-07
41910 2e-06 5.577725542046685e-07
41920 2.000002e-06 2.981412044303839e-07
41930 2.333334e-06 3.6514691107662406e-07
41940 1.3333340000055511e-06 5.577730322934584e-07
41950 1.0000020000055513e-06 3.6514910196381357e-07
41960 1.66667e-06 0.0
41970 1.000000000005551e-06 5.962844213207147e-07
41980 1.3333360000000002e-06 2.9814299328476596e-07
41990 1.666668000005551e-06 4.714040493838584e-07
42000 2.333334e-06 3.6514691107662406e-07
42010 1.3333360000055512e-06 2.9814299327980087e-07
42020 3.3333400001110226e-07 2.981429932822834e-07
42030 2.333334e-06 3.6514691107662406e-07
42040 1.3333340000111022e-06 5.577730322908045e-07
42050 1.3333340000111022e-06 5.577730322908045e-07
42060 1.666668000005551e-06 4.714040493838584e-07
42070 2.000000000005551e-06 5.577725542006876e-07
42080 2.999998e-06 2.981412044303839e-07
42090 1.3333340000055511e-06 5.577730322934584e-07
42100 1.0000020000111023e-06 3.651491019607731e-07
42110 2.9999979999999996e-06 2.9814120443038387e-07
42120 6.666680000166534e-07 3.651491019607731e-07
42130 1.666668000005551e-06 4.714040493838584e-07
42140 1.666666000011102e-06 6.666659999950488e-07
42150 1.3333360000055512e-06 2.9814299327980087e-07
42160 2.000000000005551e-06 5.577725542006877e-07
42170 1.0000020000111023e-06 3.6514910196077315e-07
42180 2.333334e-06 3.6514691107662406e-07
42190 1.3333340000055511e-06 5.577730322934584e-07
42200 1.3333360000000002e-06 2.9814299328476596e-07
42210 1.666668000005551e-06 4.714040493838584e-07
42220 2e-06 5.577725542046685e-07
42230 2.000002e-06 2.9814120443038397e-07
42240 1.0000000000166533e-06 5.962844213169908e-07
42250 1.3333360000000002e-06 2.9814299328476596e-07
42260 2e-06 5.577725542046685e-07
42270 1.3333339999999999e-06 5.577730322961123e-07
42280 1.3333340000055511e-06 5.577730322934584e-07
42290 1.666668000005551e-06 4.714040493838584e-07
42300 1.666666000005551e-06 6.666659999978244e-07
42310 1.3333340000111022e-06 5.577730322908045e-07
42320 1.3333360000000002e-06 2.9814299328476596e-07
42330 1.0000000000111022e-06 5.962844213188527e-07
42340 1.3333340000111022e-06 5.577730322908045e-07
42350 1.666668000005551e-06 4.714040493838584e-07
42360 2.000000000005551e-06 5.577725542006876e-07
42370 1.666668000005551e-06 4.714040493838584e-07
42380 2.000002e-06 2.981412044303839e-07
42390 1.3333340000055511e-06 5.577730322934584e-07
42400 1.000000000005551e-06 5.962844213207146e-07
42410 1.3333340000055511e-06 5.577730322934584e-07
42420 2.6666659999999997e-06 3.6514691107662406e-07
42430 1.3333360000000002e-06 2.9814299328476596e-07
42440 1.9999980000055513e-06 7.302960130404375e-07
42450 2.000002e-06 2.981412044303839e-07
42460 1.3333340000111022e-06 5.577730322908044e-07
42470 1.3333340000055511e-06 5.577730322934584e-07
42480 6.666680000111022e-07 3.651491019628001e-07
42490 1.666668000005551e-06 4.714040493838584e-07
42500 2.000002e-06 2.981412044303839e-07
42510 2.000002e-06 2.9814120443038397e-07
42520 2.6666659999999997e-06 3.6514691107662406e-07
42530 1.3333340000055511e-06 5.577730322934584e-07
42540 1.0000020000111023e-06 3.6514910196077315e-07
42550 1.666668000005551e-06 4.714040493838584e-07
42560 1.66667e-06 0.0
42570 1.0000020000055513e-06 3.6514910196381357e-07
42580 1.3333360000000002e-06 2.9814299328476596e-07
42590 1.3333340000055511e-06 5.577730322934584e-07
42600 2.6666659999999997e-06 3.6514691107662406e-07
42610 2.000002e-06 2.9814120443038397e-07
42620 3.3333400001665334e-07 2.9814299328104214e-07
42630 2.999998e-06 2.981412044303839e-07
42640 2.000002e-06 2.9814120443038397e-07
42650 1.3333340000055511e-06 5.577730322934584e-07
42660 1.0000000000111022e-06 5.962844213188527e-07
42670 2.000000000005551e-06 5.577725542006877e-07
42680 1.3333340000055511e-06 5.577730322934584e-07
42690 2.000002e-06 2.9814120443038387e-07
42700 1.666668e-06 4.7140404938778367e-07
42710 2.000000000005551e-06 5.577725542006876e-07
42720 1.666668e-06 4.7140404938778367e-07
42730 2.666664000005551e-06 5.962841977101848e-07
42740 6.666660000111022e-07 5.962841977126673e-07
42750 1.666668000005551e-06 4.714040493838584e-07
42760 2.333334e-06 3.6514691107662406e-07
42770 1.3333360000055512e-06 2.9814299327980087e-07
42780 1.0000020000055513e-06 3.6514910196381357e-07
42790 1.666668000005551e-06 4.714040493838584e-07
42800 1.3333339999999999e-06 5.577730322961123e-07
42810 1.6666659999999998e-06 6.666660000005999e-07
42820 1.3333340000055511e-06 5.577730322934584e-07
42830 1.666668000005551e-06 4.714040493838584e-07
42840 1.666668000005551e-06 4.714040493838584e-07
42850 2.3333319999999998e-06 5.962839741089811e-07
42860 2.333334e-06 3.65146911076624e-07
42870 1.3333340000055511e-06 5.577730322934584e-07
42880 2.000000000005551e-06 5.577725542006877e-07
42890 2.666666e-06 3.6514691107662406e-07
42900 1.666666000011102e-06 6.666659999950488e-07
42910 1.3333360000000002e-06 2.9814299328476596e-07
42920 6.666680000055511e-07 3.6514910196482715e-07
42930 1.666668000005551e-06 4.714040493838584e-07
42940 2.000002e-06 2.981412044303839e-07
42950 1.000000000005551e-06 5.962844213207147e-07
42960 1.3333340000055511e-06 5.577730322934584e-07
42970 2.000002e-06 2.981412044303839e-07
42980 2.000002e-06 2.981412044303839e-07
42990 2.000000000005551e-06 5.577725542006876e-07
43000 1.0000000000111022e-06 5.962844213188527e-07
43010 1.000000000005551e-06 5.962844213207147e-07
43020 2.333334e-06 3.6514691107662406e-07
43030 1.66667e-06 0.0
43040 2.000002e-06 2.9814120443038397e-07
43050 1.666668e-06 4.7140404938778367e-07
43060 1.3333340000055511e-06 5.577730322934584e-07
43070 1.666668000005551e-06 4.714040493838584e-07
43080 1.6666659999999998e-06 6.666660000005999e-07
43090 1.3333340000055511e-06 5.577730322934584e-07
43100 2.000002e-06 2.9814120443038397e-07
43110 1.333332000005551e-06 7.302960130414511e-07
43120 1.3333340000055511e-06 5.577730322934584e-07
43130 1.0000000000111022e-06 5.962844213188527e-07
43140 1.666668000005551e-06 4.714040493838584e-07
43150 1.3333340000055511e-06 5.577730322934584e-07
43160 1.0000020000055513e-06 3.6514910196381357e-07
43170 2.000002e-06 2.9814120443038387e-07
43180 1.3333340000055511e-06 5.577730322934584e-07
43190 2.6666659999999997e-06 3.6514691107662406e-07
43200 1.666668000005551e-06 4.714040493838584e-07
43210 1.3333360000055512e-06 2.9814299327980087e-07
43220 2.333332000005551e-06 5.962839741046366e-07
43230 1.666668000005551e-06 4.714040493838584e-07
43240 1.666666000011102e-06 6.666659999950488e-07
43250 1.0000020000055513e-06 3.6514910196381357e-07
43260 1.3333340000111022e-06 5.577730322908045e-07
43270 2.333332000005551e-06 5.962839741046366e-07
43280 1.666668000005551e-06 4.714040493838584e-07
43290 2e-06 5.577725542046685e-07
43300 2.3333319999999998e-06 5.962839741089811e-07
43310 2.000000000005551e-06 5.577725542006876e-07
43320 1.666668000005551e-06 4.714040493838584e-07
43330 2.333334e-06 3.6514691107662406e-07
43340 2.000002e-06 2.981412044303839e-07
43350 2.6666659999999997e-06 3.6514691107662406e-07
43360 1.666668000005551e-06 4.714040493838584e-07
43370 1.0000020000055513e-06 3.6514910196381357e-07
43380 2.000000000005551e-06 5.577725542006876e-07
43390 1.666668e-06 4.7140404938778367e-07
43400 1.666668e-06 4.7140404938778367e-07
43410 2.333332000005551e-06 5.962839741046366e-07
43420 1.3333340000111022e-06 5.577730322908044e-07
43430 6.666680000055511e-07 3.6514910196482715e-07
43440 1.3333340000055511e-06 5.577730322934584e-07
43450 1.000000000005551e-06 5.962844213207147e-07
43460 1.3333360000000002e-06 2.9814299328476596e-07
43470 2.000002e-06 2.9814120443038397e-07
43480 2e-06 5.577725542046685e-07
43490 1.3333360000000002e-06 2.9814299328476596e-07
43500 2.000000000005551e-06 5.577725542006876e-07
43510 2.000002e-06 2.9814120443038387e-07
43520 2e-06 5.577725542046685e-07
43530 2.333334e-06 3.6514691107662406e-07
43540 1.0000020000055513e-06 3.6514910196381357e-07
43550 6.666680000055511e-07 3.6514910196482715e-07
43560 1.333332000011102e-06 7.302960130394242e-07
43570 2.000000000005551e-06 5.577725542006876e-07
43580 2e-06 5.577725542046685e-07
43590 2.000002e-06 2.9814120443038397e-07
43600 2e-06 5.577725542046685e-07
43610 1.3333340000055511e-06 5.577730322934584e-07
43620 1.3333340000055511e-06 5.577730322934584e-07
43630 6.666680000111022e-07 3.651491019628001e-07
43640 1.0000020000055513e-06 3.6514910196381357e-07
43650 1.666668000005551e-06 4.714040493838584e-07
43660 2.000000000005551e-06 5.577725542006877e-07
43670 2.000000000005551e-06 5.577725542006876e-07
43680 1.3333340000055511e-06 5.577730322934584e-07
43690 1.000000000005551e-06 5.962844213207147e-07
43700 2.000000000005551e-06 5.577725542006876e-07
43710 2.000000000005551e-06 5.577725542006876e-07
43720 1.666668e-06 4.7140404938778367e-07
43730 1.3333340000055511e-06 5.577730322934584e-07
43740 1.666668e-06 4.7140404938778367e-07
43750 1.66667e-06 0.0
43760 1.3333340000055511e-06 5.577730322934584e-07
43770 2.666664000005551e-06 5.962841977101848e-07
43780 1.666666000011102e-06 6.666659999950488e-07
43790 1.0000020000055513e-06 3.6514910196381357e-07
43800 1.666668e-06 4.7140404938778367e-07
43810 1.0000000000111022e-06 5.962844213188527e-07
43820 1.000002e-06 3.651491019668541e-07
43830 1.3333340000055511e-06 5.577730322934584e-07
43840 1.666668e-06 4.7140404938778367e-07
43850 2.9999979999999996e-06 2.9814120443038387e-07
43860 1.666668000005551e-06 4.714040493838584e-07
43870 1.66667e-06 0.0
43880 1.0000020000111023e-06 3.6514910196077315e-07
43890 1.666668e-06 4.7140404938778367e-07
43900 1.0000000000166533e-06 5.962844213169908e-07
43910 1.333332000005551e-06 7.302960130414511e-07
43920 1.0000020000111023e-06 3.6514910196077315e-07
43930 2.000002e-06 2.9814120443038387e-07
43940 1.6666659999999998e-06 6.666660000005999e-07
43950 2.000000000005551e-06 5.577725542006877e-07
43960 1.666666000011102e-06 6.666659999950488e-07
43970 2.000002e-06 2.9814120443038397e-07
43980 6.666680000055511e-07 3.6514910196482715e-07
43990 6.666680000111022e-07 3.651491019628001e-07
44000 2.333332000005551e-06 5.962839741046366e-07
44010 1.3333340000055511e-06 5.577730322934584e-07
44020 1.0000020000055513e-06 3.6514910196381357e-07
44030 6.666680000111022e-07 3.651491019628001e-07
44040 1.666666000011102e-06 6.666659999950488e-07
44050 1.3333360000055512e-06 2.9814299327980087e-07
44060 2.000002e-06 2.9814120443038387e-07
44070 1.3333360000055512e-06 2.9814299327980087e-07
44080 1.666666000011102e-06 6.666659999950488e-07
44090 1.9999980000055513e-06 7.302960130404375e-07
44100 2.3333320000055512e-06 5.962839741046365e-07
44110 1.9999980000055513e-06 7.302960130404375e-07
44120 1.666668000005551e-06 4.714040493838584e-07
44130 1.666668e-06 4.7140404938778367e-07
44140 2.666666e-06 3.6514691107662406e-07
44150 2.9999979999999996e-06 2.9814120443038387e-07
44160 2.000000000005551e-06 5.577725542006876e-07
44170 2.6666659999999997e-06 3.6514691107662406e-07
44180 1.666668000005551e-06 4.714040493838584e-07
44190 1.3333340000111022e-06 5.577730322908044e-07
44200 1.3333340000055511e-06 5.577730322934584e-07
44210 1.0000000000111022e-06 5.962844213188527e-07
44220 1.3333360000000002e-06 2.9814299328476596e-07
44230 6.666680000111022e-07 3.651491019628001e-07
44240 1.666668000005551e-06 4.714040493838584e-07
44250 1.333332000011102e-06 7.302960130394242e-07
44260 1.0000020000111023e-06 3.6514910196077315e-07
44270 1.3333340000055511e-06 5.577730322934584e-07
44280 1.3333360000055512e-06 2.9814299327980087e-07
44290 2.000000000005551e-06 5.577725542006876e-07
44300 2e-06 5.577725542046685e-07
44310 2.333334e-06 3.6514691107662406e-07
44320 2e-06 5.577725542046685e-07
44330 2e-06 5.577725542046685e-07
44340 2e-06 5.577725542046685e-07
44350 1.66667e-06 0.0
44360 1.666668e-06 4.7140404938778367e-07
44370 1.666666000011102e-06 6.666659999950488e-07
44380 2.000000000005551e-06 5.577725542006876e-07
44390 2.333334e-06 3.65146911076624e-07
44400 6.666680000111022e-07 3.651491019628001e-07
44410 1.3333340000055511e-06 5.577730322934584e-07
44420 1.666668000005551e-06 4.714040493838584e-07
44430 2.000000000005551e-06 5.577725542006877e-07
44440 6.666680000111022e-07 3.651491019628001e-07
44450 1.666668e-06 4.7140404938778367e-07
44460 6.666680000111022e-07 3.651491019628001e-07
44470 1.666668000005551e-06 4.714040493838584e-07
44480 2.000000000005551e-06 5.577725542006877e-07
44490 1.666666000005551e-06 6.666659999978244e-07
44500 2.000000000005551e-06 5.577725542006877e-07
44510 6.666680000055511e-07 3.6514910196482715e-07
44520 1.000000000005551e-06 5.962844213207146e-07
44530 1.3333340000055511e-06 5.577730322934584e-07
44540 1.3333340000055511e-06 5.577730322934584e-07
44550 2.000002e-06 2.981412044303839e-07
44560 1.666666000005551e-06 6.666659999978244e-07
44570 1.3333340000055511e-06 5.577730322934584e-07
44580 2.000002e-06 2.981412044303839e-07
44590 2.000002e-06 2.981412044303839e-07
44600 3.3333400001110226e-07 2.981429932822834e-07
44610 2.333332000005551e-06 5.962839741046366e-07
44620 2.333332000005551e-06 5.962839741046366e-07
44630 1.666668e-06 4.7140404938778367e-07
44640 1.0000000000111022e-06 5.962844213188527e-07
44650 1.3333339999999999e-06 5.577730322961123e-07
44660 1.3333360000055512e-06 2.9814299327980087e-07
44670 2.000002e-06 2.9814120443038397e-07
44680 2.333332000005551e-06 5.962839741046366e-07
44690 2.000002e-06 2.9814120443038387e-07
44700 2.000002e-06 2.9814120443038397e-07
44710 2.333334e-06 3.65146911076624e-07
44720 2.000000000005551e-06 5.577725542006876e-07
44730 1.0000000000166533e-06 5.962844213169908e-07
44740 1.000002e-06 3.651491019668541e-07
44750 2.6666659999999997e-06 3.6514691107662406e-07
44760 2.333334e-06 3.6514691107662406e-07
44770 2.000002e-06 2.9814120443038387e-07
44780 1.0000020000111023e-06 3.6514910196077315e-07
44790 6.666680000111022e-07 3.651491019628001e-07
44800 1.0000020000111023e-06 3.6514910196077315e-07
44810 2.000000000005551e-06 5.577725542006876e-07
44820 1.3333360000000002e-06 2.9814299328476596e-07
44830 2.6666659999999997e-06 3.6514691107662406e-07
44840 2.000000000005551e-06 5.577725542006876e-07
44850 1.666666000005551e-06 6.666659999978243e-07
44860 2.000002e-06 2.9814120443038387e-07
44870 1.3333340000055511e-06 5.577730322934584e-07
44880 1.0000020000055513e-06 3.6514910196381357e-07
44890 1.0000000000111022e-06 5.962844213188527e-07
44900 2.333334e-06 3.6514691107662406e-07
44910 2.000000000005551e-06 5.577725542006877e-07
44920 2.000000000005551e-06 5.577725542006876e-07
44930 1.9999980000055513e-06 7.302960130404375e-07
44940 1.0000020000055513e-06 3.6514910196381357e-07
44950 2.333334e-06 3.65146911076624e-07
44960 1.666668e-06 4.7140404938778367e-07
44970 1.666668000005551e-06 4.714040493838584e-07
44980 1.666668e-06 4.7140404938778367e-07
44990 2.000000000005551e-06 5.577725542006877e-07
45000 1.66667e-06 0.0
45010 1.0000020000111023e-06 3.651491019607731e-07
45020 1.6666659999999998e-06 6.666660000005999e-07
45030 2e-06 5.577725542046685e-07
45040 1.666666000005551e-06 6.666659999978244e-07
45050 2.3333320000055512e-06 5.962839741046365e-07
45060 1.3333339999999999e-06 5.577730322961123e-07
45070 2.333334e-06 3.6514691107662406e-07
45080 2.000002e-06 2.9814120443038397e-07
45090 1.666668000005551e-06 4.714040493838584e-07
45100 1.666666000005551e-06 6.666659999978243e-07
45110 2.000002e-06 2.9814120443038387e-07
45120 2.333334e-06 3.6514691107662406e-07
45130 2e-06 5.577725542046685e-07
45140 2.000002e-06 2.9814120443038387e-07
45150 2e-06 5.577725542046685e-07
45160 2.000002e-06 2.981412044303839e-07
45170 1.999998e-06 7.302960130434781e-07
45180 1.000000000005551e-06 5.962844213207147e-07
45190 1.6666659999999998e-06 6.666660000005999e-07
45200 2e-06 5.577725542046685e-07
45210 2.000002e-06 2.9814120443038387e-07
45220 1.3333340000055511e-06 5.577730322934584e-07
45230 2.000002e-06 2.9814120443038397e-07
45240 2.000000000005551e-06 5.577725542006876e-07
45250 2.000002e-06 2.9814120443038397e-07
45260 1.333332000005551e-06 7.302960130414511e-07
45270 1.666668e-06 4.7140404938778367e-07
45280 1.3333339999999999e-06 5.577730322961123e-07
45290 1.0000020000055513e-06 3.6514910196381357e-07
45300 1.66667e-06 0.0
45310 1.3333360000055512e-06 2.9814299327980087e-07
45320 1.666668000005551e-06 4.714040493838584e-07
45330 1.3333340000055511e-06 5.577730322934584e-07
45340 2.6666659999999997e-06 3.6514691107662406e-07
45350 2.666664000005551e-06 5.962841977101848e-07
45360 1.3333360000055512e-06 2.9814299327980087e-07
45370 1.0000020000111023e-06 3.6514910196077315e-07
45380 2.6666659999999997e-06 3.6514691107662406e-07
45390 1.666668e-06 4.7140404938778367e-07
45400 1.3333340000055511e-06 5.577730322934584e-07
45410 1.0000020000055513e-06 3.6514910196381357e-07
45420 2.000002e-06 2.9814120443038387e-07
45430 1.3333360000055512e-06 2.9814299327980087e-07
45440 1.66667e-06 0.0
45450 2.333334e-06 3.6514691107662406e-07
45460 1.3333360000055512e-06 2.9814299327980087e-07
45470 1.333332000005551e-06 7.302960130414511e-07
45480 1.3333360000055512e-06 2.9814299327980087e-07
45490 1.666668000005551e-06 4.714040493838584e-07
45500 1.0000020000111023e-06 3.6514910196077315e-07
45510 1.666668e-06 4.7140404938778367e-07
45520 2.333334e-06 3.6514691107662406e-07
45530 2.000000000005551e-06 5.577725542006876e-07
45540 2.000000000005551e-06 5.577725542006877e-07
45550 2.6666659999999997e-06 3.6514691107662406e-07
45560 2.000002e-06 2.9814120443038397e-07
45570 2.000000000005551e-06 5.577725542006876e-07
45580 2.000002e-06 2.981412044303839e-07
45590 1.66667e-06 0.0
45600 1.3333340000111022e-06 5.577730322908045e-07
45610 6.666680000111022e-07 3.651491019628001e-07
45620 1.000002e-06 3.651491019668541e-07
45630 1.666668e-06 4.7140404938778367e-07
45640 2.000000000005551e-06 5.577725542006877e-07
45650 2e-06 5.577725542046685e-07
45660 1.666666000005551e-06 6.666659999978244e-07
45670 1.3333360000000002e-06 2.9814299328476596e-07
45680 2.333334e-06 3.6514691107662406e-07
45690 1.3333360000055512e-06 2.9814299327980087e-07
45700 1.66667e-06 0.0
45710 1.66667e-06 0.0
45720 1.3333340000055511e-06 5.577730322934584e-07
45730 2.6666659999999997e-06 3.6514691107662406e-07
45740 2.333332000005551e-06 5.962839741046366e-07
45750 1.666668000005551e-06 4.714040493838584e-07
45760 2.000000000005551e-06 5.577725542006877e-07
45770 1.0000020000055513e-06 3.6514910196381357e-07
45780 2.333332000005551e-06 5.962839741046366e-07
45790 1.666668000005551e-06 4.714040493838584e-07
45800 2.333334e-06 3.6514691107662406e-07
45810 1.666668e-06 4.7140404938778367e-07
45820 1.3333340000055511e-06 5.577730322934584e-07
45830 1.66667e-06 0.0
45840 2.6666659999999997e-06 3.6514691107662406e-07
45850 2.000000000005551e-06 5.577725542006876e-07
45860 2.000002e-06 2.9814120443038397e-07
45870 1.666666000005551e-06 6.666659999978244e-07
45880 1.3333360000000002e-06 2.9814299328476596e-07
45890 2.333334e-06 3.6514691107662406e-07
45900 1.6666659999999998e-06 6.666660000005999e-07
45910 1.3333360000000002e-06 2.9814299328476596e-07
45920 1.3333339999999999e-06 5.577730322961123e-07
45930 1.3333360000055512e-06 2.9814299327980087e-07
45940 2.000002e-06 2.9814120443038387e-07
45950 1.0000020000055513e-06 3.6514910196381357e-07
45960 2.333334e-06 3.6514691107662406e-07
45970 2.333334e-06 3.6514691107662406e-07
45980 1.3333340000111022e-06 5.577730322908045e-07
45990 1.3333340000111022e-06 5.577730322908045e-07
46000 1.666668000005551e-06 4.714040493838584e-07
46010 3.3333400001110226e-07 2.981429932822834e-07
46020 2.6666659999999997e-06 3.6514691107662406e-07
46030 2.000000000005551e-06 5.577725542006876e-07
46040 1.66667e-06 0.0
46050 2.000002e-06 2.9814120443038397e-07
46060 1.3333340000055511e-06 5.577730322934584e-07
46070 2.6666659999999997e-06 3.6514691107662406e-07
46080 1.66667e-06 0.0
46090 1.666668e-06 4.7140404938778367e-07
46100 1.666666000005551e-06 6.666659999978244e-07
46110 6.666660000111022e-07 5.962841977126673e-07
46120 6.666660000166533e-07 5.962841977114261e-07
46130 1.666666000011102e-06 6.666659999950488e-07
46140 2.000000000005551e-06 5.577725542006876e-07
46150 1.3333360000000002e-06 2.9814299328476596e-07
46160 1.3333340000111022e-06 5.577730322908044e-07
46170 1.666666000005551e-06 6.666659999978243e-07
46180 1.333332000011102e-06 7.302960130394243e-07
46190 2.000000000005551e-06 5.577725542006877e-07
46200 1.3333360000000002e-06 2.9814299328476596e-07
46210 2.333332000005551e-06 5.962839741046366e-07
46220 2.333332000005551e-06 5.962839741046366e-07
46230 2.000002e-06 2.9814120443038397e-07
46240 1.666666000005551e-06 6.666659999978244e-07
46250 1.3333340000055511e-06 5.577730322934584e-07
46260 1.666668000005551e-06 4.714040493838584e-07
46270 1.66667e-06 0.0
46280 2.000002e-06 2.981412044303839e-07
46290 1.3333340000055511e-06 5.577730322934584e-07
46300 1.0000020000111023e-06 3.6514910196077315e-07
46310 1.3333360000000002e-06 2.9814299328476596e-07
46320 6.666680000111022e-07 3.651491019628001e-07
46330 1.3333360000055512e-06 2.9814299327980087e-07
46340 2.000002e-06 2.9814120443038387e-07
46350 1.0000000000111022e-06 5.962844213188527e-07
46360 6.666680000055511e-07 3.6514910196482715e-07
46370 1.0000020000111023e-06 3.6514910196077315e-07
46380 6.666680000055511e-07 3.6514910196482715e-07
46390 2.333334e-06 3.6514691107662406e-07
46400 1.666668e-06 4.7140404938778367e-07
46410 1.3333339999999999e-06 5.577730322961123e-07
46420 1.0000020000111023e-06 3.6514910196077315e-07
46430 1.666668000005551e-06 4.714040493838584e-07
46440 2.6666659999999997e-06 3.6514691107662406e-07
46450 2.000000000005551e-06 5.577725542006877e-07
46460 2.3333320000055512e-06 5.962839741046365e-07
46470 1.0000020000111023e-06 3.6514910196077315e-07
46480 2e-06 5.577725542046685e-07
46490 1.0000020000055513e-06 3.6514910196381357e-07
46500 2.000002e-06 2.9814120443038397e-07
46510 1.3333340000055511e-06 5.577730322934584e-07
46520 2.000000000005551e-06 5.577725542006876e-07
46530 1.333332000005551e-06 7.302960130414511e-07
46540 1.3333360000055512e-06 2.9814299327980087e-07
46550 1.3333360000000002e-06 2.9814299328476596e-07
46560 2.3333319999999998e-06 5.962839741089811e-07
46570 2.000000000005551e-06 5.577725542006876e-07
46580 2.000002e-06 2.981412044303839e-07
46590 1.0000020000055513e-06 3.6514910196381357e-07
46600 2.9999979999999996e-06 2.9814120443038387e-07
46610 1.666666000011102e-06 6.666659999950488e-07
46620 1.666668e-06 4.7140404938778367e-07
46630 1.3333340000055511e-06 5.577730322934584e-07
46640 1.000000000005551e-06 5.962844213207147e-07
46650 2.000002e-06 2.981412044303839e-07
46660 1.3333340000055511e-06 5.577730322934584e-07
46670 2.3333319999999998e-06 5.962839741089811e-07
46680 2.333334e-06 3.6514691107662406e-07
46690 1.3333360000055512e-06 2.9814299327980087e-07
46700 2.000002e-06 2.981412044303839e-07
46710 1.3333360000000002e-06 2.9814299328476596e-07
46720 1.666668e-06 4.7140404938778367e-07
46730 1.666668000005551e-06 4.714040493838584e-07
46740 2.6666659999999997e-06 3.6514691107662406e-07
46750 1.3333360000055512e-06 2.9814299327980087e-07
46760 1.3333340000111022e-06 5.577730322908044e-07
46770 2.000000000005551e-06 5.577725542006876e-07
46780 1.666666000005551e-06 6.666659999978243e-07
46790 1.3333360000000002e-06 2.9814299328476596e-07
46800 1.333332000005551e-06 7.302960130414511e-07
46810 1.3333360000000002e-06 2.9814299328476596e-07
46820 2e-06 5.577725542046685e-07
46830 1.9999980000055513e-06 7.302960130404375e-07
46840 1.000000000005551e-06 5.962844213207147e-07
46850 2.333332000005551e-06 5.962839741046366e-07
46860 1.3333339999999999e-06 5.577730322961123e-07
46870 1.9999980000055513e-06 7.302960130404375e-07
46880 2.6666659999999997e-06 3.6514691107662406e-07
46890 2.000000000005551e-06 5.577725542006876e-07
46900 6.666680000055511e-07 3.6514910196482715e-07
46910 2.333334e-06 3.6514691107662406e-07
46920 1.666668000005551e-06 4.714040493838584e-07
46930 2.000002e-06 2.981412044303839e-07
46940 1.66667e-06 0.0
46950 1.66667e-06 0.0
46960 1.666668e-06 4.7140404938778367e-07
46970 1.0000020000111023e-06 3.6514910196077315e-07
46980 2.6666659999999997e-06 3.6514691107662406e-07
46990 2.333334e-06 3.65146911076624e-07
47000 1.666666000005551e-06 6.666659999978244e-07
47010 2.000002e-06 2.9814120443038397e-07
47020 2.000000000005551e-06 5.577725542006876e-07
47030 2.000000000005551e-06 5.577725542006876e-07
47040 2.000002e-06 2.9814120443038387e-07
47050 1.3333339999999999e-06 5.577730322961123e-07
47060 1.0000020000055513e-06 3.6514910196381357e-07
47070 2.000002e-06 2.9814120443038397e-07
47080 1.3333360000055512e-06 2.9814299327980087e-07
47090 2.6666659999999997e-06 3.6514691107662406e-07
47100 1.3333340000055511e-06 5.577730322934584e-07
47110 1.3333340000055511e-06 5.577730322934584e-07
47120 1.3333360000055512e-06 2.9814299327980087e-07
47130 2.000000000005551e-06 5.577725542006876e-07
47140 1.3333339999999999e-06 5.577730322961123e-07
47150 1.0000020000111023e-06 3.651491019607731e-07
47160 1.000002e-06 3.651491019668541e-07
47170 2.000002e-06 2.981412044303839e-07
47180 2.6666659999999997e-06 3.6514691107662406e-07
47190 1.0000020000055513e-06 3.6514910196381357e-07
47200 1.666666000011102e-06 6.666659999950488e-07
47210 1.666668e-06 4.7140404938778367e-07
47220 1.666668e-06 4.7140404938778367e-07
47230 2.333332000005551e-06 5.962839741046366e-07
47240 2.000002e-06 2.9814120443038387e-07
47250 1.666668e-06 4.7140404938778367e-07
47260 2.000002e-06 2.9814120443038387e-07
47270 1.3333360000055512e-06 2.9814299327980087e-07
47280 2.000002e-06 2.9814120443038397e-07
47290 2.333334e-06 3.6514691107662406e-07
47300 1.666668e-06 4.7140404938778367e-07
47310 1.3333340000111022e-06 5.577730322908045e-07
47320 1.000002e-06 3.651491019668541e-07
47330 1.3333360000055512e-06 2.9814299327980087e-07
47340 2.9999979999999996e-06 2.9814120443038387e-07
47350 1.6666659999999998e-06 6.666660000005999e-07
47360 1.0000020000055513e-06 3.6514910196381357e-07
47370 2.6666659999999997e-06 3.6514691107662406e-07
47380 2.000002e-06 2.981412044303839e-07
47390 2.999998e-06 2.981412044303839e-07
47400 1.666666000005551e-06 6.666659999978244e-07
47410 1.666666000005551e-06 6.666659999978244e-07
47420 1.0000000000111022e-06 5.962844213188527e-07
47430 1.0000020000111023e-06 3.6514910196077315e-07
47440 1.0000020000055513e-06 3.6514910196381357e-07
47450 3.3333400001110226e-07 2.981429932822834e-07
47460 1.3333340000055511e-06 5.577730322934584e-07
47470 1.66667e-06 0.0
47480 1.3333340000055511e-06 5.577730322934584e-07
47490 1.666668e-06 4.7140404938778367e-07
47500 2e-06 5.577725542046685e-07
47510 2.333332000005551e-06 5.962839741046366e-07
47520 2.999998e-06 2.981412044303839e-07
47530 2.000002e-06 2.9814120443038397e-07
47540 2.000000000005551e-06 5.577725542006876e-07
47550 1.3333340000055511e-06 5.577730322934584e-07
47560 2.000002e-06 2.981412044303839e-07
47570 1.333332000005551e-06 7.302960130414511e-07
47580 1.0000020000055513e-06 3.6514910196381357e-07
47590 1.666668e-06 4.7140404938778367e-07
47600 1.6666659999999998e-06 6.666660000005999e-07
47610 1.666668e-06 4.7140404938778367e-07
47620 1.0000000000111022e-06 5.962844213188527e-07
47630 2.666664e-06 5.962841977151499e-07
47640 1.000000000005551e-06 5.962844213207147e-07
47650 1.666668000005551e-06 4.714040493838584e-07
47660 3.3333300000000003e-06 1.8940232492426094e-22
47670 1.666668e-06 4.7140404938778367e-07
47680 1.666666000005551e-06 6.666659999978244e-07
47690 2.6666659999999997e-06 3.6514691107662406e-07
47700 1.666666000011102e-06 6.666659999950488e-07
47710 1.3333340000055511e-06 5.577730322934584e-07
47720 1.666668000005551e-06 4.714040493838584e-07
47730 1.3333340000055511e-06 5.577730322934584e-07
47740 1.666666000005551e-06 6.666659999978244e-07
47750 1.666668000005551e-06 4.714040493838584e-07
47760 2.333334e-06 3.6514691107662406e-07
47770 2.6666659999999997e-06 3.6514691107662406e-07
47780 6.666680000111022e-07 3.651491019628001e-07
47790 2.000002e-06 2.981412044303839e-07
47800 6.666680000111022e-07 3.651491019628001e-07
47810 1.0000020000111023e-06 3.6514910196077315e-07
47820 1.666668e-06 4.7140404938778367e-07
47830 6.666680000111022e-07 3.651491019628001e-07
47840 1.0000020000055513e-06 3.6514910196381357e-07
47850 1.666666000005551e-06 6.666659999978244e-07
47860 2.333334e-06 3.6514691107662406e-07
47870 1.666668000005551e-06 4.714040493838584e-07
47880 1.3333340000111022e-06 5.577730322908045e-07
47890 6.666680000055511e-07 3.6514910196482715e-07
47900 2e-06 5.577725542046685e-07
47910 2e-06 5.577725542046685e-07
47920 2.000000000005551e-06 5.577725542006877e-07
47930 2.000002e-06 2.9814120443038387e-07
47940 2.333334e-06 3.6514691107662406e-07
47950 1.3333360000055512e-06 2.9814299327980087e-07
47960 2.333334e-06 3.65146911076624e-07
47970 1.666668e-06 4.7140404938778367e-07
47980 1.666668e-06 4.7140404938778367e-07
47990 2.000002e-06 2.9814120443038397e-07
48000 1.66667e-06 0.0
48010 1.666666000005551e-06 6.666659999978244e-07
48020 1.0000020000055513e-06 3.6514910196381357e-07
48030 6.666680000055511e-07 3.6514910196482715e-07
48040 1.666666000011102e-06 6.666659999950488e-07
48050 1.666668000005551e-06 4.714040493838584e-07
48060 1.666668e-06 4.7140404938778367e-07
48070 1.0000020000055513e-06 3.6514910196381357e-07
48080 2.3333320000055512e-06 5.962839741046365e-07
48090 1.666666000005551e-06 6.666659999978244e-07
48100 1.666668000005551e-06 4.714040493838584e-07
48110 2.333334e-06 3.6514691107662406e-07
48120 1.3333360000000002e-06 2.9814299328476596e-07
48130 2.333332000005551e-06 5.962839741046366e-07
48140 2.333334e-06 3.6514691107662406e-07
48150 2.000002e-06 2.981412044303839e-07
48160 1.3333340000055511e-06 5.577730322934584e-07
48170 2e-06 5.577725542046685e-07
48180 2.6666659999999997e-06 3.6514691107662406e-07
48190 2e-06 5.577725542046685e-07
48200 1.6666659999999998e-06 6.666660000005999e-07
48210 1.3333360000055512e-06 2.9814299327980087e-07
48220 1.666666000005551e-06 6.666659999978244e-07
48230 1.6666659999999998e-06 6.666660000005999e-07
48240 1.0000020000055513e-06 3.6514910196381357e-07
48250 2.333334e-06 3.6514691107662406e-07
48260 2e-06 5.577725542046685e-07
48270 2e-06 5.577725542046685e-07
48280 2.000002e-06 2.9814120443038397e-07
48290 2.999998e-06 2.9814120443038387e-07
48300 1.666668e-06 4.7140404938778367e-07
48310 1.666668000005551e-06 4.714040493838584e-07
48320 2.000000000005551e-06 5.577725542006876e-07
48330 1.0000020000055513e-06 3.6514910196381357e-07
48340 6.666680000111022e-07 3.651491019628001e-07
48350 2.333334e-06 3.6514691107662406e-07
48360 2.000000000005551e-06 5.577725542006877e-07
48370 1.0000020000111023e-06 3.651491019607731e-07
48380 1.3333360000000002e-06 2.9814299328476596e-07
48390 2.000002e-06 2.981412044303839e-07
48400 2.000002e-06 2.9814120443038397e-07
48410 2.3333319999999998e-06 5.962839741089811e-07
48420 1.666668e-06 4.7140404938778367e-07
48430 2.6666659999999997e-06 3.6514691107662406e-07
48440 1.0000020000111023e-06 3.6514910196077315e-07
48450 2.000002e-06 2.9814120443038387e-07
48460 6.666680000111022e-07 3.651491019628001e-07
48470 1.666668000005551e-06 4.714040493838584e-07
48480 2.333334e-06 3.6514691107662406e-07
48490 2.333334e-06 3.6514691107662406e-07
48500 2.333334e-06 3.65146911076624e-07
48510 2.333332e-06 5.962839741089811e-07
48520 1.0000020000111023e-06 3.6514910196077315e-07
48530 1.3333340000055511e-06 5.577730322934584e-07
48540 1.666668000005551e-06 4.714040493838584e-07
48550 1.000000000005551e-06 5.962844213207147e-07
48560 2.6666659999999997e-06 3.6514691107662406e-07
48570 2e-06 5.577725542046685e-07
48580 2.000000000005551e-06 5.577725542006876e-07
48590 6.666680000111022e-07 3.651491019628001e-07
48600 1.666666000011102e-06 6.666659999950488e-07
48610 2.666666e-06 3.6514691107662406e-07
48620 2.333334e-06 3.6514691107662406e-07
48630 2.3333319999999998e-06 5.962839741089811e-07
48640 1.66667e-06 0.0
48650 2.333334e-06 3.65146911076624e-07
48660 2.000000000005551e-06 5.577725542006876e-07
48670 1.666668e-06 4.7140404938778367e-07
48680 1.666668e-06 4.7140404938778367e-07
48690 1.666668e-06 4.7140404938778367e-07
48700 1.3333360000055512e-06 2.9814299327980087e-07
48710 1.0000020000111023e-06 3.6514910196077315e-07
48720 1.3333340000055511e-06 5.577730322934584e-07
48730 1.0000020000055513e-06 3.6514910196381357e-07
48740 1.666668000005551e-06 4.714040493838584e-07
48750 2.333334e-06 3.6514691107662406e-07
48760 1.3333360000055512e-06 2.9814299327980087e-07
48770 1.666668e-06 4.7140404938778367e-07
48780 1.6666659999999998e-06 6.666660000005999e-07
48790 2.6666659999999997e-06 3.6514691107662406e-07
48800 1.666668e-06 4.7140404938778367e-07
48810 1.3333360000055512e-06 2.9814299327980087e-07
48820 3.3333400001110226e-07 2.981429932822834e-07
48830 1.666668000005551e-06 4.714040493838584e-07
48840 2.333334e-06 3.6514691107662406e-07
48850 2.333334e-06 3.6514691107662406e-07
48860 1.666666000005551e-06 6.666659999978244e-07
48870 2.333334e-06 3.6514691107662406e-07
48880 1.66667e-06 0.0
48890 1.000000000005551e-06 5.962844213207147e-07
48900 1.3333340000055511e-06 5.577730322934584e-07
48910 2.333332000005551e-06 5.962839741046366e-07
48920 1.3333360000055512e-06 2.9814299327980087e-07
48930 6.666680000055511e-07 3.6514910196482715e-07
48940 6.666680000111022e-07 3.651491019628001e-07
48950 1.000000000005551e-06 5.962844213207147e-07
48960 1.666668000005551e-06 4.714040493838584e-07
48970 1.6666659999999998e-06 6.666660000005999e-07
48980 2e-06 5.577725542046685e-07
48990 2.333332000005551e-06 5.962839741046366e-07
49000 1.3333340000055511e-06 5.577730322934584e-07
49010 1.66667e-06 0.0
49020 1.666668000005551e-06 4.714040493838584e-07
49030 1.666668000005551e-06 4.714040493838584e-07
49040 2.333334e-06 3.6514691107662406e-07
49050 2.333334e-06 3.6514691107662406e-07
49060 1.666668000005551e-06 4.714040493838584e-07
49070 3.3333400001665334e-07 2.981429932810421e-07
49080 1.666668e-06 4.7140404938778367e-07
49090 1.9999980000055513e-06 7.302960130404375e-07
49100 1.0000000000166533e-06 5.962844213169908e-07
49110 6.666680000111022e-07 3.651491019628001e-07
49120 1.3333340000111022e-06 5.577730322908045e-07
49130 2.6666659999999997e-06 3.6514691107662406e-07
49140 1.9999980000055513e-06 7.302960130404375e-07
49150 6.666660000166533e-07 5.962841977114261e-07
49160 1.3333360000055512e-06 2.9814299327980087e-07
49170 2.333334e-06 3.6514691107662406e-07
49180 2.000002e-06 2.9814120443038397e-07
49190 2.6666659999999997e-06 3.6514691107662406e-07
49200 1.3333340000111022e-06 5.577730322908045e-07
49210 2.333334e-06 3.6514691107662406e-07
49220 1.3333360000055512e-06 2.9814299327980087e-07
49230 2e-06 5.577725542046685e-07
49240 2e-06 5.577725542046685e-07
49250 1.666668000005551e-06 4.714040493838584e-07
49260 2.3333320000055512e-06 5.962839741046365e-07
49270 6.666680000055511e-07 3.6514910196482715e-07
49280 2.000002e-06 2.9814120443038387e-07
49290 1.666668000005551e-06 4.714040493838584e-07
49300 1.3333360000000002e-06 2.9814299328476596e-07
49310 1.0000000000111022e-06 5.962844213188527e-07
49320 1.3333360000055512e-06 2.9814299327980087e-07
49330 1.666668e-06 4.7140404938778367e-07
49340 2.6666659999999997e-06 3.6514691107662406e-07
49350 2.6666659999999997e-06 3.6514691107662406e-07
49360 1.0000020000055513e-06 3.6514910196381357e-07
49370 2.000002e-06 2.9814120443038397e-07
49380 1.3333360000055512e-06 2.9814299327980087e-07
49390 1.666668000005551e-06 4.714040493838584e-07
49400 1.666668000005551e-06 4.714040493838584e-07
49410 1.3333339999999999e-06 5.577730322961123e-07
49420 1.666668e-06 4.7140404938778367e-07
49430 1.3333339999999999e-06 5.577730322961123e-07
49440 2.333334e-06 3.6514691107662406e-07
49450 2.000002e-06 2.981412044303839e-07
49460 1.666666000005551e-06 6.666659999978244e-07
49470 1.666668000005551e-06 4.714040493838584e-07
49480 1.666668e-06 4.7140404938778367e-07
49490 3.3333400001110226e-07 2.981429932822834e-07
49500 2.000002e-06 2.9814120443038387e-07
49510 6.666680000055511e-07 3.6514910196482715e-07
49520 1.0000020000055513e-06 3.6514910196381357e-07
49530 1.3333340000055511e-06 5.577730322934584e-07
49540 1.0000020000111023e-06 3.6514910196077315e-07
49550 2.3333319999999998e-06 5.962839741089811e-07
49560 2e-06 5.577725542046685e-07
49570 1.9999980000055513e-06 7.302960130404375e-07
49580 1.666668e-06 4.7140404938778367e-07
49590 1.666666000011102e-06 6.666659999950488e-07
49600 6.666680000111022e-07 3.651491019628001e-07
49610 3.3333400001110226e-07 2.981429932822834e-07
49620 2.333332e-06 5.962839741089811e-07
49630 2e-06 5.577725542046685e-07
49640 1.666668000005551e-06 4.714040493838584e-07
49650 6.666660000166533e-07 5.962841977114261e-07
49660 1.9999980000055513e-06 7.302960130404375e-07
49670 2.3333319999999998e-06 5.962839741089811e-07
49680 6.666680000111022e-07 3.651491019628001e-07
49690 1.3333360000055512e-06 2.9814299327980087e-07
49700 2.3333319999999998e-06 5.962839741089811e-07
49710 2.000000000005551e-06 5.577725542006876e-07
49720 1.666668000005551e-06 4.714040493838584e-07
49730 1.666668000005551e-06 4.714040493838584e-07
49740 1.666666000005551e-06 6.666659999978244e-07
49750 1.666668e-06 4.7140404938778367e-07
49760 2.6666659999999997e-06 3.6514691107662406e-07
49770 1.666668e-06 4.7140404938778367e-07
49780 2.333332000005551e-06 5.962839741046366e-07
49790 2.666666e-06 3.6514691107662406e-07
49800 2.000002e-06 2.9814120443038397e-07
49810 2.6666659999999997e-06 3.6514691107662406e-07
49820 1.666668e-06 4.7140404938778367e-07
49830 1.3333360000055512e-06 2.9814299327980087e-07
49840 2.333332e-06 5.962839741089811e-07
49850 2.000002e-06 2.9814120443038397e-07
49860 1.666668e-06 4.7140404938778367e-07
49870 1.666668e-06 4.7140404938778367e-07
49880 2.333334e-06 3.6514691107662406e-07
49890 2.333334e-06 3.6514691107662406e-07
49900 1.666668000005551e-06 4.714040493838584e-07
49910 1.66667e-06 0.0
49920 1.3333340000055511e-06 5.577730322934584e-07
49930 2.000002e-06 2.981412044303839e-07
49940 2.6666659999999997e-06 3.6514691107662406e-07
49950 2.6666659999999997e-06 3.6514691107662406e-07
49960 2.999998e-06 2.981412044303839e-07
49970 1.3333360000055512e-06 2.9814299327980087e-07
49980 1.666668000005551e-06 4.714040493838584e-07
49990 1.666668000005551e-06 4.714040493838584e-07
50000 2e-06 5.577725542046685e-07
50010 1.666668e-06 4.7140404938778367e-07
50020 1.3333340000055511e-06 5.577730322934584e-07
50030 2.000000000005551e-06 5.577725542006877e-07
50040 1.666668000005551e-06 4.714040493838584e-07
50050 1.666666000005551e-06 6.666659999978244e-07
50060 2e-06 5.577725542046685e-07
50070 1.666666000011102e-06 6.666659999950488e-07
50080 1.666666000005551e-06 6.666659999978243e-07
50090 2.000002e-06 2.9814120443038387e-07
50100 2e-06 5.577725542046685e-07
50110 1.666668000005551e-06 4.714040493838584e-07
50120 1.666668000005551e-06 4.714040493838584e-07
50130 1.666668000005551e-06 4.714040493838584e-07
50140 2.6666659999999997e-06 3.6514691107662406e-07
50150 1.3333340000055511e-06 5.577730322934584e-07
50160 1.3333340000055511e-06 5.577730322934584e-07
50170 3.3333400001665334e-07 2.9814299328104214e-07
50180 2e-06 5.577725542046685e-07
50190 1.66667e-06 0.0
50200 1.3333340000111022e-06 5.577730322908044e-07
50210 1.666668000005551e-06 4.714040493838584e-07
50220 1.3333340000055511e-06 5.577730322934584e-07
50230 1.666668000005551e-06 4.714040493838584e-07
50240 1.666668000005551e-06 4.714040493838584e-07
50250 1.3333360000055512e-06 2.9814299327980087e-07
50260 1.3333360000055512e-06 2.9814299327980087e-07
50270 2.000002e-06 2.981412044303839e-07
50280 2.333334e-06 3.6514691107662406e-07
50290 2.6666659999999997e-06 3.6514691107662406e-07
50300 2.333334e-06 3.6514691107662406e-07
50310 1.3333340000055511e-06 5.577730322934584e-07
50320 1.3333340000055511e-06 5.577730322934584e-07
50330 2.333334e-06 3.6514691107662406e-07
50340 1.666666000005551e-06 6.666659999978244e-07
50350 1.3333340000111022e-06 5.577730322908044e-07
50360 2.000000000005551e-06 5.577725542006877e-07
50370 1.3333339999999999e-06 5.577730322961123e-07
50380 1.3333360000055512e-06 2.9814299327980087e-07
50390 2.000000000005551e-06 5.577725542006876e-07
50400 2.333334e-06 3.6514691107662406e-07
50410 2.333334e-06 3.6514691107662406e-07
50420 2.000002e-06 2.981412044303839e-07
50430 1.666668e-06 4.7140404938778367e-07
50440 2.333334e-06 3.6514691107662406e-07
50450 1.0000000000166533e-06 5.962844213169908e-07
50460 1.0000000000111022e-06 5.962844213188527e-07
50470 1.0000020000055513e-06 3.6514910196381357e-07
50480 2.000000000005551e-06 5.577725542006876e-07
50490 2.6666659999999997e-06 3.6514691107662406e-07
50500 2.000002e-06 2.981412044303839e-07
50510 2.333334e-06 3.6514691107662406e-07
50520 1.666668000005551e-06 4.714040493838584e-07
50530 2.000000000005551e-06 5.577725542006877e-07
50540 1.3333360000055512e-06 2.9814299327980087e-07
50550 1.000002e-06 3.651491019668541e-07
50560 1.666668e-06 4.7140404938778367e-07
50570 1.666668e-06 4.7140404938778367e-07
50580 2.000002e-06 2.9814120443038387e-07
50590 2.000000000005551e-06 5.577725542006877e-07
50600 1.666668e-06 4.7140404938778367e-07
50610 1.3333360000000002e-06 2.9814299328476596e-07
50620 1.666668000005551e-06 4.714040493838584e-07
50630 1.3333340000055511e-06 5.577730322934584e-07
50640 2.333332000005551e-06 5.962839741046366e-07
50650 2.333334e-06 3.6514691107662406e-07
50660 2.333334e-06 3.6514691107662406e-07
50670 1.3333340000055511e-06 5.577730322934584e-07
50680 1.3333360000000002e-06 2.9814299328476596e-07
50690 1.666668e-06 4.7140404938778367e-07
50700 2.333332e-06 5.962839741089811e-07
50710 1.666668e-06 4.7140404938778367e-07
50720 2.3333320000055512e-06 5.962839741046365e-07
50730 1.3333340000055511e-06 5.577730322934584e-07
50740 1.3333360000055512e-06 2.9814299327980087e-07
50750 1.666668000005551e-06 4.714040493838584e-07
50760 1.666668000005551e-06 4.714040493838584e-07
50770 1.3333360000055512e-06 2.9814299327980087e-07
50780 1.666668000005551e-06 4.714040493838584e-07
50790 1.666666000005551e-06 6.666659999978244e-07
50800 2.6666659999999997e-06 3.6514691107662406e-07
50810 2.333332000005551e-06 5.962839741046366e-07
50820 2.6666659999999997e-06 3.6514691107662406e-07
50830 1.666668e-06 4.7140404938778367e-07
50840 1.3333340000055511e-06 5.577730322934584e-07
50850 6.666680000111022e-07 3.651491019628001e-07
50860 1.666666000005551e-06 6.666659999978244e-07
50870 1.3333339999999999e-06 5.577730322961123e-07
50880 1.000000000005551e-06 5.962844213207147e-07
50890 2.333332000005551e-06 5.962839741046366e-07
50900 1.3333340000055511e-06 5.577730322934584e-07
50910 2.333334e-06 3.6514691107662406e-07
50920 1.3333360000000002e-06 2.9814299328476596e-07
50930 1.3333340000055511e-06 5.577730322934584e-07
50940 2.333334e-06 3.65146911076624e-07
50950 1.666668e-06 4.7140404938778367e-07
50960 1.666668e-06 4.7140404938778367e-07
50970 1.666668000005551e-06 4.714040493838584e-07
50980 2e-06 5.577725542046685e-07
50990 2.333334e-06 3.6514691107662406e-07
51000 1.666668000005551e-06 4.714040493838584e-07
51010 1.3333360000000002e-06 2.9814299328476596e-07
51020 2.000000000005551e-06 5.577725542006876e-07
51030 2.000000000005551e-06 5.577725542006876e-07
51040 1.666668e-06 4.7140404938778367e-07
51050 1.3333340000055511e-06 5.577730322934584e-07
51060 1.0000020000055513e-06 3.6514910196381357e-07
51070 2.000000000005551e-06 5.577725542006876e-07
51080 2.333334e-06 3.65146911076624e-07
51090 1.666668e-06 4.7140404938778367e-07
51100 2.000002e-06 2.9814120443038387e-07
51110 2.000000000005551e-06 5.577725542006876e-07
51120 2.000002e-06 2.981412044303839e-07
51130 1.666668e-06 4.7140404938778367e-07
51140 1.666668e-06 4.7140404938778367e-07
51150 2.000000000005551e-06 5.577725542006877e-07
51160 2.333332000005551e-06 5.962839741046366e-07
51170 1.666666000011102e-06 6.666659999950488e-07
51180 2.333334e-06 3.6514691107662406e-07
51190 2.000000000005551e-06 5.577725542006876e-07
51200 2.666666e-06 3.6514691107662406e-07
51210 2.333332e-06 5.962839741089811e-07
51220 1.3333360000055512e-06 2.9814299327980087e-07
51230 2.333334e-06 3.6514691107662406e-07
51240 2.000002e-06 2.981412044303839e-07
51250 2.999998e-06 2.981412044303839e-07
51260 1.3333360000000002e-06 2.9814299328476596e-07
51270 1.666668000005551e-06 4.714040493838584e-07
51280 1.666666000005551e-06 6.666659999978244e-07
51290 1.3333340000055511e-06 5.577730322934584e-07
51300 2.000000000005551e-06 5.577725542006876e-07
51310 2.333334e-06 3.6514691107662406e-07
51320 1.0000020000055513e-06 3.6514910196381357e-07
51330 2.000000000005551e-06 5.577725542006877e-07
51340 1.0000020000111023e-06 3.6514910196077315e-07
51350 1.0000000000111022e-06 5.962844213188527e-07
51360 1.3333360000000002e-06 2.9814299328476596e-07
51370 2.3333320000055512e-06 5.962839741046365e-07
51380 1.3333340000111022e-06 5.577730322908044e-07
51390 1.666666000005551e-06 6.666659999978244e-07
51400 1.666666000005551e-06 6.666659999978244e-07
51410 2.000000000005551e-06 5.577725542006876e-07
51420 2.000002e-06 2.981412044303839e-07
51430 6.666660000111022e-07 5.962841977126673e-07
51440 1.666666000005551e-06 6.666659999978244e-07
51450 1.3333340000055511e-06 5.577730322934584e-07
51460 2.000000000005551e-06 5.577725542006876e-07
51470 2.000002e-06 2.9814120443038387e-07
51480 1.3333360000055512e-06 2.9814299327980087e-07
51490 1.66667e-06 0.0
51500 2.000000000005551e-06 5.577725542006876e-07
51510 2.000000000005551e-06 5.577725542006876e-07
51520 1.3333360000055512e-06 2.9814299327980087e-07
51530 1.66667e-06 0.0
51540 1.666668000005551e-06 4.714040493838584e-07
51550 1.0000020000111023e-06 3.6514910196077315e-07
51560 2.6666659999999997e-06 3.6514691107662406e-07
51570 2.000000000005551e-06 5.577725542006876e-07
51580 2.333334e-06 3.6514691107662406e-07
51590 6.666680000111022e-07 3.651491019628001e-07
51600 1.3333360000055512e-06 2.9814299327980087e-07
51610 1.3333360000055512e-06 2.9814299327980087e-07
51620 1.666668e-06 4.7140404938778367e-07
51630 1.666668000005551e-06 4.714040493838584e-07
51640 6.666680000055511e-07 3.6514910196482715e-07
51650 1.3333360000000002e-06 2.9814299328476596e-07
51660 2e-06 5.577725542046685e-07
51670 1.666668e-06 4.7140404938778367e-07
51680 1.66667e-06 0.0
51690 2.6666659999999997e-06 3.6514691107662406e-07
51700 1.666668000005551e-06 4.714040493838584e-07
51710 2.333332000005551e-06 5.962839741046366e-07
51720 2.333332000005551e-06 5.962839741046366e-07
51730 1.333332000005551e-06 7.302960130414511e-07
51740 1.3333340000055511e-06 5.577730322934584e-07
51750 1.9999980000111023e-06 7.302960130373971e-07
51760 2e-06 5.577725542046685e-07
51770 1.3333360000000002e-06 2.9814299328476596e-07
51780 2.333334e-06 3.6514691107662406e-07
51790 2e-06 5.577725542046685e-07
51800 2.666664e-06 5.962841977151499e-07
51810 2.000002e-06 2.981412044303839e-07
51820 1.3333340000055511e-06 5.577730322934584e-07
51830 1.666668e-06 4.7140404938778367e-07
51840 1.0000020000055513e-06 3.6514910196381357e-07
51850 1.666668000005551e-06 4.714040493838584e-07
51860 1.3333340000055511e-06 5.577730322934584e-07
51870 1.3333360000000002e-06 2.9814299328476596e-07
51880 1.0000020000055513e-06 3.6514910196381357e-07
51890 1.666666000011102e-06 6.666659999950488e-07
51900 1.0000020000055513e-06 3.6514910196381357e-07
51910 2.6666659999999997e-06 3.6514691107662406e-07
51920 2.333334e-06 3.6514691107662406e-07
51930 1.666668e-06 4.7140404938778367e-07
51940 1.666668000005551e-06 4.714040493838584e-07
51950 1.3333340000055511e-06 5.577730322934584e-07
51960 1.3333360000055512e-06 2.9814299327980087e-07
51970 1.3333360000055512e-06 2.9814299327980087e-07
51980 1.666666000005551e-06 6.666659999978244e-07
51990 1.666666000011102e-06 6.666659999950488e-07
52000 2.3333319999999998e-06 5.962839741089811e-07
52010 2.000002e-06 2.9814120443038387e-07
52020 1.3333360000055512e-06 2.9814299327980087e-07
52030 2.333334e-06 3.6514691107662406e-07
52040 1.666666000005551e-06 6.666659999978244e-07
52050 1.0000020000111023e-06 3.651491019607731e-07
52060 1.66667e-06 0.0
52070 1.3333339999999999e-06 5.577730322961123e-07
52080 2.000000000005551e-06 5.577725542006877e-07
52090 1.666668000005551e-06 4.714040493838584e-07
52100 1.3333339999999999e-06 5.577730322961123e-07
52110 1.3333340000111022e-06 5.577730322908045e-07
52120 1.3333360000055512e-06 2.9814299327980087e-07
52130 1.666668000005551e-06 4.714040493838584e-07
52140 1.3333340000055511e-06 5.577730322934584e-07
52150 1.66667e-06 0.0
52160 1.3333339999999999e-06 5.577730322961123e-07
52170 6.666680000111022e-07 3.651491019628001e-07
52180 1.666666000005551e-06 6.666659999978244e-07
52190 2.000000000005551e-06 5.577725542006876e-07
52200 2.333334e-06 3.65146911076624e-07
52210 2.333332000005551e-06 5.962839741046366e-07
52220 1.3333360000000002e-06 2.9814299328476596e-07
52230 2.000002e-06 2.9814120443038387e-07
52240 1.0000020000055513e-06 3.6514910196381357e-07
52250 1.3333340000055511e-06 5.577730322934584e-07
52260 2.000002e-06 2.981412044303839e-07
52270 2.000000000005551e-06 5.577725542006877e-07
52280 1.3333360000055512e-06 2.9814299327980087e-07
52290 2.000000000005551e-06 5.577725542006876e-07
52300 1.333332000011102e-06 7.302960130394243e-07
52310 1.000002e-06 3.651491019668541e-07
52320 6.666680000055511e-07 3.6514910196482715e-07
52330 1.66667e-06 0.0
52340 1.666668000005551e-06 4.714040493838584e-07
52350 2.333334e-06 3.6514691107662406e-07
52360 1.0000000000111022e-06 5.962844213188527e-07
52370 3.3333400001665334e-07 2.9814299328104214e-07
52380 1.666668000005551e-06 4.714040493838584e-07
52390 1.666668e-06 4.7140404938778367e-07
52400 2.000000000005551e-06 5.577725542006876e-07
52410 1.000002e-06 3.651491019668541e-07
52420 1.0000020000111023e-06 3.6514910196077315e-07
52430 2.000000000005551e-06 5.577725542006876e-07
52440 2.000000000005551e-06 5.577725542006876e-07
52450 1.000000000005551e-06 5.962844213207147e-07
52460 1.666668e-06 4.7140404938778367e-07
52470 1.0000000000111022e-06 5.962844213188527e-07
52480 1.666668000005551e-06 4.714040493838584e-07
52490 2.6666659999999997e-06 3.6514691107662406e-07
52500 1.3333360000055512e-06 2.9814299327980087e-07
52510 1.666668e-06 4.7140404938778367e-07
52520 3.3333400001110226e-07 2.981429932822834e-07
52530 6.666680000111022e-07 3.651491019628001e-07
52540 1.3333340000111022e-06 5.577730322908045e-07
52550 1.3333360000000002e-06 2.9814299328476596e-07
52560 1.666668e-06 4.7140404938778367e-07
52570 1.6666659999999998e-06 6.666660000005999e-07
52580 1.3333360000055512e-06 2.9814299327980087e-07
52590 1.0000020000055513e-06 3.6514910196381357e-07
52600 2.333332000005551e-06 5.962839741046366e-07
52610 1.3333360000055512e-06 2.9814299327980087e-07
52620 1.666668000005551e-06 4.714040493838584e-07
52630 1.666666000005551e-06 6.666659999978244e-07
52640 6.666680000111022e-07 3.651491019628001e-07
52650 1.666668000005551e-06 4.714040493838584e-07
52660 1.3333340000055511e-06 5.577730322934584e-07
52670 1.66667e-06 0.0
52680 1.3333360000055512e-06 2.9814299327980087e-07
52690 1.3333340000055511e-06 5.577730322934584e-07
52700 6.666680000111022e-07 3.651491019628001e-07
52710 1.3333360000055512e-06 2.9814299327980087e-07
52720 1.3333340000055511e-06 5.577730322934584e-07
52730 2.333334e-06 3.6514691107662406e-07
52740 2.333334e-06 3.6514691107662406e-07
52750 2.333334e-06 3.6514691107662406e-07
52760 2.333332000005551e-06 5.962839741046366e-07
52770 2e-06 5.577725542046685e-07
52780 1.0000000000111022e-06 5.962844213188527e-07
52790 2e-06 5.577725542046685e-07
52800 1.666668e-06 4.7140404938778367e-07
52810 1.0000020000055513e-06 3.6514910196381357e-07
52820 2.333334e-06 3.6514691107662406e-07
52830 1.666668000005551e-06 4.714040493838584e-07
52840 1.666666000005551e-06 6.666659999978244e-07
52850 1.0000020000055513e-06 3.6514910196381357e-07
52860 1.000000000005551e-06 5.962844213207147e-07
52870 1.3333360000055512e-06 2.9814299327980087e-07
52880 2.000002e-06 2.9814120443038387e-07
52890 1.666666000005551e-06 6.666659999978244e-07
52900 6.666680000111022e-07 3.651491019628001e-07
52910 1.666666000005551e-06 6.666659999978244e-07
52920 1.666668000005551e-06 4.714040493838584e-07
52930 2.000000000005551e-06 5.577725542006876e-07
52940 2.000002e-06 2.9814120443038387e-07
52950 1.3333360000000002e-06 2.9814299328476596e-07
52960 1.666668e-06 4.7140404938778367e-07
52970 2.000000000005551e-06 5.577725542006877e-07
52980 2.000002e-06 2.9814120443038397e-07
52990 1.666668000005551e-06 4.714040493838584e-07
53000 2.000002e-06 2.981412044303839e-07
53010 2.333334e-06 3.65146911076624e-07
53020 3.3333400001665334e-07 2.9814299328104214e-07
53030 1.6666659999999998e-06 6.666660000005999e-07
53040 6.666680000055511e-07 3.6514910196482715e-07
53050 2.333334e-06 3.6514691107662406e-07
53060 2.333334e-06 3.65146911076624e-07
53070 1.0000020000111023e-06 3.6514910196077315e-07
53080 2.3333319999999998e-06 5.962839741089811e-07
53090 2.000000000005551e-06 5.577725542006877e-07
53100 2.000000000005551e-06 5.577725542006876e-07
53110 1.6666659999999998e-06 6.666660000005999e-07
53120 1.3333360000055512e-06 2.9814299327980087e-07
53130 6.666680000166534e-07 3.651491019607731e-07
53140 6.666680000111022e-07 3.651491019628001e-07
53150 1.0000020000111023e-06 3.6514910196077315e-07
53160 1.3333360000055512e-06 2.9814299327980087e-07
53170 1.9999980000055513e-06 7.302960130404375e-07
53180 1.0000000000111022e-06 5.962844213188527e-07
53190 1.666668e-06 4.7140404938778367e-07
53200 1.000000000005551e-06 5.962844213207147e-07
53210 2.6666659999999997e-06 3.6514691107662406e-07
53220 2.333332e-06 5.962839741089811e-07
53230 1.66667e-06 0.0
53240 2.000002e-06 2.9814120443038397e-07
53250 2.333332e-06 5.962839741089811e-07
53260 1.000000000005551e-06 5.962844213207147e-07
53270 2.000002e-06 2.9814120443038397e-07
53280 2.333334e-06 3.6514691107662406e-07
53290 6.666680000055511e-07 3.6514910196482715e-07
53300 2.333334e-06 3.6514691107662406e-07
53310 6.666680000166534e-07 3.651491019607731e-07
53320 2.000000000005551e-06 5.577725542006876e-07
53330 2.000002e-06 2.9814120443038397e-07
53340 1.3333340000055511e-06 5.577730322934584e-07
53350 2.999998e-06 2.981412044303839e-07
53360 2.333334e-06 3.6514691107662406e-07
53370 1.666666000005551e-06 6.666659999978244e-07
53380 1.0000020000055513e-06 3.6514910196381357e-07
53390 2.000002e-06 2.981412044303839e-07
53400 2e-06 5.577725542046685e-07
53410 2.000000000005551e-06 5.577725542006877e-07
53420 2.000000000005551e-06 5.577725542006877e-07
53430 1.000002e-06 3.651491019668541e-07
53440 1.0000020000055513e-06 3.6514910196381357e-07
53450 1.3333360000000002e-06 2.9814299328476596e-07
53460 1.3333360000000002e-06 2.9814299328476596e-07
53470 1.3333360000000002e-06 2.9814299328476596e-07
53480 2.000002e-06 2.981412044303839e-07
53490 1.3333340000111022e-06 5.577730322908044e-07
53500 1.666668000005551e-06 4.714040493838584e-07
53510 2.000002e-06 2.9814120443038397e-07
53520 2.000000000005551e-06 5.577725542006877e-07
53530 2.333334e-06 3.6514691107662406e-07
53540 2.333334e-06 3.65146911076624e-07
53550 1.000002e-06 3.651491019668541e-07
53560 2.6666659999999997e-06 3.6514691107662406e-07
53570 1.666668000005551e-06 4.714040493838584e-07
53580 2e-06 5.577725542046685e-07
53590 2.000000000005551e-06 5.577725542006876e-07
53600 1.666668e-06 4.7140404938778367e-07
53610 2.000000000005551e-06 5.577725542006876e-07
53620 1.66667e-06 0.0
53630 2.000002e-06 2.981412044303839e-07
53640 1.666668e-06 4.7140404938778367e-07
53650 6.666680000111022e-07 3.651491019628001e-07
53660 2.000002e-06 2.9814120443038397e-07
53670 1.666668e-06 4.7140404938778367e-07
53680 1.666668e-06 4.7140404938778367e-07
53690 2.6666659999999997e-06 3.6514691107662406e-07
53700 2.000000000005551e-06 5.577725542006877e-07
53710 2e-06 5.577725542046685e-07
53720 2.999998e-06 2.981412044303839e-07
53730 2.000002e-06 2.9814120443038387e-07
53740 1.3333340000111022e-06 5.577730322908045e-07
53750 2e-06 5.577725542046685e-07
53760 1.3333340000055511e-06 5.577730322934584e-07
53770 1.000002e-06 3.651491019668541e-07
53780 2e-06 5.577725542046685e-07
53790 2e-06 5.577725542046685e-07
53800 2.000000000005551e-06 5.577725542006876e-07
53810 2.333334e-06 3.6514691107662406e-07
53820 2.333334e-06 3.6514691107662406e-07
53830 1.0000020000055513e-06 3.6514910196381357e-07
53840 1.3333340000055511e-06 5.577730322934584e-07
53850 2.000000000005551e-06 5.577725542006877e-07
53860 2.999998e-06 2.981412044303839e-07
53870 2e-06 5.577725542046685e-07
53880 1.666668000005551e-06 4.714040493838584e-07
53890 1.3333340000111022e-06 5.577730322908045e-07
53900 2.000000000005551e-06 5.577725542006876e-07
53910 1.3333360000000002e-06 2.9814299328476596e-07
53920 1.666666000005551e-06 6.666659999978244e-07
53930 1.666668e-06 4.7140404938778367e-07
53940 1.666668e-06 4.7140404938778367e-07
53950 2.000002e-06 2.981412044303839e-07
53960 1.3333340000111022e-06 5.577730322908044e-07
53970 1.666668e-06 4.7140404938778367e-07
53980 1.666666000005551e-06 6.666659999978244e-07
53990 3.3333400001110226e-07 2.981429932822834e-07
54000 1.666666000005551e-06 6.666659999978244e-07
54010 2.666664000005551e-06 5.962841977101848e-07
54020 1.666668000005551e-06 4.714040493838584e-07
54030 1.3333360000000002e-06 2.9814299328476596e-07
54040 2.333334e-06 3.6514691107662406e-07
54050 1.666666000005551e-06 6.666659999978244e-07
54060 1.666668e-06 4.7140404938778367e-07
54070 2.333332000005551e-06 5.962839741046366e-07
54080 1.0000020000111023e-06 3.6514910196077315e-07
54090 2.000000000005551e-06 5.577725542006877e-07
54100 2e-06 5.577725542046685e-07
54110 2.666664e-06 5.962841977151498e-07
54120 1.3333360000000002e-06 2.9814299328476596e-07
54130 1.0000020000055513e-06 3.6514910196381357e-07
54140 2.6666659999999997e-06 3.6514691107662406e-07
54150 2e-06 5.577725542046685e-07
54160 2.333332e-06 5.962839741089811e-07
54170 2.333334e-06 3.6514691107662406e-07
54180 2.000002e-06 2.981412044303839e-07
54190 1.3333340000055511e-06 5.577730322934584e-07
54200 2e-06 5.577725542046685e-07
54210 1.666668000005551e-06 4.714040493838584e-07
54220 6.666680000111022e-07 3.651491019628001e-07
54230 1.3333340000055511e-06 5.577730322934584e-07
54240 1.666668e-06 4.7140404938778367e-07
54250 2.333334e-06 3.65146911076624e-07
54260 2e-06 5.577725542046685e-07
54270 1.3333340000055511e-06 5.577730322934584e-07
54280 1.666668e-06 4.7140404938778367e-07
54290 2.333334e-06 3.6514691107662406e-07
54300 1.666668e-06 4.7140404938778367e-07
54310 1.9999980000111023e-06 7.302960130373971e-07
54320 1.0000020000055513e-06 3.6514910196381357e-07
54330 2.000002e-06 2.9814120443038387e-07
54340 1.666666000005551e-06 6.666659999978243e-07
54350 1.666668000005551e-06 4.714040493838584e-07
54360 1.333332000005551e-06 7.302960130414511e-07
54370 1.6666659999999998e-06 6.666660000005999e-07
54380 2e-06 5.577725542046685e-07
54390 6.666680000111022e-07 3.651491019628001e-07
54400 2e-06 5.577725542046685e-07
54410 1.0000020000055513e-06 3.6514910196381357e-07
54420 2.333334e-06 3.6514691107662406e-07
54430 2.9999979999999996e-06 2.9814120443038387e-07
54440 1.3333340000055511e-06 5.577730322934584e-07
54450 2.3333319999999998e-06 5.962839741089811e-07
54460 6.666680000055511e-07 3.6514910196482715e-07
54470 1.666668e-06 4.7140404938778367e-07
54480 1.666668000005551e-06 4.714040493838584e-07
54490 1.666668000005551e-06 4.714040493838584e-07
54500 6.666680000055511e-07 3.6514910196482715e-07
54510 1.666668000005551e-06 4.714040493838584e-07
54520 1.66667e-06 0.0
54530 1.3333360000000002e-06 2.9814299328476596e-07
54540 1.3333360000055512e-06 2.9814299327980087e-07
54550 1.000002e-06 3.651491019668541e-07
54560 1.3333360000055512e-06 2.9814299327980087e-07
54570 2e-06 5.577725542046685e-07
54580 2.000000000005551e-06 5.577725542006876e-07
54590 6.666660000111022e-07 5.962841977126673e-07
54600 1.666668000005551e-06 4.714040493838584e-07
54610 1.3333340000055511e-06 5.577730322934584e-07
54620 2.333334e-06 3.6514691107662406e-07
54630 1.9999980000055513e-06 7.302960130404375e-07
54640 1.0000020000055513e-06 3.6514910196381357e-07
54650 6.666680000111022e-07 3.651491019628001e-07
54660 1.666666000005551e-06 6.666659999978244e-07
54670 2e-06 5.577725542046685e-07
54680 2.000002e-06 2.9814120443038397e-07
54690 2.3333319999999998e-06 5.962839741089811e-07
54700 6.666680000111022e-07 3.651491019628001e-07
54710 2.000002e-06 2.9814120443038387e-07
54720 2.000002e-06 2.981412044303839e-07
54730 2.000000000005551e-06 5.577725542006876e-07
54740 1.0000000000166533e-06 5.962844213169908e-07
54750 6.666680000055511e-07 3.6514910196482715e-07
54760 1.666668000005551e-06 4.714040493838584e-07
54770 1.0000020000055513e-06 3.6514910196381357e-07
54780 1.666666000005551e-06 6.666659999978244e-07
54790 2.6666659999999997e-06 3.6514691107662406e-07
54800 1.3333340000055511e-06 5.577730322934584e-07
54810 1.3333360000055512e-06 2.9814299327980087e-07
54820 2.000000000005551e-06 5.577725542006877e-07
54830 1.0000020000111023e-06 3.651491019607731e-07
54840 1.3333339999999999e-06 5.577730322961123e-07
54850 2.000002e-06 2.9814120443038397e-07
54860 1.3333339999999999e-06 5.577730322961123e-07
54870 1.3333340000055511e-06 5.577730322934584e-07
54880 2.000002e-06 2.9814120443038397e-07
54890 1.666668e-06 4.7140404938778367e-07
54900 1.666668000005551e-06 4.714040493838584e-07
54910 1.666668000005551e-06 4.714040493838584e-07
54920 2.000000000005551e-06 5.577725542006876e-07
54930 1.666666000005551e-06 6.666659999978244e-07
54940 1.3333340000111022e-06 5.577730322908045e-07
54950 2e-06 5.577725542046685e-07
54960 1.9999980000055513e-06 7.302960130404375e-07
54970 1.666668e-06 4.7140404938778367e-07
54980 1.3333360000000002e-06 2.9814299328476596e-07
54990 2.000002e-06 2.981412044303839e-07
55000 2.000000000005551e-06 5.577725542006876e-07
55010 2.000002e-06 2.9814120443038397e-07
55020 1.3333360000000002e-06 2.9814299328476596e-07
55030 1.666666000005551e-06 6.666659999978243e-07
55040 1.0000020000055513e-06 3.6514910196381357e-07
55050 1.666668000005551e-06 4.714040493838584e-07
55060 2.333334e-06 3.6514691107662406e-07
55070 1.3333360000055512e-06 2.9814299327980087e-07
55080 1.666668e-06 4.7140404938778367e-07
55090 1.666666000005551e-06 6.666659999978244e-07
55100 1.666668e-06 4.7140404938778367e-07
55110 6.666680000055511e-07 3.6514910196482715e-07
55120 2.333334e-06 3.6514691107662406e-07
55130 1.666668e-06 4.7140404938778367e-07
55140 2.000002e-06 2.9814120443038387e-07
55150 1.666668e-06 4.7140404938778367e-07
55160 1.3333340000055511e-06 5.577730322934584e-07
55170 1.0000020000055513e-06 3.6514910196381357e-07
55180 2.9999979999999996e-06 2.9814120443038387e-07
55190 2.6666659999999997e-06 3.6514691107662406e-07
55200 1.0000020000055513e-06 3.6514910196381357e-07
55210 1.9999980000055513e-06 7.302960130404375e-07
55220 1.3333360000000002e-06 2.9814299328476596e-07
55230 2.000002e-06 2.9814120443038397e-07
55240 1.6666659999999998e-06 6.666660000005999e-07
55250 1.666666000005551e-06 6.666659999978244e-07
55260 1.666666000005551e-06 6.666659999978244e-07
55270 2.333334e-06 3.6514691107662406e-07
55280 1.666668e-06 4.7140404938778367e-07
55290 2.6666659999999997e-06 3.6514691107662406e-07
55300 1.0000020000055513e-06 3.6514910196381357e-07
55310 2.000000000005551e-06 5.577725542006877e-07
55320 6.666680000055511e-07 3.6514910196482715e-07
55330 1.666668e-06 4.7140404938778367e-07
55340 1.666666000005551e-06 6.666659999978244e-07
55350 2e-06 5.577725542046685e-07
55360 1.6666659999999998e-06 6.666660000005999e-07
55370 1.3333340000055511e-06 5.577730322934584e-07
55380 2.3333319999999998e-06 5.962839741089811e-07
55390 2.000000000005551e-06 5.577725542006876e-07
55400 2.333334e-06 3.6514691107662406e-07
55410 2.333334e-06 3.6514691107662406e-07
55420 2.333332e-06 5.962839741089811e-07
55430 1.666668000005551e-06 4.714040493838584e-07
55440 2e-06 5.577725542046685e-07
55450 2.000002e-06 2.981412044303839e-07
55460 1.66667e-06 0.0
55470 1.3333340000055511e-06 5.577730322934584e-07
55480 2.333334e-06 3.6514691107662406e-07
55490 1.666668e-06 4.7140404938778367e-07
55500 2e-06 5.577725542046685e-07
55510 1.666668e-06 4.7140404938778367e-07
55520 1.3333340000055511e-06 5.577730322934584e-07
55530 1.0000020000055513e-06 3.6514910196381357e-07
55540 1.3333360000055512e-06 2.9814299327980087e-07
55550 1.333332000011102e-06 7.302960130394243e-07
55560 2.333334e-06 3.6514691107662406e-07
55570 1.666668e-06 4.7140404938778367e-07
55580 2.3333319999999998e-06 5.962839741089811e-07
55590 2.333332e-06 5.962839741089811e-07
55600 1.3333340000111022e-06 5.577730322908044e-07
55610 2e-06 5.577725542046685e-07
55620 1.666668e-06 4.7140404938778367e-07
55630 2.333334e-06 3.6514691107662406e-07
55640 6.666680000111022e-07 3.651491019628001e-07
55650 1.666668e-06 4.7140404938778367e-07
55660 1.0000020000055513e-06 3.6514910196381357e-07
55670 2.6666659999999997e-06 3.6514691107662406e-07
55680 1.666668000005551e-06 4.714040493838584e-07
55690 1.3333360000000002e-06 2.9814299328476596e-07
55700 1.666668000005551e-06 4.714040493838584e-07
55710 6.666680000111022e-07 3.651491019628001e-07
55720 1.666668000005551e-06 4.714040493838584e-07
55730 1.3333360000055512e-06 2.9814299327980087e-07
55740 1.000000000005551e-06 5.962844213207146e-07
55750 1.66667e-06 0.0
55760 1.66667e-06 0.0
55770 1.0000020000111023e-06 3.6514910196077315e-07
55780 1.3333360000000002e-06 2.9814299328476596e-07
55790 2.000000000005551e-06 5.577725542006876e-07
55800 1.666668e-06 4.7140404938778367e-07
55810 1.666668000005551e-06 4.714040493838584e-07
55820 2e-06 5.577725542046685e-07
55830 1.3333340000055511e-06 5.577730322934584e-07
55840 1.3333360000055512e-06 2.9814299327980087e-07
55850 6.666680000111022e-07 3.651491019628001e-07
55860 2.000000000005551e-06 5.577725542006876e-07
55870 1.66667e-06 0.0
55880 1.3333340000055511e-06 5.577730322934584e-07
55890 1.3333340000055511e-06 5.577730322934584e-07
55900 1.666666000011102e-06 6.666659999950488e-07
55910 2.333332000005551e-06 5.962839741046366e-07
55920 1.3333360000055512e-06 2.9814299327980087e-07
55930 1.666668e-06 4.7140404938778367e-07
55940 2.000000000005551e-06 5.577725542006877e-07
55950 1.0000020000055513e-06 3.6514910196381357e-07
55960 1.0000000000111022e-06 5.962844213188527e-07
55970 2.000002e-06 2.9814120443038387e-07
55980 1.3333340000111022e-06 5.577730322908045e-07
55990 2.000000000005551e-06 5.577725542006877e-07
56000 1.3333360000000002e-06 2.9814299328476596e-07
56010 2.333334e-06 3.6514691107662406e-07
56020 2.333334e-06 3.65146911076624e-07
56030 1.666666000005551e-06 6.666659999978244e-07
56040 1.0000020000111023e-06 3.6514910196077315e-07
56050 1.3333360000055512e-06 2.9814299327980087e-07
56060 6.666680000055511e-07 3.6514910196482715e-07
56070 1.0000020000111023e-06 3.6514910196077315e-07
56080 1.66667e-06 0.0
56090 2.000002e-06 2.9814120443038397e-07
56100 1.3333340000055511e-06 5.577730322934584e-07
56110 1.666668e-06 4.7140404938778367e-07
56120 6.666680000055511e-07 3.6514910196482715e-07
56130 1.666668000005551e-06 4.714040493838584e-07
56140 6.666680000111022e-07 3.651491019628001e-07
56150 1.666666000005551e-06 6.666659999978244e-07
56160 1.666668000005551e-06 4.714040493838584e-07
56170 1.666668000005551e-06 4.714040493838584e-07
56180 1.3333360000055512e-06 2.9814299327980087e-07
56190 2.000002e-06 2.981412044303839e-07
56200 1.0000020000111023e-06 3.6514910196077315e-07
56210 2.333332000005551e-06 5.962839741046366e-07
56220 1.666668000005551e-06 4.714040493838584e-07
56230 2.000000000005551e-06 5.577725542006877e-07
56240 2.000002e-06 2.981412044303839e-07
56250 2.3333320000055512e-06 5.962839741046365e-07
56260 2.000002e-06 2.9814120443038387e-07
56270 2.6666659999999997e-06 3.6514691107662406e-07
56280 2e-06 5.577725542046685e-07
56290 2.9999979999999996e-06 2.9814120443038387e-07
56300 2.333334e-06 3.6514691107662406e-07
56310 1.666668e-06 4.7140404938778367e-07
56320 1.666666000005551e-06 6.666659999978244e-07
56330 2.333334e-06 3.6514691107662406e-07
56340 1.3333340000055511e-06 5.577730322934584e-07
56350 1.0000020000055513e-06 3.6514910196381357e-07
56360 1.9999980000055513e-06 7.302960130404375e-07
56370 1.666666000005551e-06 6.666659999978244e-07
56380 1.0000020000111023e-06 3.651491019607731e-07
56390 2.333334e-06 3.6514691107662406e-07
56400 2.333334e-06 3.6514691107662406e-07
56410 1.666668000005551e-06 4.714040493838584e-07
56420 2.000002e-06 2.981412044303839e-07
56430 1.3333360000000002e-06 2.9814299328476596e-07
56440 1.000000000005551e-06 5.962844213207147e-07
56450 2.3333320000055512e-06 5.962839741046365e-07
56460 2.333334e-06 3.6514691107662406e-07
56470 1.666668e-06 4.7140404938778367e-07
56480 2.6666659999999997e-06 3.6514691107662406e-07
56490 2.000002e-06 2.9814120443038397e-07
56500 2.333334e-06 3.6514691107662406e-07
56510 1.666668e-06 4.7140404938778367e-07
56520 2.333332000005551e-06 5.962839741046366e-07
56530 1.666666000005551e-06 6.666659999978244e-07
56540 1.666668e-06 4.7140404938778367e-07
56550 2.000000000005551e-06 5.577725542006877e-07
56560 2.000000000005551e-06 5.577725542006877e-07
56570 2.000002e-06 2.9814120443038387e-07
56580 1.66667e-06 0.0
56590 1.666668e-06 4.7140404938778367e-07
56600 2.000002e-06 2.981412044303839e-07
56610 1.3333340000111022e-06 5.577730322908044e-07
56620 2.000000000005551e-06 5.577725542006877e-07
56630 1.3333360000055512e-06 2.9814299327980087e-07
56640 6.666660000111022e-07 5.962841977126673e-07
56650 1.666668e-06 4.7140404938778367e-07
56660 2.000002e-06 2.9814120443038397e-07
56670 1.666666000011102e-06 6.666659999950488e-07
56680 2.000002e-06 2.9814120443038387e-07
56690 2.333332000005551e-06 5.962839741046366e-07
56700 1.3333340000055511e-06 5.577730322934584e-07
56710 1.66667e-06 0.0
56720 1.666666000011102e-06 6.666659999950488e-07
56730 1.3333360000055512e-06 2.9814299327980087e-07
56740 2.000002e-06 2.981412044303839e-07
56750 1.666668e-06 4.7140404938778367e-07
56760 2.333334e-06 3.6514691107662406e-07
56770 1.666666000005551e-06 6.666659999978244e-07
56780 1.0000000000111022e-06 5.962844213188527e-07
56790 2.000002e-06 2.981412044303839e-07
56800 2.000000000005551e-06 5.577725542006876e-07
56810 1.3333339999999999e-06 5.577730322961123e-07
56820 1.66667e-06 0.0
56830 2e-06 5.577725542046685e-07
56840 2.333334e-06 3.6514691107662406e-07
56850 1.666668000005551e-06 4.714040493838584e-07
56860 1.3333360000055512e-06 2.9814299327980087e-07
56870 2.000002e-06 2.981412044303839e-07
56880 2.000002e-06 2.981412044303839e-07
56890 1.666668000005551e-06 4.714040493838584e-07
56900 1.3333340000055511e-06 5.577730322934584e-07
56910 2.000002e-06 2.9814120443038397e-07
56920 2.000000000005551e-06 5.577725542006876e-07
56930 1.3333340000055511e-06 5.577730322934584e-07
56940 2.000002e-06 2.981412044303839e-07
56950 2.000000000005551e-06 5.577725542006877e-07
56960 2.000002e-06 2.9814120443038387e-07
56970 1.0000020000111023e-06 3.6514910196077315e-07
56980 2.000002e-06 2.981412044303839e-07
56990 2.000000000005551e-06 5.577725542006876e-07
57000 2.333334e-06 3.6514691107662406e-07
57010 2.333332e-06 5.962839741089811e-07
57020 2e-06 5.577725542046685e-07
57030 2.333334e-06 3.6514691107662406e-07
57040 1.66667e-06 0.0
57050 2.333334e-06 3.6514691107662406e-07
57060 1.3333360000000002e-06 2.9814299328476596e-07
57070 1.3333340000111022e-06 5.577730322908044e-07
57080 2.000002e-06 2.9814120443038387e-07
57090 3.3333400001110226e-07 2.981429932822834e-07
57100 2.333334e-06 3.6514691107662406e-07
57110 1.0000000000111022e-06 5.962844213188527e-07
57120 2.000000000005551e-06 5.577725542006877e-07
57130 2.000000000005551e-06 5.577725542006876e-07
57140 1.3333360000000002e-06 2.9814299328476596e-07
57150 2.000002e-06 2.9814120443038397e-07
57160 2e-06 5.577725542046685e-07
57170 1.3333340000055511e-06 5.577730322934584e-07
57180 1.3333360000000002e-06 2.9814299328476596e-07
57190 2.333332e-06 5.962839741089811e-07
57200 2.6666659999999997e-06 3.6514691107662406e-07
57210 1.666666000005551e-06 6.666659999978244e-07
57220 1.666668000005551e-06 4.714040493838584e-07
57230 1.666668000005551e-06 4.714040493838584e-07
57240 1.9999980000055513e-06 7.302960130404375e-07
57250 1.3333340000055511e-06 5.577730322934584e-07
57260 1.666668000005551e-06 4.714040493838584e-07
57270 6.666680000111022e-07 3.651491019628001e-07
57280 2.000002e-06 2.981412044303839e-07
57290 1.333332000005551e-06 7.302960130414511e-07
57300 1.666668000005551e-06 4.714040493838584e-07
57310 2.333334e-06 3.6514691107662406e-07
57320 1.66667e-06 0.0
57330 1.3333360000000002e-06 2.9814299328476596e-07
57340 2.333334e-06 3.6514691107662406e-07
57350 1.666668e-06 4.7140404938778367e-07
57360 2e-06 5.577725542046685e-07
57370 2.000000000005551e-06 5.577725542006876e-07
57380 2.000002e-06 2.981412044303839e-07
57390 1.3333340000055511e-06 5.577730322934584e-07
57400 1.666668000005551e-06 4.714040493838584e-07
57410 1.666668000005551e-06 4.714040493838584e-07
57420 1.666668e-06 4.7140404938778367e-07
57430 2e-06 5.577725542046685e-07
57440 1.3333340000055511e-06 5.577730322934584e-07
57450 1.3333360000055512e-06 2.9814299327980087e-07
57460 1.66667e-06 0.0
57470 2.000002e-06 2.981412044303839e-07
57480 1.3333360000055512e-06 2.9814299327980087e-07
57490 1.3333360000000002e-06 2.9814299328476596e-07
57500 1.666668e-06 4.7140404938778367e-07
57510 2.000002e-06 2.9814120443038387e-07
57520 1.3333340000111022e-06 5.577730322908044e-07
57530 1.3333360000055512e-06 2.9814299327980087e-07
57540 1.3333340000055511e-06 5.577730322934584e-07
57550 1.666668000005551e-06 4.714040493838584e-07
57560 2.333334e-06 3.6514691107662406e-07
57570 1.0000020000055513e-06 3.6514910196381357e-07
57580 1.3333340000111022e-06 5.577730322908044e-07
57590 1.666666000005551e-06 6.666659999978244e-07
57600 2.6666659999999997e-06 3.6514691107662406e-07
57610 1.3333340000111022e-06 5.577730322908044e-07
57620 2e-06 5.577725542046685e-07
57630 6.666680000055511e-07 3.6514910196482715e-07
57640 1.3333340000055511e-06 5.577730322934584e-07
57650 1.3333340000055511e-06 5.577730322934584e-07
57660 1.3333340000055511e-06 5.577730322934584e-07
57670 1.666666000005551e-06 6.666659999978244e-07
57680 1.666668e-06 4.7140404938778367e-07
57690 2.9999979999999996e-06 2.9814120443038387e-07
57700 1.3333340000055511e-06 5.577730322934584e-07
57710 1.3333339999999999e-06 5.577730322961123e-07
57720 1.666668e-06 4.7140404938778367e-07
57730 3.3333400001665334e-07 2.981429932810421e-07
57740 2.6666659999999997e-06 3.6514691107662406e-07
57750 1.666668000005551e-06 4.714040493838584e-07
57760 6.666680000055511e-07 3.6514910196482715e-07
57770 1.3333340000055511e-06 5.577730322934584e-07
57780 1.3333340000111022e-06 5.577730322908045e-07
57790 6.666680000111022e-07 3.651491019628001e-07
57800 2.000000000005551e-06 5.577725542006876e-07
57810 1.000000000005551e-06 5.962844213207147e-07
57820 1.666668e-06 4.7140404938778367e-07
57830 1.000000000005551e-06 5.962844213207147e-07
57840 1.666668000005551e-06 4.714040493838584e-07
57850 2.000002e-06 2.981412044303839e-07
57860 1.3333340000055511e-06 5.577730322934584e-07
57870 2.000002e-06 2.9814120443038397e-07
57880 2.000002e-06 2.9814120443038397e-07
57890 1.3333340000055511e-06 5.577730322934584e-07
57900 1.66667e-06 0.0
57910 2.6666659999999997e-06 3.6514691107662406e-07
57920 2.999998e-06 2.981412044303839e-07
57930 1.66667e-06 0.0
57940 2.000002e-06 2.9814120443038397e-07
57950 1.3333360000000002e-06 2.9814299328476596e-07
57960 1.999998e-06 7.302960130434781e-07
57970 2.000000000005551e-06 5.577725542006877e-07
57980 1.000000000005551e-06 5.962844213207147e-07
57990 2.333334e-06 3.6514691107662406e-07
58000 2.6666659999999997e-06 3.6514691107662406e-07
58010 1.666668e-06 4.7140404938778367e-07
58020 2.9999979999999996e-06 2.9814120443038387e-07
58030 2.000000000005551e-06 5.577725542006876e-07
58040 1.3333360000055512e-06 2.9814299327980087e-07
58050 2.000002e-06 2.981412044303839e-07
58060 1.666668e-06 4.7140404938778367e-07
58070 2.333334e-06 3.6514691107662406e-07
58080 1.66667e-06 0.0
58090 1.3333360000000002e-06 2.9814299328476596e-07
58100 2e-06 5.577725542046685e-07
58110 2.000002e-06 2.981412044303839e-07
58120 1.000000000005551e-06 5.962844213207147e-07
58130 2e-06 5.577725542046685e-07
58140 1.333332000011102e-06 7.302960130394242e-07
58150 6.666680000111022e-07 3.651491019628001e-07
58160 6.666680000055511e-07 3.6514910196482715e-07
58170 1.3333360000000002e-06 2.9814299328476596e-07
58180 1.3333340000055511e-06 5.577730322934584e-07
58190 1.3333360000055512e-06 2.9814299327980087e-07
58200 2.333334e-06 3.6514691107662406e-07
58210 1.3333340000111022e-06 5.577730322908045e-07
58220 1.666668000005551e-06 4.714040493838584e-07
58230 1.666668000005551e-06 4.714040493838584e-07
58240 1.666668000005551e-06 4.714040493838584e-07
58250 2.000000000005551e-06 5.577725542006876e-07
58260 1.3333340000055511e-06 5.577730322934584e-07
58270 1.666668e-06 4.7140404938778367e-07
58280 2.333334e-06 3.6514691107662406e-07
58290 1.666668000005551e-06 4.714040493838584e-07
58300 2.6666659999999997e-06 3.6514691107662406e-07
58310 2.333332e-06 5.962839741089811e-07
58320 2.000000000005551e-06 5.577725542006876e-07
58330 1.666668e-06 4.7140404938778367e-07
58340 1.666666000005551e-06 6.666659999978244e-07
58350 2.999998e-06 2.9814120443038387e-07
58360 1.66667e-06 0.0
58370 1.666668000005551e-06 4.714040493838584e-07
58380 2.333334e-06 3.6514691107662406e-07
58390 2.333334e-06 3.6514691107662406e-07
58400 2.333332000005551e-06 5.962839741046366e-07
58410 1.666668e-06 4.7140404938778367e-07
58420 2.6666659999999997e-06 3.6514691107662406e-07
58430 2.666666e-06 3.6514691107662406e-07
58440 1.66667e-06 0.0
58450 1.000002e-06 3.651491019668541e-07
58460 2e-06 5.577725542046685e-07
58470 6.666680000111022e-07 3.651491019628001e-07
58480 1.666666000005551e-06 6.666659999978244e-07
58490 1.666668000005551e-06 4.714040493838584e-07
58500 1.0000020000055513e-06 3.6514910196381357e-07
58510 2.666666e-06 3.6514691107662406e-07
58520 2.000002e-06 2.9814120443038397e-07
58530 1.666668e-06 4.7140404938778367e-07
58540 2.000002e-06 2.9814120443038397e-07
58550 2e-06 5.577725542046685e-07
58560 1.666668e-06 4.7140404938778367e-07
58570 2.333334e-06 3.6514691107662406e-07
58580 1.666666000011102e-06 6.666659999950488e-07
58590 1.3333340000055511e-06 5.577730322934584e-07
58600 1.666668000005551e-06 4.714040493838584e-07
58610 1.0000020000111023e-06 3.6514910196077315e-07
58620 2.000002e-06 2.9814120443038387e-07
58630 2.6666659999999997e-06 3.6514691107662406e-07
58640 1.3333340000055511e-06 5.577730322934584e-07
58650 1.3333340000055511e-06 5.577730322934584e-07
58660 2.333334e-06 3.6514691107662406e-07
58670 2.6666659999999997e-06 3.6514691107662406e-07
58680 2.000000000005551e-06 5.577725542006877e-07
58690 2e-06 5.577725542046685e-07
58700 2e-06 5.577725542046685e-07
58710 1.3333340000055511e-06 5.577730322934584e-07
58720 2e-06 5.577725542046685e-07
58730 1.0000020000055513e-06 3.6514910196381357e-07
58740 2.000002e-06 2.9814120443038397e-07
58750 1.3333340000055511e-06 5.577730322934584e-07
58760 1.666666000005551e-06 6.666659999978244e-07
58770 1.666668000005551e-06 4.714040493838584e-07
58780 2.000002e-06 2.9814120443038397e-07
58790 2.333334e-06 3.6514691107662406e-07
58800 2.333334e-06 3.6514691107662406e-07
58810 2.333334e-06 3.6514691107662406e-07
58820 1.3333340000111022e-06 5.577730322908044e-07
58830 6.666680000055511e-07 3.6514910196482715e-07
58840 2.333334e-06 3.6514691107662406e-07
58850 1.666668e-06 4.7140404938778367e-07
58860 1.0000020000055513e-06 3.6514910196381357e-07
58870 1.66667e-06 0.0
58880 2e-06 5.577725542046685e-07
58890 2e-06 5.577725542046685e-07
58900 1.666668000005551e-06 4.714040493838584e-07
58910 2.666664000005551e-06 5.962841977101848e-07
58920 2.9999979999999996e-06 2.9814120443038387e-07
58930 1.0000020000055513e-06 3.6514910196381357e-07
58940 2.000000000005551e-06 5.577725542006876e-07
58950 1.666668000005551e-06 4.714040493838584e-07
58960 2.000000000005551e-06 5.577725542006876e-07
58970 1.666666000005551e-06 6.666659999978244e-07
58980 1.666668e-06 4.7140404938778367e-07
58990 2.333332e-06 5.962839741089811e-07
59000 1.3333340000055511e-06 5.577730322934584e-07
59010 6.666680000055511e-07 3.6514910196482715e-07
59020 2.000000000005551e-06 5.577725542006877e-07
59030 1.666668e-06 4.7140404938778367e-07
59040 1.3333340000055511e-06 5.577730322934584e-07
59050 1.666668e-06 4.7140404938778367e-07
59060 1.3333340000055511e-06 5.577730322934584e-07
59070 2.3333319999999998e-06 5.962839741089811e-07
59080 2.000000000005551e-06 5.577725542006877e-07
59090 1.666666000011102e-06 6.666659999950488e-07
59100 1.333332000005551e-06 7.302960130414511e-07
59110 1.3333339999999999e-06 5.577730322961123e-07
59120 3.3333400001665334e-07 2.9814299328104214e-07
59130 1.666668000005551e-06 4.714040493838584e-07
59140 2.000000000005551e-06 5.577725542006877e-07
59150 2.000000000005551e-06 5.577725542006877e-07
59160 1.0000020000111023e-06 3.6514910196077315e-07
59170 1.3333360000000002e-06 2.9814299328476596e-07
59180 3.3333400001665334e-07 2.9814299328104214e-07
59190 1.0000000000111022e-06 5.962844213188527e-07
59200 1.3333340000055511e-06 5.577730322934584e-07
59210 1.0000000000166533e-06 5.962844213169908e-07
59220 1.000000000005551e-06 5.962844213207147e-07
59230 2e-06 5.577725542046685e-07
59240 1.0000020000055513e-06 3.6514910196381357e-07
59250 1.3333340000111022e-06 5.577730322908045e-07
59260 1.666666000011102e-06 6.666659999950488e-07
59270 1.666668e-06 4.7140404938778367e-07
59280 1.3333360000000002e-06 2.9814299328476596e-07
59290 2.666664e-06 5.962841977151498e-07
59300 1.666666000005551e-06 6.666659999978244e-07
59310 1.3333340000055511e-06 5.577730322934584e-07
59320 1.666668000005551e-06 4.714040493838584e-07
59330 2e-06 5.577725542046685e-07
59340 2e-06 5.577725542046685e-07
59350 2.000002e-06 2.9814120443038397e-07
59360 1.666666000005551e-06 6.666659999978244e-07
59370 1.3333340000055511e-06 5.577730322934584e-07
59380 1.000000000005551e-06 5.962844213207147e-07
59390 1.666668e-06 4.7140404938778367e-07
59400 1.666668e-06 4.7140404938778367e-07
59410 2.333334e-06 3.6514691107662406e-07
59420 1.666668000005551e-06 4.714040493838584e-07
59430 1.66667e-06 0.0
59440 1.666668000005551e-06 4.714040493838584e-07
59450 2e-06 5.577725542046685e-07
59460 1.666668e-06 4.7140404938778367e-07
59470 2.000000000005551e-06 5.577725542006876e-07
59480 2e-06 5.577725542046685e-07
59490 1.666666000011102e-06 6.666659999950488e-07
59500 2.333334e-06 3.6514691107662406e-07
59510 1.666668000005551e-06 4.714040493838584e-07
59520 1.666668000005551e-06 4.714040493838584e-07
59530 1.0000020000111023e-06 3.6514910196077315e-07
59540 2.333334e-06 3.6514691107662406e-07
59550 1.3333340000055511e-06 5.577730322934584e-07
59560 1.3333340000111022e-06 5.577730322908045e-07
59570 2.000000000005551e-06 5.577725542006877e-07
59580 1.666668e-06 4.7140404938778367e-07
59590 1.333332000011102e-06 7.302960130394242e-07
59600 2.333334e-06 3.6514691107662406e-07
59610 2.6666659999999997e-06 3.6514691107662406e-07
59620 2.333334e-06 3.6514691107662406e-07
59630 2.000002e-06 2.9814120443038397e-07
59640 1.666668e-06 4.7140404938778367e-07
59650 1.666668e-06 4.7140404938778367e-07
59660 1.3333340000055511e-06 5.577730322934584e-07
59670 2.000000000005551e-06 5.577725542006877e-07
59680 1.000000000005551e-06 5.962844213207147e-07
59690 1.666668000005551e-06 4.714040493838584e-07
59700 1.666668000005551e-06 4.714040493838584e-07
59710 2.000000000005551e-06 5.577725542006877e-07
59720 2.333334e-06 3.65146911076624e-07
59730 2.000000000005551e-06 5.577725542006877e-07
59740 1.0000020000055513e-06 3.6514910196381357e-07
59750 1.9999980000055513e-06 7.302960130404375e-07
59760 2e-06 5.577725542046685e-07
59770 1.0000020000055513e-06 3.6514910196381357e-07
59780 1.000000000005551e-06 5.962844213207147e-07
59790 1.666668000005551e-06 4.714040493838584e-07
59800 1.3333340000111022e-06 5.577730322908044e-07
59810 1.3333360000055512e-06 2.9814299327980087e-07
59820 1.3333340000055511e-06 5.577730322934584e-07
59830 1.000000000005551e-06 5.962844213207147e-07
59840 1.66667e-06 0.0
59850 1.666666000011102e-06 6.666659999950488e-07
59860 1.3333340000111022e-06 5.577730322908044e-07
59870 1.3333340000111022e-06 5.577730322908044e-07
59880 1.3333360000055512e-06 2.9814299327980087e-07
59890 6.666680000166534e-07 3.651491019607731e-07
59900 2.000002e-06 2.9814120443038397e-07
59910 2.333334e-06 3.6514691107662406e-07
59920 1.3333360000055512e-06 2.9814299327980087e-07
59930 1.666666000005551e-06 6.666659999978243e-07
59940 2.333334e-06 3.6514691107662406e-07
59950 1.000000000005551e-06 5.962844213207147e-07
59960 2.333334e-06 3.6514691107662406e-07
59970 2.000002e-06 2.9814120443038397e-07
59980 2.333334e-06 3.6514691107662406e-07
59990 1.3333360000055512e-06 2.9814299327980087e-07
60000 1.0000020000111023e-06 3.6514910196077315e-07
60010 1.0000020000055513e-06 3.6514910196381357e-07
60020 1.666668000005551e-06 4.714040493838584e-07
60030 1.66667e-06 0.0
60040 1.0000000000111022e-06 5.962844213188527e-07
60050 1.333332000011102e-06 7.302960130394242e-07
60060 2.333334e-06 3.6514691107662406e-07
60070 2e-06 5.577725542046685e-07
60080 1.6666659999999998e-06 6.666660000005999e-07
60090 2.333334e-06 3.6514691107662406e-07
60100 1.66667e-06 0.0
60110 2.666664e-06 5.962841977151499e-07
60120 2.6666659999999997e-06 3.6514691107662406e-07
60130 2.666666e-06 3.6514691107662406e-07
60140 2e-06 5.577725542046685e-07
60150 1.3333360000055512e-06 2.9814299327980087e-07
60160 1.0000020000111023e-06 3.6514910196077315e-07
60170 2.6666659999999997e-06 3.6514691107662406e-07
60180 2.3333319999999998e-06 5.962839741089811e-07
60190 1.666668000005551e-06 4.714040493838584e-07
60200 3.3333400001110226e-07 2.981429932822834e-07
60210 1.666668000005551e-06 4.714040493838584e-07
60220 1.3333340000055511e-06 5.577730322934584e-07
60230 1.3333340000055511e-06 5.577730322934584e-07
60240 1.999998e-06 7.302960130434781e-07
60250 2.333332000005551e-06 5.962839741046366e-07
60260 1.666668e-06 4.7140404938778367e-07
60270 2.6666659999999997e-06 3.6514691107662406e-07
60280 2.333332000005551e-06 5.962839741046366e-07
60290 1.666666000005551e-06 6.666659999978244e-07
60300 1.0000020000055513e-06 3.6514910196381357e-07
60310 6.666680000055511e-07 3.6514910196482715e-07
60320 1.3333340000111022e-06 5.577730322908044e-07
60330 2.333332000005551e-06 5.962839741046366e-07
60340 2.6666659999999997e-06 3.6514691107662406e-07
60350 2.6666659999999997e-06 3.6514691107662406e-07
60360 1.0000020000111023e-06 3.6514910196077315e-07
60370 1.666668e-06 4.7140404938778367e-07
60380 2.333332e-06 5.962839741089811e-07
60390 2.9999979999999996e-06 2.9814120443038387e-07
60400 1.666666000005551e-06 6.666659999978244e-07
60410 1.3333340000111022e-06 5.577730322908045e-07
60420 3.3333400001665334e-07 2.9814299328104214e-07
60430 1.3333340000055511e-06 5.577730322934584e-07
60440 6.666680000111022e-07 3.651491019628001e-07
60450 1.3333360000055512e-06 2.9814299327980087e-07
60460 1.3333360000055512e-06 2.9814299327980087e-07
60470 1.666666000011102e-06 6.666659999950488e-07
60480 1.0000000000111022e-06 5.962844213188527e-07
60490 1.3333339999999999e-06 5.577730322961123e-07
60500 1.0000020000055513e-06 3.6514910196381357e-07
60510 1.66667e-06 0.0
60520 1.666668000005551e-06 4.714040493838584e-07
60530 1.666668e-06 4.7140404938778367e-07
60540 1.66667e-06 0.0
60550 2e-06 5.577725542046685e-07
60560 1.666666000011102e-06 6.666659999950488e-07
60570 1.333332000011102e-06 7.302960130394243e-07
60580 2.666666e-06 3.6514691107662406e-07
60590 1.999998e-06 7.302960130434781e-07
60600 2.000002e-06 2.9814120443038397e-07
60610 2.6666659999999997e-06 3.6514691107662406e-07
60620 1.66667e-06 0.0
60630 2.333334e-06 3.65146911076624e-07
60640 1.3333340000055511e-06 5.577730322934584e-07
60650 1.3333360000055512e-06 2.9814299327980087e-07
60660 1.666668000005551e-06 4.714040493838584e-07
60670 2e-06 5.577725542046685e-07
60680 2.6666659999999997e-06 3.6514691107662406e-07
60690 2.000002e-06 2.9814120443038397e-07
60700 2.6666659999999997e-06 3.6514691107662406e-07
60710 2.000002e-06 2.981412044303839e-07
60720 1.666668000005551e-06 4.714040493838584e-07
60730 2.333334e-06 3.6514691107662406e-07
60740 2e-06 5.577725542046685e-07
60750 1.000002e-06 3.651491019668541e-07
60760 2e-06 5.577725542046685e-07
60770 1.666668e-06 4.7140404938778367e-07
60780 2.000002e-06 2.9814120443038397e-07
60790 2.666664e-06 5.962841977151498e-07
60800 2.000000000005551e-06 5.577725542006877e-07
60810 2e-06 5.577725542046685e-07
60820 1.3333340000055511e-06 5.577730322934584e-07
60830 1.3333340000055511e-06 5.577730322934584e-07
60840 1.3333360000000002e-06 2.9814299328476596e-07
60850 1.666668000005551e-06 4.714040493838584e-07
60860 2.000002e-06 2.981412044303839e-07
60870 2.000002e-06 2.9814120443038397e-07
60880 1.0000020000111023e-06 3.651491019607731e-07
60890 1.000000000005551e-06 5.962844213207147e-07
60900 1.66667e-06 0.0
60910 2.6666659999999997e-06 3.6514691107662406e-07
60920 1.666668e-06 4.7140404938778367e-07
60930 2.000000000005551e-06 5.577725542006876e-07
60940 1.666666000005551e-06 6.666659999978244e-07
60950 2e-06 5.577725542046685e-07
60960 2.000000000005551e-06 5.577725542006876e-07
60970 2.000000000005551e-06 5.577725542006877e-07
60980 1.666666000005551e-06 6.666659999978243e-07
60990 1.666668e-06 4.7140404938778367e-07
61000 2.3333320000055512e-06 5.962839741046365e-07
61010 1.0000000000111022e-06 5.962844213188527e-07
61020 1.3333340000055511e-06 5.577730322934584e-07
61030 2.000000000005551e-06 5.577725542006876e-07
61040 1.666668000005551e-06 4.714040493838584e-07
61050 2.000000000005551e-06 5.577725542006876e-07
61060 6.666680000055511e-07 3.6514910196482715e-07
61070 6.666660000166533e-07 5.962841977114261e-07
61080 1.666666000005551e-06 6.666659999978244e-07
61090 1.0000020000055513e-06 3.6514910196381357e-07
61100 1.3333360000055512e-06 2.9814299327980087e-07
61110 1.0000020000055513e-06 3.6514910196381357e-07
61120 1.3333360000000002e-06 2.9814299328476596e-07
61130 1.666668000005551e-06 4.714040493838584e-07
61140 1.3333360000000002e-06 2.9814299328476596e-07
61150 1.666668e-06 4.7140404938778367e-07
61160 1.0000000000111022e-06 5.962844213188527e-07
61170 1.0000000000111022e-06 5.962844213188527e-07
61180 2.666664000005551e-06 5.962841977101848e-07
61190 2.333334e-06 3.6514691107662406e-07
61200 1.666668000005551e-06 4.714040493838584e-07
61210 1.66667e-06 0.0
61220 2.3333319999999998e-06 5.962839741089811e-07
61230 1.3333360000000002e-06 2.9814299328476596e-07
61240 2.333332e-06 5.962839741089811e-07
61250 1.3333340000055511e-06 5.577730322934584e-07
61260 2.666666e-06 3.6514691107662406e-07
61270 1.0000020000055513e-06 3.6514910196381357e-07
61280 1.3333340000055511e-06 5.577730322934584e-07
61290 2.333334e-06 3.6514691107662406e-07
61300 2.000000000005551e-06 5.577725542006876e-07
61310 2.000000000005551e-06 5.577725542006877e-07
61320 1.666668000005551e-06 4.714040493838584e-07
61330 2.333332000005551e-06 5.962839741046366e-07
61340 1.000000000005551e-06 5.962844213207147e-07
61350 2.333334e-06 3.6514691107662406e-07
61360 1.666666000005551e-06 6.666659999978244e-07
61370 1.6666659999999998e-06 6.666660000005999e-07
61380 1.66667e-06 0.0
61390 1.333332000011102e-06 7.302960130394242e-07
61400 2.000002e-06 2.9814120443038397e-07
61410 2.6666659999999997e-06 3.6514691107662406e-07
61420 1.666666000011102e-06 6.666659999950488e-07
61430 2.333334e-06 3.6514691107662406e-07
61440 2e-06 5.577725542046685e-07
61450 1.66667e-06 0.0
61460 2.000000000005551e-06 5.577725542006876e-07
61470 2.000000000005551e-06 5.577725542006876e-07
61480 1.0000020000055513e-06 3.6514910196381357e-07
61490 1.0000020000111023e-06 3.651491019607731e-07
61500 1.666668000005551e-06 4.714040493838584e-07
61510 1.666668e-06 4.7140404938778367e-07
61520 2.000000000005551e-06 5.577725542006876e-07
61530 2.000000000005551e-06 5.577725542006876e-07
61540 2.000000000005551e-06 5.577725542006877e-07
61550 1.666666000011102e-06 6.666659999950488e-07
61560 2e-06 5.577725542046685e-07
61570 1.66667e-06 0.0
61580 2.000000000005551e-06 5.577725542006877e-07
61590 1.666666000005551e-06 6.666659999978244e-07
61600 2.3333320000055512e-06 5.962839741046365e-07
61610 2.000000000005551e-06 5.577725542006876e-07
61620 2.000002e-06 2.981412044303839e-07
61630 1.3333360000000002e-06 2.9814299328476596e-07
61640 1.666668e-06 4.7140404938778367e-07
61650 1.666666000005551e-06 6.666659999978244e-07
61660 2.000000000005551e-06 5.577725542006876e-07
61670 1.3333360000000002e-06 2.9814299328476596e-07
61680 2.000002e-06 2.981412044303839e-07
61690 1.3333360000000002e-06 2.9814299328476596e-07
61700 1.666666000005551e-06 6.666659999978244e-07
61710 1.3333360000000002e-06 2.9814299328476596e-07
61720 2.000002e-06 2.981412044303839e-07
61730 1.000000000005551e-06 5.962844213207147e-07
61740 2.6666659999999997e-06 3.6514691107662406e-07
61750 2.000000000005551e-06 5.577725542006876e-07
61760 1.3333340000055511e-06 5.577730322934584e-07
61770 2.000002e-06 2.9814120443038397e-07
61780 2.6666659999999997e-06 3.6514691107662406e-07
61790 2.000000000005551e-06 5.577725542006876e-07
61800 2e-06 5.577725542046685e-07
61810 1.3333360000055512e-06 2.9814299327980087e-07
61820 1.0000000000111022e-06 5.962844213188527e-07
61830 2.333334e-06 3.6514691107662406e-07
61840 1.3333340000055511e-06 5.577730322934584e-07
61850 1.000002e-06 3.651491019668541e-07
61860 6.666680000111022e-07 3.651491019628001e-07
61870 2.333334e-06 3.6514691107662406e-07
61880 1.666668e-06 4.7140404938778367e-07
61890 1.666668000005551e-06 4.714040493838584e-07
61900 1.3333340000055511e-06 5.577730322934584e-07
61910 1.3333340000055511e-06 5.577730322934584e-07
61920 1.666668e-06 4.7140404938778367e-07
61930 2.000000000005551e-06 5.577725542006876e-07
61940 1.0000000000111022e-06 5.962844213188527e-07
61950 1.666668000005551e-06 4.714040493838584e-07
61960 2.000000000005551e-06 5.577725542006876e-07
61970 1.3333340000055511e-06 5.577730322934584e-07
61980 1.666668000005551e-06 4.714040493838584e-07
61990 1.3333339999999999e-06 5.577730322961123e-07
62000 1.666668000005551e-06 4.714040493838584e-07
62010 2.333334e-06 3.6514691107662406e-07
62020 1.000000000005551e-06 5.962844213207147e-07
62030 2.333334e-06 3.6514691107662406e-07
62040 1.3333360000000002e-06 2.9814299328476596e-07
62050 1.66667e-06 0.0
62060 1.3333360000000002e-06 2.9814299328476596e-07
62070 6.666680000055511e-07 3.6514910196482715e-07
62080 1.666668000005551e-06 4.714040493838584e-07
62090 1.3333340000055511e-06 5.577730322934584e-07
62100 1.3333340000055511e-06 5.577730322934584e-07
62110 1.3333340000111022e-06 5.577730322908044e-07
62120 1.66667e-06 0.0
62130 2.000002e-06 2.9814120443038397e-07
62140 1.666668e-06 4.7140404938778367e-07
62150 2e-06 5.577725542046685e-07
62160 2.333334e-06 3.6514691107662406e-07
62170 1.3333340000111022e-06 5.577730322908044e-07
62180 2.000002e-06 2.9814120443038397e-07
62190 2.333332000005551e-06 5.962839741046366e-07
62200 2e-06 5.577725542046685e-07
62210 1.3333340000111022e-06 5.577730322908044e-07
62220 2.333334e-06 3.6514691107662406e-07
62230 2.000002e-06 2.9814120443038397e-07
62240 1.0000000000111022e-06 5.962844213188527e-07
62250 2.000000000005551e-06 5.577725542006877e-07
62260 1.3333340000111022e-06 5.577730322908045e-07
62270 2.000002e-06 2.981412044303839e-07
62280 1.666668000005551e-06 4.714040493838584e-07
62290 1.666668e-06 4.7140404938778367e-07
62300 2.000002e-06 2.9814120443038387e-07
62310 1.666666000005551e-06 6.666659999978244e-07
62320 6.666680000055511e-07 3.6514910196482715e-07
62330 2.333334e-06 3.6514691107662406e-07
62340 2.000000000005551e-06 5.577725542006876e-07
62350 1.3333360000055512e-06 2.9814299327980087e-07
62360 1.000002e-06 3.651491019668541e-07
62370 2.000002e-06 2.981412044303839e-07
62380 2.000002e-06 2.981412044303839e-07
62390 2.000000000005551e-06 5.577725542006877e-07
62400 2.000000000005551e-06 5.577725542006877e-07
62410 2.6666659999999997e-06 3.6514691107662406e-07
62420 1.0000020000055513e-06 3.6514910196381357e-07
62430 1.666668000005551e-06 4.714040493838584e-07
62440 2.000002e-06 2.9814120443038397e-07
62450 2.000000000005551e-06 5.577725542006877e-07
62460 1.0000020000055513e-06 3.6514910196381357e-07
62470 1.666666000005551e-06 6.666659999978244e-07
62480 1.3333340000111022e-06 5.577730322908044e-07
62490 1.3333340000055511e-06 5.577730322934584e-07
62500 2.000000000005551e-06 5.577725542006876e-07
62510 1.3333340000055511e-06 5.577730322934584e-07
62520 1.666668e-06 4.7140404938778367e-07
62530 2.6666659999999997e-06 3.6514691107662406e-07
62540 2e-06 5.577725542046685e-07
62550 2.000002e-06 2.981412044303839e-07
62560 2.999998e-06 2.9814120443038387e-07
62570 1.66667e-06 0.0
62580 2.333332000005551e-06 5.962839741046366e-07
62590 1.3333340000055511e-06 5.577730322934584e-07
62600 2.000002e-06 2.981412044303839e-07
62610 1.666666000005551e-06 6.666659999978244e-07
62620 2.333334e-06 3.6514691107662406e-07
62630 1.000000000005551e-06 5.962844213207147e-07
62640 2.000000000005551e-06 5.577725542006876e-07
62650 2e-06 5.577725542046685e-07
62660 1.666668000005551e-06 4.714040493838584e-07
62670 2.333334e-06 3.6514691107662406e-07
62680 1.666668e-06 4.7140404938778367e-07
62690 2.333334e-06 3.6514691107662406e-07
62700 1.66667e-06 0.0
62710 2.000000000005551e-06 5.577725542006877e-07
62720 2.999998e-06 2.9814120443038387e-07
62730 1.66667e-06 0.0
62740 1.3333340000055511e-06 5.577730322934584e-07
62750 1.666666000005551e-06 6.666659999978244e-07
62760 2.3333319999999998e-06 5.962839741089811e-07
62770 1.000000000005551e-06 5.962844213207147e-07
62780 1.66667e-06 0.0
62790 1.666668000005551e-06 4.714040493838584e-07
62800 2.6666659999999997e-06 3.6514691107662406e-07
62810 1.0000020000111023e-06 3.6514910196077315e-07
62820 1.0000000000111022e-06 5.962844213188527e-07
62830 2.000002e-06 2.9814120443038397e-07
62840 1.0000020000055513e-06 3.6514910196381357e-07
62850 1.3333360000055512e-06 2.9814299327980087e-07
62860 1.3333360000000002e-06 2.9814299328476596e-07
62870 2.333334e-06 3.6514691107662406e-07
62880 1.3333360000055512e-06 2.9814299327980087e-07
62890 1.3333340000055511e-06 5.577730322934584e-07
62900 1.666666000005551e-06 6.666659999978244e-07
62910 6.666680000111022e-07 3.651491019628001e-07
62920 1.0000020000055513e-06 3.6514910196381357e-07
62930 1.0000020000111023e-06 3.651491019607731e-07
62940 1.666668000005551e-06 4.714040493838584e-07
62950 2.333334e-06 3.6514691107662406e-07
62960 1.3333360000055512e-06 2.9814299327980087e-07
62970 1.3333340000055511e-06 5.577730322934584e-07
62980 2e-06 5.577725542046685e-07
62990 1.0000020000055513e-06 3.6514910196381357e-07
63000 2.333334e-06 3.6514691107662406e-07
63010 1.333332000005551e-06 7.302960130414511e-07
63020 1.3333340000055511e-06 5.577730322934584e-07
63030 2.000000000005551e-06 5.577725542006877e-07
63040 1.3333340000055511e-06 5.577730322934584e-07
63050 2.9999979999999996e-06 2.9814120443038387e-07
63060 1.0000020000055513e-06 3.6514910196381357e-07
63070 1.666668e-06 4.7140404938778367e-07
63080 1.3333340000055511e-06 5.577730322934584e-07
63090 1.0000020000111023e-06 3.651491019607731e-07
63100 6.666680000166534e-07 3.651491019607731e-07
63110 1.666668000005551e-06 4.714040493838584e-07
63120 2.000002e-06 2.981412044303839e-07
63130 2.333332000005551e-06 5.962839741046366e-07
63140 2.3333319999999998e-06 5.962839741089811e-07
63150 1.3333339999999999e-06 5.577730322961123e-07
63160 2.333334e-06 3.6514691107662406e-07
63170 1.666668000005551e-06 4.714040493838584e-07
63180 2.6666659999999997e-06 3.6514691107662406e-07
63190 2.000000000005551e-06 5.577725542006876e-07
63200 2.000002e-06 2.9814120443038397e-07
63210 1.666668000005551e-06 4.714040493838584e-07
63220 1.3333340000055511e-06 5.577730322934584e-07
63230 2.000000000005551e-06 5.577725542006877e-07
63240 2.333334e-06 3.6514691107662406e-07
63250 2.666666e-06 3.6514691107662406e-07
63260 2e-06 5.577725542046685e-07
63270 1.3333340000055511e-06 5.577730322934584e-07
63280 2.333334e-06 3.6514691107662406e-07
63290 1.3333360000000002e-06 2.9814299328476596e-07
63300 1.3333340000055511e-06 5.577730322934584e-07
63310 1.3333340000111022e-06 5.577730322908045e-07
63320 1.666668e-06 4.7140404938778367e-07
63330 2.666664e-06 5.962841977151498e-07
63340 1.3333340000055511e-06 5.577730322934584e-07
63350 2.000002e-06 2.981412044303839e-07
63360 2.333334e-06 3.6514691107662406e-07
63370 2.333332000005551e-06 5.962839741046366e-07
63380 2.666664000005551e-06 5.962841977101848e-07
63390 2.6666659999999997e-06 3.6514691107662406e-07
63400 2.6666659999999997e-06 3.6514691107662406e-07
63410 1.0000020000055513e-06 3.6514910196381357e-07
63420 2e-06 5.577725542046685e-07
63430 2.333332000005551e-06 5.962839741046366e-07
63440 1.3333340000111022e-06 5.577730322908044e-07
63450 1.3333339999999999e-06 5.577730322961123e-07
63460 1.3333360000055512e-06 2.9814299327980087e-07
63470 2.6666659999999997e-06 3.6514691107662406e-07
63480 2.000002e-06 2.981412044303839e-07
63490 3.3333400001665334e-07 2.981429932810421e-07
63500 2e-06 5.577725542046685e-07
63510 2e-06 5.577725542046685e-07
63520 1.3333360000055512e-06 2.9814299327980087e-07
63530 2.000002e-06 2.9814120443038397e-07
63540 1.9999980000055513e-06 7.302960130404375e-07
63550 2.000000000005551e-06 5.577725542006877e-07
63560 1.3333340000055511e-06 5.577730322934584e-07
63570 1.0000020000055513e-06 3.6514910196381357e-07
63580 2e-06 5.577725542046685e-07
63590 1.666666000005551e-06 6.666659999978244e-07
63600 2.6666659999999997e-06 3.6514691107662406e-07
63610 2e-06 5.577725542046685e-07
63620 2.999998e-06 2.981412044303839e-07
63630 1.666666000011102e-06 6.666659999950488e-07
63640 2.000002e-06 2.9814120443038387e-07
63650 1.666666000005551e-06 6.666659999978244e-07
63660 1.0000020000111023e-06 3.651491019607731e-07
63670 1.3333340000055511e-06 5.577730322934584e-07
63680 2.000002e-06 2.9814120443038387e-07
63690 1.666668000005551e-06 4.714040493838584e-07
63700 2.9999979999999996e-06 2.9814120443038387e-07
63710 2.333334e-06 3.65146911076624e-07
63720 6.666680000055511e-07 3.6514910196482715e-07
63730 2.000002e-06 2.981412044303839e-07
63740 1.3333340000055511e-06 5.577730322934584e-07
63750 2e-06 5.577725542046685e-07
63760 6.666660000166533e-07 5.962841977114261e-07
63770 2.000000000005551e-06 5.577725542006876e-07
63780 1.3333360000000002e-06 2.9814299328476596e-07
63790 1.3333340000055511e-06 5.577730322934584e-07
63800 2e-06 5.577725542046685e-07
63810 1.6666659999999998e-06 6.666660000005999e-07
63820 1.666668000005551e-06 4.714040493838584e-07
63830 1.9999980000055513e-06 7.302960130404375e-07
63840 1.66667e-06 0.0
63850 1.666668000005551e-06 4.714040493838584e-07
63860 1.666668000005551e-06 4.714040493838584e-07
63870 2.000000000005551e-06 5.577725542006876e-07
63880 1.3333340000111022e-06 5.577730322908044e-07
63890 6.666680000055511e-07 3.6514910196482715e-07
63900 2.000002e-06 2.9814120443038397e-07
63910 2.333334e-06 3.65146911076624e-07
63920 1.666668000005551e-06 4.714040493838584e-07
63930 2.333334e-06 3.6514691107662406e-07
63940 6.666680000111022e-07 3.651491019628001e-07
63950 1.666668000005551e-06 4.714040493838584e-07
63960 1.3333360000000002e-06 2.9814299328476596e-07
63970 1.666668000005551e-06 4.714040493838584e-07
63980 6.666680000111022e-07 3.651491019628001e-07
63990 6.666680000111022e-07 3.651491019628001e-07
64000 2.000002e-06 2.9814120443038397e-07
64010 1.3333340000055511e-06 5.577730322934584e-07
64020 1.3333340000055511e-06 5.577730322934584e-07
64030 2.000000000005551e-06 5.577725542006877e-07
64040 1.6666659999999998e-06 6.666660000005999e-07
64050 1.3333340000055511e-06 5.577730322934584e-07
64060 1.3333340000055511e-06 5.577730322934584e-07
64070 1.3333340000055511e-06 5.577730322934584e-07
64080 1.666668000005551e-06 4.714040493838584e-07
64090 2.333334e-06 3.6514691107662406e-07
64100 1.3333360000000002e-06 2.9814299328476596e-07
64110 2.6666659999999997e-06 3.6514691107662406e-07
64120 1.666668000005551e-06 4.714040493838584e-07
64130 1.3333340000055511e-06 5.577730322934584e-07
64140 2.000000000005551e-06 5.577725542006877e-07
64150 2.333334e-06 3.65146911076624e-07
64160 2.000002e-06 2.9814120443038387e-07
64170 2.000002e-06 2.9814120443038397e-07
64180 1.666668000005551e-06 4.714040493838584e-07
64190 1.66667e-06 0.0
64200 1.3333340000055511e-06 5.577730322934584e-07
64210 1.666666000005551e-06 6.666659999978243e-07
64220 1.3333340000055511e-06 5.577730322934584e-07
64230 2e-06 5.577725542046685e-07
64240 2.000000000005551e-06 5.577725542006876e-07
64250 1.3333339999999999e-06 5.577730322961123e-07
64260 1.9999980000055513e-06 7.302960130404375e-07
64270 1.3333340000055511e-06 5.577730322934584e-07
64280 2.333334e-06 3.6514691107662406e-07
64290 1.666668000005551e-06 4.714040493838584e-07
64300 1.3333340000055511e-06 5.577730322934584e-07
64310 1.3333360000055512e-06 2.9814299327980087e-07
64320 2.000002e-06 2.9814120443038397e-07
64330 1.9999980000111023e-06 7.302960130373971e-07
64340 2.000002e-06 2.9814120443038397e-07
64350 1.3333360000055512e-06 2.9814299327980087e-07
64360 2.000000000005551e-06 5.577725542006877e-07
64370 2.000000000005551e-06 5.577725542006876e-07
64380 1.3333339999999999e-06 5.577730322961123e-07
64390 1.3333340000055511e-06 5.577730322934584e-07
64400 1.666668000005551e-06 4.714040493838584e-07
64410 2.333334e-06 3.6514691107662406e-07
64420 1.66667e-06 0.0
64430 2.999998e-06 2.9814120443038387e-07
64440 1.0000020000055513e-06 3.6514910196381357e-07
64450 1.666668000005551e-06 4.714040493838584e-07
64460 2e-06 5.577725542046685e-07
64470 2.000002e-06 2.9814120443038387e-07
64480 2.000000000005551e-06 5.577725542006876e-07
64490 1.66667e-06 0.0
64500 1.666668e-06 4.7140404938778367e-07
64510 6.666660000111022e-07 5.962841977126673e-07
64520 1.666668000005551e-06 4.714040493838584e-07
64530 1.666668000005551e-06 4.714040493838584e-07
64540 1.3333340000111022e-06 5.577730322908044e-07
64550 2.6666659999999997e-06 3.6514691107662406e-07
64560 2.000000000005551e-06 5.577725542006877e-07
64570 1.66667e-06 0.0
64580 2.6666659999999997e-06 3.6514691107662406e-07
64590 2.000000000005551e-06 5.577725542006876e-07
64600 1.3333340000055511e-06 5.577730322934584e-07
64610 2.000002e-06 2.981412044303839e-07
64620 1.3333340000111022e-06 5.577730322908045e-07
64630 1.0000000000111022e-06 5.962844213188527e-07
64640 1.666666000005551e-06 6.666659999978244e-07
64650 1.3333340000111022e-06 5.577730322908044e-07
64660 1.0000020000111023e-06 3.651491019607731e-07
64670 1.666668e-06 4.7140404938778367e-07
64680 2.000002e-06 2.9814120443038397e-07
64690 2.000002e-06 2.981412044303839e-07
64700 1.000000000005551e-06 5.962844213207147e-07
64710 2.9999979999999996e-06 2.9814120443038387e-07
64720 2.333334e-06 3.6514691107662406e-07
64730 1.000000000005551e-06 5.962844213207147e-07
64740 1.3333340000055511e-06 5.577730322934584e-07
64750 1.666668000005551e-06 4.714040493838584e-07
64760 1.666668000005551e-06 4.714040493838584e-07
64770 1.0000000000111022e-06 5.962844213188527e-07
64780 1.666668000005551e-06 4.714040493838584e-07
64790 1.3333340000111022e-06 5.577730322908044e-07
64800 1.666668e-06 4.7140404938778367e-07
64810 1.0000020000055513e-06 3.6514910196381357e-07
64820 1.666668e-06 4.7140404938778367e-07
64830 1.0000020000111023e-06 3.6514910196077315e-07
64840 2.6666659999999997e-06 3.6514691107662406e-07
64850 2.6666659999999997e-06 3.6514691107662406e-07
64860 1.666666000005551e-06 6.666659999978244e-07
64870 1.3333340000111022e-06 5.577730322908044e-07
64880 2.333334e-06 3.65146911076624e-07
64890 1.666668000005551e-06 4.714040493838584e-07
64900 2.333334e-06 3.6514691107662406e-07
64910 3.3333400001110226e-07 2.981429932822834e-07
64920 2.000000000005551e-06 5.577725542006876e-07
64930 1.3333360000055512e-06 2.9814299327980087e-07
64940 6.666680000111022e-07 3.651491019628001e-07
64950 1.0000000000166533e-06 5.962844213169908e-07
64960 1.3333340000111022e-06 5.577730322908045e-07
64970 1.3333360000055512e-06 2.9814299327980087e-07
64980 1.0000000000111022e-06 5.962844213188527e-07
64990 2.333334e-06 3.6514691107662406e-07
65000 2.000002e-06 2.981412044303839e-07
65010 1.3333340000111022e-06 5.577730322908045e-07
65020 1.0000020000111023e-06 3.6514910196077315e-07
65030 1.0000020000055513e-06 3.6514910196381357e-07
65040 1.666666000011102e-06 6.666659999950488e-07
65050 1.3333360000055512e-06 2.9814299327980087e-07
65060 1.666666000005551e-06 6.666659999978244e-07
65070 2.3333319999999998e-06 5.962839741089811e-07
65080 3.3333400001665334e-07 2.981429932810421e-07
65090 3.3333400001665334e-07 2.981429932810421e-07
65100 1.3333340000111022e-06 5.577730322908045e-07
65110 2.333334e-06 3.6514691107662406e-07
65120 2e-06 5.577725542046685e-07
65130 1.666668e-06 4.7140404938778367e-07
65140 1.0000020000055513e-06 3.6514910196381357e-07
65150 2.6666659999999997e-06 3.6514691107662406e-07
65160 1.3333360000000002e-06 2.9814299328476596e-07
65170 1.3333340000055511e-06 5.577730322934584e-07
65180 1.3333340000055511e-06 5.577730322934584e-07
65190 3.3333400001110226e-07 2.981429932822834e-07
65200 1.666668000005551e-06 4.714040493838584e-07
65210 1.66667e-06 0.0
65220 1.3333340000055511e-06 5.577730322934584e-07
65230 2.3333319999999998e-06 5.962839741089811e-07
65240 2e-06 5.577725542046685e-07
65250 2.9999979999999996e-06 2.9814120443038387e-07
65260 2.333334e-06 3.6514691107662406e-07
65270 1.3333340000055511e-06 5.577730322934584e-07
65280 2.333334e-06 3.6514691107662406e-07
65290 1.3333360000055512e-06 2.9814299327980087e-07
65300 1.666666000005551e-06 6.666659999978244e-07
65310 1.666668000005551e-06 4.714040493838584e-07
65320 1.666668000005551e-06 4.714040493838584e-07
65330 1.3333340000055511e-06 5.577730322934584e-07
65340 1.3333340000055511e-06 5.577730322934584e-07
65350 6.666680000055511e-07 3.6514910196482715e-07
65360 2.666666e-06 3.6514691107662406e-07
65370 2.333334e-06 3.6514691107662406e-07
65380 2.333334e-06 3.6514691107662406e-07
65390 2.000000000005551e-06 5.577725542006877e-07
65400 2.000002e-06 2.981412044303839e-07
65410 1.666668e-06 4.7140404938778367e-07
65420 2e-06 5.577725542046685e-07
65430 2.333334e-06 3.6514691107662406e-07
65440 2.333334e-06 3.6514691107662406e-07
65450 1.666668000005551e-06 4.714040493838584e-07
65460 1.666668000005551e-06 4.714040493838584e-07
65470 1.3333360000055512e-06 2.9814299327980087e-07
65480 2.3333320000055512e-06 5.962839741046365e-07
65490 2.000002e-06 2.981412044303839e-07
65500 2.000002e-06 2.9814120443038387e-07
65510 2.3333319999999998e-06 5.962839741089811e-07
65520 1.0000000000111022e-06 5.962844213188527e-07
65530 1.666666000005551e-06 6.666659999978244e-07
65540 2e-06 5.577725542046685e-07
65550 1.3333360000055512e-06 2.9814299327980087e-07
65560 1.000000000005551e-06 5.962844213207147e-07
65570 1.666666000011102e-06 6.666659999950488e-07
65580 1.666666000011102e-06 6.666659999950488e-07
65590 2.333334e-06 3.6514691107662406e-07
65600 1.3333340000111022e-06 5.577730322908045e-07
65610 2.333334e-06 3.6514691107662406e-07
65620 1.3333360000000002e-06 2.9814299328476596e-07
65630 2.333334e-06 3.6514691107662406e-07
65640 1.3333360000055512e-06 2.9814299327980087e-07
65650 1.666668000005551e-06 4.714040493838584e-07
65660 2.000002e-06 2.981412044303839e-07
65670 1.0000020000111023e-06 3.6514910196077315e-07
65680 1.666668000005551e-06 4.714040493838584e-07
65690 1.3333340000055511e-06 5.577730322934584e-07
65700 1.000002e-06 3.651491019668541e-07
65710 1.666666000005551e-06 6.666659999978244e-07
65720 2.6666659999999997e-06 3.6514691107662406e-07
65730 2.333334e-06 3.6514691107662406e-07
65740 2.6666659999999997e-06 3.6514691107662406e-07
65750 1.3333339999999999e-06 5.577730322961123e-07
65760 2.000000000005551e-06 5.577725542006876e-07
65770 1.000002e-06 3.651491019668541e-07
65780 1.9999980000055513e-06 7.302960130404375e-07
65790 1.0000000000111022e-06 5.962844213188527e-07
65800 1.3333340000055511e-06 5.577730322934584e-07
65810 1.666666000005551e-06 6.666659999978244e-07
65820 6.666680000055511e-07 3.6514910196482715e-07
65830 1.666668000005551e-06 4.714040493838584e-07
65840 2.999998e-06 2.9814120443038387e-07
65850 2.6666659999999997e-06 3.6514691107662406e-07
65860 1.0000020000055513e-06 3.6514910196381357e-07
65870 1.666668000005551e-06 4.714040493838584e-07
65880 2.3333320000055512e-06 5.962839741046365e-07
65890 2e-06 5.577725542046685e-07
65900 2.000002e-06 2.9814120443038387e-07
65910 2e-06 5.577725542046685e-07
65920 2.333334e-06 3.6514691107662406e-07
65930 2.333334e-06 3.6514691107662406e-07
65940 3.3333300000000003e-06 1.8940232492426094e-22
65950 2.000000000005551e-06 5.577725542006876e-07
65960 1.666668e-06 4.7140404938778367e-07
65970 1.666666000005551e-06 6.666659999978244e-07
65980 2.000002e-06 2.9814120443038387e-07
65990 2.333334e-06 3.6514691107662406e-07
66000 6.666680000055511e-07 3.6514910196482715e-07
66010 1.0000020000111023e-06 3.6514910196077315e-07
66020 1.666666000005551e-06 6.666659999978244e-07
66030 2.333334e-06 3.65146911076624e-07
66040 2.000002e-06 2.9814120443038387e-07
66050 2.6666659999999997e-06 3.6514691107662406e-07
66060 2e-06 5.577725542046685e-07
66070 1.3333340000055511e-06 5.577730322934584e-07
66080 2.333334e-06 3.6514691107662406e-07
66090 2.000002e-06 2.981412044303839e-07
66100 1.3333360000055512e-06 2.9814299327980087e-07
66110 6.666680000111022e-07 3.651491019628001e-07
66120 1.666668000005551e-06 4.714040493838584e-07
66130 2.333334e-06 3.6514691107662406e-07
66140 2.000000000005551e-06 5.577725542006876e-07
66150 1.666666000011102e-06 6.666659999950488e-07
66160 2.333334e-06 3.6514691107662406e-07
66170 2e-06 5.577725542046685e-07
66180 2.000000000005551e-06 5.577725542006876e-07
66190 2.333334e-06 3.65146911076624e-07
66200 2.000002e-06 2.981412044303839e-07
66210 1.666668e-06 4.7140404938778367e-07
66220 2.333334e-06 3.6514691107662406e-07
66230 2.000000000005551e-06 5.577725542006876e-07
66240 1.666668000005551e-06 4.714040493838584e-07
66250 1.3333360000055512e-06 2.9814299327980087e-07
66260 1.9999980000111023e-06 7.302960130373971e-07
66270 1.6666659999999998e-06 6.666660000005999e-07
66280 2e-06 5.577725542046685e-07
66290 1.0000020000055513e-06 3.6514910196381357e-07
66300 2e-06 5.577725542046685e-07
66310 1.000002e-06 3.651491019668541e-07
66320 2.000002e-06 2.9814120443038387e-07
66330 2.000002e-06 2.9814120443038397e-07
66340 1.3333340000055511e-06 5.577730322934584e-07
66350 1.3333360000055512e-06 2.9814299327980087e-07
66360 2.333334e-06 3.6514691107662406e-07
66370 6.666680000055511e-07 3.6514910196482715e-07
66380 2.000000000005551e-06 5.577725542006877e-07
66390 1.666668e-06 4.7140404938778367e-07
66400 1.3333360000055512e-06 2.9814299327980087e-07
66410 2e-06 5.577725542046685e-07
66420 2.9999979999999996e-06 2.9814120443038387e-07
66430 1.666668e-06 4.7140404938778367e-07
66440 1.0000000000111022e-06 5.962844213188527e-07
66450 1.666668000005551e-06 4.714040493838584e-07
66460 1.3333340000111022e-06 5.577730322908045e-07
66470 2.000002e-06 2.981412044303839e-07
66480 1.3333340000055511e-06 5.577730322934584e-07
66490 1.3333340000055511e-06 5.577730322934584e-07
66500 2.333334e-06 3.6514691107662406e-07
66510 1.0000000000111022e-06 5.962844213188527e-07
66520 1.3333340000111022e-06 5.577730322908044e-07
66530 2.333334e-06 3.6514691107662406e-07
66540 1.666666000005551e-06 6.666659999978244e-07
66550 1.3333340000055511e-06 5.577730322934584e-07
66560 1.666668e-06 4.7140404938778367e-07
66570 1.3333360000000002e-06 2.9814299328476596e-07
66580 1.666668000005551e-06 4.714040493838584e-07
66590 2.333334e-06 3.6514691107662406e-07
66600 2.333334e-06 3.6514691107662406e-07
66610 1.0000020000055513e-06 3.6514910196381357e-07
66620 1.66667e-06 0.0
66630 1.3333339999999999e-06 5.577730322961123e-07
66640 2e-06 5.577725542046685e-07
66650 1.0000020000055513e-06 3.6514910196381357e-07
66660 1.666666000005551e-06 6.666659999978244e-07
66670 1.666668e-06 4.7140404938778367e-07
66680 1.666668000005551e-06 4.714040493838584e-07
66690 1.3333360000055512e-06 2.9814299327980087e-07
66700 2.000000000005551e-06 5.577725542006876e-07
66710 6.666680000111022e-07 3.651491019628001e-07
66720 1.3333340000055511e-06 5.577730322934584e-07
66730 1.000000000005551e-06 5.962844213207146e-07
66740 2.000002e-06 2.9814120443038387e-07
66750 1.3333340000055511e-06 5.577730322934584e-07
66760 1.66667e-06 0.0
66770 2.333334e-06 3.65146911076624e-07
66780 1.3333340000111022e-06 5.577730322908045e-07
66790 1.999998e-06 7.302960130434781e-07
66800 1.666666000005551e-06 6.666659999978243e-07
66810 1.3333340000055511e-06 5.577730322934584e-07
66820 2.000002e-06 2.9814120443038397e-07
66830 2.000000000005551e-06 5.577725542006877e-07
66840 2.000002e-06 2.981412044303839e-07
66850 2e-06 5.577725542046685e-07
66860 1.3333360000000002e-06 2.9814299328476596e-07
66870 1.3333340000055511e-06 5.577730322934584e-07
66880 1.666666000005551e-06 6.666659999978244e-07
66890 1.0000000000111022e-06 5.962844213188527e-07
66900 1.666666000005551e-06 6.666659999978244e-07
66910 2e-06 5.577725542046685e-07
66920 2.000000000005551e-06 5.577725542006876e-07
66930 1.3333340000055511e-06 5.577730322934584e-07
66940 1.3333339999999999e-06 5.577730322961123e-07
66950 1.3333360000055512e-06 2.9814299327980087e-07
66960 2.6666659999999997e-06 3.6514691107662406e-07
66970 1.0000020000055513e-06 3.6514910196381357e-07
66980 1.3333360000000002e-06 2.9814299328476596e-07
66990 1.3333340000055511e-06 5.577730322934584e-07
67000 1.666668000005551e-06 4.714040493838584e-07
67010 1.3333340000111022e-06 5.577730322908044e-07
67020 1.3333340000055511e-06 5.577730322934584e-07
67030 1.665336e-17 6.0809472868361544e-18
67040 2.333334e-06 3.6514691107662406e-07
67050 1.666668000005551e-06 4.714040493838584e-07
67060 1.3333340000111022e-06 5.577730322908044e-07
67070 2e-06 5.577725542046685e-07
67080 1.3333340000111022e-06 5.577730322908045e-07
67090 1.3333360000055512e-06 2.9814299327980087e-07
67100 2.000000000005551e-06 5.577725542006877e-07
67110 2e-06 5.577725542046685e-07
67120 2.000002e-06 2.9814120443038397e-07
67130 2.000000000005551e-06 5.577725542006877e-07
67140 1.3333340000111022e-06 5.577730322908045e-07
67150 1.0000000000111022e-06 5.962844213188527e-07
67160 2.000000000005551e-06 5.577725542006877e-07
67170 2e-06 5.577725542046685e-07
67180 1.3333339999999999e-06 5.577730322961123e-07
67190 2.000002e-06 2.9814120443038387e-07
67200 2.000000000005551e-06 5.577725542006876e-07
67210 1.6666659999999998e-06 6.666660000005999e-07
67220 1.3333340000055511e-06 5.577730322934584e-07
67230 1.0000020000111023e-06 3.6514910196077315e-07
67240 2.333334e-06 3.65146911076624e-07
67250 1.0000000000166533e-06 5.962844213169908e-07
67260 1.0000000000111022e-06 5.962844213188527e-07
67270 1.666668000005551e-06 4.714040493838584e-07
67280 1.0000020000111023e-06 3.6514910196077315e-07
67290 2.999998e-06 2.981412044303839e-07
67300 1.0000020000055513e-06 3.6514910196381357e-07
67310 1.0000020000055513e-06 3.6514910196381357e-07
67320 1.0000020000055513e-06 3.6514910196381357e-07
67330 1.0000000000111022e-06 5.962844213188527e-07
67340 1.3333360000000002e-06 2.9814299328476596e-07
67350 2.000002e-06 2.9814120443038397e-07
67360 1.666666000005551e-06 6.666659999978244e-07
67370 1.666666000005551e-06 6.666659999978244e-07
67380 1.66667e-06 0.0
67390 2.000002e-06 2.9814120443038387e-07
67400 1.3333339999999999e-06 5.577730322961123e-07
67410 2e-06 5.577725542046685e-07
67420 1.666666000005551e-06 6.666659999978244e-07
67430 2.000002e-06 2.981412044303839e-07
67440 2.333334e-06 3.6514691107662406e-07
67450 6.666680000111022e-07 3.651491019628001e-07
67460 1.3333340000055511e-06 5.577730322934584e-07
67470 6.666660000111022e-07 5.962841977126673e-07
67480 1.666666000011102e-06 6.666659999950488e-07
67490 1.666668e-06 4.7140404938778367e-07
67500 1.0000000000111022e-06 5.962844213188527e-07
67510 2.000000000005551e-06 5.577725542006877e-07
67520 1.3333340000055511e-06 5.577730322934584e-07
67530 1.0000000000166533e-06 5.962844213169908e-07
67540 1.666668000005551e-06 4.714040493838584e-07
67550 2.333332000005551e-06 5.962839741046366e-07
67560 1.3333340000055511e-06 5.577730322934584e-07
67570 2.333334e-06 3.6514691107662406e-07
67580 1.666666000005551e-06 6.666659999978244e-07
67590 1.0000000000111022e-06 5.962844213188527e-07
67600 1.6666659999999998e-06 6.666660000005999e-07
67610 1.666668e-06 4.7140404938778367e-07
67620 2e-06 5.577725542046685e-07
67630 6.666680000166534e-07 3.651491019607731e-07
67640 2e-06 5.577725542046685e-07
67650 2.000000000005551e-06 5.577725542006876e-07
67660 6.666680000055511e-07 3.6514910196482715e-07
67670 2.333332000005551e-06 5.962839741046366e-07
67680 2.6666659999999997e-06 3.6514691107662406e-07
67690 1.000002e-06 3.651491019668541e-07
67700 1.333332000005551e-06 7.302960130414511e-07
67710 1.3333340000055511e-06 5.577730322934584e-07
67720 2.333334e-06 3.6514691107662406e-07
67730 2.3333320000055512e-06 5.962839741046365e-07
67740 1.666668000005551e-06 4.714040493838584e-07
67750 2.333334e-06 3.65146911076624e-07
67760 2.000000000005551e-06 5.577725542006876e-07
67770 2.333334e-06 3.6514691107662406e-07
67780 1.3333360000055512e-06 2.9814299327980087e-07
67790 2.000002e-06 2.981412044303839e-07
67800 2.6666659999999997e-06 3.6514691107662406e-07
67810 1.666668000005551e-06 4.714040493838584e-07
67820 2.333334e-06 3.6514691107662406e-07
67830 2.000002e-06 2.9814120443038397e-07
67840 2.000002e-06 2.981412044303839e-07
67850 2.333334e-06 3.6514691107662406e-07
67860 1.3333340000055511e-06 5.577730322934584e-07
67870 2.000002e-06 2.981412044303839e-07
67880 1.3333340000055511e-06 5.577730322934584e-07
67890 2.333334e-06 3.6514691107662406e-07
67900 2.000002e-06 2.981412044303839e-07
67910 2.000002e-06 2.981412044303839e-07
67920 1.0000020000055513e-06 3.6514910196381357e-07
67930 1.3333340000055511e-06 5.577730322934584e-07
67940 2.000002e-06 2.9814120443038387e-07
67950 2.333334e-06 3.6514691107662406e-07
67960 1.666668000005551e-06 4.714040493838584e-07
67970 1.3333340000055511e-06 5.577730322934584e-07
67980 1.3333340000055511e-06 5.577730322934584e-07
67990 1.0000000000111022e-06 5.962844213188527e-07
68000 1.3333340000055511e-06 5.577730322934584e-07
68010 1.66667e-06 0.0
68020 1.3333360000055512e-06 2.9814299327980087e-07
68030 1.666666000011102e-06 6.666659999950488e-07
68040 1.0000020000111023e-06 3.6514910196077315e-07
68050 1.0000020000055513e-06 3.6514910196381357e-07
68060 1.3333360000000002e-06 2.9814299328476596e-07
68070 2.000002e-06 2.9814120443038387e-07
68080 1.3333360000000002e-06 2.9814299328476596e-07
68090 2.333334e-06 3.65146911076624e-07
68100 2e-06 5.577725542046685e-07
68110 1.0000020000055513e-06 3.6514910196381357e-07
68120 2.000000000005551e-06 5.577725542006876e-07
68130 1.0000020000111023e-06 3.6514910196077315e-07
68140 6.666680000111022e-07 3.651491019628001e-07
68150 1.3333340000055511e-06 5.577730322934584e-07
68160 1.666666000011102e-06 6.666659999950488e-07
68170 2.333334e-06 3.6514691107662406e-07
68180 1.666668000005551e-06 4.714040493838584e-07
68190 1.3333340000055511e-06 5.577730322934584e-07
68200 1.3333340000111022e-06 5.577730322908045e-07
68210 1.000002e-06 3.651491019668541e-07
68220 1.666668e-06 4.7140404938778367e-07
68230 1.666666000005551e-06 6.666659999978243e-07
68240 2.000000000005551e-06 5.577725542006876e-07
68250 1.3333340000055511e-06 5.577730322934584e-07
68260 2.000002e-06 2.9814120443038397e-07
68270 1.3333340000055511e-06 5.577730322934584e-07
68280 1.666668e-06 4.7140404938778367e-07
68290 1.666668e-06 4.7140404938778367e-07
68300 1.0000020000055513e-06 3.6514910196381357e-07
68310 1.666668e-06 4.7140404938778367e-07
68320 2.000000000005551e-06 5.577725542006877e-07
68330 1.3333340000055511e-06 5.577730322934584e-07
68340 2.666664000005551e-06 5.962841977101848e-07
68350 2.6666659999999997e-06 3.6514691107662406e-07
68360 2.333334e-06 3.6514691107662406e-07
68370 2.000000000005551e-06 5.577725542006877e-07
68380 2.3333320000055512e-06 5.962839741046365e-07
68390 2.000002e-06 2.9814120443038387e-07
68400 1.0000000000111022e-06 5.962844213188527e-07
68410 1.3333340000111022e-06 5.577730322908044e-07
68420 1.0000020000111023e-06 3.6514910196077315e-07
68430 1.3333340000055511e-06 5.577730322934584e-07
68440 1.3333360000055512e-06 2.9814299327980087e-07
68450 1.66667e-06 0.0
68460 1.666668000005551e-06 4.714040493838584e-07
68470 2.000000000005551e-06 5.577725542006877e-07
68480 1.3333360000055512e-06 2.9814299327980087e-07
68490 2e-06 5.577725542046685e-07
68500 2.000002e-06 2.9814120443038397e-07
68510 1.0000020000111023e-06 3.6514910196077315e-07
68520 1.666666000011102e-06 6.666659999950488e-07
68530 2.000002e-06 2.981412044303839e-07
68540 2e-06 5.577725542046685e-07
68550 2e-06 5.577725542046685e-07
68560 1.0000020000055513e-06 3.6514910196381357e-07
68570 2.333334e-06 3.6514691107662406e-07
68580 1.666668000005551e-06 4.714040493838584e-07
68590 2.333334e-06 3.6514691107662406e-07
68600 1.666666000005551e-06 6.666659999978244e-07
68610 1.66667e-06 0.0
68620 2.000002e-06 2.9814120443038397e-07
68630 2.000000000005551e-06 5.577725542006876e-07
68640 2.6666659999999997e-06 3.6514691107662406e-07
68650 2.6666659999999997e-06 3.6514691107662406e-07
68660 2e-06 5.577725542046685e-07
68670 1.3333340000055511e-06 5.577730322934584e-07
68680 1.0000000000111022e-06 5.962844213188527e-07
68690 2e-06 5.577725542046685e-07
68700 2.6666659999999997e-06 3.6514691107662406e-07
68710 1.66667e-06 0.0
68720 1.0000020000111023e-06 3.651491019607731e-07
68730 1.666668e-06 4.7140404938778367e-07
68740 1.0000020000055513e-06 3.6514910196381357e-07
68750 1.666668000005551e-06 4.714040493838584e-07
68760 1.666668000005551e-06 4.714040493838584e-07
68770 1.666668e-06 4.7140404938778367e-07
68780 1.666668e-06 4.7140404938778367e-07
68790 1.666668000005551e-06 4.714040493838584e-07
68800 2.333334e-06 3.6514691107662406e-07
68810 1.3333360000000002e-06 2.9814299328476596e-07
68820 2.333332000005551e-06 5.962839741046366e-07
68830 1.666668e-06 4.7140404938778367e-07
68840 2.333334e-06 3.6514691107662406e-07
68850 1.666668000005551e-06 4.714040493838584e-07
68860 1.666666000011102e-06 6.666659999950488e-07
68870 1.3333360000055512e-06 2.9814299327980087e-07
68880 1.3333360000000002e-06 2.9814299328476596e-07
68890 2.000000000005551e-06 5.577725542006877e-07
68900 1.3333360000000002e-06 2.9814299328476596e-07
68910 1.66667e-06 0.0
68920 2.000000000005551e-06 5.577725542006876e-07
68930 1.666668000005551e-06 4.714040493838584e-07
68940 2.3333320000055512e-06 5.962839741046365e-07
68950 1.666668e-06 4.7140404938778367e-07
68960 2.333334e-06 3.6514691107662406e-07
68970 2.000000000005551e-06 5.577725542006877e-07
68980 1.3333340000055511e-06 5.577730322934584e-07
68990 1.666666000005551e-06 6.666659999978244e-07
69000 2.333334e-06 3.6514691107662406e-07
69010 2.000002e-06 2.981412044303839e-07
69020 1.3333340000055511e-06 5.577730322934584e-07
69030 1.0000020000055513e-06 3.6514910196381357e-07
69040 1.666666000005551e-06 6.666659999978244e-07
69050 1.0000000000111022e-06 5.962844213188527e-07
69060 2.6666659999999997e-06 3.6514691107662406e-07
69070 2.9999979999999996e-06 2.9814120443038387e-07
69080 2.6666659999999997e-06 3.6514691107662406e-07
69090 2.000000000005551e-06 5.577725542006876e-07
69100 1.666668000005551e-06 4.714040493838584e-07
69110 2.000002e-06 2.981412044303839e-07
69120 1.000000000005551e-06 5.962844213207146e-07
69130 1.666666000005551e-06 6.666659999978244e-07
69140 1.000002e-06 3.651491019668541e-07
69150 1.666668e-06 4.7140404938778367e-07
69160 2.000000000005551e-06 5.577725542006876e-07
69170 1.3333340000055511e-06 5.577730322934584e-07
69180 2.000000000005551e-06 5.577725542006877e-07
69190 2.000002e-06 2.9814120443038397e-07
69200 1.9999980000055513e-06 7.302960130404375e-07
69210 1.0000020000055513e-06 3.6514910196381357e-07
69220 2.000002e-06 2.981412044303839e-07
69230 1.666668000005551e-06 4.714040493838584e-07
69240 1.3333360000000002e-06 2.9814299328476596e-07
69250 2.6666659999999997e-06 3.6514691107662406e-07
69260 1.666668e-06 4.7140404938778367e-07
69270 1.0000020000055513e-06 3.6514910196381357e-07
69280 2.333334e-06 3.6514691107662406e-07
69290 1.3333340000055511e-06 5.577730322934584e-07
69300 2.333332e-06 5.962839741089811e-07
69310 2.6666659999999997e-06 3.6514691107662406e-07
69320 1.0000000000111022e-06 5.962844213188527e-07
69330 2.000000000005551e-06 5.577725542006876e-07
69340 1.0000020000055513e-06 3.6514910196381357e-07
69350 1.3333340000111022e-06 5.577730322908045e-07
69360 1.666666000005551e-06 6.666659999978244e-07
69370 1.3333340000111022e-06 5.577730322908044e-07
69380 1.0000020000055513e-06 3.6514910196381357e-07
69390 1.3333340000111022e-06 5.577730322908045e-07
69400 1.0000020000111023e-06 3.6514910196077315e-07
69410 1.0000020000111023e-06 3.6514910196077315e-07
69420 2.666666e-06 3.6514691107662406e-07
69430 1.3333340000055511e-06 5.577730322934584e-07
69440 1.0000000000111022e-06 5.962844213188527e-07
69450 1.0000020000055513e-06 3.6514910196381357e-07
69460 1.666668e-06 4.7140404938778367e-07
69470 2.333334e-06 3.6514691107662406e-07
69480 2.000000000005551e-06 5.577725542006877e-07
69490 6.666680000055511e-07 3.6514910196482715e-07
69500 1.0000020000111023e-06 3.6514910196077315e-07
69510 2.000002e-06 2.9814120443038397e-07
69520 1.666668000005551e-06 4.714040493838584e-07
69530 1.3333340000055511e-06 5.577730322934584e-07
69540 1.0000020000111023e-06 3.6514910196077315e-07
69550 1.666668000005551e-06 4.714040493838584e-07
69560 1.3333360000000002e-06 2.9814299328476596e-07
69570 1.3333360000055512e-06 2.9814299327980087e-07
69580 1.666668e-06 4.7140404938778367e-07
69590 1.3333360000000002e-06 2.9814299328476596e-07
69600 2.333334e-06 3.6514691107662406e-07
69610 2.000002e-06 2.9814120443038397e-07
69620 1.666666000005551e-06 6.666659999978244e-07
69630 1.666668e-06 4.7140404938778367e-07
69640 1.0000000000111022e-06 5.962844213188527e-07
69650 1.666668000005551e-06 4.714040493838584e-07
69660 1.3333360000000002e-06 2.9814299328476596e-07
69670 1.3333340000055511e-06 5.577730322934584e-07
69680 2.333332e-06 5.962839741089811e-07
69690 1.6666659999999998e-06 6.666660000005999e-07
69700 2e-06 5.577725542046685e-07
69710 2.000000000005551e-06 5.577725542006876e-07
69720 6.666680000111022e-07 3.651491019628001e-07
69730 1.3333339999999999e-06 5.577730322961123e-07
69740 1.666668e-06 4.7140404938778367e-07
69750 2.333332e-06 5.962839741089811e-07
69760 2e-06 5.577725542046685e-07
69770 2.6666659999999997e-06 3.6514691107662406e-07
69780 1.0000020000055513e-06 3.6514910196381357e-07
69790 1.0000000000111022e-06 5.962844213188527e-07
69800 1.3333340000055511e-06 5.577730322934584e-07
69810 1.3333360000055512e-06 2.9814299327980087e-07
69820 1.6666659999999998e-06 6.666660000005999e-07
69830 2.000002e-06 2.9814120443038397e-07
69840 1.666668e-06 4.7140404938778367e-07
69850 2.333334e-06 3.65146911076624e-07
69860 1.0000020000111023e-06 3.651491019607731e-07
69870 2.333334e-06 3.6514691107662406e-07
69880 2.6666659999999997e-06 3.6514691107662406e-07
69890 2.000000000005551e-06 5.577725542006876e-07
69900 2.3333319999999998e-06 5.962839741089811e-07
69910 6.666680000111022e-07 3.651491019628001e-07
69920 1.3333360000000002e-06 2.9814299328476596e-07
69930 1.666668e-06 4.7140404938778367e-07
69940 1.3333360000055512e-06 2.9814299327980087e-07
69950 1.000000000005551e-06 5.962844213207147e-07
69960 1.3333340000111022e-06 5.577730322908044e-07
69970 2e-06 5.577725542046685e-07
69980 1.3333340000111022e-06 5.577730322908044e-07
69990 2.333334e-06 3.6514691107662406e-07
70000 2e-06 5.577725542046685e-07
70010 2e-06 5.577725542046685e-07
70020 2.3333320000055512e-06 5.962839741046365e-07
70030 1.666668e-06 4.7140404938778367e-07
70040 2.333334e-06 3.6514691107662406e-07
70050 1.666668e-06 4.7140404938778367e-07
70060 2.333334e-06 3.6514691107662406e-07
70070 2.6666659999999997e-06 3.6514691107662406e-07
70080 1.666668e-06 4.7140404938778367e-07
70090 1.666668000005551e-06 4.714040493838584e-07
70100 2.000000000005551e-06 5.577725542006877e-07
70110 2e-06 5.577725542046685e-07
70120 1.3333340000111022e-06 5.577730322908044e-07
70130 1.666668e-06 4.7140404938778367e-07
70140 2.000002e-06 2.9814120443038397e-07
70150 2.333332000005551e-06 5.962839741046366e-07
70160 2.000000000005551e-06 5.577725542006877e-07
70170 1.666668000005551e-06 4.714040493838584e-07
70180 2.333334e-06 3.6514691107662406e-07
70190 1.3333360000055512e-06 2.9814299327980087e-07
70200 2.999998e-06 2.9814120443038387e-07
70210 2.3333319999999998e-06 5.962839741089811e-07
70220 2.000002e-06 2.981412044303839e-07
70230 1.0000020000055513e-06 3.6514910196381357e-07
70240 1.3333340000055511e-06 5.577730322934584e-07
70250 2.000000000005551e-06 5.577725542006877e-07
70260 2e-06 5.577725542046685e-07
70270 2.000002e-06 2.9814120443038397e-07
70280 2.000000000005551e-06 5.577725542006877e-07
70290 6.666680000055511e-07 3.6514910196482715e-07
70300 2.333332000005551e-06 5.962839741046366e-07
70310 1.666666000005551e-06 6.666659999978244e-07
70320 1.3333340000111022e-06 5.577730322908044e-07
70330 1.666668e-06 4.7140404938778367e-07
70340 2.333332000005551e-06 5.962839741046366e-07
70350 2.000002e-06 2.9814120443038397e-07
70360 1.3333340000055511e-06 5.577730322934584e-07
70370 6.666680000111022e-07 3.651491019628001e-07
70380 1.0000020000055513e-06 3.6514910196381357e-07
70390 1.666668000005551e-06 4.714040493838584e-07
70400 1.666668e-06 4.7140404938778367e-07
70410 1.3333340000111022e-06 5.577730322908044e-07
70420 1.66667e-06 0.0
70430 1.666668e-06 4.7140404938778367e-07
70440 1.666668000005551e-06 4.714040493838584e-07
70450 2.333334e-06 3.65146911076624e-07
70460 2.333334e-06 3.6514691107662406e-07
70470 2.000000000005551e-06 5.577725542006877e-07
70480 2.000002e-06 2.9814120443038397e-07
70490 2.333334e-06 3.6514691107662406e-07
70500 2.000000000005551e-06 5.577725542006876e-07
70510 2.000002e-06 2.9814120443038397e-07
70520 1.666668e-06 4.7140404938778367e-07
70530 1.666666000011102e-06 6.666659999950488e-07
70540 6.666680000111022e-07 3.651491019628001e-07
70550 1.666666000005551e-06 6.666659999978244e-07
70560 1.666668000005551e-06 4.714040493838584e-07
70570 2.000002e-06 2.9814120443038397e-07
70580 1.3333340000111022e-06 5.577730322908044e-07
70590 1.3333360000055512e-06 2.9814299327980087e-07
70600 2.000000000005551e-06 5.577725542006877e-07
70610 1.0000020000055513e-06 3.6514910196381357e-07
70620 1.333332000011102e-06 7.302960130394243e-07
70630 1.3333360000055512e-06 2.9814299327980087e-07
70640 1.9999980000055513e-06 7.302960130404375e-07
70650 2e-06 5.577725542046685e-07
70660 2.000000000005551e-06 5.577725542006877e-07
70670 1.3333360000055512e-06 2.9814299327980087e-07
70680 1.666668000005551e-06 4.714040493838584e-07
70690 1.666668000005551e-06 4.714040493838584e-07
70700 2.6666659999999997e-06 3.6514691107662406e-07
70710 2.666664000005551e-06 5.962841977101848e-07
70720 1.666666000005551e-06 6.666659999978244e-07
70730 1.666666000011102e-06 6.666659999950488e-07
70740 2.000002e-06 2.981412044303839e-07
70750 2.333334e-06 3.6514691107662406e-07
70760 2.333334e-06 3.6514691107662406e-07
70770 2.000002e-06 2.9814120443038397e-07
70780 1.666666000011102e-06 6.666659999950488e-07
70790 1.0000020000111023e-06 3.6514910196077315e-07
70800 1.3333339999999999e-06 5.577730322961123e-07
70810 1.000002e-06 3.651491019668541e-07
70820 2e-06 5.577725542046685e-07
70830 3.3333400001110226e-07 2.981429932822834e-07
70840 1.0000020000111023e-06 3.6514910196077315e-07
70850 2e-06 5.577725542046685e-07
70860 1.3333360000055512e-06 2.9814299327980087e-07
70870 1.666668000005551e-06 4.714040493838584e-07
70880 1.0000000000111022e-06 5.962844213188527e-07
70890 2.000000000005551e-06 5.577725542006877e-07
70900 1.3333360000000002e-06 2.9814299328476596e-07
70910 2.000000000005551e-06 5.577725542006877e-07
70920 1.666668e-06 4.7140404938778367e-07
70930 2e-06 5.577725542046685e-07
70940 2.6666659999999997e-06 3.6514691107662406e-07
70950 2.333334e-06 3.6514691107662406e-07
70960 2.000000000005551e-06 5.577725542006876e-07
70970 2.000002e-06 2.981412044303839e-07
70980 1.3333360000055512e-06 2.9814299327980087e-07
70990 2.333334e-06 3.65146911076624e-07
71000 2.999998e-06 2.9814120443038387e-07
71010 2.333332000005551e-06 5.962839741046366e-07
71020 1.666668000005551e-06 4.714040493838584e-07
71030 1.666666000005551e-06 6.666659999978243e-07
71040 1.666668000005551e-06 4.714040493838584e-07
71050 1.666666000005551e-06 6.666659999978244e-07
71060 2.6666659999999997e-06 3.6514691107662406e-07
71070 2.6666659999999997e-06 3.6514691107662406e-07
71080 2.333332000005551e-06 5.962839741046366e-07
71090 1.3333340000055511e-06 5.577730322934584e-07
71100 1.0000020000111023e-06 3.6514910196077315e-07
71110 1.0000020000055513e-06 3.6514910196381357e-07
71120 1.666668000005551e-06 4.714040493838584e-07
71130 1.666668000005551e-06 4.714040493838584e-07
71140 1.3333360000055512e-06 2.9814299327980087e-07
71150 1.3333340000111022e-06 5.577730322908044e-07
71160 6.666680000111022e-07 3.651491019628001e-07
71170 1.0000000000166533e-06 5.962844213169908e-07
71180 2.000002e-06 2.981412044303839e-07
71190 1.0000020000111023e-06 3.6514910196077315e-07
71200 2.000002e-06 2.9814120443038397e-07
71210 1.666668000005551e-06 4.714040493838584e-07
71220 2e-06 5.577725542046685e-07
71230 2.6666659999999997e-06 3.6514691107662406e-07
71240 1.666666000011102e-06 6.666659999950488e-07
71250 2.333334e-06 3.6514691107662406e-07
71260 1.0000000000111022e-06 5.962844213188527e-07
71270 1.0000020000055513e-06 3.6514910196381357e-07
71280 1.000000000005551e-06 5.962844213207147e-07
71290 1.3333360000000002e-06 2.9814299328476596e-07
71300 1.3333360000055512e-06 2.9814299327980087e-07
71310 2.000000000005551e-06 5.577725542006877e-07
71320 2.000002e-06 2.9814120443038387e-07
71330 1.66667e-06 0.0
71340 1.666668000005551e-06 4.714040493838584e-07
71350 2.3333319999999998e-06 5.962839741089811e-07
71360 1.3333340000111022e-06 5.577730322908045e-07
71370 2.000000000005551e-06 5.577725542006876e-07
71380 2.3333320000055512e-06 5.962839741046365e-07
71390 1.666668000005551e-06 4.714040493838584e-07
71400 6.666680000055511e-07 3.6514910196482715e-07
71410 1.3333339999999999e-06 5.577730322961123e-07
71420 1.3333339999999999e-06 5.577730322961123e-07
71430 1.3333339999999999e-06 5.577730322961123e-07
71440 1.3333360000055512e-06 2.9814299327980087e-07
71450 1.665336e-17 6.0809472868361544e-18
71460 6.666680000111022e-07 3.651491019628001e-07
71470 2.000002e-06 2.9814120443038397e-07
71480 1.666668e-06 4.7140404938778367e-07
71490 2.000000000005551e-06 5.577725542006876e-07
71500 1.3333360000055512e-06 2.9814299327980087e-07
71510 1.3333340000055511e-06 5.577730322934584e-07
71520 1.666668e-06 4.7140404938778367e-07
71530 2.333334e-06 3.6514691107662406e-07
71540 1.0000020000055513e-06 3.6514910196381357e-07
71550 1.666668000005551e-06 4.714040493838584e-07
71560 2.3333320000055512e-06 5.962839741046365e-07
71570 1.0000020000111023e-06 3.6514910196077315e-07
71580 1.000000000005551e-06 5.962844213207147e-07
71590 2.000000000005551e-06 5.577725542006876e-07
71600 2.333334e-06 3.6514691107662406e-07
71610 1.0000020000055513e-06 3.6514910196381357e-07
71620 1.666668000005551e-06 4.714040493838584e-07
71630 2.000000000005551e-06 5.577725542006876e-07
71640 1.666668e-06 4.7140404938778367e-07
71650 1.66667e-06 0.0
71660 2.000000000005551e-06 5.577725542006877e-07
71670 2.000000000005551e-06 5.577725542006877e-07
71680 1.0000020000111023e-06 3.6514910196077315e-07
71690 2.000002e-06 2.9814120443038397e-07
71700 1.666668000005551e-06 4.714040493838584e-07
71710 2e-06 5.577725542046685e-07
71720 2.000002e-06 2.9814120443038387e-07
71730 2e-06 5.577725542046685e-07
71740 1.666668000005551e-06 4.714040493838584e-07
71750 2.333334e-06 3.6514691107662406e-07
71760 1.666668000005551e-06 4.714040493838584e-07
71770 1.3333340000055511e-06 5.577730322934584e-07
71780 1.666668000005551e-06 4.714040493838584e-07
71790 2.3333320000055512e-06 5.962839741046365e-07
71800 1.3333340000055511e-06 5.577730322934584e-07
71810 1.3333340000055511e-06 5.577730322934584e-07
71820 2.000000000005551e-06 5.577725542006876e-07
71830 1.666666000011102e-06 6.666659999950488e-07
71840 1.666666000005551e-06 6.666659999978244e-07
71850 1.666668e-06 4.7140404938778367e-07
71860 2.3333319999999998e-06 5.962839741089811e-07
71870 2.000002e-06 2.981412044303839e-07
71880 2.333334e-06 3.65146911076624e-07
71890 1.666668e-06 4.7140404938778367e-07
71900 1.3333340000055511e-06 5.577730322934584e-07
71910 1.3333339999999999e-06 5.577730322961123e-07
71920 2.000002e-06 2.9814120443038397e-07
71930 1.3333340000055511e-06 5.577730322934584e-07
71940 2.333334e-06 3.6514691107662406e-07
71950 2.000002e-06 2.981412044303839e-07
71960 1.666666000005551e-06 6.666659999978244e-07
71970 6.666680000111022e-07 3.651491019628001e-07
71980 1.3333360000000002e-06 2.9814299328476596e-07
71990 1.66667e-06 0.0
72000 1.0000020000055513e-06 3.6514910196381357e-07
72010 1.666668e-06 4.7140404938778367e-07
72020 2.6666659999999997e-06 3.6514691107662406e-07
72030 2.333334e-06 3.6514691107662406e-07
72040 1.0000020000055513e-06 3.6514910196381357e-07
72050 2.000002e-06 2.981412044303839e-07
72060 2.000002e-06 2.981412044303839e-07
72070 2e-06 5.577725542046685e-07
72080 2.333334e-06 3.6514691107662406e-07
72090 1.0000020000111023e-06 3.6514910196077315e-07
72100 6.666680000111022e-07 3.651491019628001e-07
72110 1.666668000005551e-06 4.714040493838584e-07
72120 1.666668e-06 4.7140404938778367e-07
72130 6.666680000055511e-07 3.6514910196482715e-07
72140 2.333334e-06 3.6514691107662406e-07
72150 1.666666000011102e-06 6.666659999950488e-07
72160 1.66667e-06 0.0
72170 1.666668e-06 4.7140404938778367e-07
72180 2.9999979999999996e-06 2.9814120443038387e-07
72190 2.333334e-06 3.6514691107662406e-07
72200 2.333334e-06 3.6514691107662406e-07
72210 1.3333339999999999e-06 5.577730322961123e-07
72220 2e-06 5.577725542046685e-07
72230 1.3333360000055512e-06 2.9814299327980087e-07
72240 2.000000000005551e-06 5.577725542006877e-07
72250 1.3333340000055511e-06 5.577730322934584e-07
72260 2.000000000005551e-06 5.577725542006877e-07
72270 1.666668000005551e-06 4.714040493838584e-07
72280 2.000000000005551e-06 5.577725542006877e-07
72290 2.333332000005551e-06 5.962839741046366e-07
72300 1.666668000005551e-06 4.714040493838584e-07
72310 2.3333319999999998e-06 5.962839741089811e-07
72320 1.666668000005551e-06 4.714040493838584e-07
72330 2.333334e-06 3.6514691107662406e-07
72340 1.666668000005551e-06 4.714040493838584e-07
72350 2.000002e-06 2.981412044303839e-07
72360 2.000002e-06 2.981412044303839e-07
72370 2.333334e-06 3.6514691107662406e-07
72380 1.666668e-06 4.7140404938778367e-07
72390 1.666666000005551e-06 6.666659999978244e-07
72400 1.3333340000111022e-06 5.577730322908044e-07
72410 1.3333340000111022e-06 5.577730322908044e-07
72420 2.000002e-06 2.981412044303839e-07
72430 2.000000000005551e-06 5.577725542006876e-07
72440 1.666666000005551e-06 6.666659999978244e-07
72450 1.3333360000055512e-06 2.9814299327980087e-07
72460 1.666666000011102e-06 6.666659999950488e-07
72470 1.666668000005551e-06 4.714040493838584e-07
72480 2.000000000005551e-06 5.577725542006877e-07
72490 1.0000000000111022e-06 5.962844213188527e-07
72500 2.000000000005551e-06 5.577725542006876e-07
72510 2.333334e-06 3.6514691107662406e-07
72520 2.000000000005551e-06 5.577725542006876e-07
72530 2.000002e-06 2.9814120443038387e-07
72540 2.000000000005551e-06 5.577725542006876e-07
72550 1.0000020000055513e-06 3.6514910196381357e-07
72560 1.6666659999999998e-06 6.666660000005999e-07
72570 2.000002e-06 2.9814120443038397e-07
72580 3.3333400001110226e-07 2.981429932822834e-07
72590 2.000002e-06 2.981412044303839e-07
72600 2.9999979999999996e-06 2.9814120443038387e-07
72610 1.3333340000055511e-06 5.577730322934584e-07
72620 2.999998e-06 2.9814120443038387e-07
72630 1.3333360000055512e-06 2.9814299327980087e-07
72640 1.333332000011102e-06 7.302960130394242e-07
72650 2.000000000005551e-06 5.577725542006877e-07
72660 2.333334e-06 3.6514691107662406e-07
72670 1.666668000005551e-06 4.714040493838584e-07
72680 6.666680000111022e-07 3.651491019628001e-07
72690 1.666668000005551e-06 4.714040493838584e-07
72700 2.000000000005551e-06 5.577725542006876e-07
72710 1.666668000005551e-06 4.714040493838584e-07
72720 1.333332000011102e-06 7.302960130394242e-07
72730 6.666680000111022e-07 3.651491019628001e-07
72740 2.333332000005551e-06 5.962839741046366e-07
72750 1.0000020000111023e-06 3.6514910196077315e-07
72760 1.3333340000111022e-06 5.577730322908044e-07
72770 1.3333360000000002e-06 2.9814299328476596e-07
72780 6.666680000055511e-07 3.6514910196482715e-07
72790 1.0000020000055513e-06 3.6514910196381357e-07
72800 1.3333360000055512e-06 2.9814299327980087e-07
72810 2.000000000005551e-06 5.577725542006876e-07
72820 1.666668000005551e-06 4.714040493838584e-07
72830 1.666668e-06 4.7140404938778367e-07
72840 1.666668e-06 4.7140404938778367e-07
72850 1.666668e-06 4.7140404938778367e-07
72860 2.666664e-06 5.962841977151499e-07
72870 1.0000000000111022e-06 5.962844213188527e-07
72880 2e-06 5.577725542046685e-07
72890 2.000002e-06 2.981412044303839e-07
72900 1.3333339999999999e-06 5.577730322961123e-07
72910 3.3333400001665334e-07 2.981429932810421e-07
72920 1.666668e-06 4.7140404938778367e-07
72930 2.000000000005551e-06 5.577725542006876e-07
72940 1.3333340000055511e-06 5.577730322934584e-07
72950 1.666668e-06 4.7140404938778367e-07
72960 1.666668e-06 4.7140404938778367e-07
72970 1.66667e-06 0.0
72980 1.3333340000055511e-06 5.577730322934584e-07
72990 2.3333319999999998e-06 5.962839741089811e-07
73000 1.666668e-06 4.7140404938778367e-07
73010 1.0000020000055513e-06 3.6514910196381357e-07
73020 1.3333340000055511e-06 5.577730322934584e-07
73030 1.66667e-06 0.0
73040 6.666680000111022e-07 3.651491019628001e-07
73050 1.3333339999999999e-06 5.577730322961123e-07
73060 1.0000020000055513e-06 3.6514910196381357e-07
73070 2.000000000005551e-06 5.577725542006876e-07
73080 1.3333340000111022e-06 5.577730322908044e-07
73090 1.666668000005551e-06 4.714040493838584e-07
73100 1.3333360000000002e-06 2.9814299328476596e-07
73110 1.666668000005551e-06 4.714040493838584e-07
73120 1.3333360000000002e-06 2.9814299328476596e-07
73130 1.000000000005551e-06 5.962844213207147e-07
73140 1.666668000005551e-06 4.714040493838584e-07
73150 2.333332000005551e-06 5.962839741046366e-07
73160 6.666680000111022e-07 3.651491019628001e-07
73170 2.333334e-06 3.6514691107662406e-07
73180 1.666666000011102e-06 6.666659999950488e-07
73190 6.666680000111022e-07 3.651491019628001e-07
73200 2.000000000005551e-06 5.577725542006876e-07
73210 2.000002e-06 2.9814120443038397e-07
73220 1.3333340000111022e-06 5.577730322908045e-07
73230 1.000000000005551e-06 5.962844213207147e-07
73240 2.333334e-06 3.6514691107662406e-07
73250 1.666668000005551e-06 4.714040493838584e-07
73260 1.3333340000055511e-06 5.577730322934584e-07
73270 2.333334e-06 3.6514691107662406e-07
73280 2.000000000005551e-06 5.577725542006876e-07
73290 6.666680000055511e-07 3.6514910196482715e-07
73300 2.000002e-06 2.9814120443038397e-07
73310 1.666668000005551e-06 4.714040493838584e-07
73320 2e-06 5.577725542046685e-07
73330 2.000000000005551e-06 5.577725542006877e-07
73340 2e-06 5.577725542046685e-07
73350 1.3333340000055511e-06 5.577730322934584e-07
73360 1.3333340000111022e-06 5.577730322908045e-07
73370 1.666668e-06 4.7140404938778367e-07
73380 1.666668000005551e-06 4.714040493838584e-07
73390 2e-06 5.577725542046685e-07
73400 2.000002e-06 2.9814120443038397e-07
73410 1.3333360000000002e-06 2.9814299328476596e-07
73420 2.000002e-06 2.9814120443038387e-07
73430 1.0000000000166533e-06 5.962844213169908e-07
73440 1.0000020000111023e-06 3.6514910196077315e-07
73450 1.0000020000055513e-06 3.6514910196381357e-07
73460 1.3333340000111022e-06 5.577730322908045e-07
73470 2.000002e-06 2.9814120443038387e-07
73480 1.000002e-06 3.651491019668541e-07
73490 2.000002e-06 2.9814120443038397e-07
73500 2.000002e-06 2.981412044303839e-07
73510 1.666668e-06 4.7140404938778367e-07
73520 1.666668e-06 4.7140404938778367e-07
73530 2.000000000005551e-06 5.577725542006877e-07
73540 2.6666659999999997e-06 3.6514691107662406e-07
73550 2e-06 5.577725542046685e-07
73560 2.6666659999999997e-06 3.6514691107662406e-07
73570 1.3333340000055511e-06 5.577730322934584e-07
73580 1.3333340000111022e-06 5.577730322908044e-07
73590 1.3333360000055512e-06 2.9814299327980087e-07
73600 2.333334e-06 3.6514691107662406e-07
73610 1.000000000005551e-06 5.962844213207147e-07
73620 2.333332000005551e-06 5.962839741046366e-07
73630 1.3333360000000002e-06 2.9814299328476596e-07
73640 1.3333340000111022e-06 5.577730322908044e-07
73650 2.333334e-06 3.65146911076624e-07
73660 1.666668000005551e-06 4.714040493838584e-07
73670 1.666668e-06 4.7140404938778367e-07
73680 2.6666659999999997e-06 3.6514691107662406e-07
73690 2.000000000005551e-06 5.577725542006876e-07
73700 1.3333339999999999e-06 5.577730322961123e-07
73710 1.666668000005551e-06 4.714040493838584e-07
73720 1.0000000000111022e-06 5.962844213188527e-07
73730 1.3333340000055511e-06 5.577730322934584e-07
73740 2.6666659999999997e-06 3.6514691107662406e-07
73750 2.9999979999999996e-06 2.9814120443038387e-07
73760 2.333334e-06 3.6514691107662406e-07
73770 2.333334e-06 3.6514691107662406e-07
73780 2.000002e-06 2.981412044303839e-07
73790 1.3333340000055511e-06 5.577730322934584e-07
73800 1.0000000000111022e-06 5.962844213188527e-07
73810 1.9999980000055513e-06 7.302960130404375e-07
73820 1.666668000005551e-06 4.714040493838584e-07
73830 2.9999979999999996e-06 2.9814120443038387e-07
73840 1.666666000005551e-06 6.666659999978244e-07
73850 1.3333340000111022e-06 5.577730322908044e-07
73860 1.3333360000055512e-06 2.9814299327980087e-07
73870 1.333332000011102e-06 7.302960130394242e-07
73880 2.333334e-06 3.65146911076624e-07
73890 1.3333360000055512e-06 2.9814299327980087e-07
73900 1.3333340000111022e-06 5.577730322908044e-07
73910 1.66667e-06 0.0
73920 1.0000020000055513e-06 3.6514910196381357e-07
73930 1.666666000005551e-06 6.666659999978244e-07
73940 1.0000020000055513e-06 3.6514910196381357e-07
73950 1.3333339999999999e-06 5.577730322961123e-07
73960 2.3333319999999998e-06 5.962839741089811e-07
73970 2e-06 5.577725542046685e-07
73980 2.000002e-06 2.9814120443038397e-07
73990 1.3333339999999999e-06 5.577730322961123e-07
74000 2e-06 5.577725542046685e-07
74010 2.333334e-06 3.6514691107662406e-07
74020 6.666680000111022e-07 3.651491019628001e-07
74030 6.666680000111022e-07 3.651491019628001e-07
74040 2.000000000005551e-06 5.577725542006876e-07
74050 2.3333320000055512e-06 5.962839741046365e-07
74060 1.66667e-06 0.0
74070 1.3333360000055512e-06 2.9814299327980087e-07
74080 2.000000000005551e-06 5.577725542006877e-07
74090 1.0000020000055513e-06 3.6514910196381357e-07
74100 2.333334e-06 3.6514691107662406e-07
74110 1.3333360000000002e-06 2.9814299328476596e-07
74120 1.666668e-06 4.7140404938778367e-07
74130 1.0000000000111022e-06 5.962844213188527e-07
74140 2.3333320000055512e-06 5.962839741046365e-07
74150 1.9999980000055513e-06 7.302960130404375e-07
74160 2.6666659999999997e-06 3.6514691107662406e-07
74170 1.3333340000055511e-06 5.577730322934584e-07
74180 1.666668000005551e-06 4.714040493838584e-07
74190 2.666666e-06 3.6514691107662406e-07
74200 1.666668000005551e-06 4.714040493838584e-07
74210 1.666668000005551e-06 4.714040493838584e-07
74220 6.666680000111022e-07 3.651491019628001e-07
74230 2.000002e-06 2.981412044303839e-07
74240 2.000002e-06 2.9814120443038387e-07
74250 2.000002e-06 2.9814120443038397e-07
74260 2.333334e-06 3.6514691107662406e-07
74270 1.0000020000111023e-06 3.651491019607731e-07
74280 1.333332000011102e-06 7.302960130394242e-07
74290 1.666666000005551e-06 6.666659999978244e-07
74300 1.0000020000055513e-06 3.6514910196381357e-07
74310 1.666666000011102e-06 6.666659999950488e-07
74320 2.333334e-06 3.6514691107662406e-07
74330 1.0000020000055513e-06 3.6514910196381357e-07
74340 1.3333360000055512e-06 2.9814299327980087e-07
74350 1.0000020000055513e-06 3.6514910196381357e-07
74360 6.666680000055511e-07 3.6514910196482715e-07
74370 2.000002e-06 2.9814120443038387e-07
74380 1.666668000005551e-06 4.714040493838584e-07
74390 1.666668e-06 4.7140404938778367e-07
74400 1.666668e-06 4.7140404938778367e-07
74410 1.666668000005551e-06 4.714040493838584e-07
74420 2.000002e-06 2.981412044303839e-07
74430 2.000002e-06 2.9814120443038397e-07
74440 1.3333360000055512e-06 2.9814299327980087e-07
74450 2.000000000005551e-06 5.577725542006877e-07
74460 1.666668e-06 4.7140404938778367e-07
74470 1.0000000000111022e-06 5.962844213188527e-07
74480 1.666668000005551e-06 4.714040493838584e-07
74490 1.666666000005551e-06 6.666659999978244e-07
74500 1.3333340000055511e-06 5.577730322934584e-07
74510 1.3333360000055512e-06 2.9814299327980087e-07
74520 1.666668e-06 4.7140404938778367e-07
74530 2.333334e-06 3.65146911076624e-07
74540 2.000002e-06 2.9814120443038397e-07
74550 1.9999980000055513e-06 7.302960130404375e-07
74560 6.666680000055511e-07 3.6514910196482715e-07
74570 1.3333340000111022e-06 5.577730322908044e-07
74580 1.3333340000055511e-06 5.577730322934584e-07
74590 1.666668000005551e-06 4.714040493838584e-07
74600 2.6666659999999997e-06 3.6514691107662406e-07
74610 1.3333360000055512e-06 2.9814299327980087e-07
74620 2.000002e-06 2.9814120443038397e-07
74630 1.3333360000000002e-06 2.9814299328476596e-07
74640 2.000002e-06 2.981412044303839e-07
74650 2.333332e-06 5.962839741089811e-07
74660 2.333334e-06 3.6514691107662406e-07
74670 2.000002e-06 2.981412044303839e-07
74680 2.333332000005551e-06 5.962839741046366e-07
74690 2.000002e-06 2.9814120443038397e-07
74700 2.6666659999999997e-06 3.6514691107662406e-07
74710 1.66667e-06 0.0
74720 2.000000000005551e-06 5.577725542006876e-07
74730 1.3333360000000002e-06 2.9814299328476596e-07
74740 1.666666000005551e-06 6.666659999978244e-07
74750 1.3333340000111022e-06 5.577730322908044e-07
74760 1.666668e-06 4.7140404938778367e-07
74770 1.666668e-06 4.7140404938778367e-07
74780 2.3333320000055512e-06 5.962839741046365e-07
74790 2.3333319999999998e-06 5.962839741089811e-07
74800 2.3333320000055512e-06 5.962839741046365e-07
74810 1.666668000005551e-06 4.714040493838584e-07
74820 1.333332000011102e-06 7.302960130394243e-07
74830 2.333332000005551e-06 5.962839741046366e-07
74840 2.333334e-06 3.6514691107662406e-07
74850 6.666680000111022e-07 3.651491019628001e-07
74860 1.666668e-06 4.7140404938778367e-07
74870 1.3333360000055512e-06 2.9814299327980087e-07
74880 2.333332000005551e-06 5.962839741046366e-07
74890 1.3333339999999999e-06 5.577730322961123e-07
74900 1.0000020000055513e-06 3.6514910196381357e-07
74910 1.666668000005551e-06 4.714040493838584e-07
74920 1.666666000005551e-06 6.666659999978244e-07
74930 1.666668e-06 4.7140404938778367e-07
74940 6.666680000111022e-07 3.651491019628001e-07
74950 2.3333320000055512e-06 5.962839741046365e-07
74960 2.666664e-06 5.962841977151498e-07
74970 2.333334e-06 3.6514691107662406e-07
74980 1.66667e-06 0.0
74990 2.333332e-06 5.962839741089811e-07
75000 1.0000020000055513e-06 3.6514910196381357e-07
75010 2.000000000005551e-06 5.577725542006877e-07
75020 2.666666e-06 3.6514691107662406e-07
75030 2.000000000005551e-06 5.577725542006876e-07
75040 3.3333400001110226e-07 2.981429932822834e-07
75050 1.666668000005551e-06 4.714040493838584e-07
75060 2.9999979999999996e-06 2.9814120443038387e-07
75070 2.000000000005551e-06 5.577725542006876e-07
75080 2.6666659999999997e-06 3.6514691107662406e-07
75090 1.666668000005551e-06 4.714040493838584e-07
75100 1.666666000005551e-06 6.666659999978244e-07
75110 1.3333340000055511e-06 5.577730322934584e-07
75120 1.6666659999999998e-06 6.666660000005999e-07
75130 2.333334e-06 3.6514691107662406e-07
75140 1.333332000011102e-06 7.302960130394242e-07
75150 6.666680000111022e-07 3.651491019628001e-07
75160 1.666666000005551e-06 6.666659999978244e-07
75170 1.666668000005551e-06 4.714040493838584e-07
75180 2.333334e-06 3.65146911076624e-07
75190 1.666668e-06 4.7140404938778367e-07
75200 2.3333319999999998e-06 5.962839741089811e-07
75210 3.3333400001110226e-07 2.981429932822834e-07
75220 1.3333360000055512e-06 2.9814299327980087e-07
75230 1.0000000000111022e-06 5.962844213188527e-07
75240 2e-06 5.577725542046685e-07
75250 1.0000020000055513e-06 3.6514910196381357e-07
75260 1.666666000011102e-06 6.666659999950488e-07
75270 2.000000000005551e-06 5.577725542006876e-07
75280 1.3333360000055512e-06 2.9814299327980087e-07
75290 2.333332000005551e-06 5.962839741046366e-07
75300 2e-06 5.577725542046685e-07
75310 1.3333360000055512e-06 2.9814299327980087e-07
75320 1.6666659999999998e-06 6.666660000005999e-07
75330 2.3333320000055512e-06 5.962839741046365e-07
75340 2e-06 5.577725542046685e-07
75350 1.666668e-06 4.7140404938778367e-07
75360 1.666668e-06 4.7140404938778367e-07
75370 1.3333340000111022e-06 5.577730322908044e-07
75380 1.3333360000000002e-06 2.9814299328476596e-07
75390 1.666666000011102e-06 6.666659999950488e-07
75400 1.3333340000055511e-06 5.577730322934584e-07
75410 6.666680000055511e-07 3.6514910196482715e-07
75420 1.0000020000111023e-06 3.651491019607731e-07
75430 1.666668000005551e-06 4.714040493838584e-07
75440 1.3333340000055511e-06 5.577730322934584e-07
75450 2e-06 5.577725542046685e-07
75460 2.000000000005551e-06 5.577725542006876e-07
75470 2.3333319999999998e-06 5.962839741089811e-07
75480 2e-06 5.577725542046685e-07
75490 2.000002e-06 2.981412044303839e-07
75500 2e-06 5.577725542046685e-07
75510 2.000000000005551e-06 5.577725542006876e-07
75520 2.6666659999999997e-06 3.6514691107662406e-07
75530 2.6666659999999997e-06 3.6514691107662406e-07
75540 1.0000020000111023e-06 3.6514910196077315e-07
75550 1.999998e-06 7.302960130434781e-07
75560 1.666668e-06 4.7140404938778367e-07
75570 1.666668e-06 4.7140404938778367e-07
75580 2.333332000005551e-06 5.962839741046366e-07
75590 1.3333340000055511e-06 5.577730322934584e-07
75600 2.000002e-06 2.9814120443038397e-07
75610 1.3333340000111022e-06 5.577730322908045e-07
75620 2.000002e-06 2.981412044303839e-07
75630 1.0000020000055513e-06 3.6514910196381357e-07
75640 6.666680000166534e-07 3.651491019607731e-07
75650 1.66667e-06 0.0
75660 2.6666659999999997e-06 3.6514691107662406e-07
75670 2.333332000005551e-06 5.962839741046366e-07
75680 2.333334e-06 3.6514691107662406e-07
75690 2e-06 5.577725542046685e-07
75700 6.666680000055511e-07 3.6514910196482715e-07
75710 1.666668e-06 4.7140404938778367e-07
75720 1.666668e-06 4.7140404938778367e-07
75730 2.333334e-06 3.65146911076624e-07
75740 1.666668e-06 4.7140404938778367e-07
75750 2.3333319999999998e-06 5.962839741089811e-07
75760 2e-06 5.577725542046685e-07
75770 2.3333320000055512e-06 5.962839741046365e-07
75780 2.000000000005551e-06 5.577725542006877e-07
75790 1.3333340000055511e-06 5.577730322934584e-07
75800 2e-06 5.577725542046685e-07
75810 2.000000000005551e-06 5.577725542006876e-07
75820 6.666680000111022e-07 3.651491019628001e-07
75830 3.3333400001665334e-07 2.981429932810421e-07
75840 2e-06 5.577725542046685e-07
75850 2.333334e-06 3.6514691107662406e-07
75860 2.6666659999999997e-06 3.6514691107662406e-07
75870 1.666666000005551e-06 6.666659999978244e-07
75880 2.000002e-06 2.981412044303839e-07
75890 1.3333360000000002e-06 2.9814299328476596e-07
75900 1.0000000000111022e-06 5.962844213188527e-07
75910 1.666668000005551e-06 4.714040493838584e-07
75920 1.666668000005551e-06 4.714040493838584e-07
75930 1.3333340000055511e-06 5.577730322934584e-07
75940 1.0000020000055513e-06 3.6514910196381357e-07
75950 1.3333340000111022e-06 5.577730322908044e-07
75960 1.666668000005551e-06 4.714040493838584e-07
75970 1.0000020000055513e-06 3.6514910196381357e-07
75980 6.666680000111022e-07 3.651491019628001e-07
75990 2.6666659999999997e-06 3.6514691107662406e-07
76000 2.000000000005551e-06 5.577725542006876e-07
76010 2.3333319999999998e-06 5.962839741089811e-07
76020 2.3333319999999998e-06 5.962839741089811e-07
76030 1.666668e-06 4.7140404938778367e-07
76040 1.666668000005551e-06 4.714040493838584e-07
76050 1.666668e-06 4.7140404938778367e-07
76060 1.3333360000000002e-06 2.9814299328476596e-07
76070 1.666668000005551e-06 4.714040493838584e-07
76080 2.999998e-06 2.981412044303839e-07
76090 2.3333319999999998e-06 5.962839741089811e-07
76100 2.000002e-06 2.9814120443038387e-07
76110 1.666668e-06 4.7140404938778367e-07
76120 1.0000020000055513e-06 3.6514910196381357e-07
76130 1.3333360000055512e-06 2.9814299327980087e-07
76140 1.3333360000000002e-06 2.9814299328476596e-07
76150 1.3333340000055511e-06 5.577730322934584e-07
76160 1.666668000005551e-06 4.714040493838584e-07
76170 2.000000000005551e-06 5.577725542006877e-07
76180 2e-06 5.577725542046685e-07
76190 1.666668e-06 4.7140404938778367e-07
76200 1.3333340000111022e-06 5.577730322908044e-07
76210 1.666666000005551e-06 6.666659999978244e-07
76220 2.000002e-06 2.9814120443038397e-07
76230 1.666668e-06 4.7140404938778367e-07
76240 2.000002e-06 2.9814120443038387e-07
76250 1.3333340000055511e-06 5.577730322934584e-07
76260 1.3333339999999999e-06 5.577730322961123e-07
76270 1.0000000000111022e-06 5.962844213188527e-07
76280 2.6666659999999997e-06 3.6514691107662406e-07
76290 1.3333360000000002e-06 2.9814299328476596e-07
76300 1.666666000011102e-06 6.666659999950488e-07
76310 1.3333340000055511e-06 5.577730322934584e-07
76320 1.66667e-06 0.0
76330 1.3333340000055511e-06 5.577730322934584e-07
76340 1.000000000005551e-06 5.962844213207146e-07
76350 2.333332000005551e-06 5.962839741046366e-07
76360 2.000002e-06 2.981412044303839e-07
76370 1.0000020000055513e-06 3.6514910196381357e-07
76380 2.333334e-06 3.6514691107662406e-07
76390 2.000002e-06 2.9814120443038397e-07
76400 1.6666659999999998e-06 6.666660000005999e-07
76410 1.0000020000111023e-06 3.6514910196077315e-07
76420 2.333334e-06 3.6514691107662406e-07
76430 2.3333319999999998e-06 5.962839741089811e-07
76440 2.333334e-06 3.6514691107662406e-07
76450 2.333332000005551e-06 5.962839741046366e-07
76460 2e-06 5.577725542046685e-07
76470 1.666668e-06 4.7140404938778367e-07
76480 1.3333340000111022e-06 5.577730322908045e-07
76490 2.333332000005551e-06 5.962839741046366e-07
76500 2.3333319999999998e-06 5.962839741089811e-07
76510 1.666666000005551e-06 6.666659999978244e-07
76520 3.3333400001665334e-07 2.981429932810421e-07
76530 1.3333360000055512e-06 2.9814299327980087e-07
76540 1.666668e-06 4.7140404938778367e-07
76550 1.3333340000055511e-06 5.577730322934584e-07
76560 1.666668000005551e-06 4.714040493838584e-07
76570 2.6666659999999997e-06 3.6514691107662406e-07
76580 1.0000020000055513e-06 3.6514910196381357e-07
76590 1.0000000000111022e-06 5.962844213188527e-07
76600 2.333334e-06 3.6514691107662406e-07
76610 1.9999980000055513e-06 7.302960130404375e-07
76620 2.000000000005551e-06 5.577725542006876e-07
76630 2.3333320000055512e-06 5.962839741046365e-07
76640 1.666666000005551e-06 6.666659999978244e-07
76650 2.333334e-06 3.6514691107662406e-07
76660 1.3333340000055511e-06 5.577730322934584e-07
76670 1.3333360000055512e-06 2.9814299327980087e-07
76680 1.666668e-06 4.7140404938778367e-07
76690 1.0000000000166533e-06 5.962844213169908e-07
76700 2.000000000005551e-06 5.577725542006876e-07
76710 2.3333319999999998e-06 5.962839741089811e-07
76720 1.3333360000055512e-06 2.9814299327980087e-07
76730 1.66667e-06 0.0
76740 2.666666e-06 3.6514691107662406e-07
76750 2.6666659999999997e-06 3.6514691107662406e-07
76760 2.333334e-06 3.6514691107662406e-07
76770 1.3333340000055511e-06 5.577730322934584e-07
76780 1.66667e-06 0.0
76790 1.666666000005551e-06 6.666659999978243e-07
76800 1.666668000005551e-06 4.714040493838584e-07
76810 1.666668000005551e-06 4.714040493838584e-07
76820 2.000000000005551e-06 5.577725542006877e-07
76830 2e-06 5.577725542046685e-07
76840 2.000002e-06 2.981412044303839e-07
76850 2.333334e-06 3.65146911076624e-07
76860 1.666668e-06 4.7140404938778367e-07
76870 1.3333360000055512e-06 2.9814299327980087e-07
76880 1.0000020000111023e-06 3.6514910196077315e-07
76890 2.333334e-06 3.6514691107662406e-07
76900 1.3333360000000002e-06 2.9814299328476596e-07
76910 1.3333340000055511e-06 5.577730322934584e-07
76920 1.666668e-06 4.7140404938778367e-07
76930 1.666666000005551e-06 6.666659999978244e-07
76940 2.333334e-06 3.6514691107662406e-07
76950 6.666680000055511e-07 3.6514910196482715e-07
76960 2e-06 5.577725542046685e-07
76970 1.3333340000055511e-06 5.577730322934584e-07
76980 2.000000000005551e-06 5.577725542006876e-07
76990 2e-06 5.577725542046685e-07
77000 2e-06 5.577725542046685e-07
77010 1.666668000005551e-06 4.714040493838584e-07
77020 2.333332000005551e-06 5.962839741046366e-07
77030 1.666668e-06 4.7140404938778367e-07
77040 1.3333360000000002e-06 2.9814299328476596e-07
77050 2.000000000005551e-06 5.577725542006877e-07
77060 1.3333360000000002e-06 2.9814299328476596e-07
77070 1.3333340000055511e-06 5.577730322934584e-07
77080 1.3333360000000002e-06 2.9814299328476596e-07
77090 2.000000000005551e-06 5.577725542006876e-07
77100 1.0000020000111023e-06 3.651491019607731e-07
77110 2.333334e-06 3.6514691107662406e-07
77120 2e-06 5.577725542046685e-07
77130 2.333334e-06 3.6514691107662406e-07
77140 1.0000020000055513e-06 3.6514910196381357e-07
77150 2.3333319999999998e-06 5.962839741089811e-07
77160 2.333334e-06 3.6514691107662406e-07
77170 1.9999980000055513e-06 7.302960130404375e-07
77180 2e-06 5.577725542046685e-07
77190 2e-06 5.577725542046685e-07
77200 2.9999979999999996e-06 2.9814120443038387e-07
77210 1.3333360000000002e-06 2.9814299328476596e-07
77220 1.3333340000055511e-06 5.577730322934584e-07
77230 1.666668000005551e-06 4.714040493838584e-07
77240 1.666668000005551e-06 4.714040493838584e-07
77250 1.666668000005551e-06 4.714040493838584e-07
77260 1.666666000005551e-06 6.666659999978244e-07
77270 1.0000000000111022e-06 5.962844213188527e-07
77280 6.666680000055511e-07 3.6514910196482715e-07
77290 3.3333400001110226e-07 2.981429932822834e-07
77300 1.3333360000055512e-06 2.9814299327980087e-07
77310 1.666666000005551e-06 6.666659999978244e-07
77320 2e-06 5.577725542046685e-07
77330 2.000002e-06 2.981412044303839e-07
77340 1.666668000005551e-06 4.714040493838584e-07
77350 1.0000020000055513e-06 3.6514910196381357e-07
77360 1.666668000005551e-06 4.714040493838584e-07
77370 2.000000000005551e-06 5.577725542006877e-07
77380 2.6666659999999997e-06 3.6514691107662406e-07
77390 1.666666000005551e-06 6.666659999978244e-07
77400 2.333334e-06 3.6514691107662406e-07
77410 2.333332000005551e-06 5.962839741046366e-07
77420 2.333334e-06 3.6514691107662406e-07
77430 2.333334e-06 3.6514691107662406e-07
77440 1.0000020000055513e-06 3.6514910196381357e-07
77450 1.66667e-06 0.0
77460 1.666668e-06 4.7140404938778367e-07
77470 1.3333340000111022e-06 5.577730322908044e-07
77480 1.000000000005551e-06 5.962844213207147e-07
77490 2.3333319999999998e-06 5.962839741089811e-07
77500 2.000000000005551e-06 5.577725542006877e-07
77510 6.666680000166534e-07 3.651491019607731e-07
77520 1.0000020000111023e-06 3.6514910196077315e-07
77530 1.0000020000055513e-06 3.6514910196381357e-07
77540 1.666668000005551e-06 4.714040493838584e-07
77550 1.3333339999999999e-06 5.577730322961123e-07
77560 1.666668e-06 4.7140404938778367e-07
77570 6.666680000055511e-07 3.6514910196482715e-07
77580 1.3333340000055511e-06 5.577730322934584e-07
77590 1.3333340000055511e-06 5.577730322934584e-07
77600 1.333332000005551e-06 7.302960130414511e-07
77610 1.3333360000000002e-06 2.9814299328476596e-07
77620 2.6666659999999997e-06 3.6514691107662406e-07
77630 1.666668000005551e-06 4.714040493838584e-07
77640 1.3333360000055512e-06 2.9814299327980087e-07
77650 1.3333340000111022e-06 5.577730322908045e-07
77660 2e-06 5.577725542046685e-07
77670 1.3333340000111022e-06 5.577730322908045e-07
77680 2e-06 5.577725542046685e-07
77690 2.333334e-06 3.6514691107662406e-07
77700 1.3333340000111022e-06 5.577730322908044e-07
77710 1.3333360000055512e-06 2.9814299327980087e-07
77720 6.666680000111022e-07 3.651491019628001e-07
77730 1.000000000005551e-06 5.962844213207147e-07
77740 1.666666000011102e-06 6.666659999950488e-07
77750 1.3333340000055511e-06 5.577730322934584e-07
77760 1.3333340000055511e-06 5.577730322934584e-07
77770 2.6666659999999997e-06 3.6514691107662406e-07
77780 2e-06 5.577725542046685e-07
77790 6.666680000111022e-07 3.651491019628001e-07
77800 2.000002e-06 2.981412044303839e-07
77810 2.3333319999999998e-06 5.962839741089811e-07
77820 2e-06 5.577725542046685e-07
77830 1.666668000005551e-06 4.714040493838584e-07
77840 1.3333360000000002e-06 2.9814299328476596e-07
77850 1.66667e-06 0.0
77860 1.666666000005551e-06 6.666659999978244e-07
77870 2e-06 5.577725542046685e-07
77880 1.666668e-06 4.7140404938778367e-07
77890 2.333334e-06 3.6514691107662406e-07
77900 2e-06 5.577725542046685e-07
77910 1.3333360000000002e-06 2.9814299328476596e-07
77920 1.3333360000000002e-06 2.9814299328476596e-07
77930 2.000002e-06 2.9814120443038397e-07
77940 1.0000000000111022e-06 5.962844213188527e-07
77950 1.000000000005551e-06 5.962844213207147e-07
77960 1.3333340000111022e-06 5.577730322908044e-07
77970 1.3333360000055512e-06 2.9814299327980087e-07
77980 2.333334e-06 3.6514691107662406e-07
77990 1.3333360000000002e-06 2.9814299328476596e-07
78000 1.333332000005551e-06 7.302960130414511e-07
78010 1.999998e-06 7.302960130434781e-07
78020 2.000002e-06 2.981412044303839e-07
78030 1.3333340000055511e-06 5.577730322934584e-07
78040 2.3333320000055512e-06 5.962839741046365e-07
78050 1.666668e-06 4.7140404938778367e-07
78060 2.3333319999999998e-06 5.962839741089811e-07
78070 1.666668000005551e-06 4.714040493838584e-07
78080 1.66667e-06 0.0
78090 1.0000020000055513e-06 3.6514910196381357e-07
78100 2.000002e-06 2.981412044303839e-07
78110 1.3333339999999999e-06 5.577730322961123e-07
78120 1.3333360000000002e-06 2.9814299328476596e-07
78130 1.3333360000055512e-06 2.9814299327980087e-07
78140 1.0000000000111022e-06 5.962844213188527e-07
78150 1.0000000000166533e-06 5.962844213169908e-07
78160 1.0000020000055513e-06 3.6514910196381357e-07
78170 2.333334e-06 3.6514691107662406e-07
78180 2.333334e-06 3.6514691107662406e-07
78190 2.000002e-06 2.9814120443038397e-07
78200 2.000002e-06 2.981412044303839e-07
78210 2e-06 5.577725542046685e-07
78220 1.9999980000055513e-06 7.302960130404375e-07
78230 1.3333340000055511e-06 5.577730322934584e-07
78240 2.333334e-06 3.6514691107662406e-07
78250 1.66667e-06 0.0
78260 2.666666e-06 3.6514691107662406e-07
78270 2.333334e-06 3.6514691107662406e-07
78280 1.666668e-06 4.7140404938778367e-07
78290 2e-06 5.577725542046685e-07
78300 1.666668e-06 4.7140404938778367e-07
78310 1.000000000005551e-06 5.962844213207147e-07
78320 1.0000000000111022e-06 5.962844213188527e-07
78330 1.3333360000000002e-06 2.9814299328476596e-07
78340 1.666668e-06 4.7140404938778367e-07
78350 1.3333360000000002e-06 2.9814299328476596e-07
78360 2.000000000005551e-06 5.577725542006876e-07
78370 1.3333340000111022e-06 5.577730322908045e-07
78380 1.666666000005551e-06 6.666659999978244e-07
78390 2.333334e-06 3.6514691107662406e-07
78400 2.6666659999999997e-06 3.6514691107662406e-07
78410 2.333332e-06 5.962839741089811e-07
78420 1.666668e-06 4.7140404938778367e-07
78430 2.000002e-06 2.981412044303839e-07
78440 6.666680000055511e-07 3.6514910196482715e-07
78450 1.666668000005551e-06 4.714040493838584e-07
78460 1.665336e-17 6.0809472868361544e-18
78470 1.666668e-06 4.7140404938778367e-07
78480 1.0000020000055513e-06 3.6514910196381357e-07
78490 1.0000000000166533e-06 5.962844213169908e-07
78500 1.3333340000111022e-06 5.577730322908044e-07
78510 1.666668e-06 4.7140404938778367e-07
78520 2e-06 5.577725542046685e-07
78530 1.3333360000000002e-06 2.9814299328476596e-07
78540 1.3333340000055511e-06 5.577730322934584e-07
78550 2.000002e-06 2.981412044303839e-07
78560 1.3333340000055511e-06 5.577730322934584e-07
78570 2.000000000005551e-06 5.577725542006876e-07
78580 1.9999980000055513e-06 7.302960130404375e-07
78590 1.666666000005551e-06 6.666659999978244e-07
78600 1.6666659999999998e-06 6.666660000005999e-07
78610 2.6666659999999997e-06 3.6514691107662406e-07
78620 1.666668e-06 4.7140404938778367e-07
78630 1.3333340000111022e-06 5.577730322908044e-07
78640 2.6666659999999997e-06 3.6514691107662406e-07
78650 1.666668000005551e-06 4.714040493838584e-07
78660 1.3333339999999999e-06 5.577730322961123e-07
78670 1.0000020000055513e-06 3.6514910196381357e-07
78680 2.000002e-06 2.9814120443038397e-07
78690 1.666668e-06 4.7140404938778367e-07
78700 6.666680000166534e-07 3.651491019607731e-07
78710 6.666680000055511e-07 3.6514910196482715e-07
78720 1.0000020000055513e-06 3.6514910196381357e-07
78730 1.666668000005551e-06 4.714040493838584e-07
78740 2.6666659999999997e-06 3.6514691107662406e-07
78750 2.333334e-06 3.6514691107662406e-07
78760 2.6666659999999997e-06 3.6514691107662406e-07
78770 1.333332000011102e-06 7.302960130394242e-07
78780 2.333334e-06 3.65146911076624e-07
78790 1.000000000005551e-06 5.962844213207147e-07
78800 1.666668e-06 4.7140404938778367e-07
78810 3.3333400001665334e-07 2.9814299328104214e-07
78820 1.000000000005551e-06 5.962844213207146e-07
78830 1.3333360000055512e-06 2.9814299327980087e-07
78840 1.3333360000055512e-06 2.9814299327980087e-07
78850 1.0000020000055513e-06 3.6514910196381357e-07
78860 1.666668e-06 4.7140404938778367e-07
78870 6.666680000111022e-07 3.651491019628001e-07
78880 1.666668e-06 4.7140404938778367e-07
78890 1.666666000011102e-06 6.666659999950488e-07
78900 2.6666659999999997e-06 3.6514691107662406e-07
78910 2.333334e-06 3.6514691107662406e-07
78920 1.666668000005551e-06 4.714040493838584e-07
78930 2.333334e-06 3.6514691107662406e-07
78940 1.3333340000055511e-06 5.577730322934584e-07
78950 1.3333339999999999e-06 5.577730322961123e-07
78960 1.9999980000055513e-06 7.302960130404375e-07
78970 2.000000000005551e-06 5.577725542006876e-07
78980 2.000000000005551e-06 5.577725542006877e-07
78990 2.333332000005551e-06 5.962839741046366e-07
79000 1.3333360000055512e-06 2.9814299327980087e-07
79010 2.000000000005551e-06 5.577725542006876e-07
79020 1.0000020000055513e-06 3.6514910196381357e-07
79030 1.3333360000055512e-06 2.9814299327980087e-07
79040 1.3333360000055512e-06 2.9814299327980087e-07
79050 1.0000020000111023e-06 3.6514910196077315e-07
79060 1.666668000005551e-06 4.714040493838584e-07
79070 2.000002e-06 2.981412044303839e-07
79080 2.333334e-06 3.6514691107662406e-07
79090 3.3333400001110226e-07 2.981429932822834e-07
79100 2.6666659999999997e-06 3.6514691107662406e-07
79110 2.333334e-06 3.6514691107662406e-07
79120 2.333332e-06 5.962839741089811e-07
79130 2.333334e-06 3.6514691107662406e-07
79140 1.666668000005551e-06 4.714040493838584e-07
79150 1.666668e-06 4.7140404938778367e-07
79160 2.000000000005551e-06 5.577725542006876e-07
79170 2.6666659999999997e-06 3.6514691107662406e-07
79180 1.3333340000055511e-06 5.577730322934584e-07
79190 2.000000000005551e-06 5.577725542006877e-07
79200 2.000000000005551e-06 5.577725542006877e-07
79210 2.333334e-06 3.6514691107662406e-07
79220 2.666664000005551e-06 5.962841977101848e-07
79230 2.000002e-06 2.9814120443038397e-07
79240 1.666668000005551e-06 4.714040493838584e-07
79250 1.3333360000000002e-06 2.9814299328476596e-07
79260 2.6666659999999997e-06 3.6514691107662406e-07
79270 6.666680000055511e-07 3.6514910196482715e-07
79280 2.333334e-06 3.6514691107662406e-07
79290 2.3333320000055512e-06 5.962839741046365e-07
79300 1.666668000005551e-06 4.714040493838584e-07
79310 1.666666000011102e-06 6.666659999950488e-07
79320 2.000000000005551e-06 5.577725542006877e-07
79330 2.6666659999999997e-06 3.6514691107662406e-07
79340 2.000002e-06 2.981412044303839e-07
79350 6.666680000111022e-07 3.651491019628001e-07
79360 1.3333360000055512e-06 2.9814299327980087e-07
79370 2.000000000005551e-06 5.577725542006876e-07
79380 2.000000000005551e-06 5.577725542006876e-07
79390 1.666666000005551e-06 6.666659999978244e-07
79400 1.666668000005551e-06 4.714040493838584e-07
79410 2.333334e-06 3.6514691107662406e-07
79420 1.66667e-06 0.0
79430 2.9999979999999996e-06 2.9814120443038387e-07
79440 1.666668000005551e-06 4.714040493838584e-07
79450 2e-06 5.577725542046685e-07
79460 1.666668e-06 4.7140404938778367e-07
79470 1.666668e-06 4.7140404938778367e-07
79480 1.666668000005551e-06 4.714040493838584e-07
79490 1.6666659999999998e-06 6.666660000005999e-07
79500 1.666668e-06 4.7140404938778367e-07
79510 1.0000020000055513e-06 3.6514910196381357e-07
79520 2.000002e-06 2.9814120443038397e-07
79530 2.000000000005551e-06 5.577725542006877e-07
79540 1.666668e-06 4.7140404938778367e-07
79550 1.0000020000111023e-06 3.651491019607731e-07
79560 1.0000020000055513e-06 3.6514910196381357e-07
79570 1.3333340000055511e-06 5.577730322934584e-07
79580 1.3333360000055512e-06 2.9814299327980087e-07
79590 1.66667e-06 0.0
79600 1.666668000005551e-06 4.714040493838584e-07
79610 1.3333340000055511e-06 5.577730322934584e-07
79620 1.3333340000055511e-06 5.577730322934584e-07
79630 1.3333360000000002e-06 2.9814299328476596e-07
79640 2.6666659999999997e-06 3.6514691107662406e-07
79650 2.000002e-06 2.9814120443038387e-07
79660 1.0000020000055513e-06 3.6514910196381357e-07
79670 1.3333340000055511e-06 5.577730322934584e-07
79680 3.3333400001110226e-07 2.981429932822834e-07
79690 1.3333340000055511e-06 5.577730322934584e-07
79700 2e-06 5.577725542046685e-07
79710 1.666668000005551e-06 4.714040493838584e-07
79720 1.666666000005551e-06 6.666659999978244e-07
79730 2.000000000005551e-06 5.577725542006877e-07
79740 2.000002e-06 2.9814120443038397e-07
79750 1.3333340000055511e-06 5.577730322934584e-07
79760 2.333334e-06 3.6514691107662406e-07
79770 2e-06 5.577725542046685e-07
79780 1.0000020000111023e-06 3.651491019607731e-07
79790 1.3333360000055512e-06 2.9814299327980087e-07
79800 2.333334e-06 3.6514691107662406e-07
79810 1.0000020000055513e-06 3.6514910196381357e-07
79820 1.0000020000111023e-06 3.6514910196077315e-07
79830 1.3333340000055511e-06 5.577730322934584e-07
79840 1.3333340000055511e-06 5.577730322934584e-07
79850 1.3333340000055511e-06 5.577730322934584e-07
79860 1.3333340000111022e-06 5.577730322908044e-07
79870 1.666666000005551e-06 6.666659999978244e-07
79880 2.000002e-06 2.9814120443038397e-07
79890 1.666668e-06 4.7140404938778367e-07
79900 1.666668000005551e-06 4.714040493838584e-07
79910 1.333332000005551e-06 7.302960130414511e-07
79920 6.666680000055511e-07 3.6514910196482715e-07
79930 1.666668000005551e-06 4.714040493838584e-07
79940 2.000002e-06 2.981412044303839e-07
79950 2e-06 5.577725542046685e-07
79960 1.333332000011102e-06 7.302960130394243e-07
79970 2.000000000005551e-06 5.577725542006876e-07
79980 1.666668e-06 4.7140404938778367e-07
79990 1.0000000000111022e-06 5.962844213188527e-07
80000 1.666668e-06 4.7140404938778367e-07
80010 1.3333339999999999e-06 5.577730322961123e-07
80020 1.0000020000055513e-06 3.6514910196381357e-07
80030 1.0000020000055513e-06 3.6514910196381357e-07
80040 2.666666e-06 3.6514691107662406e-07
80050 1.3333340000055511e-06 5.577730322934584e-07
80060 2.6666659999999997e-06 3.6514691107662406e-07
80070 2.3333320000055512e-06 5.962839741046365e-07
80080 1.0000020000055513e-06 3.6514910196381357e-07
80090 2.000000000005551e-06 5.577725542006876e-07
80100 1.3333340000111022e-06 5.577730322908044e-07
80110 1.666668e-06 4.7140404938778367e-07
80120 2.000002e-06 2.9814120443038397e-07
80130 1.3333340000111022e-06 5.577730322908045e-07
80140 2e-06 5.577725542046685e-07
80150 2.333332000005551e-06 5.962839741046366e-07
80160 1.3333340000111022e-06 5.577730322908044e-07
80170 2.000002e-06 2.981412044303839e-07
80180 1.0000020000055513e-06 3.6514910196381357e-07
80190 1.666668000005551e-06 4.714040493838584e-07
80200 1.3333340000055511e-06 5.577730322934584e-07
80210 2.6666659999999997e-06 3.6514691107662406e-07
80220 2.333334e-06 3.6514691107662406e-07
80230 1.3333360000000002e-06 2.9814299328476596e-07
80240 1.3333340000055511e-06 5.577730322934584e-07
80250 1.3333340000055511e-06 5.577730322934584e-07
80260 1.666666000011102e-06 6.666659999950488e-07
80270 1.0000000000111022e-06 5.962844213188527e-07
80280 1.666668e-06 4.7140404938778367e-07
80290 2e-06 5.577725542046685e-07
80300 1.666668000005551e-06 4.714040493838584e-07
80310 1.0000020000055513e-06 3.6514910196381357e-07
80320 2.3333319999999998e-06 5.962839741089811e-07
80330 1.3333339999999999e-06 5.577730322961123e-07
80340 1.666668e-06 4.7140404938778367e-07
80350 1.3333360000055512e-06 2.9814299327980087e-07
80360 1.3333340000055511e-06 5.577730322934584e-07
80370 1.3333360000055512e-06 2.9814299327980087e-07
80380 2.000002e-06 2.981412044303839e-07
80390 1.3333340000055511e-06 5.577730322934584e-07
80400 1.3333360000055512e-06 2.9814299327980087e-07
80410 1.666666000011102e-06 6.666659999950488e-07
80420 2.000000000005551e-06 5.577725542006877e-07
80430 1.666668e-06 4.7140404938778367e-07
80440 1.66667e-06 0.0
80450 2.333334e-06 3.6514691107662406e-07
80460 2.000002e-06 2.981412044303839e-07
80470 1.666668000005551e-06 4.714040493838584e-07
80480 2.6666659999999997e-06 3.6514691107662406e-07
80490 6.666680000111022e-07 3.651491019628001e-07
80500 1.666668000005551e-06 4.714040493838584e-07
80510 2.3333319999999998e-06 5.962839741089811e-07
80520 1.3333340000111022e-06 5.577730322908045e-07
80530 1.666668000005551e-06 4.714040493838584e-07
80540 1.666668000005551e-06 4.714040493838584e-07
80550 2.000000000005551e-06 5.577725542006877e-07
80560 1.3333360000000002e-06 2.9814299328476596e-07
80570 2.666664e-06 5.962841977151498e-07
80580 2.000002e-06 2.981412044303839e-07
80590 1.666666000005551e-06 6.666659999978244e-07
80600 1.666666000005551e-06 6.666659999978244e-07
80610 1.66667e-06 0.0
80620 2.333334e-06 3.6514691107662406e-07
80630 2.6666659999999997e-06 3.6514691107662406e-07
80640 2.6666659999999997e-06 3.6514691107662406e-07
80650 1.666668000005551e-06 4.714040493838584e-07
80660 1.666668000005551e-06 4.714040493838584e-07
80670 1.3333360000055512e-06 2.9814299327980087e-07
80680 2.000002e-06 2.981412044303839e-07
80690 2.333334e-06 3.6514691107662406e-07
80700 1.3333360000000002e-06 2.9814299328476596e-07
80710 2.333334e-06 3.6514691107662406e-07
80720 2.000000000005551e-06 5.577725542006876e-07
80730 2.000000000005551e-06 5.577725542006876e-07
80740 1.3333339999999999e-06 5.577730322961123e-07
80750 2.6666659999999997e-06 3.6514691107662406e-07
80760 1.66667e-06 0.0
80770 1.9999980000055513e-06 7.302960130404375e-07
80780 2e-06 5.577725542046685e-07
80790 1.0000020000111023e-06 3.6514910196077315e-07
80800 2e-06 5.577725542046685e-07
80810 2.333334e-06 3.65146911076624e-07
80820 2.000002e-06 2.9814120443038397e-07
80830 1.666668e-06 4.7140404938778367e-07
80840 1.3333360000000002e-06 2.9814299328476596e-07
80850 2.333334e-06 3.65146911076624e-07
80860 2.000002e-06 2.981412044303839e-07
80870 2e-06 5.577725542046685e-07
80880 1.3333340000055511e-06 5.577730322934584e-07
80890 2.000002e-06 2.9814120443038397e-07
80900 1.0000020000055513e-06 3.6514910196381357e-07
80910 2.999998e-06 2.981412044303839e-07
80920 2.333334e-06 3.6514691107662406e-07
80930 2.000000000005551e-06 5.577725542006876e-07
80940 1.9999980000055513e-06 7.302960130404375e-07
80950 1.3333340000055511e-06 5.577730322934584e-07
80960 2.000002e-06 2.9814120443038397e-07
80970 2.333332000005551e-06 5.962839741046366e-07
80980 1.3333360000055512e-06 2.9814299327980087e-07
80990 1.3333340000111022e-06 5.577730322908044e-07
81000 1.666666000005551e-06 6.666659999978244e-07
81010 2.333334e-06 3.6514691107662406e-07
81020 2.000002e-06 2.981412044303839e-07
81030 2.333334e-06 3.6514691107662406e-07
81040 6.666680000111022e-07 3.651491019628001e-07
81050 6.666680000166534e-07 3.651491019607731e-07
81060 2.000002e-06 2.9814120443038397e-07
81070 1.0000020000055513e-06 3.6514910196381357e-07
81080 1.3333360000055512e-06 2.9814299327980087e-07
81090 2.000000000005551e-06 5.577725542006877e-07
81100 1.6666659999999998e-06 6.666660000005999e-07
81110 2.000002e-06 2.981412044303839e-07
81120 1.3333360000055512e-06 2.9814299327980087e-07
81130 1.66667e-06 0.0
81140 1.3333360000000002e-06 2.9814299328476596e-07
81150 2.333334e-06 3.6514691107662406e-07
81160 2.000002e-06 2.9814120443038397e-07
81170 2.000000000005551e-06 5.577725542006877e-07
81180 1.3333340000111022e-06 5.577730322908045e-07
81190 1.3333340000055511e-06 5.577730322934584e-07
81200 1.0000020000111023e-06 3.6514910196077315e-07
81210 2.000002e-06 2.9814120443038397e-07
81220 2.000002e-06 2.981412044303839e-07
81230 1.3333340000111022e-06 5.577730322908045e-07
81240 2.000000000005551e-06 5.577725542006876e-07
81250 1.9999980000055513e-06 7.302960130404375e-07
81260 1.333332000011102e-06 7.302960130394243e-07
81270 2.3333319999999998e-06 5.962839741089811e-07
81280 2.666664000005551e-06 5.962841977101848e-07
81290 1.666666000005551e-06 6.666659999978243e-07
81300 1.666668000005551e-06 4.714040493838584e-07
81310 1.3333360000000002e-06 2.9814299328476596e-07
81320 1.666666000005551e-06 6.666659999978244e-07
81330 2.000000000005551e-06 5.577725542006877e-07
81340 1.666668000005551e-06 4.714040493838584e-07
81350 1.3333340000055511e-06 5.577730322934584e-07
81360 2.333334e-06 3.6514691107662406e-07
81370 1.0000020000055513e-06 3.6514910196381357e-07
81380 2.333334e-06 3.6514691107662406e-07
81390 1.0000020000055513e-06 3.6514910196381357e-07
81400 1.3333360000055512e-06 2.9814299327980087e-07
81410 2.000002e-06 2.9814120443038397e-07
81420 1.666668e-06 4.7140404938778367e-07
81430 1.6666659999999998e-06 6.666660000005999e-07
81440 6.666680000111022e-07 3.651491019628001e-07
81450 1.0000020000055513e-06 3.6514910196381357e-07
81460 2.000000000005551e-06 5.577725542006876e-07
81470 2e-06 5.577725542046685e-07
81480 1.0000000000111022e-06 5.962844213188527e-07
81490 6.666680000111022e-07 3.651491019628001e-07
81500 1.3333360000055512e-06 2.9814299327980087e-07
81510 1.666668000005551e-06 4.714040493838584e-07
81520 1.3333340000055511e-06 5.577730322934584e-07
81530 1.0000020000055513e-06 3.6514910196381357e-07
81540 1.6666659999999998e-06 6.666660000005999e-07
81550 2e-06 5.577725542046685e-07
81560 1.3333340000055511e-06 5.577730322934584e-07
81570 2e-06 5.577725542046685e-07
81580 2.000002e-06 2.9814120443038397e-07
81590 1.0000020000055513e-06 3.6514910196381357e-07
81600 6.666660000111022e-07 5.962841977126673e-07
81610 1.3333360000055512e-06 2.9814299327980087e-07
81620 2e-06 5.577725542046685e-07
81630 1.0000020000055513e-06 3.6514910196381357e-07
81640 1.3333360000000002e-06 2.9814299328476596e-07
81650 2.333332e-06 5.962839741089811e-07
81660 2.333332000005551e-06 5.962839741046366e-07
81670 1.666668000005551e-06 4.714040493838584e-07
81680 1.3333340000055511e-06 5.577730322934584e-07
81690 6.666680000055511e-07 3.6514910196482715e-07
81700 1.0000020000055513e-06 3.6514910196381357e-07
81710 2e-06 5.577725542046685e-07
81720 2.6666659999999997e-06 3.6514691107662406e-07
81730 2.333334e-06 3.6514691107662406e-07
81740 2e-06 5.577725542046685e-07
81750 2.000002e-06 2.9814120443038397e-07
81760 1.3333360000000002e-06 2.9814299328476596e-07
81770 1.666668e-06 4.7140404938778367e-07
81780 1.3333360000055512e-06 2.9814299327980087e-07
81790 1.666666000005551e-06 6.666659999978244e-07
81800 1.666668e-06 4.7140404938778367e-07
81810 2.333334e-06 3.6514691107662406e-07
81820 1.666668000005551e-06 4.714040493838584e-07
81830 2.333334e-06 3.6514691107662406e-07
81840 1.666668000005551e-06 4.714040493838584e-07
81850 1.3333360000000002e-06 2.9814299328476596e-07
81860 1.666668e-06 4.7140404938778367e-07
81870 2.333334e-06 3.6514691107662406e-07
81880 2.333334e-06 3.6514691107662406e-07
81890 1.666668000005551e-06 4.714040493838584e-07
81900 1.666668000005551e-06 4.714040493838584e-07
81910 1.3333340000055511e-06 5.577730322934584e-07
81920 2.333334e-06 3.6514691107662406e-07
81930 1.66667e-06 0.0
81940 1.3333360000000002e-06 2.9814299328476596e-07
81950 2e-06 5.577725542046685e-07
81960 1.3333340000055511e-06 5.577730322934584e-07
81970 1.3333340000111022e-06 5.577730322908044e-07
81980 2.333332000005551e-06 5.962839741046366e-07
81990 1.666666000011102e-06 6.666659999950488e-07
82000 2.333334e-06 3.6514691107662406e-07
82010 6.666680000111022e-07 3.651491019628001e-07
82020 2.000000000005551e-06 5.577725542006876e-07
82030 2.000002e-06 2.9814120443038387e-07
82040 1.666666000005551e-06 6.666659999978244e-07
82050 1.3333339999999999e-06 5.577730322961123e-07
82060 1.66667e-06 0.0
82070 1.0000020000111023e-06 3.6514910196077315e-07
82080 2.333334e-06 3.6514691107662406e-07
82090 1.666668e-06 4.7140404938778367e-07
82100 1.3333360000000002e-06 2.9814299328476596e-07
82110 1.3333340000055511e-06 5.577730322934584e-07
82120 2e-06 5.577725542046685e-07
82130 2.333334e-06 3.6514691107662406e-07
82140 2.333332e-06 5.962839741089811e-07
82150 2.6666659999999997e-06 3.6514691107662406e-07
82160 2.333334e-06 3.6514691107662406e-07
82170 1.000000000005551e-06 5.962844213207147e-07
82180 2.000002e-06 2.981412044303839e-07
82190 1.666666000005551e-06 6.666659999978244e-07
82200 2e-06 5.577725542046685e-07
82210 1.000000000005551e-06 5.962844213207147e-07
82220 1.0000020000055513e-06 3.6514910196381357e-07
82230 1.0000000000111022e-06 5.962844213188527e-07
82240 1.666668000005551e-06 4.714040493838584e-07
82250 2.000000000005551e-06 5.577725542006876e-07
82260 1.3333360000055512e-06 2.9814299327980087e-07
82270 2.000002e-06 2.9814120443038387e-07
82280 2e-06 5.577725542046685e-07
82290 1.666668000005551e-06 4.714040493838584e-07
82300 2.333334e-06 3.6514691107662406e-07
82310 1.3333360000055512e-06 2.9814299327980087e-07
82320 1.9999980000055513e-06 7.302960130404375e-07
82330 2.333334e-06 3.6514691107662406e-07
82340 2.000002e-06 2.9814120443038387e-07
82350 2.000000000005551e-06 5.577725542006876e-07
82360 2.000000000005551e-06 5.577725542006876e-07
82370 1.0000020000111023e-06 3.651491019607731e-07
82380 1.0000020000111023e-06 3.651491019607731e-07
82390 2.333334e-06 3.6514691107662406e-07
82400 2.000000000005551e-06 5.577725542006876e-07
82410 2e-06 5.577725542046685e-07
82420 2.000002e-06 2.981412044303839e-07
82430 2.000000000005551e-06 5.577725542006877e-07
82440 1.0000000000111022e-06 5.962844213188527e-07
82450 3.3333400001665334e-07 2.9814299328104214e-07
82460 1.333332000011102e-06 7.302960130394243e-07
82470 1.333332000011102e-06 7.302960130394243e-07
82480 2.333334e-06 3.6514691107662406e-07
82490 2.000002e-06 2.981412044303839e-07
82500 1.666668000005551e-06 4.714040493838584e-07
82510 1.3333360000055512e-06 2.9814299327980087e-07
82520 2.000002e-06 2.9814120443038387e-07
82530 1.666666000005551e-06 6.666659999978244e-07
82540 2.3333319999999998e-06 5.962839741089811e-07
82550 2.333332000005551e-06 5.962839741046366e-07
82560 2.333332000005551e-06 5.962839741046366e-07
82570 2.333334e-06 3.6514691107662406e-07
82580 1.3333360000000002e-06 2.9814299328476596e-07
82590 2.6666659999999997e-06 3.6514691107662406e-07
82600 1.3333340000055511e-06 5.577730322934584e-07
82610 2.333334e-06 3.6514691107662406e-07
82620 1.666668e-06 4.7140404938778367e-07
82630 2e-06 5.577725542046685e-07
82640 2.000002e-06 2.9814120443038397e-07
82650 1.666668000005551e-06 4.714040493838584e-07
82660 1.3333360000055512e-06 2.9814299327980087e-07
82670 2.333334e-06 3.6514691107662406e-07
82680 2.3333319999999998e-06 5.962839741089811e-07
82690 1.3333360000000002e-06 2.9814299328476596e-07
82700 1.666666000011102e-06 6.666659999950488e-07
82710 2.000000000005551e-06 5.577725542006877e-07
82720 1.0000000000111022e-06 5.962844213188527e-07
82730 1.3333340000055511e-06 5.577730322934584e-07
82740 2e-06 5.577725542046685e-07
82750 2.000000000005551e-06 5.577725542006876e-07
82760 2e-06 5.577725542046685e-07
82770 1.666666000011102e-06 6.666659999950488e-07
82780 1.0000020000055513e-06 3.6514910196381357e-07
82790 1.3333340000111022e-06 5.577730322908045e-07
82800 2.000002e-06 2.981412044303839e-07
82810 1.3333340000111022e-06 5.577730322908045e-07
82820 1.666668e-06 4.7140404938778367e-07
82830 2.333334e-06 3.6514691107662406e-07
82840 2.000000000005551e-06 5.577725542006877e-07
82850 2.000002e-06 2.981412044303839e-07
82860 1.3333360000055512e-06 2.9814299327980087e-07
82870 1.000000000005551e-06 5.962844213207147e-07
82880 2.333334e-06 3.6514691107662406e-07
82890 2.000002e-06 2.9814120443038397e-07
82900 1.66667e-06 0.0
82910 1.6666659999999998e-06 6.666660000005999e-07
82920 1.3333360000000002e-06 2.9814299328476596e-07
82930 2e-06 5.577725542046685e-07
82940 2.666666e-06 3.6514691107662406e-07
82950 2.333334e-06 3.6514691107662406e-07
82960 2.333332000005551e-06 5.962839741046366e-07
82970 1.3333340000055511e-06 5.577730322934584e-07
82980 2.000002e-06 2.9814120443038397e-07
82990 1.666668000005551e-06 4.714040493838584e-07
83000 1.3333360000055512e-06 2.9814299327980087e-07
83010 1.666668000005551e-06 4.714040493838584e-07
83020 1.666668e-06 4.7140404938778367e-07
83030 1.333332000011102e-06 7.302960130394242e-07
83040 1.666666000005551e-06 6.666659999978243e-07
83050 2.000002e-06 2.981412044303839e-07
83060 1.0000000000111022e-06 5.962844213188527e-07
83070 1.3333340000055511e-06 5.577730322934584e-07
83080 1.3333360000000002e-06 2.9814299328476596e-07
83090 1.666668000005551e-06 4.714040493838584e-07
83100 2.000002e-06 2.9814120443038387e-07
83110 1.3333340000111022e-06 5.577730322908044e-07
83120 1.0000020000055513e-06 3.6514910196381357e-07
83130 1.666668000005551e-06 4.714040493838584e-07
83140 1.6666659999999998e-06 6.666660000005999e-07
83150 2.000002e-06 2.981412044303839e-07
83160 1.0000020000055513e-06 3.6514910196381357e-07
83170 1.66667e-06 0.0
83180 1.0000000000166533e-06 5.962844213169908e-07
83190 1.3333340000055511e-06 5.577730322934584e-07
83200 1.3333340000055511e-06 5.577730322934584e-07
83210 2e-06 5.577725542046685e-07
83220 1.666668e-06 4.7140404938778367e-07
83230 1.3333340000055511e-06 5.577730322934584e-07
83240 6.666680000055511e-07 3.6514910196482715e-07
83250 1.0000000000111022e-06 5.962844213188527e-07
83260 1.666668e-06 4.7140404938778367e-07
83270 2e-06 5.577725542046685e-07
83280 1.3333340000055511e-06 5.577730322934584e-07
83290 1.666668e-06 4.7140404938778367e-07
83300 2.6666659999999997e-06 3.6514691107662406e-07
83310 2e-06 5.577725542046685e-07
83320 1.666668000005551e-06 4.714040493838584e-07
83330 2.333332e-06 5.962839741089811e-07
83340 1.666668e-06 4.7140404938778367e-07
83350 1.999998e-06 7.302960130434781e-07
83360 1.3333360000055512e-06 2.9814299327980087e-07
83370 1.0000020000055513e-06 3.6514910196381357e-07
83380 1.666668e-06 4.7140404938778367e-07
83390 1.9999980000111023e-06 7.302960130373971e-07
83400 1.666668e-06 4.7140404938778367e-07
83410 1.000000000005551e-06 5.962844213207147e-07
83420 1.3333340000055511e-06 5.577730322934584e-07
83430 2.000002e-06 2.9814120443038397e-07
83440 1.666668000005551e-06 4.714040493838584e-07
83450 1.6666659999999998e-06 6.666660000005999e-07
83460 1.666668000005551e-06 4.714040493838584e-07
83470 2.000000000005551e-06 5.577725542006877e-07
83480 1.666666000005551e-06 6.666659999978243e-07
83490 1.3333360000000002e-06 2.9814299328476596e-07
83500 2.000000000005551e-06 5.577725542006877e-07
83510 1.666666000005551e-06 6.666659999978244e-07
83520 1.666668e-06 4.7140404938778367e-07
83530 1.6666659999999998e-06 6.666660000005999e-07
83540 1.3333360000055512e-06 2.9814299327980087e-07
83550 2.6666659999999997e-06 3.6514691107662406e-07
83560 1.666668e-06 4.7140404938778367e-07
83570 2.333334e-06 3.65146911076624e-07
83580 1.666666000005551e-06 6.666659999978244e-07
83590 2.000002e-06 2.9814120443038397e-07
83600 2.000002e-06 2.981412044303839e-07
83610 2e-06 5.577725542046685e-07
83620 1.66667e-06 0.0
83630 1.3333360000000002e-06 2.9814299328476596e-07
83640 1.3333340000111022e-06 5.577730322908045e-07
83650 2e-06 5.577725542046685e-07
83660 6.666680000111022e-07 3.651491019628001e-07
83670 1.0000020000111023e-06 3.651491019607731e-07
83680 2.333332e-06 5.962839741089811e-07
83690 1.666668e-06 4.7140404938778367e-07
83700 2.333334e-06 3.6514691107662406e-07
83710 1.666668e-06 4.7140404938778367e-07
83720 1.666666000011102e-06 6.666659999950488e-07
83730 1.666668000005551e-06 4.714040493838584e-07
83740 1.3333360000055512e-06 2.9814299327980087e-07
83750 1.666668000005551e-06 4.714040493838584e-07
83760 1.0000020000055513e-06 3.6514910196381357e-07
83770 1.333332000005551e-06 7.302960130414511e-07
83780 2e-06 5.577725542046685e-07
83790 2.333334e-06 3.6514691107662406e-07
83800 2.000002e-06 2.9814120443038397e-07
83810 1.66667e-06 0.0
83820 2.333334e-06 3.65146911076624e-07
83830 2e-06 5.577725542046685e-07
83840 2.6666659999999997e-06 3.6514691107662406e-07
83850 1.3333360000000002e-06 2.9814299328476596e-07
83860 2.6666659999999997e-06 3.6514691107662406e-07
83870 2.000000000005551e-06 5.577725542006877e-07
83880 2.333334e-06 3.6514691107662406e-07
83890 2e-06 5.577725542046685e-07
83900 1.666668e-06 4.7140404938778367e-07
83910 1.666666000005551e-06 6.666659999978244e-07
83920 6.666680000111022e-07 3.651491019628001e-07
83930 1.666668e-06 4.7140404938778367e-07
83940 1.3333360000000002e-06 2.9814299328476596e-07
83950 1.3333340000055511e-06 5.577730322934584e-07
83960 2e-06 5.577725542046685e-07
83970 2.333334e-06 3.65146911076624e-07
83980 2.333332000005551e-06 5.962839741046366e-07
83990 1.3333340000055511e-06 5.577730322934584e-07
84000 2.666664000005551e-06 5.962841977101848e-07
84010 2.333334e-06 3.6514691107662406e-07
84020 1.666668e-06 4.7140404938778367e-07
84030 2.333334e-06 3.6514691107662406e-07
84040 1.0000020000055513e-06 3.6514910196381357e-07
84050 1.3333360000055512e-06 2.9814299327980087e-07
84060 1.666666000011102e-06 6.666659999950488e-07
84070 2.333334e-06 3.6514691107662406e-07
84080 2.3333319999999998e-06 5.962839741089811e-07
84090 2e-06 5.577725542046685e-07
84100 2.333332000005551e-06 5.962839741046366e-07
84110 6.666680000111022e-07 3.651491019628001e-07
84120 2e-06 5.577725542046685e-07
84130 1.666668e-06 4.7140404938778367e-07
84140 2e-06 5.577725542046685e-07
84150 2.6666659999999997e-06 3.6514691107662406e-07
84160 1.3333339999999999e-06 5.577730322961123e-07
84170 1.3333340000055511e-06 5.577730322934584e-07
84180 2.333334e-06 3.6514691107662406e-07
84190 1.3333360000055512e-06 2.9814299327980087e-07
84200 1.3333340000055511e-06 5.577730322934584e-07
84210 2.666664000005551e-06 5.962841977101848e-07
84220 1.666666000005551e-06 6.666659999978244e-07
84230 1.666666000011102e-06 6.666659999950488e-07
84240 1.9999980000055513e-06 7.302960130404375e-07
84250 1.666668e-06 4.7140404938778367e-07
84260 1.3333340000055511e-06 5.577730322934584e-07
84270 1.3333340000111022e-06 5.577730322908045e-07
84280 1.666666000011102e-06 6.666659999950488e-07
84290 2.000002e-06 2.9814120443038387e-07
84300 1.3333340000055511e-06 5.577730322934584e-07
84310 2.6666659999999997e-06 3.6514691107662406e-07
84320 1.3333360000055512e-06 2.9814299327980087e-07
84330 1.666668000005551e-06 4.714040493838584e-07
84340 1.0000020000055513e-06 3.6514910196381357e-07
84350 1.666668000005551e-06 4.714040493838584e-07
84360 1.0000020000111023e-06 3.6514910196077315e-07
84370 1.66667e-06 0.0
84380 1.666666000005551e-06 6.666659999978244e-07
84390 1.3333340000055511e-06 5.577730322934584e-07
84400 1.333332000011102e-06 7.302960130394242e-07
84410 2.333334e-06 3.6514691107662406e-07
84420 1.3333360000000002e-06 2.9814299328476596e-07
84430 1.666668e-06 4.7140404938778367e-07
84440 2.333334e-06 3.6514691107662406e-07
84450 1.3333340000111022e-06 5.577730322908044e-07
84460 1.66667e-06 0.0
84470 2.000000000005551e-06 5.577725542006876e-07
84480 2.000000000005551e-06 5.577725542006876e-07
84490 2.000000000005551e-06 5.577725542006876e-07
84500 1.666666000011102e-06 6.666659999950488e-07
84510 1.666668000005551e-06 4.714040493838584e-07
84520 1.66667e-06 0.0
84530 2.000000000005551e-06 5.577725542006876e-07
84540 1.66667e-06 0.0
84550 1.3333340000055511e-06 5.577730322934584e-07
84560 1.0000000000111022e-06 5.962844213188527e-07
84570 2e-06 5.577725542046685e-07
84580 2.333332e-06 5.962839741089811e-07
84590 2.333334e-06 3.6514691107662406e-07
84600 2e-06 5.577725542046685e-07
84610 2.333334e-06 3.6514691107662406e-07
84620 1.666668e-06 4.7140404938778367e-07
84630 1.3333360000000002e-06 2.9814299328476596e-07
84640 1.666668000005551e-06 4.714040493838584e-07
84650 2.3333320000055512e-06 5.962839741046365e-07
84660 1.66667e-06 0.0
84670 1.3333340000055511e-06 5.577730322934584e-07
84680 1.3333360000055512e-06 2.9814299327980087e-07
84690 2.666664e-06 5.962841977151499e-07
84700 2.333334e-06 3.6514691107662406e-07
84710 1.3333360000055512e-06 2.9814299327980087e-07
84720 1.666668000005551e-06 4.714040493838584e-07
84730 1.0000000000111022e-06 5.962844213188527e-07
84740 1.666668e-06 4.7140404938778367e-07
84750 1.3333360000000002e-06 2.9814299328476596e-07
84760 1.666666000005551e-06 6.666659999978244e-07
84770 2e-06 5.577725542046685e-07
84780 3.3333400001665334e-07 2.981429932810421e-07
84790 1.0000020000055513e-06 3.6514910196381357e-07
84800 1.3333339999999999e-06 5.577730322961123e-07
84810 1.66667e-06 0.0
84820 1.3333340000055511e-06 5.577730322934584e-07
84830 2.000000000005551e-06 5.577725542006876e-07
84840 1.3333360000000002e-06 2.9814299328476596e-07
84850 1.666666000005551e-06 6.666659999978244e-07
84860 2.3333319999999998e-06 5.962839741089811e-07
84870 1.3333340000111022e-06 5.577730322908045e-07
84880 1.3333340000055511e-06 5.577730322934584e-07
84890 2e-06 5.577725542046685e-07
84900 1.3333339999999999e-06 5.577730322961123e-07
84910 1.3333360000000002e-06 2.9814299328476596e-07
84920 1.666668000005551e-06 4.714040493838584e-07
84930 1.0000020000055513e-06 3.6514910196381357e-07
84940 1.0000000000111022e-06 5.962844213188527e-07
84950 1.666668e-06 4.7140404938778367e-07
84960 1.000002e-06 3.651491019668541e-07
84970 2.000000000005551e-06 5.577725542006877e-07
84980 2.000002e-06 2.9814120443038387e-07
84990 2.000002e-06 2.981412044303839e-07
85000 1.0000000000111022e-06 5.962844213188527e-07
85010 1.666668e-06 4.7140404938778367e-07
85020 1.666668e-06 4.7140404938778367e-07
85030 2e-06 5.577725542046685e-07
85040 1.0000020000055513e-06 3.6514910196381357e-07
85050 2.6666659999999997e-06 3.6514691107662406e-07
85060 2e-06 5.577725542046685e-07
85070 2.333334e-06 3.65146911076624e-07
85080 1.666668000005551e-06 4.714040493838584e-07
85090 1.666668e-06 4.7140404938778367e-07
85100 1.3333340000055511e-06 5.577730322934584e-07
85110 1.0000020000055513e-06 3.6514910196381357e-07
85120 1.3333360000055512e-06 2.9814299327980087e-07
85130 1.3333360000000002e-06 2.9814299328476596e-07
85140 1.3333339999999999e-06 5.577730322961123e-07
85150 2.333334e-06 3.6514691107662406e-07
85160 2.000002e-06 2.9814120443038397e-07
85170 2e-06 5.577725542046685e-07
85180 1.666666000005551e-06 6.666659999978244e-07
85190 1.3333360000055512e-06 2.9814299327980087e-07
85200 1.666668e-06 4.7140404938778367e-07
85210 6.666680000111022e-07 3.651491019628001e-07
85220 2.6666659999999997e-06 3.6514691107662406e-07
85230 1.3333340000055511e-06 5.577730322934584e-07
85240 1.666668000005551e-06 4.714040493838584e-07
85250 1.3333360000055512e-06 2.9814299327980087e-07
85260 1.0000020000111023e-06 3.6514910196077315e-07
85270 2.000000000005551e-06 5.577725542006876e-07
85280 1.666668000005551e-06 4.714040493838584e-07
85290 1.666666000005551e-06 6.666659999978244e-07
85300 2e-06 5.577725542046685e-07
85310 1.666668000005551e-06 4.714040493838584e-07
85320 2.000002e-06 2.981412044303839e-07
85330 1.666668000005551e-06 4.714040493838584e-07
85340 1.0000020000111023e-06 3.651491019607731e-07
85350 1.666668000005551e-06 4.714040493838584e-07
85360 1.3333340000055511e-06 5.577730322934584e-07
85370 2.6666659999999997e-06 3.6514691107662406e-07
85380 1.3333360000000002e-06 2.9814299328476596e-07
85390 1.0000000000111022e-06 5.962844213188527e-07
85400 2e-06 5.577725542046685e-07
85410 1.0000020000055513e-06 3.6514910196381357e-07
85420 2e-06 5.577725542046685e-07
85430 2.000000000005551e-06 5.577725542006876e-07
85440 1.666668000005551e-06 4.714040493838584e-07
85450 2.000000000005551e-06 5.577725542006877e-07
85460 1.66667e-06 0.0
85470 6.666680000111022e-07 3.651491019628001e-07
85480 2.6666659999999997e-06 3.6514691107662406e-07
85490 1.3333340000055511e-06 5.577730322934584e-07
85500 1.666668000005551e-06 4.714040493838584e-07
85510 1.3333340000055511e-06 5.577730322934584e-07
85520 1.666666000011102e-06 6.666659999950488e-07
85530 2.6666659999999997e-06 3.6514691107662406e-07
85540 1.666668000005551e-06 4.714040493838584e-07
85550 1.3333360000055512e-06 2.9814299327980087e-07
85560 2.333334e-06 3.6514691107662406e-07
85570 1.333332000005551e-06 7.302960130414511e-07
85580 1.3333360000000002e-06 2.9814299328476596e-07
85590 2.000002e-06 2.981412044303839e-07
85600 1.3333340000055511e-06 5.577730322934584e-07
85610 2.000002e-06 2.9814120443038397e-07
85620 1.3333360000055512e-06 2.9814299327980087e-07
85630 2.3333320000055512e-06 5.962839741046365e-07
85640 1.3333340000055511e-06 5.577730322934584e-07
85650 2.333332000005551e-06 5.962839741046366e-07
85660 2.000002e-06 2.9814120443038397e-07
85670 2.333332000005551e-06 5.962839741046366e-07
85680 3.3333300000000003e-06 1.8940232492426094e-22
85690 1.666666000011102e-06 6.666659999950488e-07
85700 1.3333340000055511e-06 5.577730322934584e-07
85710 1.3333340000055511e-06 5.577730322934584e-07
85720 2.333334e-06 3.6514691107662406e-07
85730 1.666668000005551e-06 4.714040493838584e-07
85740 2.333334e-06 3.6514691107662406e-07
85750 1.666668000005551e-06 4.714040493838584e-07
85760 1.666668e-06 4.7140404938778367e-07
85770 2.6666659999999997e-06 3.6514691107662406e-07
85780 2.6666659999999997e-06 3.6514691107662406e-07
85790 1.666666000005551e-06 6.666659999978243e-07
85800 1.3333340000055511e-06 5.577730322934584e-07
85810 1.0000020000055513e-06 3.6514910196381357e-07
85820 1.3333340000055511e-06 5.577730322934584e-07
85830 1.666668000005551e-06 4.714040493838584e-07
85840 2.333334e-06 3.6514691107662406e-07
85850 1.666666000005551e-06 6.666659999978244e-07
85860 1.666666000011102e-06 6.666659999950488e-07
85870 1.3333340000055511e-06 5.577730322934584e-07
85880 1.666668000005551e-06 4.714040493838584e-07
85890 2e-06 5.577725542046685e-07
85900 2e-06 5.577725542046685e-07
85910 1.66667e-06 0.0
85920 2.000000000005551e-06 5.577725542006876e-07
85930 2.333332000005551e-06 5.962839741046366e-07
85940 2.6666659999999997e-06 3.6514691107662406e-07
85950 1.666666000011102e-06 6.666659999950488e-07
85960 1.666668e-06 4.7140404938778367e-07
85970 2.333332000005551e-06 5.962839741046366e-07
85980 2e-06 5.577725542046685e-07
85990 1.666668000005551e-06 4.714040493838584e-07
86000 2.6666659999999997e-06 3.6514691107662406e-07
86010 1.3333340000111022e-06 5.577730322908045e-07
86020 1.0000000000111022e-06 5.962844213188527e-07
86030 2.000002e-06 2.981412044303839e-07
86040 1.0000020000111023e-06 3.6514910196077315e-07
86050 1.666668e-06 4.7140404938778367e-07
86060 1.666668000005551e-06 4.714040493838584e-07
86070 2.333334e-06 3.6514691107662406e-07
86080 1.000000000005551e-06 5.962844213207147e-07
86090 2e-06 5.577725542046685e-07
86100 1.0000020000111023e-06 3.651491019607731e-07
86110 1.666668000005551e-06 4.714040493838584e-07
86120 2e-06 5.577725542046685e-07
86130 1.0000020000055513e-06 3.6514910196381357e-07
86140 1.0000020000111023e-06 3.6514910196077315e-07
86150 2.3333319999999998e-06 5.962839741089811e-07
86160 2.333332e-06 5.962839741089811e-07
86170 2.333334e-06 3.6514691107662406e-07
86180 1.666668000005551e-06 4.714040493838584e-07
86190 6.666660000111022e-07 5.962841977126673e-07
86200 2.333334e-06 3.6514691107662406e-07
86210 1.3333340000055511e-06 5.577730322934584e-07
86220 1.0000020000055513e-06 3.6514910196381357e-07
86230 1.666666000005551e-06 6.666659999978244e-07
86240 1.3333340000055511e-06 5.577730322934584e-07
86250 6.666680000111022e-07 3.651491019628001e-07
86260 1.666668e-06 4.7140404938778367e-07
86270 2.6666659999999997e-06 3.6514691107662406e-07
86280 1.666668e-06 4.7140404938778367e-07
86290 2e-06 5.577725542046685e-07
86300 2.333332e-06 5.962839741089811e-07
86310 1.666668000005551e-06 4.714040493838584e-07
86320 2.6666659999999997e-06 3.6514691107662406e-07
86330 1.3333340000055511e-06 5.577730322934584e-07
86340 2.000002e-06 2.981412044303839e-07
86350 2e-06 5.577725542046685e-07
86360 2.000002e-06 2.9814120443038397e-07
86370 2.999998e-06 2.9814120443038387e-07
86380 1.0000000000111022e-06 5.962844213188527e-07
86390 2e-06 5.577725542046685e-07
86400 2.6666659999999997e-06 3.6514691107662406e-07
86410 1.0000000000111022e-06 5.962844213188527e-07
86420 2.000002e-06 2.9814120443038387e-07
86430 2.000000000005551e-06 5.577725542006876e-07
86440 2.333332000005551e-06 5.962839741046366e-07
86450 1.66667e-06 0.0
86460 1.3333360000000002e-06 2.9814299328476596e-07
86470 2.000002e-06 2.9814120443038397e-07
86480 1.0000020000055513e-06 3.6514910196381357e-07
86490 1.000000000005551e-06 5.962844213207146e-07
86500 1.666668e-06 4.7140404938778367e-07
86510 2.000002e-06 2.9814120443038387e-07
86520 2.000002e-06 2.981412044303839e-07
86530 2.333334e-06 3.6514691107662406e-07
86540 1.3333340000111022e-06 5.577730322908044e-07
86550 1.3333340000055511e-06 5.577730322934584e-07
86560 1.3333340000055511e-06 5.577730322934584e-07
86570 2.333334e-06 3.6514691107662406e-07
86580 1.666668e-06 4.7140404938778367e-07
86590 2.000000000005551e-06 5.577725542006877e-07
86600 1.666668000005551e-06 4.714040493838584e-07
86610 1.66667e-06 0.0
86620 1.3333340000055511e-06 5.577730322934584e-07
86630 1.3333340000111022e-06 5.577730322908045e-07
86640 1.0000000000111022e-06 5.962844213188527e-07
86650 1.3333340000111022e-06 5.577730322908045e-07
86660 1.666666000005551e-06 6.666659999978243e-07
86670 1.333332000011102e-06 7.302960130394243e-07
86680 1.3333340000055511e-06 5.577730322934584e-07
86690 1.666668000005551e-06 4.714040493838584e-07
86700 2.000002e-06 2.9814120443038397e-07
86710 6.666680000055511e-07 3.6514910196482715e-07
86720 1.666666000005551e-06 6.666659999978244e-07
86730 1.666666000005551e-06 6.666659999978244e-07
86740 2.333334e-06 3.6514691107662406e-07
86750 2.000000000005551e-06 5.577725542006876e-07
86760 2.333334e-06 3.6514691107662406e-07
86770 2.333334e-06 3.6514691107662406e-07
86780 6.666680000055511e-07 3.6514910196482715e-07
86790 1.3333340000055511e-06 5.577730322934584e-07
86800 1.666668e-06 4.7140404938778367e-07
86810 1.3333340000111022e-06 5.577730322908044e-07
86820 1.3333360000000002e-06 2.9814299328476596e-07
86830 1.3333339999999999e-06 5.577730322961123e-07
86840 1.666668000005551e-06 4.714040493838584e-07
86850 1.0000020000055513e-06 3.6514910196381357e-07
86860 1.666668000005551e-06 4.714040493838584e-07
86870 1.3333360000000002e-06 2.9814299328476596e-07
86880 1.666668e-06 4.7140404938778367e-07
86890 2.000002e-06 2.9814120443038387e-07
86900 1.3333340000111022e-06 5.577730322908045e-07
86910 1.3333340000055511e-06 5.577730322934584e-07
86920 2.000000000005551e-06 5.577725542006876e-07
86930 1.3333360000055512e-06 2.9814299327980087e-07
86940 1.666666000005551e-06 6.666659999978244e-07
86950 1.3333340000055511e-06 5.577730322934584e-07
86960 1.000002e-06 3.651491019668541e-07
86970 1.000000000005551e-06 5.962844213207147e-07
86980 2.000002e-06 2.9814120443038397e-07
86990 1.3333340000055511e-06 5.577730322934584e-07
87000 1.3333340000111022e-06 5.577730322908044e-07
87010 2.000002e-06 2.9814120443038397e-07
87020 1.0000020000055513e-06 3.6514910196381357e-07
87030 1.3333339999999999e-06 5.577730322961123e-07
87040 2.333332000005551e-06 5.962839741046366e-07
87050 2.000002e-06 2.981412044303839e-07
87060 1.000002e-06 3.651491019668541e-07
87070 1.3333340000055511e-06 5.577730322934584e-07
87080 1.3333340000055511e-06 5.577730322934584e-07
87090 2.333334e-06 3.6514691107662406e-07
87100 2.333334e-06 3.6514691107662406e-07
87110 1.666666000005551e-06 6.666659999978243e-07
87120 2.000002e-06 2.9814120443038387e-07
87130 2.000000000005551e-06 5.577725542006876e-07
87140 2.333332000005551e-06 5.962839741046366e-07
87150 2.000000000005551e-06 5.577725542006877e-07
87160 2.000000000005551e-06 5.577725542006877e-07
87170 2e-06 5.577725542046685e-07
87180 2.333332000005551e-06 5.962839741046366e-07
87190 1.666668000005551e-06 4.714040493838584e-07
87200 2.333334e-06 3.6514691107662406e-07
87210 2.6666659999999997e-06 3.6514691107662406e-07
87220 2.000002e-06 2.981412044303839e-07
87230 1.3333340000055511e-06 5.577730322934584e-07
87240 1.666666000005551e-06 6.666659999978244e-07
87250 1.666666000005551e-06 6.666659999978244e-07
87260 2.6666659999999997e-06 3.6514691107662406e-07
87270 2.6666659999999997e-06 3.6514691107662406e-07
87280 2.3333319999999998e-06 5.962839741089811e-07
87290 1.666668000005551e-06 4.714040493838584e-07
87300 2.000002e-06 2.9814120443038397e-07
87310 2.000000000005551e-06 5.577725542006877e-07
87320 2.3333319999999998e-06 5.962839741089811e-07
87330 1.3333360000000002e-06 2.9814299328476596e-07
87340 1.3333340000111022e-06 5.577730322908044e-07
87350 2.6666659999999997e-06 3.6514691107662406e-07
87360 1.66667e-06 0.0
87370 6.666680000111022e-07 3.651491019628001e-07
87380 2.333334e-06 3.6514691107662406e-07
87390 2e-06 5.577725542046685e-07
87400 1.666668e-06 4.7140404938778367e-07
87410 1.3333360000055512e-06 2.9814299327980087e-07
87420 1.3333339999999999e-06 5.577730322961123e-07
87430 1.0000020000055513e-06 3.6514910196381357e-07
87440 6.666680000055511e-07 3.6514910196482715e-07
87450 2e-06 5.577725542046685e-07
87460 1.666666000011102e-06 6.666659999950488e-07
87470 3.3333400001110226e-07 2.981429932822834e-07
87480 1.000002e-06 3.651491019668541e-07
87490 2.333334e-06 3.6514691107662406e-07
87500 2.000002e-06 2.981412044303839e-07
87510 1.3333360000055512e-06 2.9814299327980087e-07
87520 1.666668000005551e-06 4.714040493838584e-07
87530 2.333334e-06 3.6514691107662406e-07
87540 1.666666000005551e-06 6.666659999978244e-07
87550 1.3333340000111022e-06 5.577730322908044e-07
87560 1.3333360000000002e-06 2.9814299328476596e-07
87570 1.3333340000055511e-06 5.577730322934584e-07
87580 1.0000000000111022e-06 5.962844213188527e-07
87590 1.3333340000055511e-06 5.577730322934584e-07
87600 1.9999980000055513e-06 7.302960130404375e-07
87610 1.666668000005551e-06 4.714040493838584e-07
87620 2.000000000005551e-06 5.577725542006877e-07
87630 2.000000000005551e-06 5.577725542006877e-07
87640 1.66667e-06 0.0
87650 6.666680000111022e-07 3.651491019628001e-07
87660 1.3333340000055511e-06 5.577730322934584e-07
87670 1.666668000005551e-06 4.714040493838584e-07
87680 1.3333339999999999e-06 5.577730322961123e-07
87690 1.0000020000111023e-06 3.6514910196077315e-07
87700 6.666680000111022e-07 3.651491019628001e-07
87710 2.6666659999999997e-06 3.6514691107662406e-07
87720 2.333334e-06 3.6514691107662406e-07
87730 1.3333340000111022e-06 5.577730322908045e-07
87740 1.666668e-06 4.7140404938778367e-07
87750 2.000002e-06 2.981412044303839e-07
87760 1.3333339999999999e-06 5.577730322961123e-07
87770 2.333334e-06 3.6514691107662406e-07
87780 1.666668000005551e-06 4.714040493838584e-07
87790 1.666668000005551e-06 4.714040493838584e-07
87800 1.3333340000111022e-06 5.577730322908045e-07
87810 2.000000000005551e-06 5.577725542006876e-07
87820 1.666668e-06 4.7140404938778367e-07
87830 2.333334e-06 3.6514691107662406e-07
87840 2.333334e-06 3.6514691107662406e-07
87850 1.3333339999999999e-06 5.577730322961123e-07
87860 1.666668000005551e-06 4.714040493838584e-07
87870 6.666680000055511e-07 3.6514910196482715e-07
87880 1.3333340000055511e-06 5.577730322934584e-07
87890 2e-06 5.577725542046685e-07
87900 1.666666000005551e-06 6.666659999978244e-07
87910 6.666680000111022e-07 3.651491019628001e-07
87920 1.6666659999999998e-06 6.666660000005999e-07
87930 1.6666659999999998e-06 6.666660000005999e-07
87940 1.000002e-06 3.651491019668541e-07
87950 1.3333340000055511e-06 5.577730322934584e-07
87960 2.333334e-06 3.6514691107662406e-07
87970 1.666668e-06 4.7140404938778367e-07
87980 1.3333340000111022e-06 5.577730322908044e-07
87990 2.000000000005551e-06 5.577725542006877e-07
88000 1.666668000005551e-06 4.714040493838584e-07
88010 1.3333340000055511e-06 5.577730322934584e-07
88020 6.666680000055511e-07 3.6514910196482715e-07
88030 1.666668e-06 4.7140404938778367e-07
88040 1.3333339999999999e-06 5.577730322961123e-07
88050 1.666666000005551e-06 6.666659999978244e-07
88060 2.333334e-06 3.6514691107662406e-07
88070 2.000000000005551e-06 5.577725542006876e-07
88080 1.3333360000055512e-06 2.9814299327980087e-07
88090 1.0000020000055513e-06 3.6514910196381357e-07
88100 2.000002e-06 2.9814120443038387e-07
88110 1.66667e-06 0.0
88120 1.0000020000055513e-06 3.6514910196381357e-07
88130 2.333334e-06 3.6514691107662406e-07
88140 1.66667e-06 0.0
88150 2e-06 5.577725542046685e-07
88160 2.333334e-06 3.6514691107662406e-07
88170 1.0000000000111022e-06 5.962844213188527e-07
88180 2e-06 5.577725542046685e-07
88190 2.000002e-06 2.981412044303839e-07
88200 1.3333360000000002e-06 2.9814299328476596e-07
88210 1.0000020000111023e-06 3.651491019607731e-07
88220 1.3333340000055511e-06 5.577730322934584e-07
88230 1.3333340000055511e-06 5.577730322934584e-07
88240 1.666668000005551e-06 4.714040493838584e-07
88250 1.66667e-06 0.0
88260 2.6666659999999997e-06 3.6514691107662406e-07
88270 2.333334e-06 3.6514691107662406e-07
88280 2.000000000005551e-06 5.577725542006876e-07
88290 1.666668e-06 4.7140404938778367e-07
88300 6.666680000111022e-07 3.651491019628001e-07
88310 1.666668000005551e-06 4.714040493838584e-07
88320 1.0000020000055513e-06 3.6514910196381357e-07
88330 2e-06 5.577725542046685e-07
88340 1.3333340000055511e-06 5.577730322934584e-07
88350 2.000002e-06 2.9814120443038387e-07
88360 2.000002e-06 2.981412044303839e-07
88370 1.0000020000055513e-06 3.6514910196381357e-07
88380 1.3333340000111022e-06 5.577730322908045e-07
88390 1.666666000005551e-06 6.666659999978244e-07
88400 1.3333360000000002e-06 2.9814299328476596e-07
88410 2.333334e-06 3.6514691107662406e-07
88420 3.3333400001665334e-07 2.981429932810421e-07
88430 1.3333340000111022e-06 5.577730322908044e-07
88440 1.3333360000000002e-06 2.9814299328476596e-07
88450 1.3333340000055511e-06 5.577730322934584e-07
88460 1.0000020000055513e-06 3.6514910196381357e-07
88470 1.666666000005551e-06 6.666659999978244e-07
88480 2e-06 5.577725542046685e-07
88490 1.66667e-06 0.0
88500 2.333334e-06 3.6514691107662406e-07
88510 1.666668e-06 4.7140404938778367e-07
88520 2.333334e-06 3.6514691107662406e-07
88530 2.333334e-06 3.6514691107662406e-07
88540 2.6666659999999997e-06 3.6514691107662406e-07
88550 2.333334e-06 3.6514691107662406e-07
88560 1.0000020000055513e-06 3.6514910196381357e-07
88570 1.000000000005551e-06 5.962844213207147e-07
88580 1.666668e-06 4.7140404938778367e-07
88590 1.666668000005551e-06 4.714040493838584e-07
88600 1.666668000005551e-06 4.714040493838584e-07
88610 1.666668e-06 4.7140404938778367e-07
88620 1.0000000000111022e-06 5.962844213188527e-07
88630 1.3333360000000002e-06 2.9814299328476596e-07
88640 2.666666e-06 3.6514691107662406e-07
88650 1.666668000005551e-06 4.714040493838584e-07
88660 1.666668e-06 4.7140404938778367e-07
88670 1.333332000011102e-06 7.302960130394242e-07
88680 2.000002e-06 2.9814120443038387e-07
88690 2.333334e-06 3.6514691107662406e-07
88700 1.000000000005551e-06 5.962844213207146e-07
88710 1.0000020000111023e-06 3.6514910196077315e-07
88720 1.333332000005551e-06 7.302960130414511e-07
88730 2.000000000005551e-06 5.577725542006876e-07
88740 1.666666000011102e-06 6.666659999950488e-07
88750 2.3333320000055512e-06 5.962839741046365e-07
88760 1.3333360000000002e-06 2.9814299328476596e-07
88770 1.3333340000055511e-06 5.577730322934584e-07
88780 1.666666000005551e-06 6.666659999978244e-07
88790 1.66667e-06 0.0
88800 2.000002e-06 2.9814120443038387e-07
88810 1.666668e-06 4.7140404938778367e-07
88820 1.666666000005551e-06 6.666659999978244e-07
88830 1.66667e-06 0.0
88840 2.6666659999999997e-06 3.6514691107662406e-07
88850 1.3333360000000002e-06 2.9814299328476596e-07
88860 2e-06 5.577725542046685e-07
88870 2e-06 5.577725542046685e-07
88880 1.3333340000055511e-06 5.577730322934584e-07
88890 2.000002e-06 2.981412044303839e-07
88900 6.666680000055511e-07 3.6514910196482715e-07
88910 1.666668000005551e-06 4.714040493838584e-07
88920 1.666668000005551e-06 4.714040493838584e-07
88930 6.666680000111022e-07 3.651491019628001e-07
88940 1.0000000000166533e-06 5.962844213169908e-07
88950 2.333334e-06 3.6514691107662406e-07
88960 1.666668e-06 4.7140404938778367e-07
88970 6.666660000111022e-07 5.962841977126673e-07
88980 1.666668e-06 4.7140404938778367e-07
88990 2.333334e-06 3.6514691107662406e-07
89000 2.000000000005551e-06 5.577725542006877e-07
89010 2.000002e-06 2.981412044303839e-07
89020 1.66667e-06 0.0
89030 2.333334e-06 3.6514691107662406e-07
89040 1.0000020000055513e-06 3.6514910196381357e-07
89050 1.666668e-06 4.7140404938778367e-07
89060 1.666668e-06 4.7140404938778367e-07
89070 2.333334e-06 3.6514691107662406e-07
89080 1.666668e-06 4.7140404938778367e-07
89090 2.000002e-06 2.981412044303839e-07
89100 2.333334e-06 3.6514691107662406e-07
89110 2.999998e-06 2.981412044303839e-07
89120 1.666668000005551e-06 4.714040493838584e-07
89130 1.3333360000000002e-06 2.9814299328476596e-07
89140 1.3333360000055512e-06 2.9814299327980087e-07
89150 2.6666659999999997e-06 3.6514691107662406e-07
89160 1.0000020000055513e-06 3.6514910196381357e-07
89170 1.3333360000000002e-06 2.9814299328476596e-07
89180 1.3333340000055511e-06 5.577730322934584e-07
89190 1.0000020000111023e-06 3.651491019607731e-07
89200 1.0000000000111022e-06 5.962844213188527e-07
89210 1.66667e-06 0.0
89220 1.666668000005551e-06 4.714040493838584e-07
89230 2.000002e-06 2.9814120443038387e-07
89240 2e-06 5.577725542046685e-07
89250 1.3333360000000002e-06 2.9814299328476596e-07
89260 1.3333360000000002e-06 2.9814299328476596e-07
89270 1.666668e-06 4.7140404938778367e-07
89280 1.666668e-06 4.7140404938778367e-07
89290 1.3333360000055512e-06 2.9814299327980087e-07
89300 1.3333340000111022e-06 5.577730322908045e-07
89310 1.666668000005551e-06 4.714040493838584e-07
89320 2e-06 5.577725542046685e-07
89330 2.333334e-06 3.6514691107662406e-07
89340 1.0000020000055513e-06 3.6514910196381357e-07
89350 1.666668e-06 4.7140404938778367e-07
89360 6.666680000166534e-07 3.651491019607731e-07
89370 2.666664000005551e-06 5.962841977101848e-07
89380 2.000000000005551e-06 5.577725542006877e-07
89390 2.333334e-06 3.6514691107662406e-07
89400 1.333332000011102e-06 7.302960130394242e-07
89410 2.333334e-06 3.6514691107662406e-07
89420 1.333332000011102e-06 7.302960130394243e-07
89430 1.3333339999999999e-06 5.577730322961123e-07
89440 2.000000000005551e-06 5.577725542006877e-07
89450 2.333334e-06 3.6514691107662406e-07
89460 1.0000020000055513e-06 3.6514910196381357e-07
89470 6.666680000111022e-07 3.651491019628001e-07
89480 1.0000020000055513e-06 3.6514910196381357e-07
89490 3.3333400001665334e-07 2.981429932810421e-07
89500 1.666668e-06 4.7140404938778367e-07
89510 1.666668e-06 4.7140404938778367e-07
89520 2.000002e-06 2.9814120443038397e-07
89530 2e-06 5.577725542046685e-07
89540 1.3333340000111022e-06 5.577730322908044e-07
89550 1.3333360000055512e-06 2.9814299327980087e-07
89560 1.333332000005551e-06 7.302960130414511e-07
89570 2e-06 5.577725542046685e-07
89580 1.3333340000055511e-06 5.577730322934584e-07
89590 1.666668e-06 4.7140404938778367e-07
89600 1.666668e-06 4.7140404938778367e-07
89610 2e-06 5.577725542046685e-07
89620 1.666668e-06 4.7140404938778367e-07
89630 6.666680000055511e-07 3.6514910196482715e-07
89640 1.3333340000055511e-06 5.577730322934584e-07
89650 2.000000000005551e-06 5.577725542006876e-07
89660 6.666680000055511e-07 3.6514910196482715e-07
89670 1.3333340000055511e-06 5.577730322934584e-07
89680 1.0000000000111022e-06 5.962844213188527e-07
89690 2.000000000005551e-06 5.577725542006876e-07
89700 1.666666000005551e-06 6.666659999978244e-07
89710 1.0000020000055513e-06 3.6514910196381357e-07
89720 1.3333340000055511e-06 5.577730322934584e-07
89730 1.3333340000055511e-06 5.577730322934584e-07
89740 1.66667e-06 0.0
89750 1.3333340000055511e-06 5.577730322934584e-07
89760 1.0000020000055513e-06 3.6514910196381357e-07
89770 2.333332e-06 5.962839741089811e-07
89780 1.3333340000055511e-06 5.577730322934584e-07
89790 1.666668000005551e-06 4.714040493838584e-07
89800 2.000000000005551e-06 5.577725542006876e-07
89810 1.6666659999999998e-06 6.666660000005999e-07
89820 2.3333319999999998e-06 5.962839741089811e-07
89830 2.6666659999999997e-06 3.6514691107662406e-07
89840 2e-06 5.577725542046685e-07
89850 2.6666659999999997e-06 3.6514691107662406e-07
89860 2.666664000005551e-06 5.962841977101848e-07
89870 1.666668e-06 4.7140404938778367e-07
89880 2.000000000005551e-06 5.577725542006877e-07
89890 1.666668e-06 4.7140404938778367e-07
89900 2.000002e-06 2.981412044303839e-07
89910 1.666668e-06 4.7140404938778367e-07
89920 1.3333339999999999e-06 5.577730322961123e-07
89930 2.333334e-06 3.6514691107662406e-07
89940 1.3333340000111022e-06 5.577730322908044e-07
89950 2.666666e-06 3.6514691107662406e-07
89960 1.666668e-06 4.7140404938778367e-07
89970 1.3333340000111022e-06 5.577730322908044e-07
89980 1.0000020000055513e-06 3.6514910196381357e-07
89990 2.333332e-06 5.962839741089811e-07
90000 1.3333340000055511e-06 5.577730322934584e-07
90010 1.3333340000055511e-06 5.577730322934584e-07
90020 1.3333340000055511e-06 5.577730322934584e-07
90030 1.666668e-06 4.7140404938778367e-07
90040 1.666666000005551e-06 6.666659999978244e-07
90050 2.333334e-06 3.6514691107662406e-07
90060 2.6666659999999997e-06 3.6514691107662406e-07
90070 1.666668e-06 4.7140404938778367e-07
90080 1.000000000005551e-06 5.962844213207147e-07
90090 1.666666000005551e-06 6.666659999978244e-07
90100 6.666680000055511e-07 3.6514910196482715e-07
90110 6.666680000111022e-07 3.651491019628001e-07
90120 1.666668e-06 4.7140404938778367e-07
90130 1.666666000005551e-06 6.666659999978244e-07
90140 1.3333339999999999e-06 5.577730322961123e-07
90150 1.3333339999999999e-06 5.577730322961123e-07
90160 1.3333340000055511e-06 5.577730322934584e-07
90170 6.666680000111022e-07 3.651491019628001e-07
90180 1.3333339999999999e-06 5.577730322961123e-07
90190 1.0000020000111023e-06 3.6514910196077315e-07
90200 1.3333340000055511e-06 5.577730322934584e-07
90210 1.666668e-06 4.7140404938778367e-07
90220 1.666668000005551e-06 4.714040493838584e-07
90230 1.666668e-06 4.7140404938778367e-07
90240 2.000002e-06 2.9814120443038387e-07
90250 3.3333400001110226e-07 2.981429932822834e-07
90260 1.0000020000111023e-06 3.6514910196077315e-07
90270 1.66667e-06 0.0
90280 1.666666000011102e-06 6.666659999950488e-07
90290 1.000002e-06 3.651491019668541e-07
90300 2.333334e-06 3.6514691107662406e-07
90310 1.666666000011102e-06 6.666659999950488e-07
90320 1.3333340000055511e-06 5.577730322934584e-07
90330 2e-06 5.577725542046685e-07
90340 2.333332e-06 5.962839741089811e-07
90350 1.666668e-06 4.7140404938778367e-07
90360 1.3333360000000002e-06 2.9814299328476596e-07
90370 2.333334e-06 3.6514691107662406e-07
90380 2e-06 5.577725542046685e-07
90390 1.3333360000000002e-06 2.9814299328476596e-07
90400 1.6666659999999998e-06 6.666660000005999e-07
90410 1.3333340000055511e-06 5.577730322934584e-07
90420 2.3333319999999998e-06 5.962839741089811e-07
90430 2e-06 5.577725542046685e-07
90440 6.666680000055511e-07 3.6514910196482715e-07
90450 1.3333340000055511e-06 5.577730322934584e-07
90460 1.666668e-06 4.7140404938778367e-07
90470 1.3333340000111022e-06 5.577730322908044e-07
90480 1.3333340000055511e-06 5.577730322934584e-07
90490 1.3333339999999999e-06 5.577730322961123e-07
90500 1.000000000005551e-06 5.962844213207147e-07
90510 1.66667e-06 0.0
90520 1.6666659999999998e-06 6.666660000005999e-07
90530 1.66667e-06 0.0
90540 2.000000000005551e-06 5.577725542006877e-07
90550 1.0000020000111023e-06 3.6514910196077315e-07
90560 1.3333360000000002e-06 2.9814299328476596e-07
90570 2.000000000005551e-06 5.577725542006876e-07
90580 2.333334e-06 3.6514691107662406e-07
90590 2.000002e-06 2.981412044303839e-07
90600 1.666668e-06 4.7140404938778367e-07
90610 1.333332000005551e-06 7.302960130414511e-07
90620 2.333334e-06 3.6514691107662406e-07
90630 2.333334e-06 3.6514691107662406e-07
90640 6.666680000111022e-07 3.651491019628001e-07
90650 2e-06 5.577725542046685e-07
90660 1.9999980000055513e-06 7.302960130404375e-07
90670 1.666668000005551e-06 4.714040493838584e-07
90680 1.3333360000000002e-06 2.9814299328476596e-07
90690 2.9999979999999996e-06 2.9814120443038387e-07
90700 1.3333339999999999e-06 5.577730322961123e-07
90710 1.3333340000055511e-06 5.577730322934584e-07
90720 1.666668000005551e-06 4.714040493838584e-07
90730 2.000002e-06 2.981412044303839e-07
90740 2.333334e-06 3.6514691107662406e-07
90750 1.3333360000055512e-06 2.9814299327980087e-07
90760 3.3333400001110226e-07 2.981429932822834e-07
90770 1.000000000005551e-06 5.962844213207147e-07
90780 2.3333319999999998e-06 5.962839741089811e-07
90790 1.3333340000111022e-06 5.577730322908044e-07
90800 1.0000000000111022e-06 5.962844213188527e-07
90810 1.666666000005551e-06 6.666659999978244e-07
90820 2.000002e-06 2.9814120443038397e-07
90830 3.3333400001110226e-07 2.981429932822834e-07
90840 1.999998e-06 7.302960130434781e-07
90850 6.666680000111022e-07 3.651491019628001e-07
90860 6.666680000055511e-07 3.6514910196482715e-07
90870 1.666668e-06 4.7140404938778367e-07
90880 6.666680000111022e-07 3.651491019628001e-07
90890 1.0000000000111022e-06 5.962844213188527e-07
90900 1.666666000005551e-06 6.666659999978244e-07
90910 1.3333360000055512e-06 2.9814299327980087e-07
90920 2.6666659999999997e-06 3.6514691107662406e-07
90930 2e-06 5.577725542046685e-07
90940 1.3333360000000002e-06 2.9814299328476596e-07
90950 2.000002e-06 2.9814120443038397e-07
90960 1.3333360000000002e-06 2.9814299328476596e-07
90970 1.666668000005551e-06 4.714040493838584e-07
90980 2.333334e-06 3.6514691107662406e-07
90990 2.333334e-06 3.65146911076624e-07
91000 1.666668000005551e-06 4.714040493838584e-07
91010 2.9999979999999996e-06 2.9814120443038387e-07
91020 2.000000000005551e-06 5.577725542006877e-07
91030 1.3333340000055511e-06 5.577730322934584e-07
91040 1.3333340000111022e-06 5.577730322908044e-07
91050 2.333334e-06 3.6514691107662406e-07
91060 1.666668000005551e-06 4.714040493838584e-07
91070 2.333334e-06 3.6514691107662406e-07
91080 2.333334e-06 3.6514691107662406e-07
91090 1.0000020000111023e-06 3.651491019607731e-07
91100 1.666668000005551e-06 4.714040493838584e-07
91110 1.9999980000055513e-06 7.302960130404375e-07
91120 2.3333319999999998e-06 5.962839741089811e-07
91130 2e-06 5.577725542046685e-07
91140 1.000000000005551e-06 5.962844213207147e-07
91150 2.3333319999999998e-06 5.962839741089811e-07
91160 2.999998e-06 2.981412044303839e-07
91170 2e-06 5.577725542046685e-07
91180 1.3333360000055512e-06 2.9814299327980087e-07
91190 2.000002e-06 2.9814120443038387e-07
91200 1.666666000005551e-06 6.666659999978244e-07
91210 1.666668000005551e-06 4.714040493838584e-07
91220 6.666680000055511e-07 3.6514910196482715e-07
91230 2e-06 5.577725542046685e-07
91240 1.3333360000055512e-06 2.9814299327980087e-07
91250 2.000000000005551e-06 5.577725542006876e-07
91260 2.000002e-06 2.9814120443038387e-07
91270 1.666668e-06 4.7140404938778367e-07
91280 1.0000020000111023e-06 3.6514910196077315e-07
91290 2.333334e-06 3.6514691107662406e-07
91300 2e-06 5.577725542046685e-07
91310 3.3333400001110226e-07 2.981429932822834e-07
91320 2.000002e-06 2.981412044303839e-07
91330 1.6666659999999998e-06 6.666660000005999e-07
91340 1.666668e-06 4.7140404938778367e-07
91350 1.3333340000111022e-06 5.577730322908044e-07
91360 1.0000000000111022e-06 5.962844213188527e-07
91370 1.3333339999999999e-06 5.577730322961123e-07
91380 1.666668e-06 4.7140404938778367e-07
91390 2e-06 5.577725542046685e-07
91400 1.0000020000055513e-06 3.6514910196381357e-07
91410 2.000002e-06 2.9814120443038387e-07
91420 1.3333340000055511e-06 5.577730322934584e-07
91430 2.333334e-06 3.6514691107662406e-07
91440 1.66667e-06 0.0
91450 1.3333360000000002e-06 2.9814299328476596e-07
91460 1.6666659999999998e-06 6.666660000005999e-07
91470 1.3333360000000002e-06 2.9814299328476596e-07
91480 1.3333360000000002e-06 2.9814299328476596e-07
91490 1.000000000005551e-06 5.962844213207147e-07
91500 2.000000000005551e-06 5.577725542006876e-07
91510 1.0000000000166533e-06 5.962844213169908e-07
91520 1.666668e-06 4.7140404938778367e-07
91530 1.3333340000055511e-06 5.577730322934584e-07
91540 1.3333340000055511e-06 5.577730322934584e-07
91550 2.333334e-06 3.6514691107662406e-07
91560 1.3333340000055511e-06 5.577730322934584e-07
91570 2.000000000005551e-06 5.577725542006877e-07
91580 2.333334e-06 3.6514691107662406e-07
91590 2.6666659999999997e-06 3.6514691107662406e-07
91600 1.0000000000111022e-06 5.962844213188527e-07
91610 1.0000000000111022e-06 5.962844213188527e-07
91620 1.666668000005551e-06 4.714040493838584e-07
91630 2.6666659999999997e-06 3.6514691107662406e-07
91640 2.000000000005551e-06 5.577725542006876e-07
91650 2.000002e-06 2.981412044303839e-07
91660 1.0000000000111022e-06 5.962844213188527e-07
91670 1.0000020000055513e-06 3.6514910196381357e-07
91680 2e-06 5.577725542046685e-07
91690 1.0000020000111023e-06 3.6514910196077315e-07
91700 1.0000020000055513e-06 3.6514910196381357e-07
91710 1.0000020000055513e-06 3.6514910196381357e-07
91720 1.0000020000055513e-06 3.6514910196381357e-07
91730 1.666668e-06 4.7140404938778367e-07
91740 2.333334e-06 3.6514691107662406e-07
91750 1.3333340000055511e-06 5.577730322934584e-07
91760 1.0000020000111023e-06 3.6514910196077315e-07
91770 1.66667e-06 0.0
91780 1.000002e-06 3.651491019668541e-07
91790 1.3333360000000002e-06 2.9814299328476596e-07
91800 1.666666000005551e-06 6.666659999978244e-07
91810 2.000002e-06 2.9814120443038387e-07
91820 2.333332000005551e-06 5.962839741046366e-07
91830 2.000002e-06 2.9814120443038387e-07
91840 2.333334e-06 3.6514691107662406e-07
91850 1.666668000005551e-06 4.714040493838584e-07
91860 1.000002e-06 3.651491019668541e-07
91870 2e-06 5.577725542046685e-07
91880 2.000002e-06 2.981412044303839e-07
91890 2e-06 5.577725542046685e-07
91900 2e-06 5.577725542046685e-07
91910 2.000000000005551e-06 5.577725542006876e-07
91920 2e-06 5.577725542046685e-07
91930 2.333334e-06 3.6514691107662406e-07
91940 2.000000000005551e-06 5.577725542006876e-07
91950 2.333334e-06 3.6514691107662406e-07
91960 2.000000000005551e-06 5.577725542006876e-07
91970 1.666668e-06 4.7140404938778367e-07
91980 2e-06 5.577725542046685e-07
91990 2e-06 5.577725542046685e-07
92000 2.3333319999999998e-06 5.962839741089811e-07
92010 2.333334e-06 3.6514691107662406e-07
92020 1.0000020000055513e-06 3.6514910196381357e-07
92030 1.0000000000111022e-06 5.962844213188527e-07
92040 1.0000000000111022e-06 5.962844213188527e-07
92050 1.3333339999999999e-06 5.577730322961123e-07
92060 2.6666659999999997e-06 3.6514691107662406e-07
92070 1.3333340000111022e-06 5.577730322908044e-07
92080 2.000000000005551e-06 5.577725542006876e-07
92090 1.3333360000055512e-06 2.9814299327980087e-07
92100 2.000002e-06 2.9814120443038397e-07
92110 1.3333360000000002e-06 2.9814299328476596e-07
92120 1.666666000005551e-06 6.666659999978244e-07
92130 2.000002e-06 2.9814120443038397e-07
92140 2.000000000005551e-06 5.577725542006877e-07
92150 1.0000020000055513e-06 3.6514910196381357e-07
92160 1.0000000000111022e-06 5.962844213188527e-07
92170 1.9999980000111023e-06 7.302960130373971e-07
92180 1.666666000005551e-06 6.666659999978244e-07
92190 1.66667e-06 0.0
92200 1.3333340000055511e-06 5.577730322934584e-07
92210 2e-06 5.577725542046685e-07
92220 2e-06 5.577725542046685e-07
92230 1.666668000005551e-06 4.714040493838584e-07
92240 1.666666000005551e-06 6.666659999978244e-07
92250 1.666666000005551e-06 6.666659999978244e-07
92260 1.66667e-06 0.0
92270 1.333332000005551e-06 7.302960130414511e-07
92280 1.666668e-06 4.7140404938778367e-07
92290 1.666668e-06 4.7140404938778367e-07
92300 1.3333340000111022e-06 5.577730322908044e-07
92310 1.3333340000055511e-06 5.577730322934584e-07
92320 1.666668e-06 4.7140404938778367e-07
92330 2.333334e-06 3.65146911076624e-07
92340 1.666668e-06 4.7140404938778367e-07
92350 1.3333340000055511e-06 5.577730322934584e-07
92360 2.000002e-06 2.9814120443038397e-07
92370 1.666668000005551e-06 4.714040493838584e-07
92380 1.0000020000055513e-06 3.6514910196381357e-07
92390 1.666668e-06 4.7140404938778367e-07
92400 1.666668000005551e-06 4.714040493838584e-07
92410 1.666668000005551e-06 4.714040493838584e-07
92420 1.666666000005551e-06 6.666659999978244e-07
92430 1.3333360000055512e-06 2.9814299327980087e-07
92440 2.6666659999999997e-06 3.6514691107662406e-07
92450 1.3333340000055511e-06 5.577730322934584e-07
92460 2.000002e-06 2.9814120443038397e-07
92470 1.66667e-06 0.0
92480 1.3333340000055511e-06 5.577730322934584e-07
92490 1.0000020000055513e-06 3.6514910196381357e-07
92500 2.333334e-06 3.6514691107662406e-07
92510 2.000002e-06 2.981412044303839e-07
92520 1.0000020000055513e-06 3.6514910196381357e-07
92530 2.000002e-06 2.9814120443038397e-07
92540 1.0000020000111023e-06 3.6514910196077315e-07
92550 2.000002e-06 2.981412044303839e-07
92560 1.3333360000055512e-06 2.9814299327980087e-07
92570 1.3333340000055511e-06 5.577730322934584e-07
92580 2.6666659999999997e-06 3.6514691107662406e-07
92590 1.9999980000055513e-06 7.302960130404375e-07
92600 1.3333340000055511e-06 5.577730322934584e-07
92610 2.999998e-06 2.981412044303839e-07
92620 2.000000000005551e-06 5.577725542006876e-07
92630 1.666668e-06 4.7140404938778367e-07
92640 1.0000020000055513e-06 3.6514910196381357e-07
92650 2e-06 5.577725542046685e-07
92660 1.666666000005551e-06 6.666659999978244e-07
92670 2.6666659999999997e-06 3.6514691107662406e-07
92680 1.666666000011102e-06 6.666659999950488e-07
92690 1.66667e-06 0.0
92700 1.666668000005551e-06 4.714040493838584e-07
92710 1.666668e-06 4.7140404938778367e-07
92720 1.3333340000055511e-06 5.577730322934584e-07
92730 2e-06 5.577725542046685e-07
92740 6.666680000111022e-07 3.651491019628001e-07
92750 2.333334e-06 3.6514691107662406e-07
92760 1.66667e-06 0.0
92770 1.3333360000055512e-06 2.9814299327980087e-07
92780 1.3333360000000002e-06 2.9814299328476596e-07
92790 2.6666659999999997e-06 3.6514691107662406e-07
92800 2.000002e-06 2.981412044303839e-07
92810 1.666668000005551e-06 4.714040493838584e-07
92820 1.3333360000055512e-06 2.9814299327980087e-07
92830 1.0000020000055513e-06 3.6514910196381357e-07
92840 2.3333319999999998e-06 5.962839741089811e-07
92850 1.666668000005551e-06 4.714040493838584e-07
92860 2.3333319999999998e-06 5.962839741089811e-07
92870 1.66667e-06 0.0
92880 2.000002e-06 2.981412044303839e-07
92890 2e-06 5.577725542046685e-07
92900 1.3333340000055511e-06 5.577730322934584e-07
92910 1.3333360000000002e-06 2.9814299328476596e-07
92920 1.0000020000055513e-06 3.6514910196381357e-07
92930 2.000000000005551e-06 5.577725542006877e-07
92940 2.6666659999999997e-06 3.6514691107662406e-07
92950 2.6666659999999997e-06 3.6514691107662406e-07
92960 2.3333319999999998e-06 5.962839741089811e-07
92970 1.66667e-06 0.0
92980 2.000000000005551e-06 5.577725542006876e-07
92990 2e-06 5.577725542046685e-07
93000 2.333334e-06 3.6514691107662406e-07
93010 2e-06 5.577725542046685e-07
93020 1.3333340000055511e-06 5.577730322934584e-07
93030 1.3333340000111022e-06 5.577730322908045e-07
93040 2.6666659999999997e-06 3.6514691107662406e-07
93050 2.333332e-06 5.962839741089811e-07
93060 2.000002e-06 2.9814120443038397e-07
93070 2.333334e-06 3.6514691107662406e-07
93080 2.333334e-06 3.6514691107662406e-07
93090 1.3333340000111022e-06 5.577730322908044e-07
93100 6.666680000111022e-07 3.651491019628001e-07
93110 1.3333340000055511e-06 5.577730322934584e-07
93120 2.000002e-06 2.9814120443038387e-07
93130 1.0000020000111023e-06 3.6514910196077315e-07
93140 1.000000000005551e-06 5.962844213207147e-07
93150 1.3333360000055512e-06 2.9814299327980087e-07
93160 2e-06 5.577725542046685e-07
93170 2.333332000005551e-06 5.962839741046366e-07
93180 2.3333319999999998e-06 5.962839741089811e-07
93190 2.333332000005551e-06 5.962839741046366e-07
93200 1.666668e-06 4.7140404938778367e-07
93210 1.666668e-06 4.7140404938778367e-07
93220 1.000000000005551e-06 5.962844213207146e-07
93230 2.000000000005551e-06 5.577725542006876e-07
93240 2.000000000005551e-06 5.577725542006876e-07
93250 2.666666e-06 3.6514691107662406e-07
93260 2.000002e-06 2.981412044303839e-07
93270 2e-06 5.577725542046685e-07
93280 1.666668000005551e-06 4.714040493838584e-07
93290 1.666666000005551e-06 6.666659999978244e-07
93300 2e-06 5.577725542046685e-07
93310 2.000002e-06 2.981412044303839e-07
93320 2.666666e-06 3.6514691107662406e-07
93330 2.333332000005551e-06 5.962839741046366e-07
93340 2.000002e-06 2.981412044303839e-07
93350 2.000000000005551e-06 5.577725542006876e-07
93360 1.000000000005551e-06 5.962844213207147e-07
93370 3.3333400001110226e-07 2.981429932822834e-07
93380 3.3333400001110226e-07 2.981429932822834e-07
93390 1.3333360000055512e-06 2.9814299327980087e-07
93400 1.3333340000055511e-06 5.577730322934584e-07
93410 1.666668000005551e-06 4.714040493838584e-07
93420 1.666668000005551e-06 4.714040493838584e-07
93430 2.000000000005551e-06 5.577725542006877e-07
93440 2.000002e-06 2.9814120443038387e-07
93450 2.3333319999999998e-06 5.962839741089811e-07
93460 2e-06 5.577725542046685e-07
93470 2.333334e-06 3.6514691107662406e-07
93480 2.000002e-06 2.981412044303839e-07
93490 2.000002e-06 2.981412044303839e-07
93500 2.000002e-06 2.9814120443038397e-07
93510 1.3333340000055511e-06 5.577730322934584e-07
93520 1.3333340000111022e-06 5.577730322908044e-07
93530 2.000002e-06 2.9814120443038397e-07
93540 1.3333360000000002e-06 2.9814299328476596e-07
93550 1.666668e-06 4.7140404938778367e-07
93560 1.666668000005551e-06 4.714040493838584e-07
93570 1.3333340000055511e-06 5.577730322934584e-07
93580 2e-06 5.577725542046685e-07
93590 1.666668e-06 4.7140404938778367e-07
93600 1.666668e-06 4.7140404938778367e-07
93610 1.0000020000055513e-06 3.6514910196381357e-07
93620 1.666668000005551e-06 4.714040493838584e-07
93630 6.666680000055511e-07 3.6514910196482715e-07
93640 1.666668000005551e-06 4.714040493838584e-07
93650 2.333332000005551e-06 5.962839741046366e-07
93660 1.3333360000055512e-06 2.9814299327980087e-07
93670 6.666680000111022e-07 3.651491019628001e-07
93680 1.666668e-06 4.7140404938778367e-07
93690 1.0000000000111022e-06 5.962844213188527e-07
93700 2.000002e-06 2.9814120443038397e-07
93710 2.000000000005551e-06 5.577725542006876e-07
93720 2.6666659999999997e-06 3.6514691107662406e-07
93730 2.000000000005551e-06 5.577725542006877e-07
93740 2.333334e-06 3.6514691107662406e-07
93750 2.000000000005551e-06 5.577725542006877e-07
93760 1.666668e-06 4.7140404938778367e-07
93770 1.0000000000111022e-06 5.962844213188527e-07
93780 1.3333340000055511e-06 5.577730322934584e-07
93790 1.666668000005551e-06 4.714040493838584e-07
93800 1.666668000005551e-06 4.714040493838584e-07
93810 1.0000020000111023e-06 3.651491019607731e-07
93820 1.666666000005551e-06 6.666659999978244e-07
93830 1.3333360000055512e-06 2.9814299327980087e-07
93840 1.3333340000055511e-06 5.577730322934584e-07
93850 1.9999980000055513e-06 7.302960130404375e-07
93860 2.666664000005551e-06 5.962841977101848e-07
93870 1.0000020000111023e-06 3.651491019607731e-07
93880 6.666680000055511e-07 3.6514910196482715e-07
93890 1.666668000005551e-06 4.714040493838584e-07
93900 1.3333340000055511e-06 5.577730322934584e-07
93910 2.6666659999999997e-06 3.6514691107662406e-07
93920 2.000000000005551e-06 5.577725542006876e-07
93930 1.666666000005551e-06 6.666659999978244e-07
93940 2.000002e-06 2.981412044303839e-07
93950 6.666680000166534e-07 3.651491019607731e-07
93960 1.3333360000000002e-06 2.9814299328476596e-07
93970 1.666668000005551e-06 4.714040493838584e-07
93980 1.666666000005551e-06 6.666659999978244e-07
93990 2.000002e-06 2.981412044303839e-07
94000 2e-06 5.577725542046685e-07
94010 1.0000020000055513e-06 3.6514910196381357e-07
94020 1.666668e-06 4.7140404938778367e-07
94030 2.000002e-06 2.9814120443038397e-07
94040 1.3333340000055511e-06 5.577730322934584e-07
94050 1.666668000005551e-06 4.714040493838584e-07
94060 1.3333360000055512e-06 2.9814299327980087e-07
94070 1.666668000005551e-06 4.714040493838584e-07
94080 2.000000000005551e-06 5.577725542006876e-07
94090 2.3333320000055512e-06 5.962839741046365e-07
94100 2.6666659999999997e-06 3.6514691107662406e-07
94110 1.666668000005551e-06 4.714040493838584e-07
94120 6.666680000055511e-07 3.6514910196482715e-07
94130 1.3333360000000002e-06 2.9814299328476596e-07
94140 2.333332000005551e-06 5.962839741046366e-07
94150 1.666668000005551e-06 4.714040493838584e-07
94160 2.333332000005551e-06 5.962839741046366e-07
94170 1.666668000005551e-06 4.714040493838584e-07
94180 1.3333360000055512e-06 2.9814299327980087e-07
94190 1.3333360000055512e-06 2.9814299327980087e-07
94200 2e-06 5.577725542046685e-07
94210 1.3333339999999999e-06 5.577730322961123e-07
94220 2.000000000005551e-06 5.577725542006876e-07
94230 2.6666659999999997e-06 3.6514691107662406e-07
94240 2.6666659999999997e-06 3.6514691107662406e-07
94250 2.000000000005551e-06 5.577725542006876e-07
94260 1.666668e-06 4.7140404938778367e-07
94270 1.3333340000055511e-06 5.577730322934584e-07
94280 1.666668000005551e-06 4.714040493838584e-07
94290 1.666668000005551e-06 4.714040493838584e-07
94300 1.0000000000111022e-06 5.962844213188527e-07
94310 1.666668e-06 4.7140404938778367e-07
94320 1.3333360000000002e-06 2.9814299328476596e-07
94330 1.666668e-06 4.7140404938778367e-07
94340 1.3333339999999999e-06 5.577730322961123e-07
94350 2.3333320000055512e-06 5.962839741046365e-07
94360 1.666668e-06 4.7140404938778367e-07
94370 2.3333319999999998e-06 5.962839741089811e-07
94380 1.0000000000111022e-06 5.962844213188527e-07
94390 1.666666000011102e-06 6.666659999950488e-07
94400 2.333334e-06 3.6514691107662406e-07
94410 2e-06 5.577725542046685e-07
94420 1.666668e-06 4.7140404938778367e-07
94430 1.333332000011102e-06 7.302960130394243e-07
94440 2.000000000005551e-06 5.577725542006876e-07
94450 1.3333339999999999e-06 5.577730322961123e-07
94460 2.000002e-06 2.9814120443038397e-07
94470 1.0000020000055513e-06 3.6514910196381357e-07
94480 1.3333340000055511e-06 5.577730322934584e-07
94490 2.6666659999999997e-06 3.6514691107662406e-07
94500 1.0000000000111022e-06 5.962844213188527e-07
94510 6.666680000166534e-07 3.651491019607731e-07
94520 2.6666659999999997e-06 3.6514691107662406e-07
94530 1.0000020000055513e-06 3.6514910196381357e-07
94540 2.333334e-06 3.6514691107662406e-07
94550 2.333334e-06 3.6514691107662406e-07
94560 1.666668000005551e-06 4.714040493838584e-07
94570 1.3333360000055512e-06 2.9814299327980087e-07
94580 2.333334e-06 3.6514691107662406e-07
94590 1.666666000005551e-06 6.666659999978244e-07
94600 2.333334e-06 3.6514691107662406e-07
94610 2e-06 5.577725542046685e-07
94620 2.000000000005551e-06 5.577725542006877e-07
94630 2.000002e-06 2.981412044303839e-07
94640 1.666668000005551e-06 4.714040493838584e-07
94650 1.3333360000000002e-06 2.9814299328476596e-07
94660 2.000000000005551e-06 5.577725542006876e-07
94670 2.000000000005551e-06 5.577725542006877e-07
94680 2.333334e-06 3.6514691107662406e-07
94690 2e-06 5.577725542046685e-07
94700 6.666660000111022e-07 5.962841977126673e-07
94710 2e-06 5.577725542046685e-07
94720 1.666668000005551e-06 4.714040493838584e-07
94730 1.66667e-06 0.0
94740 1.3333360000055512e-06 2.9814299327980087e-07
94750 2.000002e-06 2.9814120443038397e-07
94760 2.6666659999999997e-06 3.6514691107662406e-07
94770 1.3333360000000002e-06 2.9814299328476596e-07
94780 1.000000000005551e-06 5.962844213207147e-07
94790 1.6666659999999998e-06 6.666660000005999e-07
94800 1.666668e-06 4.7140404938778367e-07
94810 2.3333319999999998e-06 5.962839741089811e-07
94820 6.666680000111022e-07 3.651491019628001e-07
94830 2.333334e-06 3.6514691107662406e-07
94840 3.3333300000000003e-06 1.8940232492426094e-22
94850 2.000002e-06 2.9814120443038397e-07
94860 1.0000020000055513e-06 3.6514910196381357e-07
94870 6.666680000111022e-07 3.651491019628001e-07
94880 2.000000000005551e-06 5.577725542006877e-07
94890 1.666666000011102e-06 6.666659999950488e-07
94900 6.666680000111022e-07 3.651491019628001e-07
94910 1.666668000005551e-06 4.714040493838584e-07
94920 1.3333360000000002e-06 2.9814299328476596e-07
94930 2.000002e-06 2.981412044303839e-07
94940 1.666668e-06 4.7140404938778367e-07
94950 1.666666000005551e-06 6.666659999978244e-07
94960 1.666668000005551e-06 4.714040493838584e-07
94970 2.3333319999999998e-06 5.962839741089811e-07
94980 2.000000000005551e-06 5.577725542006876e-07
94990 1.3333360000000002e-06 2.9814299328476596e-07
95000 1.3333360000055512e-06 2.9814299327980087e-07
95010 2.6666659999999997e-06 3.6514691107662406e-07
95020 1.666668000005551e-06 4.714040493838584e-07
95030 1.3333340000055511e-06 5.577730322934584e-07
95040 2.000000000005551e-06 5.577725542006877e-07
95050 1.0000000000111022e-06 5.962844213188527e-07
95060 3.3333400001665334e-07 2.9814299328104214e-07
95070 2.000002e-06 2.9814120443038387e-07
95080 6.666680000111022e-07 3.651491019628001e-07
95090 1.000000000005551e-06 5.962844213207147e-07
95100 1.0000020000055513e-06 3.6514910196381357e-07
95110 1.3333339999999999e-06 5.577730322961123e-07
95120 1.0000020000111023e-06 3.6514910196077315e-07
95130 2.000002e-06 2.9814120443038387e-07
95140 1.666668e-06 4.7140404938778367e-07
95150 1.3333340000055511e-06 5.577730322934584e-07
95160 6.666680000111022e-07 3.651491019628001e-07
95170 1.66667e-06 0.0
95180 2e-06 5.577725542046685e-07
95190 6.666680000055511e-07 3.6514910196482715e-07
95200 6.666680000111022e-07 3.651491019628001e-07
95210 2.000000000005551e-06 5.577725542006876e-07
95220 1.666668000005551e-06 4.714040493838584e-07
95230 1.66667e-06 0.0
95240 1.3333340000111022e-06 5.577730322908044e-07
95250 2.000002e-06 2.981412044303839e-07
95260 2.6666659999999997e-06 3.6514691107662406e-07
95270 2.333334e-06 3.6514691107662406e-07
95280 2.3333320000055512e-06 5.962839741046365e-07
95290 1.666668000005551e-06 4.714040493838584e-07
95300 2e-06 5.577725542046685e-07
95310 2e-06 5.577725542046685e-07
95320 2.000002e-06 2.981412044303839e-07
95330 2.000002e-06 2.981412044303839e-07
95340 1.3333340000055511e-06 5.577730322934584e-07
95350 2.000002e-06 2.9814120443038397e-07
95360 2.000002e-06 2.9814120443038397e-07
95370 2.6666659999999997e-06 3.6514691107662406e-07
95380 1.3333360000055512e-06 2.9814299327980087e-07
95390 1.666666000005551e-06 6.666659999978243e-07
95400 2e-06 5.577725542046685e-07
95410 1.666668e-06 4.7140404938778367e-07
95420 2.6666659999999997e-06 3.6514691107662406e-07
95430 2.000002e-06 2.9814120443038397e-07
95440 6.666680000111022e-07 3.651491019628001e-07
95450 1.0000020000055513e-06 3.6514910196381357e-07
95460 1.666668000005551e-06 4.714040493838584e-07
95470 1.3333360000055512e-06 2.9814299327980087e-07
95480 1.666666000005551e-06 6.666659999978244e-07
95490 1.3333340000111022e-06 5.577730322908044e-07
95500 1.0000020000111023e-06 3.6514910196077315e-07
95510 1.666668e-06 4.7140404938778367e-07
95520 2e-06 5.577725542046685e-07
95530 2.333334e-06 3.65146911076624e-07
95540 1.666666000005551e-06 6.666659999978244e-07
95550 1.3333340000111022e-06 5.577730322908044e-07
95560 1.0000000000111022e-06 5.962844213188527e-07
95570 1.666666000005551e-06 6.666659999978243e-07
95580 2.333332000005551e-06 5.962839741046366e-07
95590 1.666666000005551e-06 6.666659999978244e-07
95600 1.3333339999999999e-06 5.577730322961123e-07
95610 2e-06 5.577725542046685e-07
95620 1.0000020000111023e-06 3.651491019607731e-07
95630 1.66667e-06 0.0
95640 1.3333340000055511e-06 5.577730322934584e-07
95650 6.666680000111022e-07 3.651491019628001e-07
95660 1.666668000005551e-06 4.714040493838584e-07
95670 2e-06 5.577725542046685e-07
95680 1.0000000000166533e-06 5.962844213169908e-07
95690 2.6666659999999997e-06 3.6514691107662406e-07
95700 1.3333360000055512e-06 2.9814299327980087e-07
95710 1.3333360000000002e-06 2.9814299328476596e-07
95720 1.9999980000055513e-06 7.302960130404375e-07
95730 1.666666000005551e-06 6.666659999978244e-07
95740 2.3333320000055512e-06 5.962839741046365e-07
95750 6.666680000111022e-07 3.651491019628001e-07
95760 2e-06 5.577725542046685e-07
95770 2.3333320000055512e-06 5.962839741046365e-07
95780 1.000002e-06 3.651491019668541e-07
95790 2.333334e-06 3.6514691107662406e-07
95800 1.666666000005551e-06 6.666659999978244e-07
95810 2.000002e-06 2.9814120443038397e-07
95820 1.3333340000055511e-06 5.577730322934584e-07
95830 1.666668e-06 4.7140404938778367e-07
95840 1.3333340000055511e-06 5.577730322934584e-07
95850 1.3333360000055512e-06 2.9814299327980087e-07
95860 2.000000000005551e-06 5.577725542006877e-07
95870 2.333334e-06 3.6514691107662406e-07
95880 2.000002e-06 2.9814120443038387e-07
95890 1.666666000011102e-06 6.666659999950488e-07
95900 1.666666000005551e-06 6.666659999978244e-07
95910 1.3333340000055511e-06 5.577730322934584e-07
95920 1.666668000005551e-06 4.714040493838584e-07
95930 1.666668e-06 4.7140404938778367e-07
95940 2.000000000005551e-06 5.577725542006877e-07
95950 1.666666000005551e-06 6.666659999978244e-07
95960 1.3333360000055512e-06 2.9814299327980087e-07
95970 2.333334e-06 3.65146911076624e-07
95980 1.666668e-06 4.7140404938778367e-07
95990 1.000000000005551e-06 5.962844213207147e-07
96000 2.000000000005551e-06 5.577725542006876e-07
96010 1.666668000005551e-06 4.714040493838584e-07
96020 1.666668000005551e-06 4.714040493838584e-07
96030 1.3333339999999999e-06 5.577730322961123e-07
96040 1.3333340000055511e-06 5.577730322934584e-07
96050 2.333334e-06 3.6514691107662406e-07
96060 1.6666659999999998e-06 6.666660000005999e-07
96070 2.000002e-06 2.9814120443038387e-07
96080 1.3333340000111022e-06 5.577730322908045e-07
96090 1.3333340000055511e-06 5.577730322934584e-07
96100 1.666668e-06 4.7140404938778367e-07
96110 2.6666659999999997e-06 3.6514691107662406e-07
96120 2.000002e-06 2.9814120443038397e-07
96130 1.666666000005551e-06 6.666659999978244e-07
96140 1.666668000005551e-06 4.714040493838584e-07
96150 1.666668000005551e-06 4.714040493838584e-07
96160 1.3333340000055511e-06 5.577730322934584e-07
96170 2e-06 5.577725542046685e-07
96180 2.000002e-06 2.9814120443038397e-07
96190 1.666668e-06 4.7140404938778367e-07
96200 1.666668000005551e-06 4.714040493838584e-07
96210 1.3333340000055511e-06 5.577730322934584e-07
96220 2.333334e-06 3.6514691107662406e-07
96230 1.666668000005551e-06 4.714040493838584e-07
96240 1.3333360000000002e-06 2.9814299328476596e-07
96250 2e-06 5.577725542046685e-07
96260 2.333332e-06 5.962839741089811e-07
96270 2.333334e-06 3.6514691107662406e-07
96280 2.3333319999999998e-06 5.962839741089811e-07
96290 2.333334e-06 3.6514691107662406e-07
96300 2.999998e-06 2.9814120443038387e-07
96310 2.000000000005551e-06 5.577725542006877e-07
96320 2.3333320000055512e-06 5.962839741046365e-07
96330 2.000000000005551e-06 5.577725542006877e-07
96340 1.666668000005551e-06 4.714040493838584e-07
96350 1.0000000000111022e-06 5.962844213188527e-07
96360 1.666668e-06 4.7140404938778367e-07
96370 2.6666659999999997e-06 3.6514691107662406e-07
96380 1.3333339999999999e-06 5.577730322961123e-07
96390 3.3333400001110226e-07 2.981429932822834e-07
96400 1.0000020000055513e-06 3.6514910196381357e-07
96410 2.333334e-06 3.6514691107662406e-07
96420 1.000000000005551e-06 5.962844213207147e-07
96430 1.666666000005551e-06 6.666659999978244e-07
96440 1.666668e-06 4.7140404938778367e-07
96450 1.0000020000055513e-06 3.6514910196381357e-07
96460 2e-06 5.577725542046685e-07
96470 2e-06 5.577725542046685e-07
96480 2e-06 5.577725542046685e-07
96490 1.666668e-06 4.7140404938778367e-07
96500 6.666680000055511e-07 3.6514910196482715e-07
96510 2.000000000005551e-06 5.577725542006877e-07
96520 1.666668000005551e-06 4.714040493838584e-07
96530 1.666668e-06 4.7140404938778367e-07
96540 1.0000020000055513e-06 3.6514910196381357e-07
96550 1.666668000005551e-06 4.714040493838584e-07
96560 1.666668e-06 4.7140404938778367e-07
96570 1.0000020000055513e-06 3.6514910196381357e-07
96580 1.0000000000111022e-06 5.962844213188527e-07
96590 1.666666000005551e-06 6.666659999978244e-07
96600 2.333334e-06 3.6514691107662406e-07
96610 2.000000000005551e-06 5.577725542006876e-07
96620 2.000000000005551e-06 5.577725542006876e-07
96630 2.000002e-06 2.981412044303839e-07
96640 6.666680000111022e-07 3.651491019628001e-07
96650 1.666666000005551e-06 6.666659999978244e-07
96660 1.0000020000111023e-06 3.651491019607731e-07
96670 2.000002e-06 2.981412044303839e-07
96680 2.333334e-06 3.6514691107662406e-07
96690 2.000002e-06 2.9814120443038387e-07
96700 2e-06 5.577725542046685e-07
96710 1.666668000005551e-06 4.714040493838584e-07
96720 1.3333339999999999e-06 5.577730322961123e-07
96730 2e-06 5.577725542046685e-07
96740 1.0000020000055513e-06 3.6514910196381357e-07
96750 2.6666659999999997e-06 3.6514691107662406e-07
96760 1.666668000005551e-06 4.714040493838584e-07
96770 1.666668000005551e-06 4.714040493838584e-07
96780 1.0000000000111022e-06 5.962844213188527e-07
96790 1.3333340000055511e-06 5.577730322934584e-07
96800 2.333334e-06 3.6514691107662406e-07
96810 2.6666659999999997e-06 3.6514691107662406e-07
96820 1.666668000005551e-06 4.714040493838584e-07
96830 1.3333360000000002e-06 2.9814299328476596e-07
96840 2.000002e-06 2.981412044303839e-07
96850 1.0000000000111022e-06 5.962844213188527e-07
96860 1.666666000005551e-06 6.666659999978244e-07
96870 2.3333320000055512e-06 5.962839741046365e-07
96880 1.3333340000055511e-06 5.577730322934584e-07
96890 1.666668000005551e-06 4.714040493838584e-07
96900 1.666668000005551e-06 4.714040493838584e-07
96910 2e-06 5.577725542046685e-07
96920 2e-06 5.577725542046685e-07
96930 2.333334e-06 3.6514691107662406e-07
96940 1.3333360000000002e-06 2.9814299328476596e-07
96950 2e-06 5.577725542046685e-07
96960 1.3333339999999999e-06 5.577730322961123e-07
96970 1.666668000005551e-06 4.714040493838584e-07
96980 1.666666000005551e-06 6.666659999978243e-07
96990 1.3333340000111022e-06 5.577730322908044e-07
97000 1.0000020000055513e-06 3.6514910196381357e-07
97010 1.3333360000000002e-06 2.9814299328476596e-07
97020 1.3333340000055511e-06 5.577730322934584e-07
97030 2e-06 5.577725542046685e-07
97040 1.666668e-06 4.7140404938778367e-07
97050 1.3333340000055511e-06 5.577730322934584e-07
97060 1.3333360000055512e-06 2.9814299327980087e-07
97070 1.3333340000055511e-06 5.577730322934584e-07
97080 1.666666000011102e-06 6.666659999950488e-07
97090 1.3333360000000002e-06 2.9814299328476596e-07
97100 1.666666000005551e-06 6.666659999978244e-07
97110 1.3333360000000002e-06 2.9814299328476596e-07
97120 2.000002e-06 2.981412044303839e-07
97130 2.333332000005551e-06 5.962839741046366e-07
97140 6.666680000111022e-07 3.651491019628001e-07
97150 1.666666000005551e-06 6.666659999978244e-07
97160 1.3333340000111022e-06 5.577730322908045e-07
97170 1.666668e-06 4.7140404938778367e-07
97180 1.0000000000111022e-06 5.962844213188527e-07
97190 1.3333340000111022e-06 5.577730322908045e-07
97200 1.3333340000055511e-06 5.577730322934584e-07
97210 2.000002e-06 2.981412044303839e-07
97220 2.000002e-06 2.9814120443038397e-07
97230 1.3333360000055512e-06 2.9814299327980087e-07
97240 1.0000020000055513e-06 3.6514910196381357e-07
97250 1.3333340000055511e-06 5.577730322934584e-07
97260 1.0000020000055513e-06 3.6514910196381357e-07
97270 1.3333339999999999e-06 5.577730322961123e-07
97280 1.3333340000055511e-06 5.577730322934584e-07
97290 1.3333360000055512e-06 2.9814299327980087e-07
97300 1.3333340000055511e-06 5.577730322934584e-07
97310 2.333332e-06 5.962839741089811e-07
97320 1.3333340000055511e-06 5.577730322934584e-07
97330 1.666668e-06 4.7140404938778367e-07
97340 1.3333360000000002e-06 2.9814299328476596e-07
97350 1.000000000005551e-06 5.962844213207147e-07
97360 2.333334e-06 3.6514691107662406e-07
97370 1.3333340000055511e-06 5.577730322934584e-07
97380 2.333334e-06 3.65146911076624e-07
97390 6.666680000111022e-07 3.651491019628001e-07
97400 1.3333360000055512e-06 2.9814299327980087e-07
97410 1.666666000005551e-06 6.666659999978243e-07
97420 2e-06 5.577725542046685e-07
97430 1.3333339999999999e-06 5.577730322961123e-07
97440 2.333334e-06 3.6514691107662406e-07
97450 2.000000000005551e-06 5.577725542006876e-07
97460 2.999998e-06 2.981412044303839e-07
97470 2.333334e-06 3.6514691107662406e-07
97480 1.0000000000111022e-06 5.962844213188527e-07
97490 1.666666000005551e-06 6.666659999978244e-07
97500 2.333334e-06 3.6514691107662406e-07
97510 2.6666659999999997e-06 3.6514691107662406e-07
97520 2e-06 5.577725542046685e-07
97530 1.000002e-06 3.651491019668541e-07
97540 1.3333340000055511e-06 5.577730322934584e-07
97550 1.666668e-06 4.7140404938778367e-07
97560 1.666666000005551e-06 6.666659999978244e-07
97570 1.666666000005551e-06 6.666659999978244e-07
97580 2.6666659999999997e-06 3.6514691107662406e-07
97590 1.666668e-06 4.7140404938778367e-07
97600 1.666668000005551e-06 4.714040493838584e-07
97610 1.0000020000055513e-06 3.6514910196381357e-07
97620 1.666666000005551e-06 6.666659999978243e-07
97630 1.0000020000055513e-06 3.6514910196381357e-07
97640 1.0000020000055513e-06 3.6514910196381357e-07
97650 2.000000000005551e-06 5.577725542006876e-07
97660 2.000000000005551e-06 5.577725542006876e-07
97670 1.000002e-06 3.651491019668541e-07
97680 2e-06 5.577725542046685e-07
97690 2.000002e-06 2.9814120443038397e-07
97700 1.66667e-06 0.0
97710 6.666680000055511e-07 3.6514910196482715e-07
97720 1.0000020000111023e-06 3.6514910196077315e-07
97730 2.666664000005551e-06 5.962841977101848e-07
97740 2.333334e-06 3.6514691107662406e-07
97750 1.3333340000055511e-06 5.577730322934584e-07
97760 2.000002e-06 2.981412044303839e-07
97770 2.333334e-06 3.6514691107662406e-07
97780 2.3333319999999998e-06 5.962839741089811e-07
97790 1.666668e-06 4.7140404938778367e-07
97800 1.0000020000055513e-06 3.6514910196381357e-07
97810 2.333334e-06 3.6514691107662406e-07
97820 1.0000020000055513e-06 3.6514910196381357e-07
97830 1.666666000005551e-06 6.666659999978244e-07
97840 2e-06 5.577725542046685e-07
97850 6.666680000055511e-07 3.6514910196482715e-07
97860 2.6666659999999997e-06 3.6514691107662406e-07
97870 1.666668000005551e-06 4.714040493838584e-07
97880 2.999998e-06 2.9814120443038387e-07
97890 2.000002e-06 2.981412044303839e-07
97900 1.666668000005551e-06 4.714040493838584e-07
97910 2.333334e-06 3.6514691107662406e-07
97920 1.666666000005551e-06 6.666659999978244e-07
97930 1.3333340000055511e-06 5.577730322934584e-07
97940 1.3333360000055512e-06 2.9814299327980087e-07
97950 6.666680000111022e-07 3.651491019628001e-07
97960 2e-06 5.577725542046685e-07
97970 2.000002e-06 2.981412044303839e-07
97980 2.666664000005551e-06 5.962841977101848e-07
97990 1.3333340000055511e-06 5.577730322934584e-07
98000 2e-06 5.577725542046685e-07
98010 1.3333360000000002e-06 2.9814299328476596e-07
98020 1.666666000005551e-06 6.666659999978244e-07
98030 2.333334e-06 3.6514691107662406e-07
98040 1.666668e-06 4.7140404938778367e-07
98050 2.000002e-06 2.9814120443038397e-07
98060 6.666680000055511e-07 3.6514910196482715e-07
98070 2.6666659999999997e-06 3.6514691107662406e-07
98080 2.333334e-06 3.6514691107662406e-07
98090 1.0000020000111023e-06 3.6514910196077315e-07
98100 1.3333340000111022e-06 5.577730322908045e-07
98110 2.6666659999999997e-06 3.6514691107662406e-07
98120 2.333334e-06 3.6514691107662406e-07
98130 2.333334e-06 3.6514691107662406e-07
98140 1.0000020000055513e-06 3.6514910196381357e-07
98150 2.333334e-06 3.6514691107662406e-07
98160 1.666668000005551e-06 4.714040493838584e-07
98170 1.0000020000111023e-06 3.651491019607731e-07
98180 2.000000000005551e-06 5.577725542006876e-07
98190 1.666668000005551e-06 4.714040493838584e-07
98200 2.000000000005551e-06 5.577725542006876e-07
98210 2.000002e-06 2.981412044303839e-07
98220 1.3333340000055511e-06 5.577730322934584e-07
98230 1.3333360000000002e-06 2.9814299328476596e-07
98240 1.0000020000111023e-06 3.6514910196077315e-07
98250 1.3333360000055512e-06 2.9814299327980087e-07
98260 2.000000000005551e-06 5.577725542006876e-07
98270 1.0000000000111022e-06 5.962844213188527e-07
98280 6.666680000055511e-07 3.6514910196482715e-07
98290 1.0000020000055513e-06 3.6514910196381357e-07
98300 2.6666659999999997e-06 3.6514691107662406e-07
98310 1.000000000005551e-06 5.962844213207147e-07
98320 1.0000020000055513e-06 3.6514910196381357e-07
98330 1.666668000005551e-06 4.714040493838584e-07
98340 6.666680000111022e-07 3.651491019628001e-07
98350 2.333332000005551e-06 5.962839741046366e-07
98360 1.66667e-06 0.0
98370 1.666668e-06 4.7140404938778367e-07
98380 1.3333360000055512e-06 2.9814299327980087e-07
98390 1.3333360000055512e-06 2.9814299327980087e-07
98400 1.333332000011102e-06 7.302960130394242e-07
98410 1.0000000000111022e-06 5.962844213188527e-07
98420 2.3333320000055512e-06 5.962839741046365e-07
98430 1.66667e-06 0.0
98440 2.333334e-06 3.6514691107662406e-07
98450 1.3333360000055512e-06 2.9814299327980087e-07
98460 1.666668000005551e-06 4.714040493838584e-07
98470 1.666668e-06 4.7140404938778367e-07
98480 2.000002e-06 2.981412044303839e-07
98490 1.3333360000055512e-06 2.9814299327980087e-07
98500 1.666668e-06 4.7140404938778367e-07
98510 2.000002e-06 2.9814120443038397e-07
98520 1.666666000005551e-06 6.666659999978244e-07
98530 2e-06 5.577725542046685e-07
98540 1.3333360000000002e-06 2.9814299328476596e-07
98550 2.000000000005551e-06 5.577725542006877e-07
98560 2.000000000005551e-06 5.577725542006877e-07
98570 1.666666000005551e-06 6.666659999978244e-07
98580 2e-06 5.577725542046685e-07
98590 2.000002e-06 2.981412044303839e-07
98600 2.000000000005551e-06 5.577725542006876e-07
98610 2.333334e-06 3.6514691107662406e-07
98620 1.3333340000055511e-06 5.577730322934584e-07
98630 1.666668e-06 4.7140404938778367e-07
98640 2.000000000005551e-06 5.577725542006876e-07
98650 6.666680000111022e-07 3.651491019628001e-07
98660 2.333334e-06 3.6514691107662406e-07
98670 2.333332e-06 5.962839741089811e-07
98680 2.000000000005551e-06 5.577725542006877e-07
98690 2.333334e-06 3.6514691107662406e-07
98700 2.6666659999999997e-06 3.6514691107662406e-07
98710 1.666666000005551e-06 6.666659999978244e-07
98720 1.3333340000055511e-06 5.577730322934584e-07
98730 2.333334e-06 3.6514691107662406e-07
98740 2.333334e-06 3.6514691107662406e-07
98750 2e-06 5.577725542046685e-07
98760 1.333332000005551e-06 7.302960130414511e-07
98770 2.000000000005551e-06 5.577725542006877e-07
98780 1.666668e-06 4.7140404938778367e-07
98790 2.333334e-06 3.6514691107662406e-07
98800 6.666680000111022e-07 3.651491019628001e-07
98810 1.3333340000055511e-06 5.577730322934584e-07
98820 1.666668e-06 4.7140404938778367e-07
98830 6.666680000055511e-07 3.6514910196482715e-07
98840 1.3333340000055511e-06 5.577730322934584e-07
98850 2.000002e-06 2.981412044303839e-07
98860 2.000000000005551e-06 5.577725542006877e-07
98870 2.000002e-06 2.981412044303839e-07
98880 1.666668e-06 4.7140404938778367e-07
98890 1.333332000011102e-06 7.302960130394243e-07
98900 1.0000020000055513e-06 3.6514910196381357e-07
98910 2e-06 5.577725542046685e-07
98920 2e-06 5.577725542046685e-07
98930 1.3333340000055511e-06 5.577730322934584e-07
98940 1.0000020000055513e-06 3.6514910196381357e-07
98950 1.3333340000111022e-06 5.577730322908044e-07
98960 1.9999980000111023e-06 7.302960130373971e-07
98970 1.3333340000111022e-06 5.577730322908045e-07
98980 1.3333360000055512e-06 2.9814299327980087e-07
98990 1.666668000005551e-06 4.714040493838584e-07
99000 1.666668000005551e-06 4.714040493838584e-07
99010 1.000000000005551e-06 5.962844213207147e-07
99020 1.3333360000000002e-06 2.9814299328476596e-07
99030 2.333334e-06 3.6514691107662406e-07
99040 1.3333339999999999e-06 5.577730322961123e-07
99050 1.66667e-06 0.0
99060 1.666668000005551e-06 4.714040493838584e-07
99070 1.666668e-06 4.7140404938778367e-07
99080 1.666668e-06 4.7140404938778367e-07
99090 2e-06 5.577725542046685e-07
99100 1.3333340000055511e-06 5.577730322934584e-07
99110 1.0000020000055513e-06 3.6514910196381357e-07
99120 1.666668000005551e-06 4.714040493838584e-07
99130 1.3333339999999999e-06 5.577730322961123e-07
99140 1.3333360000000002e-06 2.9814299328476596e-07
99150 2.6666659999999997e-06 3.6514691107662406e-07
99160 1.666668000005551e-06 4.714040493838584e-07
99170 1.666668e-06 4.7140404938778367e-07
99180 1.3333360000055512e-06 2.9814299327980087e-07
99190 1.0000020000111023e-06 3.6514910196077315e-07
99200 1.666668000005551e-06 4.714040493838584e-07
99210 1.666668000005551e-06 4.714040493838584e-07
99220 1.0000020000055513e-06 3.6514910196381357e-07
99230 1.3333340000055511e-06 5.577730322934584e-07
99240 1.0000000000111022e-06 5.962844213188527e-07
99250 6.666680000055511e-07 3.6514910196482715e-07
99260 1.3333340000111022e-06 5.577730322908044e-07
99270 2.333334e-06 3.6514691107662406e-07
99280 2.3333319999999998e-06 5.962839741089811e-07
99290 2.6666659999999997e-06 3.6514691107662406e-07
99300 2.9999979999999996e-06 2.9814120443038387e-07
99310 1.666666000005551e-06 6.666659999978244e-07
99320 1.3333339999999999e-06 5.577730322961123e-07
99330 1.666668000005551e-06 4.714040493838584e-07
99340 3.3333300000000003e-06 1.8940232492426094e-22
99350 1.3333360000055512e-06 2.9814299327980087e-07
99360 1.3333339999999999e-06 5.577730322961123e-07
99370 1.3333360000055512e-06 2.9814299327980087e-07
99380 1.3333340000111022e-06 5.577730322908045e-07
99390 2.6666659999999997e-06 3.6514691107662406e-07
99400 1.3333340000055511e-06 5.577730322934584e-07
99410 1.666668e-06 4.7140404938778367e-07
99420 1.3333340000055511e-06 5.577730322934584e-07
99430 1.66667e-06 0.0
99440 2.000002e-06 2.9814120443038397e-07
99450 1.666666000011102e-06 6.666659999950488e-07
99460 1.3333340000055511e-06 5.577730322934584e-07
99470 1.0000020000055513e-06 3.6514910196381357e-07
99480 2.000002e-06 2.981412044303839e-07
99490 1.3333360000000002e-06 2.9814299328476596e-07
99500 2.6666659999999997e-06 3.6514691107662406e-07
99510 1.666668000005551e-06 4.714040493838584e-07
99520 1.000000000005551e-06 5.962844213207147e-07
99530 6.666660000111022e-07 5.962841977126673e-07
99540 1.666668e-06 4.7140404938778367e-07
99550 1.666668000005551e-06 4.714040493838584e-07
99560 1.666668e-06 4.7140404938778367e-07
99570 1.66667e-06 0.0
99580 1.3333360000055512e-06 2.9814299327980087e-07
99590 6.666680000055511e-07 3.6514910196482715e-07
99600 2.000000000005551e-06 5.577725542006877e-07
99610 1.66667e-06 0.0
99620 1.3333340000055511e-06 5.577730322934584e-07
99630 2e-06 5.577725542046685e-07
99640 1.9999980000055513e-06 7.302960130404375e-07
99650 1.666668e-06 4.7140404938778367e-07
99660 1.3333340000055511e-06 5.577730322934584e-07
99670 2.000002e-06 2.981412044303839e-07
99680 1.666668000005551e-06 4.714040493838584e-07
99690 1.666668000005551e-06 4.714040493838584e-07
99700 1.333332000011102e-06 7.302960130394242e-07
99710 3.3333400001110226e-07 2.981429932822834e-07
99720 1.666666000011102e-06 6.666659999950488e-07
99730 1.66667e-06 0.0
99740 6.666680000055511e-07 3.6514910196482715e-07
99750 1.666666000005551e-06 6.666659999978244e-07
99760 2e-06 5.577725542046685e-07
99770 1.3333340000055511e-06 5.577730322934584e-07
99780 1.0000000000111022e-06 5.962844213188527e-07
99790 1.3333360000055512e-06 2.9814299327980087e-07
99800 1.666668e-06 4.7140404938778367e-07
99810 6.666680000111022e-07 3.651491019628001e-07
99820 2.333334e-06 3.6514691107662406e-07
99830 1.666668e-06 4.7140404938778367e-07
99840 1.0000020000055513e-06 3.6514910196381357e-07
99850 2.000002e-06 2.9814120443038397e-07
99860 2.000002e-06 2.981412044303839e-07
99870 1.666666000005551e-06 6.666659999978244e-07
99880 2.000000000005551e-06 5.577725542006877e-07
99890 1.0000020000055513e-06 3.6514910196381357e-07
99900 1.0000000000111022e-06 5.962844213188527e-07
99910 1.666668e-06 4.7140404938778367e-07
99920 1.0000020000055513e-06 3.6514910196381357e-07
99930 1.6666659999999998e-06 6.666660000005999e-07
99940 2.000002e-06 2.9814120443038397e-07
99950 1.666666000005551e-06 6.666659999978244e-07
99960 2.333334e-06 3.6514691107662406e-07
99970 1.3333360000055512e-06 2.9814299327980087e-07
99980 1.666668e-06 4.7140404938778367e-07
99990 1.3333339999999999e-06 5.577730322961123e-07
