10 0.19333319999999998 0.014605740124759164
20 0.1266666 0.031832670851940775
30 0.11777833333399998 0.03792091836340661
40 0.017778333334000015 0.015901052068468563
50 0.05555600000000001 0.02036714856822132
60 6.666680000111022e-07 3.651491019628001e-07
70 3.3333400001665334e-07 2.981429932810421e-07
80 0.020000733334000008 0.017888827057455602
90 0.020000333334000007 0.017888469286579254
100 0.020000733334000015 0.0178888270574556
110 0.020000333334000007 0.017888469286579254
120 0.020001066668000007 0.017888752522483696
130 0.020000733334000004 0.017888827057455602
140 0.013333993334 0.011925913527293424
150 0.026667986668 0.014606049282009762
160 0.046667273334 0.02921198323532071
170 0.026667346668000004 0.014605698739573016
180 0.04666707333400001 0.029211818918282454
190 0.04666740000000001 0.01788885687122572
200 0.033333673334000016 0.018856065339278683
210 0.04666727333400001 0.02921198323532071
220 0.046667666668000006 0.01788827052362278
230 0.04666739333400002 0.02921186273671465
240 0.013334660002000006 0.011925764455796822
250 0.033335060002 0.01885622561441039
260 0.033334073334 0.018856348183553816
270 0.05333439333400001 0.020221053058768892
280 0.03333334000000001 0.018856183188664662
290 0.03333407333400001 0.018856348183553816
300 0.10666773333400001 0.027325068670882503
310 0.046667746668000006 0.017888437485697236
320 0.05333414000000001 0.020221371317684658
330 0.05333439333400001 0.020221053058768892
340 0.01333399333400001 0.011925913527293419
350 0.026667680001999993 0.014605577020669894
360 0.06666800666800002 0.02828423982151411
370 0.06666733333400002 0.03651489802611775
380 0.04666774000200001 0.02921160591391853
390 0.046667013334 0.01788837288629586
400 0.04666668 0.017888546801423526
410 0.026667013334 0.014605820455940319
420 0.08000048 0.02422131513326888
430 0.060000340000000006 0.014605965907247625
440 0.040001313334 0.014606110139559482
450 0.040000993334 0.014605993294417502
460 0.06000075333399999 0.01460588192504681
470 0.033335060002 0.01885622561441039
480 0.033334326668 0.018856060626123262
490 0.033334006668 0.018855947487977615
500 0.033334406668000006 0.018856230332606312
510 0.04666732000000001 0.01788868991275549
520 0.046667653334000005 0.017888515996634023
530 0.04666668 0.017888546801423526
540 0.026667666668000002 0.014605874012544111
550 0.033334006668 0.018855947487977615
560 0.05333446666800001 0.03069557767806663
570 0.046667333334 0.017888444442180487
580 0.06666726000000002 0.028284459810540483
590 0.03333399333400001 0.018856178477848585
600 0.020000666668 0.01788839475160736
610 6.666680000055511e-07 3.6514910196482715e-07
620 1.0000020000055513e-06 3.6514910196381357e-07
630 3.3333400001110226e-07 2.981429932822834e-07
640 0.04000000000000002 0.021908902300206638
650 0.03333366000000001 0.01885629632765883
660 0.033334600002 0.029814254608067383
670 6.666680000166534e-07 3.651491019607731e-07
680 0.020001400002 0.017888677985958983
690 0.040000733334 0.02190899967637856
700 0.020001400001999996 0.01788867798595898
710 0.020001000002 0.017888320215082628
720 6.666680000166534e-07 3.651491019607731e-07
730 1.0000020000111023e-06 3.651491019607731e-07
740 1.0000020000055513e-06 3.6514910196381357e-07
750 0.04000073333400001 0.021908999676378556
760 0.04000033333400001 0.02190878058552984
770 0.040001466667999995 0.021909097047208496
780 0.02000033333400001 0.017888469286579254
790 0.05333334000000001 0.020221002063312284
800 1.000002e-06 3.651491019668541e-07
810 6.666680000111022e-07 3.651491019628001e-07
820 0.020000000000000007 0.017888543819998316
830 0.020000333334000007 0.017888469286579254
840 6.666680000166534e-07 3.651491019607731e-07
850 0.020000666668000006 0.01788839475160736
860 0.020001000002000006 0.017888320215082628
870 0.020001066668000004 0.0178887525224837
880 0.040000733334000005 0.021908999676378556
890 0.02000066666800001 0.017888394751607358
900 0.040000666668 0.02190865886916253
910 0.020001400002000003 0.01788867798595898
920 0.020001066668000007 0.0178887525224837
930 0.013334006668000008 0.01192555277600872
940 0.01333399333400001 0.011925913527293419
950 0.033334726668 0.018856343467697254
960 0.013333660000000006 0.011925988059547936
970 0.013333673334000004 0.011925627310592385
980 0.03333340000000001 0.029814299328476592
990 0.033333993334 0.018856178477848585
1000 0.01333432666800001 0.011925838992709731
1010 0.020000733334000004 0.017888827057455602
1020 6.666680000111022e-07 3.651491019628001e-07
1030 3.333340000055511e-07 2.981429932835247e-07
1040 1.0000020000055513e-06 3.6514910196381357e-07
1050 6.666680000111022e-07 3.651491019628001e-07
1060 0.020000333334000007 0.017888469286579254
1070 6.666680000055511e-07 3.6514910196482715e-07
1080 0.020001400002000003 0.017888677985958983
1090 0.020000666668000006 0.01788839475160736
1100 0.040000733334000005 0.021908999676378556
1110 0.020000733334000004 0.017888827057455602
1120 0.020000000000000007 0.017888543819998316
1130 0.020001066667999997 0.0178887525224837
1140 0.06000146666799999 0.021908829272236346
1150 1.000002e-06 3.651491019668541e-07
1160 0.020001066668000004 0.0178887525224837
1170 3.3333400001110226e-07 2.981429932822834e-07
1180 1.3333360000055512e-06 2.9814299327980087e-07
1190 1.000002e-06 3.651491019668541e-07
1200 0.020001333336 0.017888245677005032
1210 0.04000073333400002 0.021908999676378556
1220 6.666680000055511e-07 3.6514910196482715e-07
1230 1.000002e-06 3.651491019668541e-07
1240 3.333340000055511e-07 2.981429932835247e-07
1250 0.02000066666800001 0.017888394751607358
1260 6.666680000111022e-07 3.651491019628001e-07
1270 1.665336e-17 6.0809472868361544e-18
1280 6.666680000055511e-07 3.6514910196482715e-07
1290 1.3333360000000002e-06 2.9814299328476596e-07
1300 0.020000333334000007 0.017888469286579254
1310 0.013334660002000004 0.011925764455796822
1320 0.013333673334000009 0.011925627310592383
1330 0.03333440000200001 0.029814075722629188
1340 0.013334340001999997 0.011925478239095788
1350 0.013334340002000003 0.011925478239095786
1360 0.013334340001999997 0.011925478239095788
1370 0.013334006668000008 0.01192555277600872
1380 0.013334006668000008 0.01192555277600872
1390 0.053333673334000006 0.020220826229586836
1400 0.020000733333999998 0.017888827057455602
1410 0.040001066668 0.021908877960011255
1420 1.3333360000055512e-06 2.9814299327980087e-07
1430 6.666680000111022e-07 3.651491019628001e-07
1440 0.04000073333400001 0.021908999676378556
1450 0.04000140000200001 0.021908756241953434
1460 0.04000073333400001 0.02190899967637856
1470 0.013334340002000003 0.011925478239095786
1480 0.020000733334000015 0.0178888270574556
1490 0.020000666668000006 0.01788839475160736
1500 1.000002e-06 3.651491019668541e-07
1510 0.020001066668000004 0.0178887525224837
1520 1.3333360000000002e-06 2.9814299328476596e-07
1530 0.020001066668000004 0.0178887525224837
1540 0.020000733334000004 0.017888827057455602
1550 1.0000020000111023e-06 3.651491019607731e-07
1560 6.666680000055511e-07 3.6514910196482715e-07
1570 1.0000020000055513e-06 3.6514910196381357e-07
1580 0.020001066668000004 0.0178887525224837
1590 0.020001000002 0.017888320215082628
1600 6.666680000055511e-07 3.6514910196482715e-07
1610 6.666680000055511e-07 3.6514910196482715e-07
1620 0.020001733335999996 0.01788860344788143
1630 3.333340000055511e-07 2.981429932835247e-07
1640 1.0000020000111023e-06 3.651491019607731e-07
1650 6.666680000055511e-07 3.6514910196482715e-07
1660 1.0000020000055513e-06 3.6514910196381357e-07
1670 1.0000020000055513e-06 3.6514910196381357e-07
1680 1.0000020000111023e-06 3.651491019607731e-07
1690 6.666680000166534e-07 3.651491019607731e-07
1700 1.3333360000055512e-06 2.9814299327980087e-07
1710 0.020001000002 0.017888320215082628
1720 1.000002e-06 3.651491019668541e-07
1730 1.3333360000055512e-06 2.9814299327980087e-07
1740 1.3333360000055512e-06 2.9814299327980087e-07
1750 6.666680000055511e-07 3.6514910196482715e-07
1760 0.020000733334000008 0.017888827057455602
1770 1.3333360000055512e-06 2.9814299327980087e-07
1780 1.3333360000055512e-06 2.9814299327980087e-07
1790 1.0000020000111023e-06 3.651491019607731e-07
1800 1.3333360000000002e-06 2.9814299328476596e-07
1810 0.020001000002000006 0.017888320215082628
1820 0.020000733334000015 0.0178888270574556
1830 0.02000066666800001 0.017888394751607358
1840 0.02000066666800001 0.017888394751607358
1850 0.020001066668000007 0.0178887525224837
1860 0.02000066666800001 0.017888394751607358
1870 1.000002e-06 3.651491019668541e-07
1880 0.020000333334000007 0.017888469286579254
1890 0.020000333334000007 0.017888469286579254
1900 0.020000333334000007 0.017888469286579254
1910 0.040001066668000004 0.02190887796001125
1920 0.020001400002000003 0.017888677985958983
1930 0.020000333334 0.017888469286579254
1940 0.020001066668000004 0.0178887525224837
1950 0.020000733333999998 0.017888827057455602
1960 6.666680000000001e-07 3.651491019668541e-07
1970 3.3333400001110226e-07 2.981429932822834e-07
1980 6.666680000000001e-07 3.651491019668541e-07
1990 1.3333360000000002e-06 2.9814299328476596e-07
2000 1.3333360000000002e-06 2.9814299328476596e-07
2010 0.02000066666800001 0.017888394751607358
2020 0.02000033333400001 0.017888469286579254
2030 0.020000733334000004 0.017888827057455602
2040 0.020001066668000004 0.0178887525224837
2050 0.020000333334 0.017888469286579254
2060 0.020001066667999997 0.0178887525224837
2070 6.666680000055511e-07 3.6514910196482715e-07
2080 0.02000033333400001 0.017888469286579254
2090 6.666680000111022e-07 3.651491019628001e-07
2100 6.666680000166534e-07 3.651491019607731e-07
2110 1.3333360000055512e-06 2.9814299327980087e-07
2120 0.02000066666800001 0.017888394751607358
2130 6.666680000111022e-07 3.651491019628001e-07
2140 1.0000020000111023e-06 3.651491019607731e-07
2150 6.666680000055511e-07 3.6514910196482715e-07
2160 6.666680000111022e-07 3.651491019628001e-07
2170 6.666680000055511e-07 3.6514910196482715e-07
2180 6.666680000055511e-07 3.6514910196482715e-07
2190 6.666680000000001e-07 3.651491019668541e-07
2200 1.0000020000055513e-06 3.6514910196381357e-07
2210 1.0000020000055513e-06 3.6514910196381357e-07
2220 1.0000020000111023e-06 3.651491019607731e-07
2230 6.666680000055511e-07 3.6514910196482715e-07
2240 0.020001066668000004 0.0178887525224837
2250 6.666680000111022e-07 3.651491019628001e-07
2260 1.3333360000055512e-06 2.9814299327980087e-07
2270 6.666680000111022e-07 3.651491019628001e-07
2280 0.020000333334000007 0.017888469286579254
2290 1.3333360000055512e-06 2.9814299327980087e-07
2300 1.3333360000000002e-06 2.9814299328476596e-07
2310 0.020001400002 0.017888677985958983
2320 6.666680000055511e-07 3.6514910196482715e-07
2330 3.333340000055511e-07 2.981429932835247e-07
2340 6.666680000000001e-07 3.651491019668541e-07
2350 6.666680000111022e-07 3.651491019628001e-07
2360 1.3333360000055512e-06 2.9814299327980087e-07
2370 1.0000020000111023e-06 3.651491019607731e-07
2380 1.0000020000111023e-06 3.651491019607731e-07
2390 1.000002e-06 3.651491019668541e-07
2400 1.000002e-06 3.651491019668541e-07
2410 1.3333360000055512e-06 2.9814299327980087e-07
2420 1.3333360000055512e-06 2.9814299327980087e-07
2430 1.3333360000055512e-06 2.9814299327980087e-07
2440 0.020001400001999996 0.01788867798595898
2450 0.020000333334000007 0.017888469286579254
2460 1.3333360000000002e-06 2.9814299328476596e-07
2470 1.000002e-06 3.651491019668541e-07
2480 1.0000020000055513e-06 3.6514910196381357e-07
2490 0.020000666668000006 0.01788839475160736
2500 0.020000733334000008 0.017888827057455602
2510 6.666680000166534e-07 3.6514910196077315e-07
2520 0.020000333334000007 0.017888469286579254
2530 0.020001733336 0.01788860344788143
2540 6.666680000055511e-07 3.6514910196482715e-07
2550 3.3333400001110226e-07 2.981429932822834e-07
2560 1.0000020000055513e-06 3.6514910196381357e-07
2570 6.666680000055511e-07 3.6514910196482715e-07
2580 1.0000020000055513e-06 3.6514910196381357e-07
2590 1.3333360000000002e-06 2.9814299328476596e-07
2600 1.3333360000000002e-06 2.9814299328476596e-07
2610 1.0000020000055513e-06 3.6514910196381357e-07
2620 0.020001400001999996 0.01788867798595898
2630 1.000002e-06 3.651491019668541e-07
2640 0.020000733334000004 0.017888827057455602
2650 1.0000020000111023e-06 3.651491019607731e-07
2660 1.0000020000055513e-06 3.6514910196381357e-07
2670 0.020001066668000007 0.0178887525224837
2680 0.020001066667999997 0.0178887525224837
2690 6.666680000000001e-07 3.651491019668541e-07
2700 0.020001333336000002 0.017888245677005032
2710 1.3333360000055512e-06 2.9814299327980087e-07
2720 0.020001733335999996 0.01788860344788143
2730 0.020001400002000003 0.017888677985958983
2740 0.02000066666800001 0.017888394751607358
2750 0.020001066668000007 0.017888752522483696
2760 0.020000733334000015 0.0178888270574556
2770 0.02000066666800001 0.017888394751607358
2780 0.020001400001999996 0.01788867798595898
2790 0.020001733335999996 0.01788860344788143
2800 1.0000020000055513e-06 3.6514910196381357e-07
2810 0.020000733334000015 0.0178888270574556
2820 0.04000073333400001 0.021908999676378556
2830 6.666680000111022e-07 3.651491019628001e-07
2840 3.3333400001665334e-07 2.981429932810421e-07
2850 0.04000066666800001 0.021908658869162524
2860 6.666680000055511e-07 3.6514910196482715e-07
2870 6.666680000055511e-07 3.6514910196482715e-07
2880 3.3333400001665334e-07 2.9814299328104214e-07
2890 1.000002e-06 3.651491019668541e-07
2900 0.040001066668000004 0.02190887796001125
2910 0.020000733334000015 0.0178888270574556
2920 1.0000020000055513e-06 3.6514910196381357e-07
2930 0.020000733334000015 0.0178888270574556
2940 1.0000020000111023e-06 3.651491019607731e-07
2950 1.0000020000055513e-06 3.6514910196381357e-07
2960 3.3333400001665334e-07 2.981429932810421e-07
2970 6.666680000111022e-07 3.651491019628001e-07
2980 1.66667e-06 0.0
2990 1.0000020000111023e-06 3.651491019607731e-07
3000 1.0000020000111023e-06 3.651491019607731e-07
3010 1.3333360000055512e-06 2.9814299327980087e-07
3020 1.0000020000055513e-06 3.6514910196381357e-07
3030 6.666680000111022e-07 3.651491019628001e-07
3040 1.66667e-06 0.0
3050 1.3333360000000002e-06 2.9814299328476596e-07
3060 0.020001400002 0.017888677985958983
3070 0.040001066668000004 0.02190887796001125
3080 1.0000020000055513e-06 3.6514910196381357e-07
3090 1.000002e-06 3.651491019668541e-07
3100 0.020001400001999996 0.01788867798595898
3110 0.040000733334000005 0.021908999676378556
3120 1.3333360000000002e-06 2.9814299328476596e-07
3130 0.020001400002000003 0.017888677985958983
3140 0.040000733334000005 0.021908999676378556
3150 0.020000666668 0.01788839475160736
3160 0.02 0.017888543819998316
3170 1.0000020000055513e-06 3.6514910196381357e-07
3180 0.020000733334000004 0.017888827057455602
3190 0.020001000002 0.017888320215082628
3200 6.666680000111022e-07 3.651491019628001e-07
3210 0.020001000002000006 0.017888320215082628
3220 1.3333360000000002e-06 2.9814299328476596e-07
3230 1.0000020000055513e-06 3.6514910196381357e-07
3240 1.0000020000111023e-06 3.651491019607731e-07
3250 0.020000333334000007 0.017888469286579254
3260 0.020001000002 0.017888320215082628
3270 0.020001333336 0.017888245677005032
3280 3.3333400001110226e-07 2.981429932822834e-07
3290 0.020001000002 0.017888320215082628
3300 1.0000020000055513e-06 3.6514910196381357e-07
3310 6.666680000055511e-07 3.6514910196482715e-07
3320 0.020001000002000002 0.017888320215082628
3330 3.333340000055511e-07 2.981429932835247e-07
3340 6.666680000111022e-07 3.651491019628001e-07
3350 3.333340000055511e-07 2.981429932835247e-07
3360 1.0000020000111023e-06 3.651491019607731e-07
3370 6.666680000055511e-07 3.6514910196482715e-07
3380 1.3333360000055512e-06 2.9814299327980087e-07
3390 0.02000033333400001 0.017888469286579254
3400 0.020001400002 0.017888677985958983
3410 0.020000733334000008 0.017888827057455602
3420 0.040000733334000005 0.021908999676378556
3430 0.060000399999999995 0.02190904836198962
3440 0.020000333334000007 0.017888469286579254
3450 6.666680000055511e-07 3.6514910196482715e-07
3460 3.333340000055511e-07 2.981429932835247e-07
3470 6.666680000000001e-07 3.651491019668541e-07
3480 1.0000020000111023e-06 3.651491019607731e-07
3490 1.0000020000111023e-06 3.651491019607731e-07
3500 1.3333360000055512e-06 2.9814299327980087e-07
3510 1.3333360000000002e-06 2.9814299328476596e-07
3520 6.666680000111022e-07 3.651491019628001e-07
3530 1.3333360000000002e-06 2.9814299328476596e-07
3540 6.666680000055511e-07 3.6514910196482715e-07
3550 1.0000020000111023e-06 3.651491019607731e-07
3560 0.020001066667999997 0.0178887525224837
3570 0.020000666668 0.01788839475160736
3580 0.020001066667999997 0.0178887525224837
3590 1.3333360000055512e-06 2.9814299327980087e-07
3600 1.66667e-06 0.0
3610 0.020000733334000008 0.017888827057455602
3620 0.020000733333999998 0.017888827057455602
3630 3.3333400001110226e-07 2.981429932822834e-07
3640 0.040001466668 0.021909097047208496
3650 0.020000333334 0.017888469286579254
3660 6.666680000055511e-07 3.6514910196482715e-07
3670 3.3333400001110226e-07 2.981429932822834e-07
3680 0.02000033333400001 0.017888469286579254
3690 1.0000020000111023e-06 3.6514910196077315e-07
3700 1.0000020000055513e-06 3.6514910196381357e-07
3710 6.666680000000001e-07 3.651491019668541e-07
3720 1.3333360000055512e-06 2.9814299327980087e-07
3730 1.0000020000111023e-06 3.651491019607731e-07
3740 6.666680000166534e-07 3.651491019607731e-07
3750 1.0000020000111023e-06 3.6514910196077315e-07
3760 6.666680000000001e-07 3.651491019668541e-07
3770 1.3333360000055512e-06 2.9814299327980087e-07
3780 0.020001400002000003 0.017888677985958983
3790 1.3333360000000002e-06 2.9814299328476596e-07
3800 6.666680000055511e-07 3.6514910196482715e-07
3810 1.3333360000000002e-06 2.9814299328476596e-07
3820 6.666680000055511e-07 3.6514910196482715e-07
3830 0.020000666668000006 0.01788839475160736
3840 0.020000733334000008 0.017888827057455602
3850 1.000002e-06 3.651491019668541e-07
3860 6.666680000055511e-07 3.6514910196482715e-07
3870 1.3333360000055512e-06 2.9814299327980087e-07
3880 0.020001000002000002 0.017888320215082628
3890 6.666680000055511e-07 3.6514910196482715e-07
3900 1.0000020000111023e-06 3.651491019607731e-07
3910 1.0000020000055513e-06 3.6514910196381357e-07
3920 0.020001000002000006 0.017888320215082628
3930 0.020000400000000005 0.017888901590874716
3940 1.000002e-06 3.651491019668541e-07
3950 3.333340000055511e-07 2.981429932835247e-07
3960 6.666680000055511e-07 3.6514910196482715e-07
3970 1.0000020000055513e-06 3.6514910196381357e-07
3980 1.3333360000000002e-06 2.9814299328476596e-07
3990 1.3333360000055512e-06 2.9814299327980087e-07
4000 1.3333360000000002e-06 2.9814299328476596e-07
4010 1.0000020000111023e-06 3.651491019607731e-07
4020 1.1102239999999998e-17 6.0809472868361544e-18
4030 0.020001066668000004 0.0178887525224837
4040 1.3333360000055512e-06 2.9814299327980087e-07
4050 1.3333360000000002e-06 2.9814299328476596e-07
4060 1.0000020000055513e-06 3.6514910196381357e-07
4070 1.3333360000000002e-06 2.9814299328476596e-07
4080 3.333340000055511e-07 2.9814299328352464e-07
4090 1.000002e-06 3.651491019668541e-07
4100 1.3333360000055512e-06 2.9814299327980087e-07
4110 1.3333360000055512e-06 2.9814299327980087e-07
4120 3.333340000055511e-07 2.9814299328352464e-07
4130 6.666680000111022e-07 3.651491019628001e-07
4140 3.3333400001665334e-07 2.981429932810421e-07
4150 1.3333360000000002e-06 2.9814299328476596e-07
4160 1.3333360000000002e-06 2.9814299328476596e-07
4170 6.666680000055511e-07 3.6514910196482715e-07
4180 1.0000020000111023e-06 3.651491019607731e-07
4190 6.666680000166534e-07 3.651491019607731e-07
4200 1.66667e-06 0.0
4210 1.000002e-06 3.651491019668541e-07
4220 0.020000733334000008 0.017888827057455602
4230 1.0000020000055513e-06 3.6514910196381357e-07
4240 0.020001333336 0.017888245677005032
4250 1.000002e-06 3.651491019668541e-07
4260 3.333340000055511e-07 2.9814299328352464e-07
4270 6.666680000055511e-07 3.6514910196482715e-07
4280 1.0000020000111023e-06 3.651491019607731e-07
4290 1.3333360000000002e-06 2.9814299328476596e-07
4300 0.020000666668000006 0.01788839475160736
4310 3.3333400001665334e-07 2.9814299328104214e-07
4320 1.3333360000055512e-06 2.9814299327980087e-07
4330 6.666680000000001e-07 3.651491019668541e-07
4340 1.000002e-06 3.651491019668541e-07
4350 1.3333360000000002e-06 2.9814299328476596e-07
4360 1.0000020000055513e-06 3.6514910196381357e-07
4370 1.0000020000111023e-06 3.651491019607731e-07
4380 3.333340000222045e-07 2.9814299327980087e-07
4390 1.000002e-06 3.651491019668541e-07
4400 1.3333360000055512e-06 2.9814299327980087e-07
4410 0.020001066667999997 0.0178887525224837
4420 1.3333360000000002e-06 2.9814299328476596e-07
4430 1.0000020000111023e-06 3.651491019607731e-07
4440 1.0000020000055513e-06 3.6514910196381357e-07
4450 1.665336e-17 6.0809472868361544e-18
4460 1.0000020000055513e-06 3.6514910196381357e-07
4470 6.666680000166534e-07 3.651491019607731e-07
4480 1.0000020000055513e-06 3.6514910196381357e-07
4490 6.666680000000001e-07 3.651491019668541e-07
4500 6.666680000111022e-07 3.651491019628001e-07
4510 1.3333360000055512e-06 2.9814299327980087e-07
4520 6.666680000166534e-07 3.6514910196077315e-07
4530 0.020001733336 0.01788860344788143
4540 1.0000020000055513e-06 3.6514910196381357e-07
4550 6.666680000055511e-07 3.6514910196482715e-07
4560 1.0000020000111023e-06 3.651491019607731e-07
4570 0.040000733334000005 0.021908999676378556
4580 0.020001400002000003 0.017888677985958983
4590 1.3333360000055512e-06 2.9814299327980087e-07
4600 6.666680000055511e-07 3.6514910196482715e-07
4610 1.0000020000055513e-06 3.6514910196381357e-07
4620 6.666680000000001e-07 3.651491019668541e-07
4630 0.020000333334000007 0.017888469286579254
4640 1.3333360000000002e-06 2.9814299328476596e-07
4650 6.666680000055511e-07 3.6514910196482715e-07
4660 1.000002e-06 3.651491019668541e-07
4670 1.000002e-06 3.651491019668541e-07
4680 1.0000020000055513e-06 3.6514910196381357e-07
4690 1.3333360000055512e-06 2.9814299327980087e-07
4700 1.000002e-06 3.651491019668541e-07
4710 1.000002e-06 3.651491019668541e-07
4720 1.3333360000055512e-06 2.9814299327980087e-07
4730 0.020001333336 0.017888245677005032
4740 0.020000666668000006 0.01788839475160736
4750 0.020001066667999997 0.0178887525224837
4760 6.666680000055511e-07 3.6514910196482715e-07
4770 1.0000020000111023e-06 3.6514910196077315e-07
4780 6.666680000055511e-07 3.6514910196482715e-07
4790 6.666680000055511e-07 3.6514910196482715e-07
4800 1.665336e-17 6.080947286836155e-18
4810 6.666680000055511e-07 3.6514910196482715e-07
4820 6.666680000055511e-07 3.6514910196482715e-07
4830 1.000002e-06 3.651491019668541e-07
4840 6.666680000055511e-07 3.6514910196482715e-07
4850 6.666680000111022e-07 3.651491019628001e-07
4860 0.020001333336 0.017888245677005032
4870 6.666680000166534e-07 3.651491019607731e-07
4880 6.666680000111022e-07 3.651491019628001e-07
4890 1.0000020000111023e-06 3.651491019607731e-07
4900 6.666680000055511e-07 3.6514910196482715e-07
4910 0.020000666668000006 0.01788839475160736
4920 6.666680000111022e-07 3.651491019628001e-07
4930 6.666680000111022e-07 3.651491019628001e-07
4940 6.666680000111022e-07 3.651491019628001e-07
4950 1.3333360000000002e-06 2.9814299328476596e-07
4960 6.666680000055511e-07 3.6514910196482715e-07
4970 1.3333360000000002e-06 2.9814299328476596e-07
4980 6.666680000000001e-07 3.651491019668541e-07
4990 1.0000020000055513e-06 3.6514910196381357e-07
5000 1.3333360000055512e-06 2.9814299327980087e-07
5010 1.3333360000055512e-06 2.9814299327980087e-07
5020 6.666680000000001e-07 3.651491019668541e-07
5030 1.000002e-06 3.651491019668541e-07
5040 6.666680000000001e-07 3.651491019668541e-07
5050 5.551119999999999e-18 4.965072668503452e-18
5060 1.3333360000000002e-06 2.9814299328476596e-07
5070 0.020001733335999996 0.01788860344788143
5080 6.666680000111022e-07 3.651491019628001e-07
5090 1.0000020000111023e-06 3.6514910196077315e-07
5100 6.666680000055511e-07 3.6514910196482715e-07
5110 1.0000020000055513e-06 3.6514910196381357e-07
5120 6.666680000055511e-07 3.6514910196482715e-07
5130 6.666680000111022e-07 3.651491019628001e-07
5140 0.020000733333999998 0.017888827057455602
5150 0.020000733334000004 0.017888827057455602
5160 6.666680000111022e-07 3.651491019628001e-07
5170 6.666680000055511e-07 3.6514910196482715e-07
5180 6.666680000055511e-07 3.6514910196482715e-07
5190 1.0000020000111023e-06 3.651491019607731e-07
5200 1.0000020000111023e-06 3.651491019607731e-07
5210 1.3333360000055512e-06 2.9814299327980087e-07
5220 1.0000020000111023e-06 3.651491019607731e-07
5230 1.0000020000055513e-06 3.6514910196381357e-07
5240 6.666680000055511e-07 3.6514910196482715e-07
5250 1.000002e-06 3.651491019668541e-07
5260 1.0000020000055513e-06 3.6514910196381357e-07
5270 6.666680000055511e-07 3.6514910196482715e-07
5280 6.666680000166534e-07 3.651491019607731e-07
5290 6.666680000166534e-07 3.6514910196077315e-07
5300 1.0000020000111023e-06 3.651491019607731e-07
5310 0.020001066668000007 0.017888752522483696
5320 0.020001066668000007 0.0178887525224837
5330 3.3333400001665334e-07 2.9814299328104214e-07
5340 1.3333360000000002e-06 2.9814299328476596e-07
5350 1.3333360000000002e-06 2.9814299328476596e-07
5360 1.0000020000111023e-06 3.651491019607731e-07
5370 1.3333360000055512e-06 2.9814299327980087e-07
5380 1.3333360000000002e-06 2.9814299328476596e-07
5390 6.666680000166534e-07 3.651491019607731e-07
5400 0.020001066668000007 0.0178887525224837
5410 3.3333400001110226e-07 2.981429932822834e-07
5420 3.333340000055511e-07 2.9814299328352464e-07
5430 6.666680000055511e-07 3.6514910196482715e-07
5440 6.666680000055511e-07 3.6514910196482715e-07
5450 1.0000020000055513e-06 3.6514910196381357e-07
5460 6.666680000055511e-07 3.6514910196482715e-07
5470 6.666680000111022e-07 3.651491019628001e-07
5480 6.666680000055511e-07 3.6514910196482715e-07
5490 3.333340000055511e-07 2.981429932835247e-07
5500 1.3333360000055512e-06 2.9814299327980087e-07
5510 3.3333400001665334e-07 2.9814299328104214e-07
5520 1.000002e-06 3.651491019668541e-07
5530 1.3333360000000002e-06 2.9814299328476596e-07
5540 1.0000020000055513e-06 3.6514910196381357e-07
5550 6.666680000111022e-07 3.651491019628001e-07
5560 0.020001066668000004 0.0178887525224837
5570 0.020001066668000004 0.0178887525224837
5580 1.0000020000055513e-06 3.6514910196381357e-07
5590 3.3333400001110226e-07 2.981429932822834e-07
5600 3.3333400001665334e-07 2.981429932810421e-07
5610 3.3333400001665334e-07 2.9814299328104214e-07
5620 3.3333400001110226e-07 2.981429932822834e-07
5630 1.3333360000000002e-06 2.9814299328476596e-07
5640 1.0000020000111023e-06 3.6514910196077315e-07
5650 6.666680000111022e-07 3.651491019628001e-07
5660 1.0000020000055513e-06 3.6514910196381357e-07
5670 1.000002e-06 3.651491019668541e-07
5680 3.3333400000000004e-07 2.9814299328476596e-07
5690 6.666680000055511e-07 3.6514910196482715e-07
5700 0.02000033333400001 0.017888469286579254
5710 0.04000066666800001 0.021908658869162524
5720 0.020001066667999997 0.0178887525224837
5730 0.020000733333999998 0.017888827057455602
5740 1.0000020000055513e-06 3.6514910196381357e-07
5750 0.020000333334 0.017888469286579254
5760 3.3333400001665334e-07 2.9814299328104214e-07
5770 6.666680000111022e-07 3.651491019628001e-07
5780 1.3333360000000002e-06 2.9814299328476596e-07
5790 1.0000020000111023e-06 3.651491019607731e-07
5800 3.3333400000000004e-07 2.9814299328476596e-07
5810 2.2204479999999997e-17 4.965072668503452e-18
5820 1.0000020000111023e-06 3.651491019607731e-07
5830 6.666680000111022e-07 3.651491019628001e-07
5840 1.1102239999999998e-17 6.0809472868361544e-18
5850 3.333340000055511e-07 2.981429932835247e-07
5860 6.666680000111022e-07 3.651491019628001e-07
5870 3.333340000055511e-07 2.9814299328352464e-07
5880 6.666680000111022e-07 3.651491019628001e-07
5890 6.666680000111022e-07 3.651491019628001e-07
5900 1.0000020000055513e-06 3.6514910196381357e-07
5910 1.000002e-06 3.651491019668541e-07
5920 6.666680000055511e-07 3.6514910196482715e-07
5930 1.3333360000000002e-06 2.9814299328476596e-07
5940 1.3333360000055512e-06 2.9814299327980087e-07
5950 1.000002e-06 3.651491019668541e-07
5960 0.020001333336 0.017888245677005032
5970 0.020000666668 0.01788839475160736
5980 6.666680000055511e-07 3.6514910196482715e-07
5990 6.666680000000001e-07 3.651491019668541e-07
6000 3.3333400000000004e-07 2.9814299328476596e-07
6010 1.000002e-06 3.651491019668541e-07
6020 1.0000020000111023e-06 3.651491019607731e-07
6030 1.0000020000055513e-06 3.6514910196381357e-07
6040 1.0000020000111023e-06 3.651491019607731e-07
6050 3.3333400001665334e-07 2.981429932810421e-07
6060 3.3333400001665334e-07 2.981429932810421e-07
6070 1.0000020000111023e-06 3.651491019607731e-07
6080 1.3333360000055512e-06 2.9814299327980087e-07
6090 1.000002e-06 3.651491019668541e-07
6100 5.551119999999999e-18 4.965072668503453e-18
6110 6.666680000055511e-07 3.6514910196482715e-07
6120 0.02000000000000001 0.017888543819998316
6130 0.040001066668000004 0.02190887796001125
6140 0.040000333334000014 0.02190878058552984
6150 0.020000333334 0.017888469286579254
6160 6.666680000166534e-07 3.651491019607731e-07
6170 1.0000020000111023e-06 3.651491019607731e-07
6180 3.3333400001110226e-07 2.981429932822834e-07
6190 1.000002e-06 3.651491019668541e-07
6200 3.333340000055511e-07 2.981429932835247e-07
6210 1.000002e-06 3.651491019668541e-07
6220 1.0000020000055513e-06 3.6514910196381357e-07
6230 6.666680000111022e-07 3.651491019628001e-07
6240 1.0000020000111023e-06 3.651491019607731e-07
6250 1.0000020000055513e-06 3.6514910196381357e-07
6260 6.666680000055511e-07 3.6514910196482715e-07
6270 1.3333360000055512e-06 2.9814299327980087e-07
6280 3.3333400001110226e-07 2.981429932822834e-07
6290 3.3333400001110226e-07 2.981429932822834e-07
6300 6.666680000166534e-07 3.6514910196077315e-07
6310 0.020001066668000007 0.017888752522483696
6320 6.666680000055511e-07 3.6514910196482715e-07
6330 0.02000040000000001 0.017888901590874712
6340 1.3333360000055512e-06 2.9814299327980087e-07
6350 6.666680000111022e-07 3.651491019628001e-07
6360 1.0000020000055513e-06 3.6514910196381357e-07
6370 6.666680000111022e-07 3.651491019628001e-07
6380 6.666680000166534e-07 3.6514910196077315e-07
6390 1.3333360000055512e-06 2.9814299327980087e-07
6400 1.66667e-06 0.0
6410 6.666680000111022e-07 3.651491019628001e-07
6420 6.666680000055511e-07 3.6514910196482715e-07
6430 6.666680000055511e-07 3.6514910196482715e-07
6440 6.666680000055511e-07 3.6514910196482715e-07
6450 6.666680000166534e-07 3.6514910196077315e-07
6460 3.333340000055511e-07 2.981429932835247e-07
6470 1.0000020000055513e-06 3.6514910196381357e-07
6480 3.333340000055511e-07 2.9814299328352464e-07
6490 1.0000020000055513e-06 3.6514910196381357e-07
6500 1.3333360000000002e-06 2.9814299328476596e-07
6510 0.020001066668000004 0.0178887525224837
6520 6.666680000055511e-07 3.6514910196482715e-07
6530 1.3333360000055512e-06 2.9814299327980087e-07
6540 0.020000666668000006 0.01788839475160736
6550 0.020001066668000004 0.0178887525224837
6560 5.551119999999999e-18 4.965072668503453e-18
6570 1.0000020000055513e-06 3.6514910196381357e-07
6580 1.0000020000055513e-06 3.6514910196381357e-07
6590 6.666680000000001e-07 3.651491019668541e-07
6600 1.0000020000055513e-06 3.6514910196381357e-07
6610 1.0000020000055513e-06 3.6514910196381357e-07
6620 6.666680000111022e-07 3.651491019628001e-07
6630 6.666680000055511e-07 3.6514910196482715e-07
6640 1.0000020000111023e-06 3.651491019607731e-07
6650 1.3333360000000002e-06 2.9814299328476596e-07
6660 6.666680000055511e-07 3.6514910196482715e-07
6670 1.0000020000055513e-06 3.6514910196381357e-07
6680 1.0000020000055513e-06 3.6514910196381357e-07
6690 1.0000020000111023e-06 3.651491019607731e-07
6700 1.0000020000111023e-06 3.651491019607731e-07
6710 0.020001000002000006 0.017888320215082628
6720 0.020001000002 0.017888320215082628
6730 1.66667e-06 0.0
6740 1.0000020000055513e-06 3.6514910196381357e-07
6750 6.666680000055511e-07 3.6514910196482715e-07
6760 1.66667e-06 0.0
6770 6.666680000055511e-07 3.6514910196482715e-07
6780 1.000002e-06 3.651491019668541e-07
6790 6.666680000000001e-07 3.651491019668541e-07
6800 6.666680000055511e-07 3.6514910196482715e-07
6810 3.3333400000000004e-07 2.9814299328476596e-07
6820 1.66667e-06 0.0
6830 0.020001000002 0.017888320215082628
6840 0.020000333334000007 0.017888469286579254
6850 0.02000000000000001 0.017888543819998316
6860 0.020001400001999996 0.01788867798595898
6870 0.020001000002 0.017888320215082628
6880 0.020001066668000004 0.0178887525224837
6890 0.020000733334000004 0.017888827057455602
6900 6.666680000055511e-07 3.6514910196482715e-07
6910 6.666680000055511e-07 3.6514910196482715e-07
6920 0.020000333334000007 0.017888469286579254
6930 0.020000733334000004 0.017888827057455602
6940 3.3333400001110226e-07 2.981429932822834e-07
6950 6.666680000111022e-07 3.651491019628001e-07
6960 6.666680000055511e-07 3.6514910196482715e-07
6970 6.666680000111022e-07 3.651491019628001e-07
6980 1.3333360000000002e-06 2.9814299328476596e-07
6990 1.3333360000055512e-06 2.9814299327980087e-07
7000 1.3333360000000002e-06 2.9814299328476596e-07
7010 0.020000333334 0.017888469286579254
7020 3.3333400000000004e-07 2.9814299328476596e-07
7030 1.0000020000055513e-06 3.6514910196381357e-07
7040 1.0000020000111023e-06 3.651491019607731e-07
7050 6.666680000055511e-07 3.6514910196482715e-07
7060 1.3333360000000002e-06 2.9814299328476596e-07
7070 6.666680000055511e-07 3.6514910196482715e-07
7080 6.666680000111022e-07 3.651491019628001e-07
7090 1.66667e-06 0.0
7100 1.0000020000111023e-06 3.651491019607731e-07
7110 1.0000020000055513e-06 3.6514910196381357e-07
7120 0.020001066668000004 0.0178887525224837
7130 0.020000333334 0.017888469286579254
7140 0.020001066668000004 0.0178887525224837
7150 0.020000666668000006 0.01788839475160736
7160 0.020000733334000004 0.017888827057455602
7170 0.040001066668000004 0.02190887796001125
7180 0.02000033333400001 0.017888469286579254
7190 1.3333360000055512e-06 2.9814299327980087e-07
7200 1.0000020000055513e-06 3.6514910196381357e-07
7210 0.020000666668000006 0.01788839475160736
7220 1.3333360000000002e-06 2.9814299328476596e-07
7230 6.666680000055511e-07 3.6514910196482715e-07
7240 3.3333400000000004e-07 2.9814299328476596e-07
7250 6.666680000055511e-07 3.6514910196482715e-07
7260 6.666680000055511e-07 3.6514910196482715e-07
7270 1.3333360000055512e-06 2.9814299327980087e-07
7280 1.3333360000055512e-06 2.9814299327980087e-07
7290 1.000002e-06 3.651491019668541e-07
7300 0.020000666668000006 0.01788839475160736
7310 0.040001466667999995 0.021909097047208496
7320 6.666680000000001e-07 3.651491019668541e-07
7330 1.665336e-17 6.0809472868361544e-18
7340 0.020001000002 0.017888320215082628
7350 0.020000333334 0.017888469286579254
7360 1.000002e-06 3.651491019668541e-07
7370 3.333340000055511e-07 2.9814299328352464e-07
7380 1.3333360000055512e-06 2.9814299327980087e-07
7390 1.3333360000000002e-06 2.9814299328476596e-07
7400 6.666680000055511e-07 3.6514910196482715e-07
7410 1.0000020000055513e-06 3.6514910196381357e-07
7420 6.666680000055511e-07 3.6514910196482715e-07
7430 1.3333360000000002e-06 2.9814299328476596e-07
7440 1.0000020000055513e-06 3.6514910196381357e-07
7450 1.1102239999999998e-17 6.080947286836155e-18
7460 6.666680000055511e-07 3.6514910196482715e-07
7470 6.666680000055511e-07 3.6514910196482715e-07
7480 0.020001000002000006 0.017888320215082628
7490 0.040001466668 0.021909097047208496
7500 0.020001066668000007 0.017888752522483696
7510 3.3333400001110226e-07 2.981429932822834e-07
7520 0.020000333334000007 0.017888469286579254
7530 6.666680000111022e-07 3.651491019628001e-07
7540 1.0000020000055513e-06 3.6514910196381357e-07
7550 6.666680000111022e-07 3.651491019628001e-07
7560 0.020000000000000025 0.017888543819998316
7570 1.0000020000055513e-06 3.6514910196381357e-07
7580 1.3333360000055512e-06 2.9814299327980087e-07
7590 3.333340000055511e-07 2.981429932835247e-07
7600 6.666680000111022e-07 3.651491019628001e-07
7610 1.66667e-06 0.0
7620 1.3333360000055512e-06 2.9814299327980087e-07
7630 1.0000020000055513e-06 3.6514910196381357e-07
7640 3.3333400001110226e-07 2.981429932822834e-07
7650 1.66667e-06 0.0
7660 3.3333400001665334e-07 2.9814299328104214e-07
7670 1.665336e-17 6.080947286836155e-18
7680 1.665336e-17 6.0809472868361544e-18
7690 1.0000020000055513e-06 3.6514910196381357e-07
7700 1.0000020000055513e-06 3.6514910196381357e-07
7710 1.0000020000111023e-06 3.651491019607731e-07
7720 6.666680000166534e-07 3.651491019607731e-07
7730 1.0000020000055513e-06 3.6514910196381357e-07
7740 3.3333400001110226e-07 2.981429932822834e-07
7750 1.0000020000111023e-06 3.6514910196077315e-07
7760 1.0000020000111023e-06 3.651491019607731e-07
7770 6.666680000055511e-07 3.6514910196482715e-07
7780 6.666680000166534e-07 3.651491019607731e-07
7790 6.666680000000001e-07 3.651491019668541e-07
7800 3.3333400001110226e-07 2.981429932822834e-07
7810 3.3333400000000004e-07 2.9814299328476596e-07
7820 6.666680000111022e-07 3.651491019628001e-07
7830 6.666680000055511e-07 3.6514910196482715e-07
7840 3.3333400001110226e-07 2.981429932822834e-07
7850 3.3333400001110226e-07 2.981429932822834e-07
7860 6.666680000000001e-07 3.651491019668541e-07
7870 1.0000020000055513e-06 3.6514910196381357e-07
7880 1.000002e-06 3.651491019668541e-07
7890 1.000002e-06 3.651491019668541e-07
7900 1.0000020000055513e-06 3.6514910196381357e-07
7910 1.0000020000055513e-06 3.6514910196381357e-07
7920 6.666680000111022e-07 3.651491019628001e-07
7930 3.333340000055511e-07 2.9814299328352464e-07
7940 3.3333400001110226e-07 2.981429932822834e-07
7950 6.666680000000001e-07 3.651491019668541e-07
7960 1.3333360000055512e-06 2.9814299327980087e-07
7970 6.666680000055511e-07 3.6514910196482715e-07
7980 1.0000020000055513e-06 3.6514910196381357e-07
7990 1.000002e-06 3.651491019668541e-07
8000 6.666680000055511e-07 3.6514910196482715e-07
8010 6.666680000000001e-07 3.651491019668541e-07
8020 6.666680000000001e-07 3.651491019668541e-07
8030 6.666680000055511e-07 3.6514910196482715e-07
8040 3.3333400001110226e-07 2.981429932822834e-07
8050 1.3333360000000002e-06 2.9814299328476596e-07
8060 0.020001000002 0.017888320215082628
8070 0.020001066668000007 0.017888752522483696
8080 1.66667e-06 0.0
8090 0.020000666668 0.01788839475160736
8100 0.020000333334000007 0.017888469286579254
8110 1.3333360000000002e-06 2.9814299328476596e-07
8120 3.3333400001110226e-07 2.981429932822834e-07
8130 1.66667e-06 0.0
8140 0.020000333334000007 0.017888469286579254
8150 1.000002e-06 3.651491019668541e-07
8160 3.333340000055511e-07 2.9814299328352464e-07
8170 6.666680000055511e-07 3.6514910196482715e-07
8180 6.666680000055511e-07 3.6514910196482715e-07
8190 0.02000066666800001 0.017888394751607358
8200 0.020000666668 0.01788839475160736
8210 0.020000400000000015 0.017888901590874712
8220 1.3333360000055512e-06 2.9814299327980087e-07
8230 1.3333360000000002e-06 2.9814299328476596e-07
8240 3.3333400001110226e-07 2.981429932822834e-07
8250 3.333340000055511e-07 2.9814299328352464e-07
8260 0.02000066666800001 0.017888394751607358
8270 0.020001066667999997 0.0178887525224837
8280 0.020001066668000007 0.017888752522483696
8290 0.020000000000000025 0.017888543819998316
8300 1.3333360000055512e-06 2.9814299327980087e-07
8310 6.666680000166534e-07 3.651491019607731e-07
8320 0.020000666668000006 0.01788839475160736
8330 1.0000020000111023e-06 3.6514910196077315e-07
8340 5.551119999999999e-18 4.965072668503452e-18
8350 1.66667e-06 0.0
8360 1.0000020000111023e-06 3.651491019607731e-07
8370 3.333340000222045e-07 2.9814299327980087e-07
8380 1.3333360000055512e-06 2.9814299327980087e-07
8390 3.3333400001110226e-07 2.981429932822834e-07
8400 6.666680000000001e-07 3.651491019668541e-07
8410 6.666680000166534e-07 3.651491019607731e-07
8420 1.000002e-06 3.651491019668541e-07
8430 1.3333360000000002e-06 2.9814299328476596e-07
8440 1.3333360000055512e-06 2.9814299327980087e-07
8450 1.66667e-06 0.0
8460 1.0000020000055513e-06 3.6514910196381357e-07
8470 1.000002e-06 3.651491019668541e-07
8480 0.020000666668 0.01788839475160736
8490 6.666680000166534e-07 3.6514910196077315e-07
8500 0.020001000002 0.017888320215082628
8510 6.666680000111022e-07 3.651491019628001e-07
8520 1.000002e-06 3.651491019668541e-07
8530 1.3333360000000002e-06 2.9814299328476596e-07
8540 3.3333400001110226e-07 2.981429932822834e-07
8550 1.3333360000000002e-06 2.9814299328476596e-07
8560 1.000002e-06 3.651491019668541e-07
8570 3.3333400001110226e-07 2.981429932822834e-07
8580 1.000002e-06 3.651491019668541e-07
8590 1.0000020000111023e-06 3.651491019607731e-07
8600 6.666680000000001e-07 3.651491019668541e-07
8610 6.666680000055511e-07 3.6514910196482715e-07
8620 6.666680000111022e-07 3.651491019628001e-07
8630 6.666680000055511e-07 3.6514910196482715e-07
8640 1.3333360000000002e-06 2.9814299328476596e-07
8650 6.666680000111022e-07 3.651491019628001e-07
8660 1.3333360000055512e-06 2.9814299327980087e-07
8670 3.3333400001665334e-07 2.981429932810421e-07
8680 6.666680000111022e-07 3.651491019628001e-07
8690 3.3333400001665334e-07 2.9814299328104214e-07
8700 3.3333400001665334e-07 2.9814299328104214e-07
8710 1.3333360000055512e-06 2.9814299327980087e-07
8720 6.666680000111022e-07 3.651491019628001e-07
8730 6.666680000111022e-07 3.651491019628001e-07
8740 1.3333360000000002e-06 2.9814299328476596e-07
8750 3.333340000055511e-07 2.981429932835247e-07
8760 1.0000020000055513e-06 3.6514910196381357e-07
8770 1.3333360000000002e-06 2.9814299328476596e-07
8780 1.0000020000111023e-06 3.651491019607731e-07
8790 6.666680000111022e-07 3.651491019628001e-07
8800 3.333340000055511e-07 2.9814299328352464e-07
8810 6.666680000111022e-07 3.651491019628001e-07
8820 1.0000020000055513e-06 3.6514910196381357e-07
8830 1.3333360000055512e-06 2.9814299327980087e-07
8840 3.3333400001665334e-07 2.9814299328104214e-07
8850 3.3333400001110226e-07 2.981429932822834e-07
8860 1.66667e-06 0.0
8870 1.0000020000055513e-06 3.6514910196381357e-07
8880 1.0000020000055513e-06 3.6514910196381357e-07
8890 6.666680000000001e-07 3.651491019668541e-07
8900 1.0000020000055513e-06 3.6514910196381357e-07
8910 6.666680000111022e-07 3.651491019628001e-07
8920 3.333340000055511e-07 2.9814299328352464e-07
8930 1.3333360000055512e-06 2.9814299327980087e-07
8940 3.3333400001110226e-07 2.981429932822834e-07
8950 1.0000020000055513e-06 3.6514910196381357e-07
8960 3.3333400001110226e-07 2.981429932822834e-07
8970 3.3333400001110226e-07 2.981429932822834e-07
8980 0.020000333334000007 0.017888469286579254
8990 0.020001000002 0.017888320215082628
9000 1.66667e-06 0.0
9010 6.666680000055511e-07 3.6514910196482715e-07
9020 3.3333400001110226e-07 2.981429932822834e-07
9030 3.3333400001110226e-07 2.981429932822834e-07
9040 1.3333360000000002e-06 2.9814299328476596e-07
9050 6.666680000055511e-07 3.6514910196482715e-07
9060 1.0000020000111023e-06 3.651491019607731e-07
9070 1.0000020000111023e-06 3.651491019607731e-07
9080 1.3333360000000002e-06 2.9814299328476596e-07
9090 1.0000020000055513e-06 3.6514910196381357e-07
9100 3.333340000222045e-07 2.9814299327980087e-07
9110 3.3333400001665334e-07 2.9814299328104214e-07
9120 1.000002e-06 3.651491019668541e-07
9130 1.0000020000055513e-06 3.6514910196381357e-07
9140 1.0000020000055513e-06 3.6514910196381357e-07
9150 0.020001733335999996 0.01788860344788143
9160 0.020001066668000007 0.0178887525224837
9170 0.020001000002 0.017888320215082628
9180 0.020001000002000006 0.017888320215082628
9190 1.3333360000055512e-06 2.9814299327980087e-07
9200 6.666680000055511e-07 3.6514910196482715e-07
9210 3.3333400001110226e-07 2.981429932822834e-07
9220 1.66667e-06 0.0
9230 1.0000020000055513e-06 3.6514910196381357e-07
9240 1.0000020000111023e-06 3.651491019607731e-07
9250 6.666680000055511e-07 3.6514910196482715e-07
9260 3.3333400001110226e-07 2.981429932822834e-07
9270 6.666680000111022e-07 3.651491019628001e-07
9280 0.020001400001999996 0.01788867798595898
9290 6.666680000000001e-07 3.651491019668541e-07
9300 6.666680000111022e-07 3.651491019628001e-07
9310 1.3333360000055512e-06 2.9814299327980087e-07
9320 6.666680000055511e-07 3.6514910196482715e-07
9330 6.666680000055511e-07 3.6514910196482715e-07
9340 1.3333360000055512e-06 2.9814299327980087e-07
9350 1.000002e-06 3.651491019668541e-07
9360 1.0000020000055513e-06 3.6514910196381357e-07
9370 6.666680000000001e-07 3.651491019668541e-07
9380 3.3333400001665334e-07 2.981429932810421e-07
9390 1.0000020000055513e-06 3.6514910196381357e-07
9400 1.0000020000055513e-06 3.6514910196381357e-07
9410 1.000002e-06 3.651491019668541e-07
9420 6.666680000000001e-07 3.651491019668541e-07
9430 2.77556e-17 0.0
9440 6.666680000111022e-07 3.651491019628001e-07
9450 6.666680000055511e-07 3.6514910196482715e-07
9460 1.0000020000055513e-06 3.6514910196381357e-07
9470 3.3333400001665334e-07 2.9814299328104214e-07
9480 3.3333400001665334e-07 2.9814299328104214e-07
9490 6.666680000166534e-07 3.651491019607731e-07
9500 1.000002e-06 3.651491019668541e-07
9510 6.666680000111022e-07 3.651491019628001e-07
9520 6.666680000055511e-07 3.6514910196482715e-07
9530 1.0000020000055513e-06 3.6514910196381357e-07
9540 6.666680000111022e-07 3.651491019628001e-07
9550 1.0000020000055513e-06 3.6514910196381357e-07
9560 1.66667e-06 0.0
9570 6.666680000111022e-07 3.651491019628001e-07
9580 1.0000020000055513e-06 3.6514910196381357e-07
9590 6.666680000055511e-07 3.6514910196482715e-07
9600 1.000002e-06 3.651491019668541e-07
9610 1.0000020000055513e-06 3.6514910196381357e-07
9620 1.000002e-06 3.651491019668541e-07
9630 1.66667e-06 0.0
9640 1.3333360000055512e-06 2.9814299327980087e-07
9650 6.666680000166534e-07 3.651491019607731e-07
9660 6.666680000111022e-07 3.651491019628001e-07
9670 6.666680000111022e-07 3.651491019628001e-07
9680 1.0000020000111023e-06 3.651491019607731e-07
9690 1.0000020000111023e-06 3.651491019607731e-07
9700 6.666680000111022e-07 3.651491019628001e-07
9710 1.1102239999999998e-17 6.0809472868361544e-18
9720 6.666680000055511e-07 3.6514910196482715e-07
9730 6.666680000166534e-07 3.651491019607731e-07
9740 1.0000020000111023e-06 3.6514910196077315e-07
9750 1.3333360000055512e-06 2.9814299327980087e-07
9760 6.666680000111022e-07 3.651491019628001e-07
9770 1.000002e-06 3.651491019668541e-07
9780 1.000002e-06 3.651491019668541e-07
9790 3.333340000055511e-07 2.9814299328352464e-07
9800 1.0000020000055513e-06 3.6514910196381357e-07
9810 1.0000020000055513e-06 3.6514910196381357e-07
9820 1.000002e-06 3.651491019668541e-07
9830 1.0000020000055513e-06 3.6514910196381357e-07
9840 1.0000020000111023e-06 3.651491019607731e-07
9850 6.666680000166534e-07 3.6514910196077315e-07
9860 1.0000020000111023e-06 3.651491019607731e-07
9870 1.0000020000055513e-06 3.6514910196381357e-07
9880 1.3333360000055512e-06 2.9814299327980087e-07
9890 1.0000020000055513e-06 3.6514910196381357e-07
9900 1.000002e-06 3.651491019668541e-07
9910 1.0000020000111023e-06 3.651491019607731e-07
9920 6.666680000111022e-07 3.651491019628001e-07
9930 1.000002e-06 3.651491019668541e-07
9940 0.020000733334000004 0.017888827057455602
9950 0.020000333334 0.017888469286579254
9960 6.666680000111022e-07 3.651491019628001e-07
9970 0.020001066668000004 0.0178887525224837
9980 0.020000666668000006 0.01788839475160736
9990 0.020001400002000003 0.017888677985958983
10000 1.3333360000055512e-06 2.9814299327980087e-07
10010 3.3333400001110226e-07 2.981429932822834e-07
10020 6.666680000055511e-07 3.6514910196482715e-07
10030 1.0000020000055513e-06 3.6514910196381357e-07
10040 1.0000020000055513e-06 3.6514910196381357e-07
10050 6.666680000055511e-07 3.6514910196482715e-07
10060 1.0000020000111023e-06 3.651491019607731e-07
10070 6.666680000055511e-07 3.6514910196482715e-07
10080 1.0000020000055513e-06 3.6514910196381357e-07
10090 1.000002e-06 3.651491019668541e-07
10100 1.3333360000055512e-06 2.9814299327980087e-07
10110 0.020001066667999997 0.0178887525224837
10120 1.000002e-06 3.651491019668541e-07
10130 0.020000666668000006 0.01788839475160736
10140 6.666680000166534e-07 3.651491019607731e-07
10150 3.3333400001665334e-07 2.981429932810421e-07
10160 1.0000020000055513e-06 3.6514910196381357e-07
10170 3.3333400001110226e-07 2.981429932822834e-07
10180 6.666680000166534e-07 3.651491019607731e-07
10190 6.666680000055511e-07 3.6514910196482715e-07
10200 1.0000020000111023e-06 3.651491019607731e-07
10210 6.666680000111022e-07 3.651491019628001e-07
10220 6.666680000166534e-07 3.651491019607731e-07
10230 3.3333400001110226e-07 2.981429932822834e-07
10240 1.66667e-06 0.0
10250 6.666680000111022e-07 3.651491019628001e-07
10260 3.3333400001110226e-07 2.981429932822834e-07
10270 6.666680000055511e-07 3.6514910196482715e-07
10280 1.3333360000055512e-06 2.9814299327980087e-07
10290 6.666680000111022e-07 3.651491019628001e-07
10300 1.1102239999999998e-17 6.0809472868361544e-18
10310 6.666680000111022e-07 3.651491019628001e-07
10320 1.3333360000055512e-06 2.9814299327980087e-07
10330 1.3333360000000002e-06 2.9814299328476596e-07
10340 1.3333360000000002e-06 2.9814299328476596e-07
10350 6.666680000055511e-07 3.6514910196482715e-07
10360 6.666680000000001e-07 3.651491019668541e-07
10370 6.666680000055511e-07 3.6514910196482715e-07
10380 3.3333400000000004e-07 2.9814299328476596e-07
10390 1.0000020000055513e-06 3.6514910196381357e-07
10400 1.0000020000055513e-06 3.6514910196381357e-07
10410 1.0000020000055513e-06 3.6514910196381357e-07
10420 1.3333360000055512e-06 2.9814299327980087e-07
10430 1.0000020000055513e-06 3.6514910196381357e-07
10440 6.666680000055511e-07 3.6514910196482715e-07
10450 1.3333360000000002e-06 2.9814299328476596e-07
10460 1.000002e-06 3.651491019668541e-07
10470 6.666680000055511e-07 3.6514910196482715e-07
10480 1.0000020000111023e-06 3.6514910196077315e-07
10490 6.666680000111022e-07 3.651491019628001e-07
10500 6.666680000111022e-07 3.651491019628001e-07
10510 1.0000020000111023e-06 3.651491019607731e-07
10520 5.551119999999999e-18 4.965072668503453e-18
10530 1.0000020000055513e-06 3.6514910196381357e-07
10540 1.0000020000055513e-06 3.6514910196381357e-07
10550 6.666680000055511e-07 3.6514910196482715e-07
10560 1.3333360000055512e-06 2.9814299327980087e-07
10570 6.666680000111022e-07 3.651491019628001e-07
10580 3.333340000222045e-07 2.9814299327980087e-07
10590 0.02000040000000001 0.017888901590874712
10600 6.666680000055511e-07 3.6514910196482715e-07
10610 1.3333360000000002e-06 2.9814299328476596e-07
10620 3.3333400001665334e-07 2.9814299328104214e-07
10630 6.666680000111022e-07 3.651491019628001e-07
10640 1.000002e-06 3.651491019668541e-07
10650 1.0000020000055513e-06 3.6514910196381357e-07
10660 1.3333360000055512e-06 2.9814299327980087e-07
10670 1.000002e-06 3.651491019668541e-07
10680 1.000002e-06 3.651491019668541e-07
10690 1.66667e-06 0.0
10700 6.666680000166534e-07 3.6514910196077315e-07
10710 6.666680000111022e-07 3.651491019628001e-07
10720 6.666680000111022e-07 3.651491019628001e-07
10730 1.000002e-06 3.651491019668541e-07
10740 1.0000020000055513e-06 3.6514910196381357e-07
10750 6.666680000111022e-07 3.651491019628001e-07
10760 0.020001066668000004 0.0178887525224837
10770 1.3333360000055512e-06 2.9814299327980087e-07
10780 1.3333360000000002e-06 2.9814299328476596e-07
10790 1.3333360000000002e-06 2.9814299328476596e-07
10800 6.666680000055511e-07 3.6514910196482715e-07
10810 5.551119999999999e-18 4.965072668503453e-18
10820 0.040000733334000005 0.021908999676378556
10830 1.3333360000055512e-06 2.9814299327980087e-07
10840 1.66667e-06 0.0
10850 0.020000666668 0.01788839475160736
10860 0.02000033333400001 0.017888469286579254
10870 6.666680000111022e-07 3.651491019628001e-07
10880 1.3333360000055512e-06 2.9814299327980087e-07
10890 1.3333360000055512e-06 2.9814299327980087e-07
10900 0.020001400001999996 0.01788867798595898
10910 0.020000333334 0.017888469286579254
10920 0.02000066666800001 0.017888394751607358
10930 1.3333360000055512e-06 2.9814299327980087e-07
10940 6.666680000055511e-07 3.6514910196482715e-07
10950 6.666680000000001e-07 3.651491019668541e-07
10960 1.3333360000055512e-06 2.9814299327980087e-07
10970 1.0000020000055513e-06 3.6514910196381357e-07
10980 6.666680000055511e-07 3.6514910196482715e-07
10990 1.0000020000055513e-06 3.6514910196381357e-07
11000 6.666680000111022e-07 3.651491019628001e-07
11010 3.3333400001665334e-07 2.9814299328104214e-07
11020 1.000002e-06 3.651491019668541e-07
11030 1.3333360000055512e-06 2.9814299327980087e-07
11040 6.666680000111022e-07 3.651491019628001e-07
11050 1.0000020000055513e-06 3.6514910196381357e-07
11060 6.666680000055511e-07 3.6514910196482715e-07
11070 1.3333360000055512e-06 2.9814299327980087e-07
11080 6.666680000111022e-07 3.651491019628001e-07
11090 1.0000020000055513e-06 3.6514910196381357e-07
11100 1.0000020000055513e-06 3.6514910196381357e-07
11110 1.0000020000055513e-06 3.6514910196381357e-07
11120 1.000002e-06 3.651491019668541e-07
11130 3.333340000055511e-07 2.981429932835247e-07
11140 1.0000020000055513e-06 3.6514910196381357e-07
11150 3.3333400001665334e-07 2.9814299328104214e-07
11160 1.0000020000055513e-06 3.6514910196381357e-07
11170 1.000002e-06 3.651491019668541e-07
11180 3.333340000055511e-07 2.981429932835247e-07
11190 6.666680000055511e-07 3.6514910196482715e-07
11200 3.333340000222045e-07 2.9814299327980087e-07
11210 1.000002e-06 3.651491019668541e-07
11220 6.666680000055511e-07 3.6514910196482715e-07
11230 6.666680000055511e-07 3.6514910196482715e-07
11240 1.3333360000055512e-06 2.9814299327980087e-07
11250 3.3333400001110226e-07 2.981429932822834e-07
11260 6.666680000055511e-07 3.6514910196482715e-07
11270 1.0000020000055513e-06 3.6514910196381357e-07
11280 1.3333360000055512e-06 2.9814299327980087e-07
11290 1.3333360000000002e-06 2.9814299328476596e-07
11300 1.000002e-06 3.651491019668541e-07
11310 1.66667e-06 0.0
11320 6.666680000000001e-07 3.651491019668541e-07
11330 6.666680000055511e-07 3.6514910196482715e-07
11340 1.0000020000055513e-06 3.6514910196381357e-07
11350 6.666680000000001e-07 3.651491019668541e-07
11360 1.3333360000000002e-06 2.9814299328476596e-07
11370 1.000002e-06 3.651491019668541e-07
11380 1.0000020000055513e-06 3.6514910196381357e-07
11390 1.0000020000055513e-06 3.6514910196381357e-07
11400 0.02000100000200001 0.017888320215082628
11410 1.000002e-06 3.651491019668541e-07
11420 1.0000020000111023e-06 3.651491019607731e-07
11430 6.666680000055511e-07 3.6514910196482715e-07
11440 1.0000020000055513e-06 3.6514910196381357e-07
11450 3.3333400000000004e-07 2.9814299328476596e-07
11460 1.3333360000055512e-06 2.9814299327980087e-07
11470 1.665336e-17 6.080947286836155e-18
11480 3.3333400001110226e-07 2.981429932822834e-07
11490 6.666680000111022e-07 3.651491019628001e-07
11500 6.666680000111022e-07 3.651491019628001e-07
11510 1.3333360000055512e-06 2.9814299327980087e-07
11520 1.0000020000055513e-06 3.6514910196381357e-07
11530 1.3333360000000002e-06 2.9814299328476596e-07
11540 1.3333360000055512e-06 2.9814299327980087e-07
11550 1.0000020000111023e-06 3.651491019607731e-07
11560 0.020000733334000015 0.0178888270574556
11570 1.0000020000111023e-06 3.651491019607731e-07
11580 1.000002e-06 3.651491019668541e-07
11590 1.0000020000055513e-06 3.6514910196381357e-07
11600 1.000002e-06 3.651491019668541e-07
11610 1.0000020000111023e-06 3.651491019607731e-07
11620 1.3333360000000002e-06 2.9814299328476596e-07
11630 1.0000020000111023e-06 3.6514910196077315e-07
11640 6.666680000166534e-07 3.651491019607731e-07
11650 1.3333360000000002e-06 2.9814299328476596e-07
11660 3.333340000055511e-07 2.9814299328352464e-07
11670 1.000002e-06 3.651491019668541e-07
11680 1.0000020000055513e-06 3.6514910196381357e-07
11690 1.000002e-06 3.651491019668541e-07
11700 6.666680000166534e-07 3.651491019607731e-07
11710 3.333340000055511e-07 2.981429932835247e-07
11720 6.666680000111022e-07 3.651491019628001e-07
11730 6.666680000111022e-07 3.651491019628001e-07
11740 1.3333360000000002e-06 2.9814299328476596e-07
11750 1.0000020000111023e-06 3.651491019607731e-07
11760 1.0000020000111023e-06 3.651491019607731e-07
11770 1.0000020000055513e-06 3.6514910196381357e-07
11780 3.3333400001665334e-07 2.981429932810421e-07
11790 1.0000020000055513e-06 3.6514910196381357e-07
11800 6.666680000055511e-07 3.6514910196482715e-07
11810 1.0000020000055513e-06 3.6514910196381357e-07
11820 1.000002e-06 3.651491019668541e-07
11830 6.666680000055511e-07 3.6514910196482715e-07
11840 1.0000020000111023e-06 3.651491019607731e-07
11850 1.000002e-06 3.651491019668541e-07
11860 1.000002e-06 3.651491019668541e-07
11870 3.3333400001665334e-07 2.9814299328104214e-07
11880 1.3333360000000002e-06 2.9814299328476596e-07
11890 1.0000020000055513e-06 3.6514910196381357e-07
11900 1.0000020000055513e-06 3.6514910196381357e-07
11910 6.666680000166534e-07 3.6514910196077315e-07
11920 1.0000020000055513e-06 3.6514910196381357e-07
11930 1.3333360000000002e-06 2.9814299328476596e-07
11940 1.000002e-06 3.651491019668541e-07
11950 1.000002e-06 3.651491019668541e-07
11960 1.0000020000111023e-06 3.651491019607731e-07
11970 1.0000020000111023e-06 3.651491019607731e-07
11980 6.666680000055511e-07 3.6514910196482715e-07
11990 1.0000020000111023e-06 3.651491019607731e-07
12000 1.0000020000111023e-06 3.6514910196077315e-07
12010 3.3333400001110226e-07 2.981429932822834e-07
12020 1.000002e-06 3.651491019668541e-07
12030 6.666680000111022e-07 3.651491019628001e-07
12040 6.666680000055511e-07 3.6514910196482715e-07
12050 1.3333360000000002e-06 2.9814299328476596e-07
12060 1.000002e-06 3.651491019668541e-07
12070 3.333340000055511e-07 2.9814299328352464e-07
12080 1.3333360000000002e-06 2.9814299328476596e-07
12090 1.0000020000055513e-06 3.6514910196381357e-07
12100 1.0000020000055513e-06 3.6514910196381357e-07
12110 6.666680000000001e-07 3.651491019668541e-07
12120 6.666680000111022e-07 3.651491019628001e-07
12130 3.3333400001110226e-07 2.981429932822834e-07
12140 6.666680000166534e-07 3.6514910196077315e-07
12150 3.333340000055511e-07 2.981429932835247e-07
12160 6.666680000000001e-07 3.651491019668541e-07
12170 1.66667e-06 0.0
12180 1.3333360000055512e-06 2.9814299327980087e-07
12190 3.3333400001110226e-07 2.981429932822834e-07
12200 6.666680000055511e-07 3.6514910196482715e-07
12210 1.000002e-06 3.651491019668541e-07
12220 3.3333400001110226e-07 2.981429932822834e-07
12230 1.000002e-06 3.651491019668541e-07
12240 6.666680000111022e-07 3.651491019628001e-07
12250 1.0000020000055513e-06 3.6514910196381357e-07
12260 1.0000020000055513e-06 3.6514910196381357e-07
12270 1.3333360000055512e-06 2.9814299327980087e-07
12280 1.000002e-06 3.651491019668541e-07
12290 1.3333360000055512e-06 2.9814299327980087e-07
12300 1.000002e-06 3.651491019668541e-07
12310 6.666680000111022e-07 3.651491019628001e-07
12320 6.666680000111022e-07 3.651491019628001e-07
12330 6.666680000166534e-07 3.651491019607731e-07
12340 1.66667e-06 0.0
12350 1.3333360000000002e-06 2.9814299328476596e-07
12360 1.0000020000111023e-06 3.6514910196077315e-07
12370 1.000002e-06 3.651491019668541e-07
12380 3.3333400000000004e-07 2.9814299328476596e-07
12390 6.666680000000001e-07 3.651491019668541e-07
12400 6.666680000055511e-07 3.6514910196482715e-07
12410 6.666680000111022e-07 3.651491019628001e-07
12420 6.666680000111022e-07 3.651491019628001e-07
12430 1.0000020000055513e-06 3.6514910196381357e-07
12440 1.3333360000055512e-06 2.9814299327980087e-07
12450 6.666680000111022e-07 3.651491019628001e-07
12460 6.666680000055511e-07 3.6514910196482715e-07
12470 6.666680000111022e-07 3.651491019628001e-07
12480 1.000002e-06 3.651491019668541e-07
12490 1.3333360000000002e-06 2.9814299328476596e-07
12500 1.66667e-06 0.0
12510 2.2204479999999997e-17 4.965072668503453e-18
12520 1.000002e-06 3.651491019668541e-07
12530 1.000002e-06 3.651491019668541e-07
12540 6.666680000111022e-07 3.651491019628001e-07
12550 1.0000020000055513e-06 3.6514910196381357e-07
12560 1.3333360000055512e-06 2.9814299327980087e-07
12570 1.0000020000111023e-06 3.6514910196077315e-07
12580 1.0000020000111023e-06 3.651491019607731e-07
12590 1.0000020000055513e-06 3.6514910196381357e-07
12600 3.3333400001110226e-07 2.981429932822834e-07
12610 1.3333360000000002e-06 2.9814299328476596e-07
12620 3.3333400001665334e-07 2.981429932810421e-07
12630 3.3333400000000004e-07 2.9814299328476596e-07
12640 1.665336e-17 6.080947286836155e-18
12650 6.666680000111022e-07 3.651491019628001e-07
12660 1.000002e-06 3.651491019668541e-07
12670 6.666680000111022e-07 3.651491019628001e-07
12680 6.666680000055511e-07 3.6514910196482715e-07
12690 1.000002e-06 3.651491019668541e-07
12700 1.0000020000111023e-06 3.651491019607731e-07
12710 6.666680000166534e-07 3.651491019607731e-07
12720 1.0000020000111023e-06 3.651491019607731e-07
12730 1.0000020000055513e-06 3.6514910196381357e-07
12740 6.666680000000001e-07 3.651491019668541e-07
12750 1.3333360000000002e-06 2.9814299328476596e-07
12760 6.666680000055511e-07 3.6514910196482715e-07
12770 3.3333400001110226e-07 2.981429932822834e-07
12780 6.666680000111022e-07 3.651491019628001e-07
12790 1.3333360000000002e-06 2.9814299328476596e-07
12800 1.000002e-06 3.651491019668541e-07
12810 1.000002e-06 3.651491019668541e-07
12820 1.3333360000000002e-06 2.9814299328476596e-07
12830 6.666680000111022e-07 3.651491019628001e-07
12840 1.000002e-06 3.651491019668541e-07
12850 3.3333400000000004e-07 2.9814299328476596e-07
12860 1.3333360000055512e-06 2.9814299327980087e-07
12870 1.3333360000000002e-06 2.9814299328476596e-07
12880 1.0000020000055513e-06 3.6514910196381357e-07
12890 1.0000020000055513e-06 3.6514910196381357e-07
12900 3.333340000055511e-07 2.9814299328352464e-07
12910 6.666680000055511e-07 3.6514910196482715e-07
12920 1.3333360000000002e-06 2.9814299328476596e-07
12930 1.000002e-06 3.651491019668541e-07
12940 1.3333360000055512e-06 2.9814299327980087e-07
12950 3.3333400001665334e-07 2.981429932810421e-07
12960 1.66667e-06 0.0
12970 1.3333360000000002e-06 2.9814299328476596e-07
12980 1.000002e-06 3.651491019668541e-07
12990 3.3333400000000004e-07 2.9814299328476596e-07
13000 6.666680000055511e-07 3.6514910196482715e-07
13010 1.3333360000055512e-06 2.9814299327980087e-07
13020 1.0000020000055513e-06 3.6514910196381357e-07
13030 1.3333360000055512e-06 2.9814299327980087e-07
13040 1.000002e-06 3.651491019668541e-07
13050 6.666680000111022e-07 3.651491019628001e-07
13060 6.666680000055511e-07 3.6514910196482715e-07
13070 6.666680000055511e-07 3.6514910196482715e-07
13080 3.3333400001110226e-07 2.981429932822834e-07
13090 0.02000000000000001 0.017888543819998316
13100 1.66667e-06 0.0
13110 1.0000020000055513e-06 3.6514910196381357e-07
13120 0.020000733334000004 0.017888827057455602
13130 1.000002e-06 3.651491019668541e-07
13140 3.3333400001110226e-07 2.981429932822834e-07
13150 6.666680000000001e-07 3.651491019668541e-07
13160 3.333340000055511e-07 2.9814299328352464e-07
13170 6.666680000000001e-07 3.651491019668541e-07
13180 6.666680000055511e-07 3.6514910196482715e-07
13190 3.3333400001110226e-07 2.981429932822834e-07
13200 6.666680000055511e-07 3.6514910196482715e-07
13210 3.3333400001110226e-07 2.981429932822834e-07
13220 3.3333400001110226e-07 2.981429932822834e-07
13230 6.666680000055511e-07 3.6514910196482715e-07
13240 6.666680000111022e-07 3.651491019628001e-07
13250 6.666680000000001e-07 3.651491019668541e-07
13260 1.000002e-06 3.651491019668541e-07
13270 1.000002e-06 3.651491019668541e-07
13280 3.3333400001665334e-07 2.981429932810421e-07
13290 1.3333360000000002e-06 2.9814299328476596e-07
13300 1.0000020000111023e-06 3.651491019607731e-07
13310 1.0000020000055513e-06 3.6514910196381357e-07
13320 1.3333360000000002e-06 2.9814299328476596e-07
13330 1.0000020000111023e-06 3.6514910196077315e-07
13340 1.000002e-06 3.651491019668541e-07
13350 6.666680000000001e-07 3.651491019668541e-07
13360 6.666680000111022e-07 3.651491019628001e-07
13370 1.0000020000111023e-06 3.6514910196077315e-07
13380 1.665336e-17 6.0809472868361544e-18
13390 6.666680000055511e-07 3.6514910196482715e-07
13400 1.3333360000000002e-06 2.9814299328476596e-07
13410 1.0000020000111023e-06 3.651491019607731e-07
13420 1.3333360000055512e-06 2.9814299327980087e-07
13430 1.000002e-06 3.651491019668541e-07
13440 6.666680000055511e-07 3.6514910196482715e-07
13450 6.666680000055511e-07 3.6514910196482715e-07
13460 6.666680000166534e-07 3.6514910196077315e-07
13470 1.000002e-06 3.651491019668541e-07
13480 1.000002e-06 3.651491019668541e-07
13490 1.0000020000111023e-06 3.651491019607731e-07
13500 1.0000020000111023e-06 3.651491019607731e-07
13510 1.3333360000055512e-06 2.9814299327980087e-07
13520 3.3333400001110226e-07 2.981429932822834e-07
13530 1.3333360000055512e-06 2.9814299327980087e-07
13540 6.666680000055511e-07 3.6514910196482715e-07
13550 1.0000020000055513e-06 3.6514910196381357e-07
13560 6.666680000055511e-07 3.6514910196482715e-07
13570 1.0000020000055513e-06 3.6514910196381357e-07
13580 1.0000020000111023e-06 3.651491019607731e-07
13590 1.3333360000000002e-06 2.9814299328476596e-07
13600 1.0000020000055513e-06 3.6514910196381357e-07
13610 6.666680000055511e-07 3.6514910196482715e-07
13620 1.3333360000000002e-06 2.9814299328476596e-07
13630 1.0000020000111023e-06 3.651491019607731e-07
13640 3.3333400001665334e-07 2.9814299328104214e-07
13650 1.0000020000055513e-06 3.6514910196381357e-07
13660 6.666680000055511e-07 3.6514910196482715e-07
13670 1.0000020000111023e-06 3.6514910196077315e-07
13680 6.666680000000001e-07 3.651491019668541e-07
13690 6.666680000055511e-07 3.6514910196482715e-07
13700 6.666680000000001e-07 3.651491019668541e-07
13710 1.66667e-06 0.0
13720 1.3333360000055512e-06 2.9814299327980087e-07
13730 1.0000020000055513e-06 3.6514910196381357e-07
13740 6.666680000055511e-07 3.6514910196482715e-07
13750 3.3333400001110226e-07 2.981429932822834e-07
13760 6.666680000055511e-07 3.6514910196482715e-07
13770 6.666680000111022e-07 3.651491019628001e-07
13780 6.666680000055511e-07 3.6514910196482715e-07
13790 1.3333360000000002e-06 2.9814299328476596e-07
13800 6.666680000111022e-07 3.651491019628001e-07
13810 1.3333360000000002e-06 2.9814299328476596e-07
13820 1.000002e-06 3.651491019668541e-07
13830 1.000002e-06 3.651491019668541e-07
13840 1.0000020000055513e-06 3.6514910196381357e-07
13850 1.3333360000000002e-06 2.9814299328476596e-07
13860 6.666680000000001e-07 3.651491019668541e-07
13870 1.1102239999999998e-17 6.0809472868361544e-18
13880 6.666680000111022e-07 3.651491019628001e-07
13890 1.3333360000000002e-06 2.9814299328476596e-07
13900 1.3333360000055512e-06 2.9814299327980087e-07
13910 1.3333360000000002e-06 2.9814299328476596e-07
13920 1.66667e-06 0.0
13930 3.3333400001665334e-07 2.9814299328104214e-07
13940 1.0000020000055513e-06 3.6514910196381357e-07
13950 1.0000020000055513e-06 3.6514910196381357e-07
13960 3.333340000055511e-07 2.981429932835247e-07
13970 6.666680000111022e-07 3.651491019628001e-07
13980 0.020001000002 0.017888320215082628
13990 0.020001400001999996 0.01788867798595898
14000 6.666680000055511e-07 3.6514910196482715e-07
14010 3.3333400001110226e-07 2.981429932822834e-07
14020 1.0000020000055513e-06 3.6514910196381357e-07
14030 6.666680000055511e-07 3.6514910196482715e-07
14040 1.000002e-06 3.651491019668541e-07
14050 1.0000020000111023e-06 3.651491019607731e-07
14060 1.0000020000055513e-06 3.6514910196381357e-07
14070 3.3333400001110226e-07 2.981429932822834e-07
14080 1.0000020000055513e-06 3.6514910196381357e-07
14090 3.333340000055511e-07 2.981429932835247e-07
14100 6.666680000055511e-07 3.6514910196482715e-07
14110 1.0000020000055513e-06 3.6514910196381357e-07
14120 1.0000020000055513e-06 3.6514910196381357e-07
14130 3.3333400001665334e-07 2.9814299328104214e-07
14140 1.0000020000055513e-06 3.6514910196381357e-07
14150 0.02000040000000001 0.017888901590874712
14160 0.020000733334000008 0.017888827057455602
14170 1.000002e-06 3.651491019668541e-07
14180 1.0000020000055513e-06 3.6514910196381357e-07
14190 6.666680000055511e-07 3.6514910196482715e-07
14200 1.665336e-17 6.0809472868361544e-18
14210 6.666680000111022e-07 3.651491019628001e-07
14220 6.666680000166534e-07 3.651491019607731e-07
14230 1.0000020000055513e-06 3.6514910196381357e-07
14240 1.3333360000055512e-06 2.9814299327980087e-07
14250 6.666680000111022e-07 3.651491019628001e-07
14260 6.666680000055511e-07 3.6514910196482715e-07
14270 0.020000666668 0.01788839475160736
14280 0.020000733334000004 0.017888827057455602
14290 1.000002e-06 3.651491019668541e-07
14300 0.020000666668000006 0.01788839475160736
14310 0.02000033333400001 0.017888469286579254
14320 1.0000020000055513e-06 3.6514910196381357e-07
14330 0.020001066668000004 0.0178887525224837
14340 0.020000733333999998 0.017888827057455602
14350 0.020000333334000007 0.017888469286579254
14360 1.000002e-06 3.651491019668541e-07
14370 0.020000666668000006 0.01788839475160736
14380 0.02000040000000001 0.017888901590874712
14390 1.3333360000055512e-06 2.9814299327980087e-07
14400 1.0000020000055513e-06 3.6514910196381357e-07
14410 1.000002e-06 3.651491019668541e-07
14420 1.0000020000055513e-06 3.6514910196381357e-07
14430 1.3333360000055512e-06 2.9814299327980087e-07
14440 6.666680000055511e-07 3.6514910196482715e-07
14450 6.666680000111022e-07 3.651491019628001e-07
14460 6.666680000055511e-07 3.6514910196482715e-07
14470 3.3333400000000004e-07 2.9814299328476596e-07
14480 1.0000020000055513e-06 3.6514910196381357e-07
14490 6.666680000055511e-07 3.6514910196482715e-07
14500 0.020000666668000006 0.01788839475160736
14510 1.0000020000055513e-06 3.6514910196381357e-07
14520 1.0000020000055513e-06 3.6514910196381357e-07
14530 6.666680000166534e-07 3.651491019607731e-07
14540 1.000002e-06 3.651491019668541e-07
14550 2.2204479999999997e-17 4.965072668503452e-18
14560 6.666680000055511e-07 3.6514910196482715e-07
14570 6.666680000000001e-07 3.651491019668541e-07
14580 1.000002e-06 3.651491019668541e-07
14590 1.000002e-06 3.651491019668541e-07
14600 0.020001400001999996 0.01788867798595898
14610 1.3333360000055512e-06 2.9814299327980087e-07
14620 0.020001000002 0.017888320215082628
14630 0.020001066668000007 0.017888752522483696
14640 0.020001000002000006 0.017888320215082628
14650 6.666680000166534e-07 3.6514910196077315e-07
14660 6.666680000055511e-07 3.6514910196482715e-07
14670 0.020000733334000008 0.017888827057455602
14680 6.666680000000001e-07 3.651491019668541e-07
14690 1.3333360000000002e-06 2.9814299328476596e-07
14700 6.666680000111022e-07 3.651491019628001e-07
14710 1.3333360000000002e-06 2.9814299328476596e-07
14720 1.0000020000055513e-06 3.6514910196381357e-07
14730 3.3333400001110226e-07 2.981429932822834e-07
14740 6.666680000055511e-07 3.6514910196482715e-07
14750 6.666680000055511e-07 3.6514910196482715e-07
14760 1.0000020000055513e-06 3.6514910196381357e-07
14770 1.3333360000055512e-06 2.9814299327980087e-07
14780 1.0000020000055513e-06 3.6514910196381357e-07
14790 1.3333360000000002e-06 2.9814299328476596e-07
14800 6.666680000055511e-07 3.6514910196482715e-07
14810 1.0000020000055513e-06 3.6514910196381357e-07
14820 1.0000020000055513e-06 3.6514910196381357e-07
14830 1.0000020000111023e-06 3.651491019607731e-07
14840 6.666680000166534e-07 3.651491019607731e-07
14850 1.0000020000111023e-06 3.6514910196077315e-07
14860 1.3333360000055512e-06 2.9814299327980087e-07
14870 3.3333400001665334e-07 2.981429932810421e-07
14880 1.0000020000055513e-06 3.6514910196381357e-07
14890 6.666680000055511e-07 3.6514910196482715e-07
14900 3.333340000055511e-07 2.981429932835247e-07
14910 1.3333360000055512e-06 2.9814299327980087e-07
14920 1.0000020000111023e-06 3.651491019607731e-07
14930 1.000002e-06 3.651491019668541e-07
14940 6.666680000055511e-07 3.6514910196482715e-07
14950 1.3333360000000002e-06 2.9814299328476596e-07
14960 6.666680000000001e-07 3.651491019668541e-07
14970 1.3333360000055512e-06 2.9814299327980087e-07
14980 1.000002e-06 3.651491019668541e-07
14990 3.3333400001110226e-07 2.981429932822834e-07
15000 1.0000020000055513e-06 3.6514910196381357e-07
15010 5.551119999999999e-18 4.965072668503452e-18
15020 1.3333360000055512e-06 2.9814299327980087e-07
15030 1.3333360000055512e-06 2.9814299327980087e-07
15040 6.666680000000001e-07 3.651491019668541e-07
15050 1.0000020000111023e-06 3.651491019607731e-07
15060 1.0000020000055513e-06 3.6514910196381357e-07
15070 1.66667e-06 0.0
15080 0.020000666668000006 0.01788839475160736
15090 1.3333360000000002e-06 2.9814299328476596e-07
15100 3.3333400000000004e-07 2.9814299328476596e-07
15110 6.666680000055511e-07 3.6514910196482715e-07
15120 6.666680000111022e-07 3.651491019628001e-07
15130 1.0000020000055513e-06 3.6514910196381357e-07
15140 6.666680000111022e-07 3.651491019628001e-07
15150 6.666680000055511e-07 3.6514910196482715e-07
15160 1.0000020000055513e-06 3.6514910196381357e-07
15170 1.000002e-06 3.651491019668541e-07
15180 1.0000020000055513e-06 3.6514910196381357e-07
15190 1.3333360000055512e-06 2.9814299327980087e-07
15200 6.666680000166534e-07 3.651491019607731e-07
15210 1.3333360000000002e-06 2.9814299328476596e-07
15220 1.3333360000000002e-06 2.9814299328476596e-07
15230 1.3333360000055512e-06 2.9814299327980087e-07
15240 1.0000020000055513e-06 3.6514910196381357e-07
15250 1.0000020000111023e-06 3.6514910196077315e-07
15260 6.666680000055511e-07 3.6514910196482715e-07
15270 1.3333360000000002e-06 2.9814299328476596e-07
15280 0.020001400002000007 0.017888677985958983
15290 1.0000020000111023e-06 3.651491019607731e-07
15300 6.666680000111022e-07 3.651491019628001e-07
15310 0.020001400002 0.017888677985958983
15320 1.0000020000111023e-06 3.651491019607731e-07
15330 1.3333360000000002e-06 2.9814299328476596e-07
15340 0.020000733334000004 0.017888827057455602
15350 0.020000733334000008 0.017888827057455602
15360 3.333340000055511e-07 2.981429932835247e-07
15370 1.3333360000000002e-06 2.9814299328476596e-07
15380 1.000002e-06 3.651491019668541e-07
15390 6.666680000000001e-07 3.651491019668541e-07
15400 3.3333400001110226e-07 2.981429932822834e-07
15410 6.666680000055511e-07 3.6514910196482715e-07
15420 0.020001066668000007 0.0178887525224837
15430 1.0000020000111023e-06 3.6514910196077315e-07
15440 6.666680000000001e-07 3.651491019668541e-07
15450 1.0000020000111023e-06 3.651491019607731e-07
15460 1.0000020000055513e-06 3.6514910196381357e-07
15470 1.0000020000055513e-06 3.6514910196381357e-07
15480 1.0000020000055513e-06 3.6514910196381357e-07
15490 6.666680000055511e-07 3.6514910196482715e-07
15500 6.666680000111022e-07 3.651491019628001e-07
15510 6.666680000055511e-07 3.6514910196482715e-07
15520 6.666680000055511e-07 3.6514910196482715e-07
15530 1.3333360000055512e-06 2.9814299327980087e-07
15540 1.0000020000055513e-06 3.6514910196381357e-07
15550 1.3333360000000002e-06 2.9814299328476596e-07
15560 1.000002e-06 3.651491019668541e-07
15570 1.3333360000055512e-06 2.9814299327980087e-07
15580 1.0000020000055513e-06 3.6514910196381357e-07
15590 1.0000020000055513e-06 3.6514910196381357e-07
15600 6.666680000000001e-07 3.651491019668541e-07
15610 6.666680000111022e-07 3.651491019628001e-07
15620 6.666680000000001e-07 3.651491019668541e-07
15630 1.0000020000055513e-06 3.6514910196381357e-07
15640 0.020001000002 0.017888320215082628
15650 0.020000666668000006 0.01788839475160736
15660 6.666680000055511e-07 3.6514910196482715e-07
15670 1.0000020000111023e-06 3.651491019607731e-07
15680 1.0000020000055513e-06 3.6514910196381357e-07
15690 1.0000020000055513e-06 3.6514910196381357e-07
15700 1.3333360000000002e-06 2.9814299328476596e-07
15710 6.666680000000001e-07 3.651491019668541e-07
15720 1.000002e-06 3.651491019668541e-07
15730 1.3333360000055512e-06 2.9814299327980087e-07
15740 6.666680000166534e-07 3.651491019607731e-07
15750 1.0000020000111023e-06 3.6514910196077315e-07
15760 1.3333360000000002e-06 2.9814299328476596e-07
15770 6.666680000111022e-07 3.651491019628001e-07
15780 1.000002e-06 3.651491019668541e-07
15790 1.3333360000055512e-06 2.9814299327980087e-07
15800 1.0000020000111023e-06 3.6514910196077315e-07
15810 1.000002e-06 3.651491019668541e-07
15820 1.0000020000055513e-06 3.6514910196381357e-07
15830 1.000002e-06 3.651491019668541e-07
15840 1.0000020000055513e-06 3.6514910196381357e-07
15850 1.000002e-06 3.651491019668541e-07
15860 1.000002e-06 3.651491019668541e-07
15870 1.66667e-06 0.0
15880 1.0000020000055513e-06 3.6514910196381357e-07
15890 1.0000020000055513e-06 3.6514910196381357e-07
15900 1.3333360000055512e-06 2.9814299327980087e-07
15910 1.3333360000055512e-06 2.9814299327980087e-07
15920 1.0000020000055513e-06 3.6514910196381357e-07
15930 1.3333360000000002e-06 2.9814299328476596e-07
15940 1.3333360000000002e-06 2.9814299328476596e-07
15950 1.0000020000055513e-06 3.6514910196381357e-07
15960 1.66667e-06 0.0
15970 0.020001400002 0.017888677985958983
15980 6.666680000111022e-07 3.651491019628001e-07
15990 6.666680000000001e-07 3.651491019668541e-07
16000 1.3333360000055512e-06 2.9814299327980087e-07
16010 6.666680000000001e-07 3.651491019668541e-07
16020 1.000002e-06 3.651491019668541e-07
16030 6.666680000055511e-07 3.6514910196482715e-07
16040 1.000002e-06 3.651491019668541e-07
16050 1.0000020000055513e-06 3.6514910196381357e-07
16060 6.666680000111022e-07 3.651491019628001e-07
16070 1.0000020000111023e-06 3.651491019607731e-07
16080 6.666680000000001e-07 3.651491019668541e-07
16090 1.0000020000055513e-06 3.6514910196381357e-07
16100 3.3333400001110226e-07 2.981429932822834e-07
16110 1.0000020000055513e-06 3.6514910196381357e-07
16120 1.665336e-17 6.080947286836155e-18
16130 3.3333400001665334e-07 2.981429932810421e-07
16140 1.3333360000000002e-06 2.9814299328476596e-07
16150 1.000002e-06 3.651491019668541e-07
16160 3.3333400001110226e-07 2.981429932822834e-07
16170 1.0000020000055513e-06 3.6514910196381357e-07
16180 3.333340000055511e-07 2.981429932835247e-07
16190 1.3333360000055512e-06 2.9814299327980087e-07
16200 1.0000020000055513e-06 3.6514910196381357e-07
16210 1.3333360000000002e-06 2.9814299328476596e-07
16220 0.020001000002 0.017888320215082628
16230 1.000002e-06 3.651491019668541e-07
16240 1.000002e-06 3.651491019668541e-07
16250 1.0000020000055513e-06 3.6514910196381357e-07
16260 0.020001400002000003 0.01788867798595898
16270 0.020000733334000004 0.017888827057455602
16280 6.666680000166534e-07 3.651491019607731e-07
16290 1.0000020000055513e-06 3.6514910196381357e-07
16300 6.666680000055511e-07 3.6514910196482715e-07
16310 6.666680000000001e-07 3.651491019668541e-07
16320 1.000002e-06 3.651491019668541e-07
16330 1.0000020000055513e-06 3.6514910196381357e-07
16340 1.3333360000055512e-06 2.9814299327980087e-07
16350 1.665336e-17 6.0809472868361544e-18
16360 1.3333360000055512e-06 2.9814299327980087e-07
16370 1.000002e-06 3.651491019668541e-07
16380 3.3333400001110226e-07 2.981429932822834e-07
16390 1.3333360000000002e-06 2.9814299328476596e-07
16400 1.66667e-06 0.0
16410 0.020001400001999996 0.01788867798595898
16420 1.3333360000000002e-06 2.9814299328476596e-07
16430 0.020001733335999996 0.01788860344788143
16440 1.0000020000111023e-06 3.6514910196077315e-07
16450 1.3333360000000002e-06 2.9814299328476596e-07
16460 1.0000020000111023e-06 3.651491019607731e-07
16470 1.0000020000111023e-06 3.6514910196077315e-07
16480 1.66667e-06 0.0
16490 6.666680000000001e-07 3.651491019668541e-07
16500 0.020001066668000004 0.0178887525224837
16510 1.000002e-06 3.651491019668541e-07
16520 0.020001733335999996 0.01788860344788143
16530 0.02000066666800001 0.017888394751607358
16540 1.0000020000055513e-06 3.6514910196381357e-07
16550 1.0000020000055513e-06 3.6514910196381357e-07
16560 1.3333360000000002e-06 2.9814299328476596e-07
16570 6.666680000000001e-07 3.651491019668541e-07
16580 3.3333400001110226e-07 2.981429932822834e-07
16590 1.66667e-06 0.0
16600 0.020000333334000007 0.017888469286579254
16610 1.0000020000055513e-06 3.6514910196381357e-07
16620 6.666680000055511e-07 3.6514910196482715e-07
16630 1.0000020000055513e-06 3.6514910196381357e-07
16640 6.666680000166534e-07 3.6514910196077315e-07
16650 6.666680000111022e-07 3.651491019628001e-07
16660 1.0000020000055513e-06 3.6514910196381357e-07
16670 1.66667e-06 0.0
16680 6.666680000111022e-07 3.651491019628001e-07
16690 6.666680000111022e-07 3.651491019628001e-07
16700 1.3333360000055512e-06 2.9814299327980087e-07
16710 1.0000020000055513e-06 3.6514910196381357e-07
16720 1.3333360000000002e-06 2.9814299328476596e-07
16730 1.0000020000055513e-06 3.6514910196381357e-07
16740 6.666680000111022e-07 3.651491019628001e-07
16750 1.3333360000000002e-06 2.9814299328476596e-07
16760 1.3333360000000002e-06 2.9814299328476596e-07
16770 1.0000020000055513e-06 3.6514910196381357e-07
16780 1.3333360000055512e-06 2.9814299327980087e-07
16790 1.0000020000111023e-06 3.651491019607731e-07
16800 1.66667e-06 0.0
16810 1.0000020000055513e-06 3.6514910196381357e-07
16820 6.666680000111022e-07 3.651491019628001e-07
16830 6.666680000055511e-07 3.6514910196482715e-07
16840 1.66667e-06 0.0
16850 1.3333360000055512e-06 2.9814299327980087e-07
16860 1.66667e-06 0.0
16870 1.0000020000055513e-06 3.6514910196381357e-07
16880 1.3333360000055512e-06 2.9814299327980087e-07
16890 1.000002e-06 3.651491019668541e-07
16900 1.000002e-06 3.651491019668541e-07
16910 6.666680000055511e-07 3.6514910196482715e-07
16920 1.0000020000055513e-06 3.6514910196381357e-07
16930 3.3333400001110226e-07 2.981429932822834e-07
16940 1.3333360000055512e-06 2.9814299327980087e-07
16950 1.000002e-06 3.651491019668541e-07
16960 1.3333360000000002e-06 2.9814299328476596e-07
16970 1.0000020000055513e-06 3.6514910196381357e-07
16980 6.666680000111022e-07 3.651491019628001e-07
16990 1.0000020000055513e-06 3.6514910196381357e-07
17000 1.000002e-06 3.651491019668541e-07
17010 1.0000020000111023e-06 3.6514910196077315e-07
17020 6.666680000111022e-07 3.651491019628001e-07
17030 1.0000020000111023e-06 3.651491019607731e-07
17040 3.333340000222045e-07 2.9814299327980087e-07
17050 1.0000020000055513e-06 3.6514910196381357e-07
17060 1.0000020000111023e-06 3.6514910196077315e-07
17070 6.666680000055511e-07 3.6514910196482715e-07
17080 1.3333360000055512e-06 2.9814299327980087e-07
17090 6.666680000055511e-07 3.6514910196482715e-07
17100 6.666680000111022e-07 3.651491019628001e-07
17110 1.3333360000000002e-06 2.9814299328476596e-07
17120 1.0000020000055513e-06 3.6514910196381357e-07
17130 1.000002e-06 3.651491019668541e-07
17140 1.0000020000055513e-06 3.6514910196381357e-07
17150 1.3333360000000002e-06 2.9814299328476596e-07
17160 6.666680000111022e-07 3.651491019628001e-07
17170 1.0000020000055513e-06 3.6514910196381357e-07
17180 1.3333360000055512e-06 2.9814299327980087e-07
17190 1.3333360000055512e-06 2.9814299327980087e-07
17200 1.3333360000055512e-06 2.9814299327980087e-07
17210 1.3333360000000002e-06 2.9814299328476596e-07
17220 6.666680000166534e-07 3.651491019607731e-07
17230 0.02000066666800001 0.017888394751607358
17240 6.666680000111022e-07 3.651491019628001e-07
17250 0.020001400002000007 0.017888677985958983
17260 1.3333360000000002e-06 2.9814299328476596e-07
17270 1.3333360000055512e-06 2.9814299327980087e-07
17280 1.66667e-06 0.0
17290 1.0000020000055513e-06 3.6514910196381357e-07
17300 3.3333400001110226e-07 2.981429932822834e-07
17310 0.020001400002 0.017888677985958983
17320 1.000002e-06 3.651491019668541e-07
17330 1.3333360000000002e-06 2.9814299328476596e-07
17340 1.000002e-06 3.651491019668541e-07
17350 6.666680000166534e-07 3.651491019607731e-07
17360 0.020001066668000007 0.017888752522483696
17370 1.0000020000055513e-06 3.6514910196381357e-07
17380 6.666680000111022e-07 3.651491019628001e-07
17390 1.3333360000055512e-06 2.9814299327980087e-07
17400 1.000002e-06 3.651491019668541e-07
17410 6.666680000055511e-07 3.6514910196482715e-07
17420 1.3333360000055512e-06 2.9814299327980087e-07
17430 1.0000020000111023e-06 3.651491019607731e-07
17440 1.0000020000055513e-06 3.6514910196381357e-07
17450 6.666680000055511e-07 3.6514910196482715e-07
17460 1.0000020000055513e-06 3.6514910196381357e-07
17470 3.333340000055511e-07 2.981429932835247e-07
17480 1.0000020000111023e-06 3.6514910196077315e-07
17490 1.0000020000055513e-06 3.6514910196381357e-07
17500 1.000002e-06 3.651491019668541e-07
17510 6.666680000111022e-07 3.651491019628001e-07
17520 3.333340000055511e-07 2.981429932835247e-07
17530 1.3333360000000002e-06 2.9814299328476596e-07
17540 1.000002e-06 3.651491019668541e-07
17550 1.0000020000055513e-06 3.6514910196381357e-07
17560 6.666680000055511e-07 3.6514910196482715e-07
17570 1.0000020000055513e-06 3.6514910196381357e-07
17580 1.3333360000055512e-06 2.9814299327980087e-07
17590 1.0000020000111023e-06 3.6514910196077315e-07
17600 1.0000020000055513e-06 3.6514910196381357e-07
17610 1.0000020000055513e-06 3.6514910196381357e-07
17620 1.3333360000000002e-06 2.9814299328476596e-07
17630 1.000002e-06 3.651491019668541e-07
17640 1.0000020000055513e-06 3.6514910196381357e-07
17650 1.3333360000055512e-06 2.9814299327980087e-07
17660 1.3333360000000002e-06 2.9814299328476596e-07
17670 1.0000020000111023e-06 3.651491019607731e-07
17680 1.0000020000055513e-06 3.6514910196381357e-07
17690 0.020000733334000008 0.017888827057455602
17700 6.666680000166534e-07 3.651491019607731e-07
17710 6.666680000055511e-07 3.6514910196482715e-07
17720 3.333340000055511e-07 2.981429932835247e-07
17730 1.3333360000000002e-06 2.9814299328476596e-07
17740 6.666680000111022e-07 3.651491019628001e-07
17750 1.66667e-06 0.0
17760 1.3333360000000002e-06 2.9814299328476596e-07
17770 1.3333360000000002e-06 2.9814299328476596e-07
17780 1.3333360000055512e-06 2.9814299327980087e-07
17790 1.3333360000000002e-06 2.9814299328476596e-07
17800 1.3333360000000002e-06 2.9814299328476596e-07
17810 6.666680000055511e-07 3.6514910196482715e-07
17820 1.66667e-06 0.0
17830 1.0000020000055513e-06 3.6514910196381357e-07
17840 1.0000020000055513e-06 3.6514910196381357e-07
17850 1.3333360000055512e-06 2.9814299327980087e-07
17860 0.020001333336000002 0.017888245677005032
17870 0.020000333334000007 0.017888469286579254
17880 0.020001066668000004 0.0178887525224837
17890 1.3333360000055512e-06 2.9814299327980087e-07
17900 1.66667e-06 0.0
17910 6.666680000055511e-07 3.6514910196482715e-07
17920 3.333340000055511e-07 2.981429932835247e-07
17930 1.665336e-17 6.0809472868361544e-18
17940 1.0000020000055513e-06 3.6514910196381357e-07
17950 1.3333360000000002e-06 2.9814299328476596e-07
17960 1.3333360000000002e-06 2.9814299328476596e-07
17970 6.666680000111022e-07 3.651491019628001e-07
17980 3.3333400001665334e-07 2.9814299328104214e-07
17990 6.666680000111022e-07 3.651491019628001e-07
18000 1.0000020000111023e-06 3.651491019607731e-07
18010 1.0000020000055513e-06 3.6514910196381357e-07
18020 1.3333360000055512e-06 2.9814299327980087e-07
18030 1.000002e-06 3.651491019668541e-07
18040 0.020001066667999997 0.0178887525224837
18050 1.3333360000000002e-06 2.9814299328476596e-07
18060 1.3333360000055512e-06 2.9814299327980087e-07
18070 3.3333400001110226e-07 2.981429932822834e-07
18080 1.0000020000055513e-06 3.6514910196381357e-07
18090 6.666680000111022e-07 3.651491019628001e-07
18100 1.3333360000000002e-06 2.9814299328476596e-07
18110 6.666680000111022e-07 3.651491019628001e-07
18120 1.0000020000111023e-06 3.651491019607731e-07
18130 1.0000020000111023e-06 3.651491019607731e-07
18140 1.0000020000055513e-06 3.6514910196381357e-07
18150 1.0000020000111023e-06 3.6514910196077315e-07
18160 0.020001066668000004 0.0178887525224837
18170 0.020001066668000004 0.0178887525224837
18180 0.020001066667999997 0.0178887525224837
18190 0.020001400002000007 0.017888677985958983
18200 6.666680000055511e-07 3.6514910196482715e-07
18210 1.000002e-06 3.651491019668541e-07
18220 1.0000020000055513e-06 3.6514910196381357e-07
18230 1.3333360000000002e-06 2.9814299328476596e-07
18240 1.3333360000000002e-06 2.9814299328476596e-07
18250 1.3333360000055512e-06 2.9814299327980087e-07
18260 0.020001066668000004 0.0178887525224837
18270 0.020000733334000004 0.017888827057455602
18280 1.0000020000055513e-06 3.6514910196381357e-07
18290 0.020001400001999996 0.017888677985958983
18300 0.020001066667999997 0.0178887525224837
18310 6.666680000111022e-07 3.651491019628001e-07
18320 6.666680000055511e-07 3.6514910196482715e-07
18330 6.666680000000001e-07 3.651491019668541e-07
18340 1.0000020000111023e-06 3.651491019607731e-07
18350 1.3333360000055512e-06 2.9814299327980087e-07
18360 6.666680000055511e-07 3.6514910196482715e-07
18370 6.666680000111022e-07 3.651491019628001e-07
18380 6.666680000111022e-07 3.651491019628001e-07
18390 6.666680000166534e-07 3.651491019607731e-07
18400 6.666680000166534e-07 3.651491019607731e-07
18410 6.666680000166534e-07 3.651491019607731e-07
18420 1.0000020000055513e-06 3.6514910196381357e-07
18430 1.3333360000000002e-06 2.9814299328476596e-07
18440 1.0000020000111023e-06 3.6514910196077315e-07
18450 1.000002e-06 3.651491019668541e-07
18460 1.0000020000055513e-06 3.6514910196381357e-07
18470 1.0000020000111023e-06 3.651491019607731e-07
18480 6.666680000055511e-07 3.6514910196482715e-07
18490 1.0000020000055513e-06 3.6514910196381357e-07
18500 1.3333360000000002e-06 2.9814299328476596e-07
18510 1.0000020000055513e-06 3.6514910196381357e-07
18520 1.3333360000000002e-06 2.9814299328476596e-07
18530 1.66667e-06 0.0
18540 1.66667e-06 0.0
18550 6.666680000111022e-07 3.651491019628001e-07
18560 3.3333400001665334e-07 2.981429932810421e-07
18570 3.333340000055511e-07 2.9814299328352464e-07
18580 6.666680000000001e-07 3.651491019668541e-07
18590 1.3333360000000002e-06 2.9814299328476596e-07
18600 1.0000020000055513e-06 3.6514910196381357e-07
18610 6.666680000111022e-07 3.651491019628001e-07
18620 1.0000020000111023e-06 3.651491019607731e-07
18630 1.0000020000055513e-06 3.6514910196381357e-07
18640 6.666680000055511e-07 3.6514910196482715e-07
18650 1.3333360000055512e-06 2.9814299327980087e-07
18660 6.666680000111022e-07 3.651491019628001e-07
18670 1.0000020000055513e-06 3.6514910196381357e-07
18680 1.0000020000055513e-06 3.6514910196381357e-07
18690 1.3333360000000002e-06 2.9814299328476596e-07
18700 6.666680000111022e-07 3.651491019628001e-07
18710 3.3333400001665334e-07 2.9814299328104214e-07
18720 1.0000020000111023e-06 3.6514910196077315e-07
18730 1.000002e-06 3.651491019668541e-07
18740 3.333340000055511e-07 2.981429932835247e-07
18750 1.000002e-06 3.651491019668541e-07
18760 6.666680000055511e-07 3.6514910196482715e-07
18770 1.0000020000055513e-06 3.6514910196381357e-07
18780 1.0000020000055513e-06 3.6514910196381357e-07
18790 1.3333360000055512e-06 2.9814299327980087e-07
18800 1.3333360000055512e-06 2.9814299327980087e-07
18810 1.0000020000111023e-06 3.6514910196077315e-07
18820 1.66667e-06 0.0
18830 1.0000020000055513e-06 3.6514910196381357e-07
18840 1.0000020000111023e-06 3.651491019607731e-07
18850 1.3333360000055512e-06 2.9814299327980087e-07
18860 6.666680000055511e-07 3.6514910196482715e-07
18870 6.666680000055511e-07 3.6514910196482715e-07
18880 1.3333360000055512e-06 2.9814299327980087e-07
18890 1.0000020000111023e-06 3.651491019607731e-07
18900 6.666680000055511e-07 3.6514910196482715e-07
18910 1.3333360000000002e-06 2.9814299328476596e-07
18920 6.666680000111022e-07 3.651491019628001e-07
18930 6.666680000055511e-07 3.6514910196482715e-07
18940 1.3333360000055512e-06 2.9814299327980087e-07
18950 1.66667e-06 0.0
18960 6.666680000055511e-07 3.6514910196482715e-07
18970 6.666680000055511e-07 3.6514910196482715e-07
18980 1.0000020000111023e-06 3.6514910196077315e-07
18990 6.666680000111022e-07 3.651491019628001e-07
19000 6.666680000111022e-07 3.651491019628001e-07
19010 1.3333360000055512e-06 2.9814299327980087e-07
19020 1.000002e-06 3.651491019668541e-07
19030 6.666680000111022e-07 3.651491019628001e-07
19040 1.3333360000000002e-06 2.9814299328476596e-07
19050 3.333340000055511e-07 2.9814299328352464e-07
19060 1.3333360000000002e-06 2.9814299328476596e-07
19070 3.3333400001110226e-07 2.981429932822834e-07
19080 1.0000020000055513e-06 3.6514910196381357e-07
19090 6.666680000111022e-07 3.651491019628001e-07
19100 1.3333360000000002e-06 2.9814299328476596e-07
19110 3.333340000055511e-07 2.981429932835247e-07
19120 1.3333360000055512e-06 2.9814299327980087e-07
19130 6.666680000055511e-07 3.6514910196482715e-07
19140 6.666680000166534e-07 3.6514910196077315e-07
19150 6.666680000111022e-07 3.651491019628001e-07
19160 6.666680000000001e-07 3.651491019668541e-07
19170 1.3333360000000002e-06 2.9814299328476596e-07
19180 1.0000020000055513e-06 3.6514910196381357e-07
19190 6.666680000000001e-07 3.651491019668541e-07
19200 1.000002e-06 3.651491019668541e-07
19210 1.000002e-06 3.651491019668541e-07
19220 1.0000020000111023e-06 3.6514910196077315e-07
19230 1.3333360000000002e-06 2.9814299328476596e-07
19240 1.0000020000055513e-06 3.6514910196381357e-07
19250 6.666680000166534e-07 3.6514910196077315e-07
19260 6.666680000111022e-07 3.651491019628001e-07
19270 1.000002e-06 3.651491019668541e-07
19280 6.666680000055511e-07 3.6514910196482715e-07
19290 1.0000020000055513e-06 3.6514910196381357e-07
19300 1.0000020000055513e-06 3.6514910196381357e-07
19310 1.0000020000055513e-06 3.6514910196381357e-07
19320 1.000002e-06 3.651491019668541e-07
19330 1.000002e-06 3.651491019668541e-07
19340 1.0000020000055513e-06 3.6514910196381357e-07
19350 1.3333360000055512e-06 2.9814299327980087e-07
19360 6.666680000055511e-07 3.6514910196482715e-07
19370 6.666680000055511e-07 3.6514910196482715e-07
19380 3.3333400001110226e-07 2.981429932822834e-07
19390 1.000002e-06 3.651491019668541e-07
19400 6.666680000055511e-07 3.6514910196482715e-07
19410 1.66667e-06 0.0
19420 1.3333360000055512e-06 2.9814299327980087e-07
19430 1.0000020000055513e-06 3.6514910196381357e-07
19440 6.666680000111022e-07 3.651491019628001e-07
19450 1.0000020000111023e-06 3.651491019607731e-07
19460 1.3333360000000002e-06 2.9814299328476596e-07
19470 0.020001000002 0.017888320215082628
19480 0.020001400002000003 0.017888677985958983
19490 0.020001733335999996 0.01788860344788143
19500 0.020001333336 0.017888245677005032
19510 1.3333360000000002e-06 2.9814299328476596e-07
19520 1.0000020000055513e-06 3.6514910196381357e-07
19530 1.3333360000000002e-06 2.9814299328476596e-07
19540 3.3333400001665334e-07 2.981429932810421e-07
19550 1.0000020000111023e-06 3.651491019607731e-07
19560 1.3333360000000002e-06 2.9814299328476596e-07
19570 1.0000020000055513e-06 3.6514910196381357e-07
19580 1.3333360000055512e-06 2.9814299327980087e-07
19590 1.000002e-06 3.651491019668541e-07
19600 1.0000020000055513e-06 3.6514910196381357e-07
19610 3.3333400001110226e-07 2.981429932822834e-07
19620 3.3333400001110226e-07 2.981429932822834e-07
19630 1.0000020000055513e-06 3.6514910196381357e-07
19640 1.0000020000111023e-06 3.6514910196077315e-07
19650 6.666680000166534e-07 3.6514910196077315e-07
19660 6.666680000111022e-07 3.651491019628001e-07
19670 1.0000020000055513e-06 3.6514910196381357e-07
19680 1.3333360000000002e-06 2.9814299328476596e-07
19690 1.3333360000000002e-06 2.9814299328476596e-07
19700 1.000002e-06 3.651491019668541e-07
19710 1.0000020000111023e-06 3.6514910196077315e-07
19720 6.666680000000001e-07 3.651491019668541e-07
19730 3.333340000055511e-07 2.9814299328352464e-07
19740 0.020000733334000008 0.017888827057455602
19750 0.020001066668000004 0.0178887525224837
19760 1.0000020000055513e-06 3.6514910196381357e-07
19770 1.3333360000055512e-06 2.9814299327980087e-07
19780 1.000002e-06 3.651491019668541e-07
19790 1.000002e-06 3.651491019668541e-07
19800 1.66667e-06 0.0
19810 6.666680000055511e-07 3.6514910196482715e-07
19820 6.666680000111022e-07 3.651491019628001e-07
19830 1.0000020000111023e-06 3.6514910196077315e-07
19840 6.666680000000001e-07 3.651491019668541e-07
19850 6.666680000055511e-07 3.6514910196482715e-07
19860 1.3333360000055512e-06 2.9814299327980087e-07
19870 1.0000020000055513e-06 3.6514910196381357e-07
19880 1.3333360000000002e-06 2.9814299328476596e-07
19890 1.3333360000055512e-06 2.9814299327980087e-07
19900 6.666680000111022e-07 3.651491019628001e-07
19910 3.3333400001110226e-07 2.981429932822834e-07
19920 1.000002e-06 3.651491019668541e-07
19930 1.0000020000111023e-06 3.651491019607731e-07
19940 1.0000020000055513e-06 3.6514910196381357e-07
19950 3.3333400001110226e-07 2.981429932822834e-07
19960 6.666680000111022e-07 3.651491019628001e-07
19970 6.666680000111022e-07 3.651491019628001e-07
19980 1.0000020000111023e-06 3.651491019607731e-07
19990 6.666680000111022e-07 3.651491019628001e-07
20000 1.0000020000111023e-06 3.651491019607731e-07
20010 6.666680000111022e-07 3.651491019628001e-07
20020 3.333340000055511e-07 2.981429932835247e-07
20030 1.0000020000055513e-06 3.6514910196381357e-07
20040 1.0000020000111023e-06 3.651491019607731e-07
20050 1.000002e-06 3.651491019668541e-07
20060 1.0000020000055513e-06 3.6514910196381357e-07
20070 1.0000020000111023e-06 3.651491019607731e-07
20080 1.3333360000000002e-06 2.9814299328476596e-07
20090 1.0000020000055513e-06 3.6514910196381357e-07
20100 1.0000020000055513e-06 3.6514910196381357e-07
20110 3.333340000055511e-07 2.9814299328352464e-07
20120 1.66667e-06 0.0
20130 6.666680000111022e-07 3.651491019628001e-07
20140 1.000002e-06 3.651491019668541e-07
20150 5.551119999999999e-18 4.965072668503452e-18
20160 6.666680000055511e-07 3.6514910196482715e-07
20170 3.333340000055511e-07 2.9814299328352464e-07
20180 1.0000020000055513e-06 3.6514910196381357e-07
20190 3.3333400000000004e-07 2.9814299328476596e-07
20200 3.333340000055511e-07 2.9814299328352464e-07
20210 1.0000020000111023e-06 3.651491019607731e-07
20220 6.666680000111022e-07 3.651491019628001e-07
20230 1.0000020000111023e-06 3.6514910196077315e-07
20240 1.000002e-06 3.651491019668541e-07
20250 1.3333360000000002e-06 2.9814299328476596e-07
20260 6.666680000111022e-07 3.651491019628001e-07
20270 1.3333360000000002e-06 2.9814299328476596e-07
20280 1.66667e-06 0.0
20290 1.0000020000055513e-06 3.6514910196381357e-07
20300 6.666680000111022e-07 3.651491019628001e-07
20310 1.3333360000055512e-06 2.9814299327980087e-07
20320 6.666680000000001e-07 3.651491019668541e-07
20330 3.333340000055511e-07 2.9814299328352464e-07
20340 1.66667e-06 0.0
20350 1.3333360000055512e-06 2.9814299327980087e-07
20360 6.666680000055511e-07 3.6514910196482715e-07
20370 1.66667e-06 0.0
20380 1.0000020000111023e-06 3.651491019607731e-07
20390 0.020001066668000004 0.0178887525224837
20400 1.66667e-06 0.0
20410 6.666680000055511e-07 3.6514910196482715e-07
20420 1.3333360000000002e-06 2.9814299328476596e-07
20430 0.020001400001999996 0.01788867798595898
20440 1.3333360000000002e-06 2.9814299328476596e-07
20450 6.666680000166534e-07 3.651491019607731e-07
20460 1.0000020000055513e-06 3.6514910196381357e-07
20470 3.333340000055511e-07 2.9814299328352464e-07
20480 6.666680000055511e-07 3.6514910196482715e-07
20490 1.000002e-06 3.651491019668541e-07
20500 6.666680000111022e-07 3.651491019628001e-07
20510 0.020001400002000003 0.017888677985958983
20520 0.020000333334 0.017888469286579254
20530 1.3333360000055512e-06 2.9814299327980087e-07
20540 1.3333360000000002e-06 2.9814299328476596e-07
20550 3.3333400001665334e-07 2.9814299328104214e-07
20560 1.0000020000055513e-06 3.6514910196381357e-07
20570 1.3333360000055512e-06 2.9814299327980087e-07
20580 1.000002e-06 3.651491019668541e-07
20590 1.66667e-06 0.0
20600 1.3333360000000002e-06 2.9814299328476596e-07
20610 1.66667e-06 0.0
20620 1.3333360000000002e-06 2.9814299328476596e-07
20630 6.666680000111022e-07 3.651491019628001e-07
20640 1.000002e-06 3.651491019668541e-07
20650 1.0000020000055513e-06 3.6514910196381357e-07
20660 3.3333400001665334e-07 2.9814299328104214e-07
20670 6.666680000111022e-07 3.651491019628001e-07
20680 1.66667e-06 0.0
20690 1.3333360000055512e-06 2.9814299327980087e-07
20700 6.666680000111022e-07 3.651491019628001e-07
20710 1.3333360000000002e-06 2.9814299328476596e-07
20720 3.3333400001665334e-07 2.981429932810421e-07
20730 6.666680000111022e-07 3.651491019628001e-07
20740 1.3333360000000002e-06 2.9814299328476596e-07
20750 1.0000020000111023e-06 3.651491019607731e-07
20760 6.666680000055511e-07 3.6514910196482715e-07
20770 1.0000020000055513e-06 3.6514910196381357e-07
20780 6.666680000055511e-07 3.6514910196482715e-07
20790 1.66667e-06 0.0
20800 1.0000020000055513e-06 3.6514910196381357e-07
20810 1.000002e-06 3.651491019668541e-07
20820 6.666680000055511e-07 3.6514910196482715e-07
20830 1.0000020000055513e-06 3.6514910196381357e-07
20840 3.3333400001110226e-07 2.981429932822834e-07
20850 1.3333360000055512e-06 2.9814299327980087e-07
20860 1.0000020000055513e-06 3.6514910196381357e-07
20870 6.666680000055511e-07 3.6514910196482715e-07
20880 1.3333360000055512e-06 2.9814299327980087e-07
20890 1.3333360000000002e-06 2.9814299328476596e-07
20900 1.3333360000000002e-06 2.9814299328476596e-07
20910 1.0000020000055513e-06 3.6514910196381357e-07
20920 1.3333360000000002e-06 2.9814299328476596e-07
20930 6.666680000111022e-07 3.651491019628001e-07
20940 6.666680000111022e-07 3.651491019628001e-07
20950 1.0000020000055513e-06 3.6514910196381357e-07
20960 1.3333360000055512e-06 2.9814299327980087e-07
20970 1.3333360000055512e-06 2.9814299327980087e-07
20980 6.666680000055511e-07 3.6514910196482715e-07
20990 1.0000020000055513e-06 3.6514910196381357e-07
21000 3.3333400001110226e-07 2.981429932822834e-07
21010 6.666680000055511e-07 3.6514910196482715e-07
21020 1.0000020000055513e-06 3.6514910196381357e-07
21030 6.666680000166534e-07 3.651491019607731e-07
21040 1.3333360000000002e-06 2.9814299328476596e-07
21050 6.666680000055511e-07 3.6514910196482715e-07
21060 1.000002e-06 3.651491019668541e-07
21070 3.3333400001110226e-07 2.981429932822834e-07
21080 1.0000020000111023e-06 3.6514910196077315e-07
21090 6.666680000055511e-07 3.6514910196482715e-07
21100 1.3333360000055512e-06 2.9814299327980087e-07
21110 1.3333360000000002e-06 2.9814299328476596e-07
21120 6.666680000055511e-07 3.6514910196482715e-07
21130 1.3333360000055512e-06 2.9814299327980087e-07
21140 1.000002e-06 3.651491019668541e-07
21150 6.666680000055511e-07 3.6514910196482715e-07
21160 1.0000020000111023e-06 3.6514910196077315e-07
21170 1.0000020000055513e-06 3.6514910196381357e-07
21180 6.666680000111022e-07 3.651491019628001e-07
21190 1.3333360000000002e-06 2.9814299328476596e-07
21200 1.0000020000055513e-06 3.6514910196381357e-07
21210 1.0000020000111023e-06 3.651491019607731e-07
21220 6.666680000000001e-07 3.651491019668541e-07
21230 1.3333360000055512e-06 2.9814299327980087e-07
21240 6.666680000111022e-07 3.651491019628001e-07
21250 6.666680000055511e-07 3.6514910196482715e-07
21260 0.020001400002000003 0.017888677985958983
21270 1.0000020000111023e-06 3.6514910196077315e-07
21280 1.66667e-06 0.0
21290 1.3333360000055512e-06 2.9814299327980087e-07
21300 1.3333360000000002e-06 2.9814299328476596e-07
21310 1.0000020000111023e-06 3.6514910196077315e-07
21320 1.3333360000055512e-06 2.9814299327980087e-07
21330 1.3333360000055512e-06 2.9814299327980087e-07
21340 1.3333360000055512e-06 2.9814299327980087e-07
21350 6.666680000055511e-07 3.6514910196482715e-07
21360 1.3333360000055512e-06 2.9814299327980087e-07
21370 1.0000020000111023e-06 3.651491019607731e-07
21380 1.3333360000055512e-06 2.9814299327980087e-07
21390 1.0000020000055513e-06 3.6514910196381357e-07
21400 3.3333400001110226e-07 2.981429932822834e-07
21410 1.3333360000055512e-06 2.9814299327980087e-07
21420 1.0000020000111023e-06 3.651491019607731e-07
21430 6.666680000166534e-07 3.651491019607731e-07
21440 1.0000020000055513e-06 3.6514910196381357e-07
21450 1.0000020000055513e-06 3.6514910196381357e-07
21460 1.3333360000055512e-06 2.9814299327980087e-07
21470 1.0000020000055513e-06 3.6514910196381357e-07
21480 6.666680000111022e-07 3.651491019628001e-07
21490 1.3333360000055512e-06 2.9814299327980087e-07
21500 1.0000020000055513e-06 3.6514910196381357e-07
21510 1.3333360000055512e-06 2.9814299327980087e-07
21520 1.0000020000055513e-06 3.6514910196381357e-07
21530 1.3333360000055512e-06 2.9814299327980087e-07
21540 1.3333360000055512e-06 2.9814299327980087e-07
21550 1.3333360000055512e-06 2.9814299327980087e-07
21560 1.3333360000055512e-06 2.9814299327980087e-07
21570 6.666680000111022e-07 3.651491019628001e-07
21580 1.66667e-06 0.0
21590 6.666680000055511e-07 3.6514910196482715e-07
21600 1.3333360000055512e-06 2.9814299327980087e-07
21610 1.0000020000055513e-06 3.6514910196381357e-07
21620 1.3333360000055512e-06 2.9814299327980087e-07
21630 1.3333360000000002e-06 2.9814299328476596e-07
21640 1.0000020000055513e-06 3.6514910196381357e-07
21650 0.020000666668000006 0.01788839475160736
21660 1.3333360000000002e-06 2.9814299328476596e-07
21670 1.3333360000000002e-06 2.9814299328476596e-07
21680 1.3333360000000002e-06 2.9814299328476596e-07
21690 1.66667e-06 0.0
21700 1.000002e-06 3.651491019668541e-07
21710 1.3333360000000002e-06 2.9814299328476596e-07
21720 1.000002e-06 3.651491019668541e-07
21730 1.66667e-06 0.0
21740 1.3333360000000002e-06 2.9814299328476596e-07
21750 1.3333360000055512e-06 2.9814299327980087e-07
21760 1.3333360000055512e-06 2.9814299327980087e-07
21770 1.3333360000055512e-06 2.9814299327980087e-07
21780 1.0000020000055513e-06 3.6514910196381357e-07
21790 1.0000020000055513e-06 3.6514910196381357e-07
21800 1.3333360000000002e-06 2.9814299328476596e-07
21810 6.666680000055511e-07 3.6514910196482715e-07
21820 1.000002e-06 3.651491019668541e-07
21830 1.3333360000055512e-06 2.9814299327980087e-07
21840 1.0000020000111023e-06 3.6514910196077315e-07
21850 6.666680000111022e-07 3.651491019628001e-07
21860 1.0000020000055513e-06 3.6514910196381357e-07
21870 1.3333360000055512e-06 2.9814299327980087e-07
21880 0.020001733335999996 0.01788860344788143
21890 1.3333360000055512e-06 2.9814299327980087e-07
21900 1.66667e-06 0.0
21910 6.666680000111022e-07 3.651491019628001e-07
21920 1.0000020000055513e-06 3.6514910196381357e-07
21930 1.0000020000055513e-06 3.6514910196381357e-07
21940 6.666680000111022e-07 3.651491019628001e-07
21950 1.0000020000055513e-06 3.6514910196381357e-07
21960 1.3333360000000002e-06 2.9814299328476596e-07
21970 3.3333400001110226e-07 2.981429932822834e-07
21980 1.3333360000055512e-06 2.9814299327980087e-07
21990 6.666680000000001e-07 3.651491019668541e-07
22000 1.0000020000055513e-06 3.6514910196381357e-07
22010 1.3333360000055512e-06 2.9814299327980087e-07
22020 1.3333360000055512e-06 2.9814299327980087e-07
22030 1.3333360000000002e-06 2.9814299328476596e-07
22040 1.0000020000111023e-06 3.651491019607731e-07
22050 6.666680000055511e-07 3.6514910196482715e-07
22060 1.3333360000000002e-06 2.9814299328476596e-07
22070 1.0000020000055513e-06 3.6514910196381357e-07
22080 1.3333360000055512e-06 2.9814299327980087e-07
22090 1.3333360000000002e-06 2.9814299328476596e-07
22100 6.666680000055511e-07 3.6514910196482715e-07
22110 6.666680000055511e-07 3.6514910196482715e-07
22120 1.3333360000000002e-06 2.9814299328476596e-07
22130 1.3333360000055512e-06 2.9814299327980087e-07
22140 6.666680000111022e-07 3.651491019628001e-07
22150 3.3333400001110226e-07 2.981429932822834e-07
22160 6.666680000000001e-07 3.651491019668541e-07
22170 1.3333360000000002e-06 2.9814299328476596e-07
22180 1.0000020000055513e-06 3.6514910196381357e-07
22190 1.000002e-06 3.651491019668541e-07
22200 3.333340000055511e-07 2.981429932835247e-07
22210 1.3333360000000002e-06 2.9814299328476596e-07
22220 1.0000020000055513e-06 3.6514910196381357e-07
22230 1.000002e-06 3.651491019668541e-07
22240 1.3333360000000002e-06 2.9814299328476596e-07
22250 1.0000020000055513e-06 3.6514910196381357e-07
22260 6.666680000111022e-07 3.651491019628001e-07
22270 3.3333400001665334e-07 2.9814299328104214e-07
22280 1.0000020000055513e-06 3.6514910196381357e-07
22290 1.3333360000000002e-06 2.9814299328476596e-07
22300 1.66667e-06 0.0
22310 1.0000020000055513e-06 3.6514910196381357e-07
22320 1.3333360000000002e-06 2.9814299328476596e-07
22330 3.3333400001110226e-07 2.981429932822834e-07
22340 1.3333360000055512e-06 2.9814299327980087e-07
22350 1.66667e-06 0.0
22360 1.0000020000055513e-06 3.6514910196381357e-07
22370 1.0000020000111023e-06 3.6514910196077315e-07
22380 1.3333360000000002e-06 2.9814299328476596e-07
22390 1.3333360000055512e-06 2.9814299327980087e-07
22400 1.000002e-06 3.651491019668541e-07
22410 1.3333360000000002e-06 2.9814299328476596e-07
22420 1.3333360000000002e-06 2.9814299328476596e-07
22430 6.666680000166534e-07 3.651491019607731e-07
22440 6.666680000111022e-07 3.651491019628001e-07
22450 1.3333360000000002e-06 2.9814299328476596e-07
22460 6.666680000111022e-07 3.651491019628001e-07
22470 6.666680000055511e-07 3.6514910196482715e-07
22480 1.3333360000000002e-06 2.9814299328476596e-07
22490 1.66667e-06 0.0
22500 6.666680000166534e-07 3.6514910196077315e-07
22510 1.0000020000111023e-06 3.6514910196077315e-07
22520 1.3333360000000002e-06 2.9814299328476596e-07
22530 1.0000020000055513e-06 3.6514910196381357e-07
22540 1.0000020000055513e-06 3.6514910196381357e-07
22550 6.666680000166534e-07 3.651491019607731e-07
22560 1.0000020000055513e-06 3.6514910196381357e-07
22570 1.0000020000055513e-06 3.6514910196381357e-07
22580 1.0000020000111023e-06 3.651491019607731e-07
22590 3.3333400001110226e-07 2.981429932822834e-07
22600 1.0000020000111023e-06 3.651491019607731e-07
22610 1.0000020000111023e-06 3.651491019607731e-07
22620 1.3333360000055512e-06 2.9814299327980087e-07
22630 5.551119999999999e-18 4.965072668503453e-18
22640 1.0000020000111023e-06 3.6514910196077315e-07
22650 1.000002e-06 3.651491019668541e-07
22660 1.3333360000000002e-06 2.9814299328476596e-07
22670 1.0000020000055513e-06 3.6514910196381357e-07
22680 1.3333360000000002e-06 2.9814299328476596e-07
22690 1.0000020000055513e-06 3.6514910196381357e-07
22700 1.0000020000111023e-06 3.651491019607731e-07
22710 1.000002e-06 3.651491019668541e-07
22720 1.0000020000055513e-06 3.6514910196381357e-07
22730 2.2204479999999997e-17 4.965072668503452e-18
22740 1.0000020000111023e-06 3.651491019607731e-07
22750 1.3333360000055512e-06 2.9814299327980087e-07
22760 1.0000020000055513e-06 3.6514910196381357e-07
22770 1.000002e-06 3.651491019668541e-07
22780 6.666680000000001e-07 3.651491019668541e-07
22790 1.0000020000055513e-06 3.6514910196381357e-07
22800 1.000002e-06 3.651491019668541e-07
22810 1.000002e-06 3.651491019668541e-07
22820 1.3333360000000002e-06 2.9814299328476596e-07
22830 1.0000020000055513e-06 3.6514910196381357e-07
22840 1.0000020000055513e-06 3.6514910196381357e-07
22850 1.3333360000000002e-06 2.9814299328476596e-07
22860 1.3333360000055512e-06 2.9814299327980087e-07
22870 1.3333360000055512e-06 2.9814299327980087e-07
22880 6.666680000111022e-07 3.651491019628001e-07
22890 1.3333360000055512e-06 2.9814299327980087e-07
22900 1.3333360000000002e-06 2.9814299328476596e-07
22910 1.66667e-06 0.0
22920 1.66667e-06 0.0
22930 1.3333360000055512e-06 2.9814299327980087e-07
22940 1.0000020000055513e-06 3.6514910196381357e-07
22950 1.3333360000000002e-06 2.9814299328476596e-07
22960 1.3333360000055512e-06 2.9814299327980087e-07
22970 1.000002e-06 3.651491019668541e-07
22980 5.551119999999999e-18 4.965072668503453e-18
22990 1.0000020000055513e-06 3.6514910196381357e-07
23000 3.3333400001665334e-07 2.981429932810421e-07
23010 1.66667e-06 0.0
23020 1.0000020000111023e-06 3.6514910196077315e-07
23030 1.3333360000000002e-06 2.9814299328476596e-07
23040 6.666680000111022e-07 3.651491019628001e-07
23050 1.000002e-06 3.651491019668541e-07
23060 6.666680000000001e-07 3.651491019668541e-07
23070 6.666680000055511e-07 3.6514910196482715e-07
23080 6.666680000000001e-07 3.651491019668541e-07
23090 6.666680000055511e-07 3.6514910196482715e-07
23100 1.0000020000111023e-06 3.6514910196077315e-07
23110 1.0000020000055513e-06 3.6514910196381357e-07
23120 6.666680000055511e-07 3.6514910196482715e-07
23130 1.000002e-06 3.651491019668541e-07
23140 6.666680000000001e-07 3.651491019668541e-07
23150 6.666680000111022e-07 3.651491019628001e-07
23160 6.666680000111022e-07 3.651491019628001e-07
23170 3.3333400001110226e-07 2.981429932822834e-07
23180 5.551119999999999e-18 4.965072668503453e-18
23190 6.666680000166534e-07 3.651491019607731e-07
23200 1.0000020000111023e-06 3.6514910196077315e-07
23210 6.666680000111022e-07 3.651491019628001e-07
23220 1.3333360000055512e-06 2.9814299327980087e-07
23230 6.666680000055511e-07 3.6514910196482715e-07
23240 1.0000020000055513e-06 3.6514910196381357e-07
23250 1.3333360000000002e-06 2.9814299328476596e-07
23260 1.3333360000000002e-06 2.9814299328476596e-07
23270 1.66667e-06 0.0
23280 1.3333360000000002e-06 2.9814299328476596e-07
23290 1.0000020000055513e-06 3.6514910196381357e-07
23300 1.3333360000055512e-06 2.9814299327980087e-07
23310 1.0000020000055513e-06 3.6514910196381357e-07
23320 6.666680000111022e-07 3.651491019628001e-07
23330 1.0000020000111023e-06 3.6514910196077315e-07
23340 1.3333360000055512e-06 2.9814299327980087e-07
23350 1.0000020000111023e-06 3.651491019607731e-07
23360 1.3333360000000002e-06 2.9814299328476596e-07
23370 1.000002e-06 3.651491019668541e-07
23380 1.0000020000111023e-06 3.6514910196077315e-07
23390 1.66667e-06 0.0
23400 1.3333360000055512e-06 2.9814299327980087e-07
23410 1.0000020000111023e-06 3.651491019607731e-07
23420 6.666680000111022e-07 3.651491019628001e-07
23430 1.0000020000111023e-06 3.6514910196077315e-07
23440 1.0000020000055513e-06 3.6514910196381357e-07
23450 6.666680000111022e-07 3.651491019628001e-07
23460 6.666680000055511e-07 3.6514910196482715e-07
23470 6.666680000000001e-07 3.651491019668541e-07
23480 1.0000020000055513e-06 3.6514910196381357e-07
23490 1.000002e-06 3.651491019668541e-07
23500 6.666680000000001e-07 3.651491019668541e-07
23510 6.666680000000001e-07 3.651491019668541e-07
23520 1.3333360000055512e-06 2.9814299327980087e-07
23530 6.666680000055511e-07 3.6514910196482715e-07
23540 1.665336e-17 6.080947286836155e-18
23550 1.0000020000055513e-06 3.6514910196381357e-07
23560 1.3333360000055512e-06 2.9814299327980087e-07
23570 1.0000020000055513e-06 3.6514910196381357e-07
23580 1.0000020000111023e-06 3.6514910196077315e-07
23590 6.666680000111022e-07 3.651491019628001e-07
23600 6.666680000111022e-07 3.651491019628001e-07
23610 3.3333400001110226e-07 2.981429932822834e-07
23620 1.3333360000055512e-06 2.9814299327980087e-07
23630 6.666680000055511e-07 3.6514910196482715e-07
23640 6.666680000111022e-07 3.651491019628001e-07
23650 1.0000020000111023e-06 3.6514910196077315e-07
23660 1.0000020000055513e-06 3.6514910196381357e-07
23670 3.3333400001110226e-07 2.981429932822834e-07
23680 1.000002e-06 3.651491019668541e-07
23690 1.3333360000000002e-06 2.9814299328476596e-07
23700 6.666680000111022e-07 3.651491019628001e-07
23710 1.3333360000055512e-06 2.9814299327980087e-07
23720 1.0000020000111023e-06 3.651491019607731e-07
23730 1.0000020000055513e-06 3.6514910196381357e-07
23740 3.3333400001110226e-07 2.981429932822834e-07
23750 1.0000020000055513e-06 3.6514910196381357e-07
23760 3.3333400001110226e-07 2.981429932822834e-07
23770 3.333340000055511e-07 2.9814299328352464e-07
23780 1.0000020000111023e-06 3.651491019607731e-07
23790 1.3333360000055512e-06 2.9814299327980087e-07
23800 6.666680000055511e-07 3.6514910196482715e-07
23810 1.0000020000055513e-06 3.6514910196381357e-07
23820 1.0000020000055513e-06 3.6514910196381357e-07
23830 6.666680000166534e-07 3.651491019607731e-07
23840 1.0000020000055513e-06 3.6514910196381357e-07
23850 6.666680000055511e-07 3.6514910196482715e-07
23860 6.666680000055511e-07 3.6514910196482715e-07
23870 1.3333360000055512e-06 2.9814299327980087e-07
23880 6.666680000000001e-07 3.651491019668541e-07
23890 3.333340000055511e-07 2.981429932835247e-07
23900 0.020001066668000004 0.0178887525224837
23910 0.020001000002000006 0.017888320215082628
23920 1.000002e-06 3.651491019668541e-07
23930 1.3333360000055512e-06 2.9814299327980087e-07
23940 1.0000020000111023e-06 3.6514910196077315e-07
23950 6.666680000055511e-07 3.6514910196482715e-07
23960 1.0000020000055513e-06 3.6514910196381357e-07
23970 1.3333360000055512e-06 2.9814299327980087e-07
23980 3.333340000055511e-07 2.9814299328352464e-07
23990 1.3333360000000002e-06 2.9814299328476596e-07
24000 1.3333360000000002e-06 2.9814299328476596e-07
24010 1.3333360000055512e-06 2.9814299327980087e-07
24020 1.0000020000111023e-06 3.651491019607731e-07
24030 1.3333360000055512e-06 2.9814299327980087e-07
24040 1.000002e-06 3.651491019668541e-07
24050 1.66667e-06 0.0
24060 1.3333360000055512e-06 2.9814299327980087e-07
24070 1.66667e-06 0.0
24080 3.3333400001665334e-07 2.981429932810421e-07
24090 6.666680000055511e-07 3.6514910196482715e-07
24100 1.3333360000055512e-06 2.9814299327980087e-07
24110 1.0000020000111023e-06 3.6514910196077315e-07
24120 1.3333360000000002e-06 2.9814299328476596e-07
24130 6.666680000055511e-07 3.6514910196482715e-07
24140 3.3333400001665334e-07 2.9814299328104214e-07
24150 1.0000020000111023e-06 3.651491019607731e-07
24160 0.020001066667999997 0.0178887525224837
24170 0.020001066668000004 0.0178887525224837
24180 3.3333400001665334e-07 2.9814299328104214e-07
24190 3.333340000055511e-07 2.981429932835247e-07
24200 0.020001066667999997 0.0178887525224837
24210 1.0000020000055513e-06 3.6514910196381357e-07
24220 1.000002e-06 3.651491019668541e-07
24230 1.66667e-06 0.0
24240 6.666680000055511e-07 3.6514910196482715e-07
24250 3.333340000055511e-07 2.981429932835247e-07
24260 1.0000020000055513e-06 3.6514910196381357e-07
24270 6.666680000055511e-07 3.6514910196482715e-07
24280 1.000002e-06 3.651491019668541e-07
24290 6.666680000111022e-07 3.651491019628001e-07
24300 1.3333360000055512e-06 2.9814299327980087e-07
24310 1.0000020000055513e-06 3.6514910196381357e-07
24320 6.666680000166534e-07 3.651491019607731e-07
24330 3.3333400000000004e-07 2.9814299328476596e-07
24340 1.3333360000000002e-06 2.9814299328476596e-07
24350 1.3333360000000002e-06 2.9814299328476596e-07
24360 1.000002e-06 3.651491019668541e-07
24370 1.000002e-06 3.651491019668541e-07
24380 6.666680000111022e-07 3.651491019628001e-07
24390 6.666680000055511e-07 3.6514910196482715e-07
24400 1.0000020000055513e-06 3.6514910196381357e-07
24410 1.3333360000055512e-06 2.9814299327980087e-07
24420 1.3333360000000002e-06 2.9814299328476596e-07
24430 6.666680000055511e-07 3.6514910196482715e-07
24440 3.3333400001110226e-07 2.981429932822834e-07
24450 1.3333360000055512e-06 2.9814299327980087e-07
24460 1.0000020000055513e-06 3.6514910196381357e-07
24470 1.3333360000000002e-06 2.9814299328476596e-07
24480 1.000002e-06 3.651491019668541e-07
24490 1.66667e-06 0.0
24500 1.0000020000111023e-06 3.651491019607731e-07
24510 1.0000020000055513e-06 3.6514910196381357e-07
24520 1.3333360000000002e-06 2.9814299328476596e-07
24530 0.020001000002000002 0.017888320215082628
24540 6.666680000055511e-07 3.6514910196482715e-07
24550 6.666680000055511e-07 3.6514910196482715e-07
24560 6.666680000000001e-07 3.651491019668541e-07
24570 1.0000020000055513e-06 3.6514910196381357e-07
24580 1.000002e-06 3.651491019668541e-07
24590 1.0000020000055513e-06 3.6514910196381357e-07
24600 1.0000020000111023e-06 3.6514910196077315e-07
24610 1.3333360000000002e-06 2.9814299328476596e-07
24620 1.000002e-06 3.651491019668541e-07
24630 6.666680000055511e-07 3.6514910196482715e-07
24640 1.66667e-06 0.0
24650 3.3333400001665334e-07 2.9814299328104214e-07
24660 6.666680000166534e-07 3.651491019607731e-07
24670 1.0000020000111023e-06 3.6514910196077315e-07
24680 1.0000020000055513e-06 3.6514910196381357e-07
24690 1.3333360000055512e-06 2.9814299327980087e-07
24700 1.0000020000055513e-06 3.6514910196381357e-07
24710 1.0000020000111023e-06 3.6514910196077315e-07
24720 1.3333360000000002e-06 2.9814299328476596e-07
24730 6.666680000111022e-07 3.651491019628001e-07
24740 1.1102239999999998e-17 6.080947286836155e-18
24750 1.0000020000055513e-06 3.6514910196381357e-07
24760 1.0000020000055513e-06 3.6514910196381357e-07
24770 1.3333360000000002e-06 2.9814299328476596e-07
24780 1.66667e-06 0.0
24790 1.3333360000055512e-06 2.9814299327980087e-07
24800 3.3333400001110226e-07 2.981429932822834e-07
24810 3.3333400001110226e-07 2.981429932822834e-07
24820 1.0000020000111023e-06 3.6514910196077315e-07
24830 1.0000020000055513e-06 3.6514910196381357e-07
24840 3.3333400001665334e-07 2.981429932810421e-07
24850 1.0000020000111023e-06 3.651491019607731e-07
24860 1.3333360000055512e-06 2.9814299327980087e-07
24870 6.666680000055511e-07 3.6514910196482715e-07
24880 6.666680000000001e-07 3.651491019668541e-07
24890 1.0000020000111023e-06 3.651491019607731e-07
24900 1.3333360000000002e-06 2.9814299328476596e-07
24910 1.0000020000055513e-06 3.6514910196381357e-07
24920 1.3333360000055512e-06 2.9814299327980087e-07
24930 6.666680000111022e-07 3.651491019628001e-07
24940 1.0000020000111023e-06 3.651491019607731e-07
24950 1.000002e-06 3.651491019668541e-07
24960 1.0000020000111023e-06 3.6514910196077315e-07
24970 1.000002e-06 3.651491019668541e-07
24980 1.3333360000000002e-06 2.9814299328476596e-07
24990 1.0000020000055513e-06 3.6514910196381357e-07
25000 6.666680000055511e-07 3.6514910196482715e-07
25010 1.0000020000111023e-06 3.651491019607731e-07
25020 1.0000020000111023e-06 3.6514910196077315e-07
25030 1.3333360000055512e-06 2.9814299327980087e-07
25040 1.3333360000000002e-06 2.9814299328476596e-07
25050 3.333340000222045e-07 2.9814299327980087e-07
25060 1.0000020000055513e-06 3.6514910196381357e-07
25070 6.666680000166534e-07 3.6514910196077315e-07
25080 3.333340000055511e-07 2.9814299328352464e-07
25090 1.0000020000055513e-06 3.6514910196381357e-07
25100 1.0000020000055513e-06 3.6514910196381357e-07
25110 1.3333360000055512e-06 2.9814299327980087e-07
25120 6.666680000111022e-07 3.651491019628001e-07
25130 1.0000020000055513e-06 3.6514910196381357e-07
25140 1.3333360000000002e-06 2.9814299328476596e-07
25150 1.3333360000000002e-06 2.9814299328476596e-07
25160 6.666680000111022e-07 3.651491019628001e-07
25170 1.000002e-06 3.651491019668541e-07
25180 3.3333400001665334e-07 2.981429932810421e-07
25190 1.66667e-06 0.0
25200 1.0000020000111023e-06 3.651491019607731e-07
25210 1.3333360000000002e-06 2.9814299328476596e-07
25220 3.3333400001665334e-07 2.981429932810421e-07
25230 1.0000020000055513e-06 3.6514910196381357e-07
25240 3.3333400001110226e-07 2.981429932822834e-07
25250 1.3333360000055512e-06 2.9814299327980087e-07
25260 1.66667e-06 0.0
25270 1.0000020000111023e-06 3.651491019607731e-07
25280 1.3333360000055512e-06 2.9814299327980087e-07
25290 1.66667e-06 0.0
25300 6.666680000055511e-07 3.6514910196482715e-07
25310 1.000002e-06 3.651491019668541e-07
25320 1.66667e-06 0.0
25330 1.000002e-06 3.651491019668541e-07
25340 1.66667e-06 0.0
25350 1.3333360000000002e-06 2.9814299328476596e-07
25360 3.333340000055511e-07 2.981429932835247e-07
25370 1.66667e-06 0.0
25380 1.66667e-06 0.0
25390 1.0000020000111023e-06 3.651491019607731e-07
25400 6.666680000055511e-07 3.6514910196482715e-07
25410 1.66667e-06 0.0
25420 6.666680000055511e-07 3.6514910196482715e-07
25430 1.000002e-06 3.651491019668541e-07
25440 3.3333400001110226e-07 2.981429932822834e-07
25450 6.666680000055511e-07 3.6514910196482715e-07
25460 1.3333360000055512e-06 2.9814299327980087e-07
25470 1.3333360000055512e-06 2.9814299327980087e-07
25480 1.3333360000000002e-06 2.9814299328476596e-07
25490 1.3333360000055512e-06 2.9814299327980087e-07
25500 1.3333360000000002e-06 2.9814299328476596e-07
25510 6.666680000000001e-07 3.651491019668541e-07
25520 1.000002e-06 3.651491019668541e-07
25530 1.3333360000000002e-06 2.9814299328476596e-07
25540 1.0000020000111023e-06 3.651491019607731e-07
25550 1.0000020000111023e-06 3.651491019607731e-07
25560 1.3333360000055512e-06 2.9814299327980087e-07
25570 1.0000020000055513e-06 3.6514910196381357e-07
25580 6.666680000111022e-07 3.651491019628001e-07
25590 1.3333360000055512e-06 2.9814299327980087e-07
25600 1.3333360000055512e-06 2.9814299327980087e-07
25610 1.3333360000055512e-06 2.9814299327980087e-07
25620 1.0000020000055513e-06 3.6514910196381357e-07
25630 1.0000020000055513e-06 3.6514910196381357e-07
25640 3.3333400001110226e-07 2.981429932822834e-07
25650 6.666680000055511e-07 3.6514910196482715e-07
25660 6.666680000111022e-07 3.651491019628001e-07
25670 1.0000020000055513e-06 3.6514910196381357e-07
25680 1.000002e-06 3.651491019668541e-07
25690 1.0000020000111023e-06 3.651491019607731e-07
25700 1.0000020000055513e-06 3.6514910196381357e-07
25710 1.0000020000055513e-06 3.6514910196381357e-07
25720 6.666680000111022e-07 3.651491019628001e-07
25730 6.666680000055511e-07 3.6514910196482715e-07
25740 1.0000020000055513e-06 3.6514910196381357e-07
25750 6.666680000111022e-07 3.651491019628001e-07
25760 3.333340000055511e-07 2.981429932835247e-07
25770 1.66667e-06 0.0
25780 1.3333360000055512e-06 2.9814299327980087e-07
25790 1.3333360000055512e-06 2.9814299327980087e-07
25800 1.66667e-06 0.0
25810 1.66667e-06 0.0
25820 1.3333360000055512e-06 2.9814299327980087e-07
25830 6.666680000055511e-07 3.6514910196482715e-07
25840 1.0000020000055513e-06 3.6514910196381357e-07
25850 1.3333360000055512e-06 2.9814299327980087e-07
25860 3.3333400001110226e-07 2.981429932822834e-07
25870 1.3333360000000002e-06 2.9814299328476596e-07
25880 1.000002e-06 3.651491019668541e-07
25890 1.66667e-06 0.0
25900 1.3333360000000002e-06 2.9814299328476596e-07
25910 1.000002e-06 3.651491019668541e-07
25920 0.020001000002 0.017888320215082628
25930 1.000002e-06 3.651491019668541e-07
25940 1.0000020000055513e-06 3.6514910196381357e-07
25950 0.02000033333400001 0.017888469286579254
25960 0.020001066668000004 0.0178887525224837
25970 6.666680000055511e-07 3.6514910196482715e-07
25980 1.0000020000055513e-06 3.6514910196381357e-07
25990 1.0000020000111023e-06 3.651491019607731e-07
26000 1.000002e-06 3.651491019668541e-07
26010 0.020000733334000004 0.017888827057455602
26020 6.666680000111022e-07 3.651491019628001e-07
26030 1.0000020000055513e-06 3.6514910196381357e-07
26040 1.3333360000055512e-06 2.9814299327980087e-07
26050 1.3333360000000002e-06 2.9814299328476596e-07
26060 6.666680000111022e-07 3.651491019628001e-07
26070 3.3333400001110226e-07 2.981429932822834e-07
26080 1.3333360000000002e-06 2.9814299328476596e-07
26090 1.66667e-06 0.0
26100 1.3333360000000002e-06 2.9814299328476596e-07
26110 5.551119999999999e-18 4.965072668503452e-18
26120 1.1102239999999998e-17 6.0809472868361544e-18
26130 6.666680000055511e-07 3.6514910196482715e-07
26140 1.000002e-06 3.651491019668541e-07
26150 6.666680000111022e-07 3.651491019628001e-07
26160 1.000002e-06 3.651491019668541e-07
26170 1.3333360000055512e-06 2.9814299327980087e-07
26180 6.666680000111022e-07 3.651491019628001e-07
26190 1.3333360000000002e-06 2.9814299328476596e-07
26200 6.666680000111022e-07 3.651491019628001e-07
26210 1.000002e-06 3.651491019668541e-07
26220 1.66667e-06 0.0
26230 1.3333360000055512e-06 2.9814299327980087e-07
26240 1.66667e-06 0.0
26250 6.666680000055511e-07 3.6514910196482715e-07
26260 1.66667e-06 0.0
26270 1.66667e-06 0.0
26280 1.0000020000055513e-06 3.6514910196381357e-07
26290 1.0000020000055513e-06 3.6514910196381357e-07
26300 6.666680000000001e-07 3.651491019668541e-07
26310 6.666680000055511e-07 3.6514910196482715e-07
26320 1.000002e-06 3.651491019668541e-07
26330 6.666680000111022e-07 3.651491019628001e-07
26340 6.666680000111022e-07 3.651491019628001e-07
26350 6.666680000000001e-07 3.651491019668541e-07
26360 1.000002e-06 3.651491019668541e-07
26370 6.666680000111022e-07 3.651491019628001e-07
26380 1.0000020000055513e-06 3.6514910196381357e-07
26390 1.3333360000055512e-06 2.9814299327980087e-07
26400 1.0000020000111023e-06 3.651491019607731e-07
26410 1.0000020000111023e-06 3.651491019607731e-07
26420 1.3333360000000002e-06 2.9814299328476596e-07
26430 1.0000020000055513e-06 3.6514910196381357e-07
26440 6.666680000111022e-07 3.651491019628001e-07
26450 3.333340000222045e-07 2.9814299327980087e-07
26460 6.666680000166534e-07 3.651491019607731e-07
26470 6.666680000111022e-07 3.651491019628001e-07
26480 3.3333400001110226e-07 2.981429932822834e-07
26490 1.665336e-17 6.0809472868361544e-18
26500 0.0 0.0
26510 3.333340000222045e-07 2.9814299327980087e-07
26520 2.77556e-17 0.0
26530 6.666680000111022e-07 3.651491019628001e-07
26540 3.333340000055511e-07 2.9814299328352464e-07
26550 3.333340000055511e-07 2.981429932835247e-07
26560 3.3333400001110226e-07 2.981429932822834e-07
26570 6.666680000055511e-07 3.6514910196482715e-07
26580 6.666680000111022e-07 3.651491019628001e-07
26590 6.666680000000001e-07 3.651491019668541e-07
26600 1.3333360000000002e-06 2.9814299328476596e-07
26610 1.0000020000055513e-06 3.6514910196381357e-07
26620 1.3333360000055512e-06 2.9814299327980087e-07
26630 1.3333360000000002e-06 2.9814299328476596e-07
26640 1.0000020000111023e-06 3.651491019607731e-07
26650 6.666680000000001e-07 3.651491019668541e-07
26660 6.666680000000001e-07 3.651491019668541e-07
26670 6.666680000000001e-07 3.651491019668541e-07
26680 1.0000020000055513e-06 3.6514910196381357e-07
26690 6.666680000000001e-07 3.651491019668541e-07
26700 1.3333360000000002e-06 2.9814299328476596e-07
26710 6.666680000055511e-07 3.6514910196482715e-07
26720 1.3333360000000002e-06 2.9814299328476596e-07
26730 3.3333400001665334e-07 2.9814299328104214e-07
26740 6.666680000111022e-07 3.651491019628001e-07
26750 1.0000020000055513e-06 3.6514910196381357e-07
26760 1.000002e-06 3.651491019668541e-07
26770 1.0000020000055513e-06 3.6514910196381357e-07
26780 3.3333400000000004e-07 2.9814299328476596e-07
26790 1.0000020000055513e-06 3.6514910196381357e-07
26800 6.666680000055511e-07 3.6514910196482715e-07
26810 6.666680000055511e-07 3.6514910196482715e-07
26820 1.3333360000000002e-06 2.9814299328476596e-07
26830 1.000002e-06 3.651491019668541e-07
26840 1.3333360000055512e-06 2.9814299327980087e-07
26850 1.3333360000055512e-06 2.9814299327980087e-07
26860 1.3333360000000002e-06 2.9814299328476596e-07
26870 3.333340000055511e-07 2.981429932835247e-07
26880 6.666680000055511e-07 3.6514910196482715e-07
26890 1.0000020000111023e-06 3.651491019607731e-07
26900 3.3333400001110226e-07 2.981429932822834e-07
26910 1.66667e-06 0.0
26920 1.0000020000055513e-06 3.6514910196381357e-07
26930 6.666680000055511e-07 3.6514910196482715e-07
26940 1.000002e-06 3.651491019668541e-07
26950 6.666680000055511e-07 3.6514910196482715e-07
26960 6.666680000055511e-07 3.6514910196482715e-07
26970 6.666680000055511e-07 3.6514910196482715e-07
26980 1.66667e-06 0.0
26990 6.666680000055511e-07 3.6514910196482715e-07
27000 1.0000020000055513e-06 3.6514910196381357e-07
27010 6.666680000111022e-07 3.651491019628001e-07
27020 1.0000020000055513e-06 3.6514910196381357e-07
27030 1.0000020000055513e-06 3.6514910196381357e-07
27040 1.0000020000111023e-06 3.651491019607731e-07
27050 1.000002e-06 3.651491019668541e-07
27060 6.666680000055511e-07 3.6514910196482715e-07
27070 6.666680000166534e-07 3.6514910196077315e-07
27080 1.3333360000055512e-06 2.9814299327980087e-07
27090 1.66667e-06 0.0
27100 1.66667e-06 0.0
27110 1.0000020000055513e-06 3.6514910196381357e-07
27120 1.0000020000055513e-06 3.6514910196381357e-07
27130 1.3333360000000002e-06 2.9814299328476596e-07
27140 1.0000020000055513e-06 3.6514910196381357e-07
27150 1.0000020000111023e-06 3.6514910196077315e-07
27160 1.3333360000055512e-06 2.9814299327980087e-07
27170 1.66667e-06 0.0
27180 1.000002e-06 3.651491019668541e-07
27190 1.0000020000111023e-06 3.651491019607731e-07
27200 1.3333360000000002e-06 2.9814299328476596e-07
27210 3.333340000055511e-07 2.9814299328352464e-07
27220 1.000002e-06 3.651491019668541e-07
27230 1.3333360000000002e-06 2.9814299328476596e-07
27240 6.666680000111022e-07 3.651491019628001e-07
27250 6.666680000055511e-07 3.6514910196482715e-07
27260 1.000002e-06 3.651491019668541e-07
27270 1.0000020000055513e-06 3.6514910196381357e-07
27280 1.0000020000111023e-06 3.6514910196077315e-07
27290 1.0000020000055513e-06 3.6514910196381357e-07
27300 1.0000020000111023e-06 3.6514910196077315e-07
27310 1.0000020000055513e-06 3.6514910196381357e-07
27320 3.3333400001110226e-07 2.981429932822834e-07
27330 1.3333360000000002e-06 2.9814299328476596e-07
27340 1.0000020000055513e-06 3.6514910196381357e-07
27350 1.3333360000000002e-06 2.9814299328476596e-07
27360 1.0000020000055513e-06 3.6514910196381357e-07
27370 6.666680000111022e-07 3.651491019628001e-07
27380 1.66667e-06 0.0
27390 1.0000020000111023e-06 3.651491019607731e-07
27400 1.3333360000055512e-06 2.9814299327980087e-07
27410 1.0000020000111023e-06 3.6514910196077315e-07
27420 6.666680000055511e-07 3.6514910196482715e-07
27430 1.3333360000055512e-06 2.9814299327980087e-07
27440 3.3333400001665334e-07 2.9814299328104214e-07
27450 6.666680000111022e-07 3.651491019628001e-07
27460 6.666680000000001e-07 3.651491019668541e-07
27470 6.666680000000001e-07 3.651491019668541e-07
27480 1.0000020000111023e-06 3.651491019607731e-07
27490 1.000002e-06 3.651491019668541e-07
27500 1.3333360000000002e-06 2.9814299328476596e-07
27510 1.0000020000111023e-06 3.6514910196077315e-07
27520 6.666680000055511e-07 3.6514910196482715e-07
27530 6.666680000111022e-07 3.651491019628001e-07
27540 1.0000020000055513e-06 3.6514910196381357e-07
27550 3.3333400001110226e-07 2.981429932822834e-07
27560 1.000002e-06 3.651491019668541e-07
27570 6.666680000111022e-07 3.651491019628001e-07
27580 3.333340000055511e-07 2.9814299328352464e-07
27590 3.333340000055511e-07 2.981429932835247e-07
27600 1.3333360000000002e-06 2.9814299328476596e-07
27610 1.66667e-06 0.0
27620 1.3333360000055512e-06 2.9814299327980087e-07
27630 6.666680000111022e-07 3.651491019628001e-07
27640 1.3333360000055512e-06 2.9814299327980087e-07
27650 6.666680000166534e-07 3.651491019607731e-07
27660 1.000002e-06 3.651491019668541e-07
27670 6.666680000000001e-07 3.651491019668541e-07
27680 1.0000020000055513e-06 3.6514910196381357e-07
27690 1.000002e-06 3.651491019668541e-07
27700 1.000002e-06 3.651491019668541e-07
27710 3.3333400001110226e-07 2.981429932822834e-07
27720 1.3333360000000002e-06 2.9814299328476596e-07
27730 1.0000020000055513e-06 3.6514910196381357e-07
27740 1.3333360000000002e-06 2.9814299328476596e-07
27750 1.3333360000055512e-06 2.9814299327980087e-07
27760 6.666680000111022e-07 3.651491019628001e-07
27770 1.0000020000055513e-06 3.6514910196381357e-07
27780 1.0000020000055513e-06 3.6514910196381357e-07
27790 3.333340000055511e-07 2.981429932835247e-07
27800 1.3333360000000002e-06 2.9814299328476596e-07
27810 1.000002e-06 3.651491019668541e-07
27820 1.000002e-06 3.651491019668541e-07
27830 1.66667e-06 0.0
27840 6.666680000055511e-07 3.6514910196482715e-07
27850 1.3333360000055512e-06 2.9814299327980087e-07
27860 6.666680000166534e-07 3.651491019607731e-07
27870 1.0000020000111023e-06 3.651491019607731e-07
27880 1.3333360000055512e-06 2.9814299327980087e-07
27890 1.0000020000111023e-06 3.651491019607731e-07
27900 3.3333400001665334e-07 2.9814299328104214e-07
27910 6.666680000055511e-07 3.6514910196482715e-07
27920 1.3333360000055512e-06 2.9814299327980087e-07
27930 6.666680000111022e-07 3.651491019628001e-07
27940 6.666680000166534e-07 3.651491019607731e-07
27950 1.0000020000055513e-06 3.6514910196381357e-07
27960 1.0000020000111023e-06 3.6514910196077315e-07
27970 1.3333360000055512e-06 2.9814299327980087e-07
27980 1.3333360000000002e-06 2.9814299328476596e-07
27990 1.3333360000000002e-06 2.9814299328476596e-07
28000 6.666680000111022e-07 3.651491019628001e-07
28010 3.333340000055511e-07 2.981429932835247e-07
28020 1.0000020000055513e-06 3.6514910196381357e-07
28030 1.0000020000055513e-06 3.6514910196381357e-07
28040 6.666680000111022e-07 3.651491019628001e-07
28050 1.0000020000111023e-06 3.651491019607731e-07
28060 1.3333360000055512e-06 2.9814299327980087e-07
28070 1.3333360000055512e-06 2.9814299327980087e-07
28080 1.0000020000055513e-06 3.6514910196381357e-07
28090 1.3333360000000002e-06 2.9814299328476596e-07
28100 6.666680000000001e-07 3.651491019668541e-07
28110 1.0000020000111023e-06 3.651491019607731e-07
28120 6.666680000111022e-07 3.651491019628001e-07
28130 1.000002e-06 3.651491019668541e-07
28140 1.0000020000055513e-06 3.6514910196381357e-07
28150 1.66667e-06 0.0
28160 1.0000020000055513e-06 3.6514910196381357e-07
28170 6.666680000055511e-07 3.6514910196482715e-07
28180 1.0000020000055513e-06 3.6514910196381357e-07
28190 1.000002e-06 3.651491019668541e-07
28200 1.000002e-06 3.651491019668541e-07
28210 1.3333360000000002e-06 2.9814299328476596e-07
28220 1.66667e-06 0.0
28230 1.0000020000111023e-06 3.651491019607731e-07
28240 1.66667e-06 0.0
28250 6.666680000111022e-07 3.651491019628001e-07
28260 1.3333360000000002e-06 2.9814299328476596e-07
28270 1.000002e-06 3.651491019668541e-07
28280 1.000002e-06 3.651491019668541e-07
28290 1.0000020000055513e-06 3.6514910196381357e-07
28300 6.666680000055511e-07 3.6514910196482715e-07
28310 3.3333400001110226e-07 2.981429932822834e-07
28320 6.666680000055511e-07 3.6514910196482715e-07
28330 1.000002e-06 3.651491019668541e-07
28340 6.666680000111022e-07 3.651491019628001e-07
28350 6.666680000111022e-07 3.651491019628001e-07
28360 1.000002e-06 3.651491019668541e-07
28370 6.666680000000001e-07 3.651491019668541e-07
28380 1.3333360000000002e-06 2.9814299328476596e-07
28390 1.3333360000000002e-06 2.9814299328476596e-07
28400 1.3333360000055512e-06 2.9814299327980087e-07
28410 6.666680000111022e-07 3.651491019628001e-07
28420 1.000002e-06 3.651491019668541e-07
28430 1.000002e-06 3.651491019668541e-07
28440 1.0000020000055513e-06 3.6514910196381357e-07
28450 1.3333360000055512e-06 2.9814299327980087e-07
28460 1.3333360000000002e-06 2.9814299328476596e-07
28470 6.666680000111022e-07 3.651491019628001e-07
28480 3.3333400001110226e-07 2.981429932822834e-07
28490 6.666680000055511e-07 3.6514910196482715e-07
28500 1.3333360000055512e-06 2.9814299327980087e-07
28510 1.665336e-17 6.0809472868361544e-18
28520 6.666680000000001e-07 3.651491019668541e-07
28530 1.0000020000055513e-06 3.6514910196381357e-07
28540 1.3333360000000002e-06 2.9814299328476596e-07
28550 1.0000020000055513e-06 3.6514910196381357e-07
28560 6.666680000055511e-07 3.6514910196482715e-07
28570 1.0000020000111023e-06 3.651491019607731e-07
28580 6.666680000000001e-07 3.651491019668541e-07
28590 1.0000020000055513e-06 3.6514910196381357e-07
28600 1.0000020000055513e-06 3.6514910196381357e-07
28610 1.000002e-06 3.651491019668541e-07
28620 0.020001733335999996 0.01788860344788143
28630 1.000002e-06 3.651491019668541e-07
28640 3.333340000055511e-07 2.9814299328352464e-07
28650 1.3333360000055512e-06 2.9814299327980087e-07
28660 1.66667e-06 0.0
28670 1.3333360000055512e-06 2.9814299327980087e-07
28680 6.666680000166534e-07 3.651491019607731e-07
28690 1.0000020000055513e-06 3.6514910196381357e-07
28700 1.0000020000055513e-06 3.6514910196381357e-07
28710 1.66667e-06 0.0
28720 1.0000020000055513e-06 3.6514910196381357e-07
28730 3.333340000055511e-07 2.981429932835247e-07
28740 1.0000020000055513e-06 3.6514910196381357e-07
28750 1.0000020000055513e-06 3.6514910196381357e-07
28760 1.0000020000055513e-06 3.6514910196381357e-07
28770 1.3333360000000002e-06 2.9814299328476596e-07
28780 1.000002e-06 3.651491019668541e-07
28790 1.3333360000055512e-06 2.9814299327980087e-07
28800 1.0000020000111023e-06 3.651491019607731e-07
28810 1.000002e-06 3.651491019668541e-07
28820 1.0000020000111023e-06 3.651491019607731e-07
28830 1.3333360000055512e-06 2.9814299327980087e-07
28840 1.000002e-06 3.651491019668541e-07
28850 1.0000020000055513e-06 3.6514910196381357e-07
28860 1.3333360000000002e-06 2.9814299328476596e-07
28870 6.666680000166534e-07 3.651491019607731e-07
28880 6.666680000111022e-07 3.651491019628001e-07
28890 1.0000020000111023e-06 3.651491019607731e-07
28900 6.666680000055511e-07 3.6514910196482715e-07
28910 1.3333360000000002e-06 2.9814299328476596e-07
28920 6.666680000166534e-07 3.651491019607731e-07
28930 1.3333360000055512e-06 2.9814299327980087e-07
28940 1.3333360000000002e-06 2.9814299328476596e-07
28950 1.0000020000055513e-06 3.6514910196381357e-07
28960 1.66667e-06 0.0
28970 1.3333360000055512e-06 2.9814299327980087e-07
28980 3.333340000055511e-07 2.9814299328352464e-07
28990 3.3333400001110226e-07 2.981429932822834e-07
29000 1.3333360000055512e-06 2.9814299327980087e-07
29010 6.666680000111022e-07 3.651491019628001e-07
29020 1.3333360000000002e-06 2.9814299328476596e-07
29030 1.0000020000111023e-06 3.651491019607731e-07
29040 1.66667e-06 0.0
29050 1.3333360000055512e-06 2.9814299327980087e-07
29060 1.0000020000055513e-06 3.6514910196381357e-07
29070 1.3333360000000002e-06 2.9814299328476596e-07
29080 3.333340000055511e-07 2.9814299328352464e-07
29090 6.666680000111022e-07 3.651491019628001e-07
29100 6.666680000111022e-07 3.651491019628001e-07
29110 1.000002e-06 3.651491019668541e-07
29120 6.666680000000001e-07 3.651491019668541e-07
29130 1.0000020000055513e-06 3.6514910196381357e-07
29140 1.3333360000000002e-06 2.9814299328476596e-07
29150 1.0000020000111023e-06 3.651491019607731e-07
29160 1.0000020000055513e-06 3.6514910196381357e-07
29170 1.0000020000111023e-06 3.651491019607731e-07
29180 1.000002e-06 3.651491019668541e-07
29190 1.0000020000055513e-06 3.6514910196381357e-07
29200 1.000002e-06 3.651491019668541e-07
29210 1.3333360000055512e-06 2.9814299327980087e-07
29220 6.666680000055511e-07 3.6514910196482715e-07
29230 1.0000020000111023e-06 3.6514910196077315e-07
29240 1.000002e-06 3.651491019668541e-07
29250 3.3333400000000004e-07 2.9814299328476596e-07
29260 1.3333360000000002e-06 2.9814299328476596e-07
29270 1.0000020000055513e-06 3.6514910196381357e-07
29280 1.66667e-06 0.0
29290 1.66667e-06 0.0
29300 1.0000020000055513e-06 3.6514910196381357e-07
29310 1.66667e-06 0.0
29320 1.3333360000055512e-06 2.9814299327980087e-07
29330 1.0000020000055513e-06 3.6514910196381357e-07
29340 1.0000020000111023e-06 3.6514910196077315e-07
29350 1.0000020000111023e-06 3.6514910196077315e-07
29360 1.0000020000111023e-06 3.651491019607731e-07
29370 6.666680000055511e-07 3.6514910196482715e-07
29380 6.666680000055511e-07 3.6514910196482715e-07
29390 3.333340000055511e-07 2.981429932835247e-07
29400 3.333340000222045e-07 2.9814299327980087e-07
29410 1.0000020000055513e-06 3.6514910196381357e-07
29420 1.0000020000111023e-06 3.651491019607731e-07
29430 1.0000020000111023e-06 3.651491019607731e-07
29440 6.666680000111022e-07 3.651491019628001e-07
29450 1.3333360000055512e-06 2.9814299327980087e-07
29460 1.66667e-06 0.0
29470 1.0000020000055513e-06 3.6514910196381357e-07
29480 1.66667e-06 0.0
29490 6.666680000000001e-07 3.651491019668541e-07
29500 1.0000020000055513e-06 3.6514910196381357e-07
29510 1.0000020000111023e-06 3.651491019607731e-07
29520 6.666680000000001e-07 3.651491019668541e-07
29530 1.3333360000000002e-06 2.9814299328476596e-07
29540 1.0000020000111023e-06 3.651491019607731e-07
29550 1.0000020000055513e-06 3.6514910196381357e-07
29560 6.666680000055511e-07 3.6514910196482715e-07
29570 6.666680000166534e-07 3.6514910196077315e-07
29580 6.666680000111022e-07 3.651491019628001e-07
29590 6.666680000111022e-07 3.651491019628001e-07
29600 6.666680000111022e-07 3.651491019628001e-07
29610 1.1102239999999998e-17 6.0809472868361544e-18
29620 1.3333360000000002e-06 2.9814299328476596e-07
29630 1.0000020000055513e-06 3.6514910196381357e-07
29640 3.3333400001110226e-07 2.981429932822834e-07
29650 1.000002e-06 3.651491019668541e-07
29660 1.3333360000000002e-06 2.9814299328476596e-07
29670 6.666680000000001e-07 3.651491019668541e-07
29680 1.0000020000055513e-06 3.6514910196381357e-07
29690 1.0000020000055513e-06 3.6514910196381357e-07
29700 6.666680000111022e-07 3.651491019628001e-07
29710 1.000002e-06 3.651491019668541e-07
29720 1.66667e-06 0.0
29730 6.666680000166534e-07 3.6514910196077315e-07
29740 1.3333360000000002e-06 2.9814299328476596e-07
29750 1.3333360000055512e-06 2.9814299327980087e-07
29760 1.66667e-06 0.0
29770 1.0000020000055513e-06 3.6514910196381357e-07
29780 1.3333360000000002e-06 2.9814299328476596e-07
29790 1.3333360000055512e-06 2.9814299327980087e-07
29800 1.0000020000055513e-06 3.6514910196381357e-07
29810 1.3333360000000002e-06 2.9814299328476596e-07
29820 1.3333360000000002e-06 2.9814299328476596e-07
29830 1.66667e-06 0.0
29840 1.0000020000055513e-06 3.6514910196381357e-07
29850 1.0000020000055513e-06 3.6514910196381357e-07
29860 1.0000020000055513e-06 3.6514910196381357e-07
29870 1.0000020000055513e-06 3.6514910196381357e-07
29880 1.0000020000111023e-06 3.6514910196077315e-07
29890 6.666680000111022e-07 3.651491019628001e-07
29900 1.000002e-06 3.651491019668541e-07
29910 1.3333360000055512e-06 2.9814299327980087e-07
29920 6.666680000000001e-07 3.651491019668541e-07
29930 6.666680000055511e-07 3.6514910196482715e-07
29940 1.3333360000000002e-06 2.9814299328476596e-07
29950 1.0000020000055513e-06 3.6514910196381357e-07
29960 1.0000020000055513e-06 3.6514910196381357e-07
29970 1.66667e-06 0.0
29980 1.0000020000055513e-06 3.6514910196381357e-07
29990 6.666680000055511e-07 3.6514910196482715e-07
30000 1.0000020000055513e-06 3.6514910196381357e-07
30010 1.66667e-06 0.0
30020 1.3333360000000002e-06 2.9814299328476596e-07
30030 1.3333360000055512e-06 2.9814299327980087e-07
30040 6.666680000111022e-07 3.651491019628001e-07
30050 6.666680000166534e-07 3.651491019607731e-07
30060 1.3333360000055512e-06 2.9814299327980087e-07
30070 1.3333360000055512e-06 2.9814299327980087e-07
30080 6.666680000055511e-07 3.6514910196482715e-07
30090 1.000002e-06 3.651491019668541e-07
30100 1.000002e-06 3.651491019668541e-07
30110 1.3333360000000002e-06 2.9814299328476596e-07
30120 1.3333360000055512e-06 2.9814299327980087e-07
30130 1.0000020000055513e-06 3.6514910196381357e-07
30140 6.666680000055511e-07 3.6514910196482715e-07
30150 1.000002e-06 3.651491019668541e-07
30160 1.0000020000111023e-06 3.6514910196077315e-07
30170 1.3333360000055512e-06 2.9814299327980087e-07
30180 1.000002e-06 3.651491019668541e-07
30190 1.0000020000111023e-06 3.651491019607731e-07
30200 1.0000020000055513e-06 3.6514910196381357e-07
30210 1.0000020000055513e-06 3.6514910196381357e-07
30220 1.3333360000055512e-06 2.9814299327980087e-07
30230 1.000002e-06 3.651491019668541e-07
30240 1.000002e-06 3.651491019668541e-07
30250 6.666680000055511e-07 3.6514910196482715e-07
30260 1.0000020000055513e-06 3.6514910196381357e-07
30270 6.666680000055511e-07 3.6514910196482715e-07
30280 6.666680000111022e-07 3.651491019628001e-07
30290 6.666680000166534e-07 3.651491019607731e-07
30300 1.3333360000055512e-06 2.9814299327980087e-07
30310 1.0000020000111023e-06 3.651491019607731e-07
30320 6.666680000166534e-07 3.6514910196077315e-07
30330 6.666680000111022e-07 3.651491019628001e-07
30340 1.3333360000000002e-06 2.9814299328476596e-07
30350 1.0000020000055513e-06 3.6514910196381357e-07
30360 1.000002e-06 3.651491019668541e-07
30370 1.66667e-06 0.0
30380 1.0000020000111023e-06 3.651491019607731e-07
30390 6.666680000055511e-07 3.6514910196482715e-07
30400 1.66667e-06 0.0
30410 6.666680000111022e-07 3.651491019628001e-07
30420 6.666680000055511e-07 3.6514910196482715e-07
30430 6.666680000055511e-07 3.6514910196482715e-07
30440 1.3333360000055512e-06 2.9814299327980087e-07
30450 3.3333400001110226e-07 2.981429932822834e-07
30460 6.666680000055511e-07 3.6514910196482715e-07
30470 6.666680000111022e-07 3.651491019628001e-07
30480 6.666680000111022e-07 3.651491019628001e-07
30490 1.66667e-06 0.0
30500 6.666680000000001e-07 3.651491019668541e-07
30510 1.3333360000055512e-06 2.9814299327980087e-07
30520 1.000002e-06 3.651491019668541e-07
30530 1.0000020000055513e-06 3.6514910196381357e-07
30540 1.66667e-06 0.0
30550 1.3333360000055512e-06 2.9814299327980087e-07
30560 1.66667e-06 0.0
30570 1.3333360000055512e-06 2.9814299327980087e-07
30580 1.0000020000111023e-06 3.651491019607731e-07
30590 6.666680000111022e-07 3.651491019628001e-07
30600 1.0000020000111023e-06 3.6514910196077315e-07
30610 1.3333360000000002e-06 2.9814299328476596e-07
30620 1.0000020000111023e-06 3.651491019607731e-07
30630 1.3333360000055512e-06 2.9814299327980087e-07
30640 6.666680000055511e-07 3.6514910196482715e-07
30650 3.3333400000000004e-07 2.9814299328476596e-07
30660 1.0000020000055513e-06 3.6514910196381357e-07
30670 1.3333360000055512e-06 2.9814299327980087e-07
30680 1.3333360000000002e-06 2.9814299328476596e-07
30690 1.0000020000111023e-06 3.6514910196077315e-07
30700 3.3333400001110226e-07 2.981429932822834e-07
30710 1.0000020000111023e-06 3.6514910196077315e-07
30720 1.0000020000055513e-06 3.6514910196381357e-07
30730 1.3333360000000002e-06 2.9814299328476596e-07
30740 1.0000020000055513e-06 3.6514910196381357e-07
30750 1.66667e-06 0.0
30760 1.0000020000055513e-06 3.6514910196381357e-07
30770 1.0000020000055513e-06 3.6514910196381357e-07
30780 1.66667e-06 0.0
30790 6.666680000055511e-07 3.6514910196482715e-07
30800 6.666680000055511e-07 3.6514910196482715e-07
30810 6.666680000111022e-07 3.651491019628001e-07
30820 1.3333360000055512e-06 2.9814299327980087e-07
30830 6.666680000111022e-07 3.651491019628001e-07
30840 1.0000020000055513e-06 3.6514910196381357e-07
30850 1.0000020000055513e-06 3.6514910196381357e-07
30860 6.666680000000001e-07 3.651491019668541e-07
30870 1.000002e-06 3.651491019668541e-07
30880 1.000002e-06 3.651491019668541e-07
30890 3.3333400001110226e-07 2.981429932822834e-07
30900 1.0000020000111023e-06 3.651491019607731e-07
30910 6.666680000055511e-07 3.6514910196482715e-07
30920 1.66667e-06 0.0
30930 1.0000020000055513e-06 3.6514910196381357e-07
30940 1.000002e-06 3.651491019668541e-07
30950 1.0000020000055513e-06 3.6514910196381357e-07
30960 1.0000020000111023e-06 3.651491019607731e-07
30970 6.666680000111022e-07 3.651491019628001e-07
30980 3.3333400001665334e-07 2.9814299328104214e-07
30990 1.000002e-06 3.651491019668541e-07
31000 1.0000020000111023e-06 3.6514910196077315e-07
31010 3.3333400001665334e-07 2.9814299328104214e-07
31020 1.0000020000111023e-06 3.6514910196077315e-07
31030 1.3333360000055512e-06 2.9814299327980087e-07
31040 1.66667e-06 0.0
31050 1.0000020000111023e-06 3.651491019607731e-07
31060 6.666680000000001e-07 3.651491019668541e-07
31070 1.3333360000055512e-06 2.9814299327980087e-07
31080 1.0000020000055513e-06 3.6514910196381357e-07
31090 1.3333360000055512e-06 2.9814299327980087e-07
31100 1.0000020000111023e-06 3.651491019607731e-07
31110 1.3333360000000002e-06 2.9814299328476596e-07
31120 1.66667e-06 0.0
31130 1.000002e-06 3.651491019668541e-07
31140 1.66667e-06 0.0
31150 1.3333360000055512e-06 2.9814299327980087e-07
31160 1.0000020000111023e-06 3.6514910196077315e-07
31170 1.3333360000055512e-06 2.9814299327980087e-07
31180 1.3333360000000002e-06 2.9814299328476596e-07
31190 1.0000020000111023e-06 3.651491019607731e-07
31200 1.0000020000111023e-06 3.651491019607731e-07
31210 1.3333360000055512e-06 2.9814299327980087e-07
31220 6.666680000055511e-07 3.6514910196482715e-07
31230 6.666680000111022e-07 3.651491019628001e-07
31240 1.66667e-06 0.0
31250 1.0000020000055513e-06 3.6514910196381357e-07
31260 1.3333360000055512e-06 2.9814299327980087e-07
31270 1.3333360000000002e-06 2.9814299328476596e-07
31280 6.666680000111022e-07 3.651491019628001e-07
31290 1.0000020000055513e-06 3.6514910196381357e-07
31300 3.3333400001110226e-07 2.981429932822834e-07
31310 1.0000020000111023e-06 3.6514910196077315e-07
31320 1.0000020000055513e-06 3.6514910196381357e-07
31330 1.000002e-06 3.651491019668541e-07
31340 6.666680000055511e-07 3.6514910196482715e-07
31350 1.3333360000000002e-06 2.9814299328476596e-07
31360 1.0000020000055513e-06 3.6514910196381357e-07
31370 1.66667e-06 0.0
31380 1.0000020000111023e-06 3.651491019607731e-07
31390 6.666680000055511e-07 3.6514910196482715e-07
31400 6.666680000055511e-07 3.6514910196482715e-07
31410 1.0000020000055513e-06 3.6514910196381357e-07
31420 6.666680000000001e-07 3.651491019668541e-07
31430 6.666680000055511e-07 3.6514910196482715e-07
31440 1.0000020000055513e-06 3.6514910196381357e-07
31450 1.3333360000000002e-06 2.9814299328476596e-07
31460 1.000002e-06 3.651491019668541e-07
31470 1.3333360000000002e-06 2.9814299328476596e-07
31480 6.666680000000001e-07 3.651491019668541e-07
31490 1.0000020000055513e-06 3.6514910196381357e-07
31500 6.666680000000001e-07 3.651491019668541e-07
31510 3.3333400000000004e-07 2.9814299328476596e-07
31520 1.0000020000055513e-06 3.6514910196381357e-07
31530 1.3333360000055512e-06 2.9814299327980087e-07
31540 1.0000020000055513e-06 3.6514910196381357e-07
31550 6.666680000055511e-07 3.6514910196482715e-07
31560 1.0000020000111023e-06 3.651491019607731e-07
31570 6.666680000055511e-07 3.6514910196482715e-07
31580 1.000002e-06 3.651491019668541e-07
31590 1.000002e-06 3.651491019668541e-07
31600 1.000002e-06 3.651491019668541e-07
31610 6.666680000111022e-07 3.651491019628001e-07
31620 1.0000020000055513e-06 3.6514910196381357e-07
31630 6.666680000000001e-07 3.651491019668541e-07
31640 1.66667e-06 0.0
31650 1.0000020000055513e-06 3.6514910196381357e-07
31660 1.0000020000055513e-06 3.6514910196381357e-07
31670 6.666680000111022e-07 3.651491019628001e-07
31680 1.3333360000055512e-06 2.9814299327980087e-07
31690 0.020001066668000004 0.0178887525224837
31700 1.3333360000000002e-06 2.9814299328476596e-07
31710 1.3333360000055512e-06 2.9814299327980087e-07
31720 1.3333360000000002e-06 2.9814299328476596e-07
31730 3.3333400001110226e-07 2.981429932822834e-07
31740 6.666680000000001e-07 3.651491019668541e-07
31750 1.0000020000111023e-06 3.6514910196077315e-07
31760 6.666680000000001e-07 3.651491019668541e-07
31770 1.3333360000055512e-06 2.9814299327980087e-07
31780 1.0000020000111023e-06 3.651491019607731e-07
31790 3.3333400000000004e-07 2.9814299328476596e-07
31800 3.3333400001110226e-07 2.981429932822834e-07
31810 6.666680000000001e-07 3.651491019668541e-07
31820 1.000002e-06 3.651491019668541e-07
31830 6.666680000111022e-07 3.651491019628001e-07
31840 1.000002e-06 3.651491019668541e-07
31850 1.0000020000055513e-06 3.6514910196381357e-07
31860 1.3333360000000002e-06 2.9814299328476596e-07
31870 6.666680000055511e-07 3.6514910196482715e-07
31880 1.000002e-06 3.651491019668541e-07
31890 6.666680000055511e-07 3.6514910196482715e-07
31900 1.0000020000055513e-06 3.6514910196381357e-07
31910 1.0000020000055513e-06 3.6514910196381357e-07
31920 1.0000020000055513e-06 3.6514910196381357e-07
31930 1.000002e-06 3.651491019668541e-07
31940 1.0000020000055513e-06 3.6514910196381357e-07
31950 6.666680000111022e-07 3.651491019628001e-07
31960 1.0000020000111023e-06 3.6514910196077315e-07
31970 6.666680000000001e-07 3.651491019668541e-07
31980 1.0000020000055513e-06 3.6514910196381357e-07
31990 6.666680000111022e-07 3.651491019628001e-07
32000 1.0000020000055513e-06 3.6514910196381357e-07
32010 6.666680000111022e-07 3.651491019628001e-07
32020 6.666680000111022e-07 3.651491019628001e-07
32030 1.000002e-06 3.651491019668541e-07
32040 6.666680000055511e-07 3.6514910196482715e-07
32050 1.0000020000111023e-06 3.651491019607731e-07
32060 6.666680000111022e-07 3.651491019628001e-07
32070 1.3333360000055512e-06 2.9814299327980087e-07
32080 1.0000020000055513e-06 3.6514910196381357e-07
32090 6.666680000166534e-07 3.6514910196077315e-07
32100 1.0000020000055513e-06 3.6514910196381357e-07
32110 1.66667e-06 0.0
32120 1.3333360000000002e-06 2.9814299328476596e-07
32130 1.3333360000000002e-06 2.9814299328476596e-07
32140 1.66667e-06 0.0
32150 1.3333360000000002e-06 2.9814299328476596e-07
32160 1.000002e-06 3.651491019668541e-07
32170 1.66667e-06 0.0
32180 1.3333360000000002e-06 2.9814299328476596e-07
32190 1.66667e-06 0.0
32200 1.3333360000000002e-06 2.9814299328476596e-07
32210 1.3333360000000002e-06 2.9814299328476596e-07
32220 1.0000020000055513e-06 3.6514910196381357e-07
32230 1.0000020000055513e-06 3.6514910196381357e-07
32240 6.666680000111022e-07 3.651491019628001e-07
32250 6.666680000166534e-07 3.6514910196077315e-07
32260 1.3333360000055512e-06 2.9814299327980087e-07
32270 1.3333360000055512e-06 2.9814299327980087e-07
32280 1.0000020000055513e-06 3.6514910196381357e-07
32290 1.3333360000000002e-06 2.9814299328476596e-07
32300 1.3333360000000002e-06 2.9814299328476596e-07
32310 6.666680000111022e-07 3.651491019628001e-07
32320 1.0000020000055513e-06 3.6514910196381357e-07
32330 1.3333360000000002e-06 2.9814299328476596e-07
32340 1.0000020000111023e-06 3.651491019607731e-07
32350 3.333340000222045e-07 2.9814299327980087e-07
32360 1.0000020000111023e-06 3.6514910196077315e-07
32370 1.000002e-06 3.651491019668541e-07
32380 6.666680000055511e-07 3.6514910196482715e-07
32390 6.666680000111022e-07 3.651491019628001e-07
32400 6.666680000055511e-07 3.6514910196482715e-07
32410 1.3333360000000002e-06 2.9814299328476596e-07
32420 3.333340000055511e-07 2.981429932835247e-07
32430 6.666680000055511e-07 3.6514910196482715e-07
32440 3.3333400000000004e-07 2.9814299328476596e-07
32450 6.666680000055511e-07 3.6514910196482715e-07
32460 1.0000020000055513e-06 3.6514910196381357e-07
32470 1.000002e-06 3.651491019668541e-07
32480 6.666680000055511e-07 3.6514910196482715e-07
32490 1.0000020000111023e-06 3.651491019607731e-07
32500 1.0000020000111023e-06 3.651491019607731e-07
32510 1.3333360000055512e-06 2.9814299327980087e-07
32520 1.0000020000055513e-06 3.6514910196381357e-07
32530 1.3333360000000002e-06 2.9814299328476596e-07
32540 1.0000020000111023e-06 3.651491019607731e-07
32550 1.3333360000055512e-06 2.9814299327980087e-07
32560 6.666680000111022e-07 3.651491019628001e-07
32570 1.3333360000000002e-06 2.9814299328476596e-07
32580 1.000002e-06 3.651491019668541e-07
32590 6.666680000055511e-07 3.6514910196482715e-07
32600 6.666680000111022e-07 3.651491019628001e-07
32610 1.0000020000055513e-06 3.6514910196381357e-07
32620 1.3333360000055512e-06 2.9814299327980087e-07
32630 1.66667e-06 0.0
32640 6.666680000111022e-07 3.651491019628001e-07
32650 1.3333360000055512e-06 2.9814299327980087e-07
32660 1.0000020000055513e-06 3.6514910196381357e-07
32670 1.3333360000000002e-06 2.9814299328476596e-07
32680 1.0000020000111023e-06 3.6514910196077315e-07
32690 1.3333360000055512e-06 2.9814299327980087e-07
32700 1.0000020000111023e-06 3.651491019607731e-07
32710 1.0000020000055513e-06 3.6514910196381357e-07
32720 1.0000020000055513e-06 3.6514910196381357e-07
32730 1.3333360000055512e-06 2.9814299327980087e-07
32740 1.3333360000055512e-06 2.9814299327980087e-07
32750 6.666680000055511e-07 3.6514910196482715e-07
32760 1.3333360000000002e-06 2.9814299328476596e-07
32770 6.666680000055511e-07 3.6514910196482715e-07
32780 6.666680000111022e-07 3.651491019628001e-07
32790 6.666680000166534e-07 3.651491019607731e-07
32800 6.666680000055511e-07 3.6514910196482715e-07
32810 3.3333400001665334e-07 2.9814299328104214e-07
32820 6.666680000166534e-07 3.651491019607731e-07
32830 1.0000020000111023e-06 3.651491019607731e-07
32840 1.0000020000055513e-06 3.6514910196381357e-07
32850 1.3333360000055512e-06 2.9814299327980087e-07
32860 1.66667e-06 0.0
32870 1.0000020000055513e-06 3.6514910196381357e-07
32880 1.000002e-06 3.651491019668541e-07
32890 3.333340000055511e-07 2.9814299328352464e-07
32900 6.666680000000001e-07 3.651491019668541e-07
32910 1.3333360000000002e-06 2.9814299328476596e-07
32920 1.66667e-06 0.0
32930 1.66667e-06 0.0
32940 1.3333360000055512e-06 2.9814299327980087e-07
32950 1.0000020000111023e-06 3.651491019607731e-07
32960 1.3333360000000002e-06 2.9814299328476596e-07
32970 6.666680000111022e-07 3.651491019628001e-07
32980 1.3333360000055512e-06 2.9814299327980087e-07
32990 1.0000020000111023e-06 3.651491019607731e-07
33000 1.0000020000111023e-06 3.6514910196077315e-07
33010 6.666680000111022e-07 3.651491019628001e-07
33020 6.666680000055511e-07 3.6514910196482715e-07
33030 1.0000020000055513e-06 3.6514910196381357e-07
33040 1.3333360000055512e-06 2.9814299327980087e-07
33050 1.0000020000055513e-06 3.6514910196381357e-07
33060 3.3333400001665334e-07 2.981429932810421e-07
33070 1.0000020000111023e-06 3.651491019607731e-07
33080 1.66667e-06 0.0
33090 1.3333360000000002e-06 2.9814299328476596e-07
33100 6.666680000055511e-07 3.6514910196482715e-07
33110 1.000002e-06 3.651491019668541e-07
33120 6.666680000111022e-07 3.651491019628001e-07
33130 6.666680000000001e-07 3.651491019668541e-07
33140 1.66667e-06 0.0
33150 1.665336e-17 6.080947286836155e-18
33160 3.333340000055511e-07 2.981429932835247e-07
33170 1.0000020000055513e-06 3.6514910196381357e-07
33180 1.3333360000000002e-06 2.9814299328476596e-07
33190 0.020001066668000004 0.0178887525224837
33200 1.3333360000000002e-06 2.9814299328476596e-07
33210 1.0000020000055513e-06 3.6514910196381357e-07
33220 1.3333360000000002e-06 2.9814299328476596e-07
33230 6.666680000055511e-07 3.6514910196482715e-07
33240 3.3333400001110226e-07 2.981429932822834e-07
33250 1.3333360000000002e-06 2.9814299328476596e-07
33260 6.666680000000001e-07 3.651491019668541e-07
33270 3.333340000055511e-07 2.981429932835247e-07
33280 1.0000020000055513e-06 3.6514910196381357e-07
33290 6.666680000055511e-07 3.6514910196482715e-07
33300 1.3333360000055512e-06 2.9814299327980087e-07
33310 1.0000020000111023e-06 3.6514910196077315e-07
33320 1.0000020000111023e-06 3.6514910196077315e-07
33330 1.000002e-06 3.651491019668541e-07
33340 1.3333360000000002e-06 2.9814299328476596e-07
33350 1.0000020000055513e-06 3.6514910196381357e-07
33360 1.665336e-17 6.080947286836155e-18
33370 1.0000020000055513e-06 3.6514910196381357e-07
33380 1.0000020000055513e-06 3.6514910196381357e-07
33390 6.666680000111022e-07 3.651491019628001e-07
33400 1.0000020000055513e-06 3.6514910196381357e-07
33410 6.666680000111022e-07 3.651491019628001e-07
33420 6.666680000111022e-07 3.651491019628001e-07
33430 3.3333400001110226e-07 2.981429932822834e-07
33440 1.3333360000055512e-06 2.9814299327980087e-07
33450 1.0000020000055513e-06 3.6514910196381357e-07
33460 6.666680000166534e-07 3.651491019607731e-07
33470 3.3333400001665334e-07 2.981429932810421e-07
33480 6.666680000111022e-07 3.651491019628001e-07
33490 6.666680000111022e-07 3.651491019628001e-07
33500 6.666680000055511e-07 3.6514910196482715e-07
33510 6.666680000055511e-07 3.6514910196482715e-07
33520 6.666680000111022e-07 3.651491019628001e-07
33530 6.666680000111022e-07 3.651491019628001e-07
33540 5.551119999999999e-18 4.965072668503452e-18
33550 1.000002e-06 3.651491019668541e-07
33560 1.0000020000055513e-06 3.6514910196381357e-07
33570 1.0000020000055513e-06 3.6514910196381357e-07
33580 1.3333360000055512e-06 2.9814299327980087e-07
33590 3.333340000222045e-07 2.9814299327980087e-07
33600 6.666680000111022e-07 3.651491019628001e-07
33610 1.0000020000055513e-06 3.6514910196381357e-07
33620 6.666680000111022e-07 3.651491019628001e-07
33630 3.3333400001665334e-07 2.981429932810421e-07
33640 1.3333360000000002e-06 2.9814299328476596e-07
33650 1.0000020000055513e-06 3.6514910196381357e-07
33660 1.0000020000055513e-06 3.6514910196381357e-07
33670 1.0000020000055513e-06 3.6514910196381357e-07
33680 1.3333360000000002e-06 2.9814299328476596e-07
33690 1.66667e-06 0.0
33700 1.0000020000055513e-06 3.6514910196381357e-07
33710 1.0000020000055513e-06 3.6514910196381357e-07
33720 1.000002e-06 3.651491019668541e-07
33730 6.666680000055511e-07 3.6514910196482715e-07
33740 1.66667e-06 0.0
33750 6.666680000111022e-07 3.651491019628001e-07
33760 1.0000020000111023e-06 3.651491019607731e-07
33770 1.0000020000055513e-06 3.6514910196381357e-07
33780 1.0000020000055513e-06 3.6514910196381357e-07
33790 1.3333360000055512e-06 2.9814299327980087e-07
33800 1.0000020000055513e-06 3.6514910196381357e-07
33810 3.333340000055511e-07 2.9814299328352464e-07
33820 3.3333400001110226e-07 2.981429932822834e-07
33830 1.3333360000055512e-06 2.9814299327980087e-07
33840 1.3333360000055512e-06 2.9814299327980087e-07
33850 3.3333400001110226e-07 2.981429932822834e-07
33860 6.666680000111022e-07 3.651491019628001e-07
33870 1.0000020000111023e-06 3.651491019607731e-07
33880 1.66667e-06 0.0
33890 1.0000020000055513e-06 3.6514910196381357e-07
33900 1.66667e-06 0.0
33910 6.666680000055511e-07 3.6514910196482715e-07
33920 6.666680000055511e-07 3.6514910196482715e-07
33930 6.666680000055511e-07 3.6514910196482715e-07
33940 1.3333360000055512e-06 2.9814299327980087e-07
33950 6.666680000111022e-07 3.651491019628001e-07
33960 1.000002e-06 3.651491019668541e-07
33970 1.0000020000055513e-06 3.6514910196381357e-07
33980 1.3333360000000002e-06 2.9814299328476596e-07
33990 1.66667e-06 0.0
34000 1.3333360000000002e-06 2.9814299328476596e-07
34010 1.0000020000055513e-06 3.6514910196381357e-07
34020 1.0000020000055513e-06 3.6514910196381357e-07
34030 6.666680000111022e-07 3.651491019628001e-07
34040 1.0000020000111023e-06 3.651491019607731e-07
34050 1.3333360000000002e-06 2.9814299328476596e-07
34060 1.3333360000055512e-06 2.9814299327980087e-07
34070 6.666680000055511e-07 3.6514910196482715e-07
34080 3.3333400001110226e-07 2.981429932822834e-07
34090 1.0000020000055513e-06 3.6514910196381357e-07
34100 1.3333360000055512e-06 2.9814299327980087e-07
34110 1.000002e-06 3.651491019668541e-07
34120 1.000002e-06 3.651491019668541e-07
34130 1.3333360000000002e-06 2.9814299328476596e-07
34140 1.3333360000000002e-06 2.9814299328476596e-07
34150 1.0000020000055513e-06 3.6514910196381357e-07
34160 1.66667e-06 0.0
34170 6.666680000111022e-07 3.651491019628001e-07
34180 1.3333360000000002e-06 2.9814299328476596e-07
34190 1.66667e-06 0.0
34200 1.0000020000111023e-06 3.6514910196077315e-07
34210 1.0000020000055513e-06 3.6514910196381357e-07
34220 1.66667e-06 0.0
34230 1.0000020000055513e-06 3.6514910196381357e-07
34240 1.000002e-06 3.651491019668541e-07
34250 6.666680000111022e-07 3.651491019628001e-07
34260 6.666680000055511e-07 3.6514910196482715e-07
34270 1.0000020000055513e-06 3.6514910196381357e-07
34280 1.0000020000111023e-06 3.6514910196077315e-07
34290 3.3333400001110226e-07 2.981429932822834e-07
34300 1.0000020000055513e-06 3.6514910196381357e-07
34310 6.666680000055511e-07 3.6514910196482715e-07
34320 3.3333400001110226e-07 2.981429932822834e-07
34330 1.3333360000000002e-06 2.9814299328476596e-07
34340 1.3333360000055512e-06 2.9814299327980087e-07
34350 6.666680000111022e-07 3.651491019628001e-07
34360 1.3333360000000002e-06 2.9814299328476596e-07
34370 6.666680000111022e-07 3.651491019628001e-07
34380 6.666680000000001e-07 3.651491019668541e-07
34390 3.333340000055511e-07 2.9814299328352464e-07
34400 1.000002e-06 3.651491019668541e-07
34410 1.0000020000111023e-06 3.651491019607731e-07
34420 1.0000020000055513e-06 3.6514910196381357e-07
34430 1.0000020000055513e-06 3.6514910196381357e-07
34440 6.666680000055511e-07 3.6514910196482715e-07
34450 6.666680000111022e-07 3.651491019628001e-07
34460 3.3333400001110226e-07 2.981429932822834e-07
34470 1.0000020000055513e-06 3.6514910196381357e-07
34480 1.3333360000055512e-06 2.9814299327980087e-07
34490 1.000002e-06 3.651491019668541e-07
34500 1.000002e-06 3.651491019668541e-07
34510 1.66667e-06 0.0
34520 1.3333360000055512e-06 2.9814299327980087e-07
34530 1.3333360000055512e-06 2.9814299327980087e-07
34540 1.0000020000055513e-06 3.6514910196381357e-07
34550 3.333340000055511e-07 2.9814299328352464e-07
34560 6.666680000055511e-07 3.6514910196482715e-07
34570 1.3333360000000002e-06 2.9814299328476596e-07
34580 1.0000020000055513e-06 3.6514910196381357e-07
34590 1.0000020000111023e-06 3.651491019607731e-07
34600 1.3333360000055512e-06 2.9814299327980087e-07
34610 6.666680000166534e-07 3.6514910196077315e-07
34620 1.0000020000055513e-06 3.6514910196381357e-07
34630 1.000002e-06 3.651491019668541e-07
34640 1.000002e-06 3.651491019668541e-07
34650 6.666680000111022e-07 3.651491019628001e-07
34660 1.0000020000111023e-06 3.651491019607731e-07
34670 3.333340000055511e-07 2.9814299328352464e-07
34680 1.0000020000055513e-06 3.6514910196381357e-07
34690 6.666680000111022e-07 3.651491019628001e-07
34700 1.0000020000111023e-06 3.6514910196077315e-07
34710 6.666680000111022e-07 3.651491019628001e-07
34720 1.0000020000055513e-06 3.6514910196381357e-07
34730 1.0000020000111023e-06 3.6514910196077315e-07
34740 1.3333360000055512e-06 2.9814299327980087e-07
34750 6.666680000111022e-07 3.651491019628001e-07
34760 3.3333400001665334e-07 2.981429932810421e-07
34770 1.0000020000055513e-06 3.6514910196381357e-07
34780 6.666680000166534e-07 3.651491019607731e-07
34790 1.66667e-06 0.0
34800 6.666680000111022e-07 3.651491019628001e-07
34810 3.333340000055511e-07 2.9814299328352464e-07
34820 1.3333360000055512e-06 2.9814299327980087e-07
34830 6.666680000055511e-07 3.6514910196482715e-07
34840 1.3333360000000002e-06 2.9814299328476596e-07
34850 1.3333360000055512e-06 2.9814299327980087e-07
34860 1.000002e-06 3.651491019668541e-07
34870 1.3333360000055512e-06 2.9814299327980087e-07
34880 1.0000020000055513e-06 3.6514910196381357e-07
34890 1.0000020000111023e-06 3.651491019607731e-07
34900 1.3333360000055512e-06 2.9814299327980087e-07
34910 6.666680000166534e-07 3.6514910196077315e-07
34920 1.0000020000055513e-06 3.6514910196381357e-07
34930 6.666680000055511e-07 3.6514910196482715e-07
34940 6.666680000055511e-07 3.6514910196482715e-07
34950 1.000002e-06 3.651491019668541e-07
34960 1.66667e-06 0.0
34970 1.66667e-06 0.0
34980 6.666680000111022e-07 3.651491019628001e-07
34990 6.666680000166534e-07 3.6514910196077315e-07
35000 6.666680000055511e-07 3.6514910196482715e-07
35010 3.3333400001110226e-07 2.981429932822834e-07
35020 1.0000020000055513e-06 3.6514910196381357e-07
35030 1.3333360000000002e-06 2.9814299328476596e-07
35040 6.666680000055511e-07 3.6514910196482715e-07
35050 6.666680000055511e-07 3.6514910196482715e-07
35060 6.666680000111022e-07 3.651491019628001e-07
35070 1.000002e-06 3.651491019668541e-07
35080 3.3333400000000004e-07 2.9814299328476596e-07
35090 6.666680000055511e-07 3.6514910196482715e-07
35100 1.3333360000000002e-06 2.9814299328476596e-07
35110 1.0000020000111023e-06 3.6514910196077315e-07
35120 1.0000020000055513e-06 3.6514910196381357e-07
35130 1.0000020000055513e-06 3.6514910196381357e-07
35140 1.3333360000000002e-06 2.9814299328476596e-07
35150 1.0000020000055513e-06 3.6514910196381357e-07
35160 6.666680000111022e-07 3.651491019628001e-07
35170 1.0000020000055513e-06 3.6514910196381357e-07
35180 1.0000020000055513e-06 3.6514910196381357e-07
35190 1.0000020000111023e-06 3.651491019607731e-07
35200 1.3333360000055512e-06 2.9814299327980087e-07
35210 1.0000020000055513e-06 3.6514910196381357e-07
35220 3.3333400001110226e-07 2.981429932822834e-07
35230 1.000002e-06 3.651491019668541e-07
35240 1.0000020000055513e-06 3.6514910196381357e-07
35250 1.3333360000055512e-06 2.9814299327980087e-07
35260 3.3333400001110226e-07 2.981429932822834e-07
35270 1.66667e-06 0.0
35280 1.66667e-06 0.0
35290 1.000002e-06 3.651491019668541e-07
35300 6.666680000055511e-07 3.6514910196482715e-07
35310 1.66667e-06 0.0
35320 1.0000020000055513e-06 3.6514910196381357e-07
35330 1.0000020000055513e-06 3.6514910196381357e-07
35340 1.0000020000055513e-06 3.6514910196381357e-07
35350 1.3333360000000002e-06 2.9814299328476596e-07
35360 3.3333400001665334e-07 2.9814299328104214e-07
35370 1.0000020000055513e-06 3.6514910196381357e-07
35380 3.333340000055511e-07 2.981429932835247e-07
35390 3.3333400001665334e-07 2.9814299328104214e-07
35400 3.333340000055511e-07 2.981429932835247e-07
35410 1.0000020000055513e-06 3.6514910196381357e-07
35420 1.0000020000111023e-06 3.651491019607731e-07
35430 1.0000020000055513e-06 3.6514910196381357e-07
35440 6.666680000000001e-07 3.651491019668541e-07
35450 3.3333400001665334e-07 2.981429932810421e-07
35460 6.666680000055511e-07 3.6514910196482715e-07
35470 1.0000020000111023e-06 3.651491019607731e-07
35480 1.0000020000111023e-06 3.651491019607731e-07
35490 6.666680000166534e-07 3.651491019607731e-07
35500 3.3333400001665334e-07 2.981429932810421e-07
35510 6.666680000111022e-07 3.651491019628001e-07
35520 6.666680000111022e-07 3.651491019628001e-07
35530 1.0000020000111023e-06 3.651491019607731e-07
35540 1.0000020000055513e-06 3.6514910196381357e-07
35550 3.333340000222045e-07 2.9814299327980087e-07
35560 1.0000020000111023e-06 3.651491019607731e-07
35570 6.666680000055511e-07 3.6514910196482715e-07
35580 1.0000020000055513e-06 3.6514910196381357e-07
35590 1.0000020000111023e-06 3.651491019607731e-07
35600 1.0000020000111023e-06 3.651491019607731e-07
35610 3.333340000055511e-07 2.981429932835247e-07
35620 1.0000020000055513e-06 3.6514910196381357e-07
35630 1.000002e-06 3.651491019668541e-07
35640 6.666680000055511e-07 3.6514910196482715e-07
35650 3.333340000222045e-07 2.9814299327980087e-07
35660 3.3333400001110226e-07 2.981429932822834e-07
35670 1.0000020000055513e-06 3.6514910196381357e-07
35680 6.666680000055511e-07 3.6514910196482715e-07
35690 1.000002e-06 3.651491019668541e-07
35700 3.333340000222045e-07 2.9814299327980087e-07
35710 1.000002e-06 3.651491019668541e-07
35720 1.66667e-06 0.0
35730 1.3333360000000002e-06 2.9814299328476596e-07
35740 1.3333360000055512e-06 2.9814299327980087e-07
35750 6.666680000055511e-07 3.6514910196482715e-07
35760 1.000002e-06 3.651491019668541e-07
35770 3.3333400001665334e-07 2.9814299328104214e-07
35780 1.0000020000055513e-06 3.6514910196381357e-07
35790 1.0000020000055513e-06 3.6514910196381357e-07
35800 3.3333400001110226e-07 2.981429932822834e-07
35810 3.3333400001665334e-07 2.981429932810421e-07
35820 6.666680000111022e-07 3.651491019628001e-07
35830 1.3333360000055512e-06 2.9814299327980087e-07
35840 3.3333400001110226e-07 2.981429932822834e-07
35850 1.3333360000000002e-06 2.9814299328476596e-07
35860 1.66667e-06 0.0
35870 3.3333400000000004e-07 2.9814299328476596e-07
35880 6.666680000111022e-07 3.651491019628001e-07
35890 1.0000020000055513e-06 3.6514910196381357e-07
35900 1.0000020000055513e-06 3.6514910196381357e-07
35910 1.0000020000055513e-06 3.6514910196381357e-07
35920 1.0000020000055513e-06 3.6514910196381357e-07
35930 3.333340000055511e-07 2.981429932835247e-07
35940 1.000002e-06 3.651491019668541e-07
35950 1.000002e-06 3.651491019668541e-07
35960 1.3333360000000002e-06 2.9814299328476596e-07
35970 1.0000020000055513e-06 3.6514910196381357e-07
35980 6.666680000166534e-07 3.651491019607731e-07
35990 3.3333400001110226e-07 2.981429932822834e-07
36000 1.0000020000055513e-06 3.6514910196381357e-07
36010 3.3333400001665334e-07 2.9814299328104214e-07
36020 1.000002e-06 3.651491019668541e-07
36030 1.000002e-06 3.651491019668541e-07
36040 1.3333360000055512e-06 2.9814299327980087e-07
36050 6.666680000055511e-07 3.6514910196482715e-07
36060 1.3333360000000002e-06 2.9814299328476596e-07
36070 1.3333360000055512e-06 2.9814299327980087e-07
36080 6.666680000055511e-07 3.6514910196482715e-07
36090 1.3333360000000002e-06 2.9814299328476596e-07
36100 1.000002e-06 3.651491019668541e-07
36110 1.0000020000055513e-06 3.6514910196381357e-07
36120 1.3333360000000002e-06 2.9814299328476596e-07
36130 1.3333360000055512e-06 2.9814299327980087e-07
36140 1.3333360000055512e-06 2.9814299327980087e-07
36150 6.666680000055511e-07 3.6514910196482715e-07
36160 6.666680000055511e-07 3.6514910196482715e-07
36170 1.0000020000055513e-06 3.6514910196381357e-07
36180 1.3333360000000002e-06 2.9814299328476596e-07
36190 1.000002e-06 3.651491019668541e-07
36200 6.666680000111022e-07 3.651491019628001e-07
36210 1.3333360000055512e-06 2.9814299327980087e-07
36220 6.666680000111022e-07 3.651491019628001e-07
36230 1.0000020000055513e-06 3.6514910196381357e-07
36240 1.0000020000055513e-06 3.6514910196381357e-07
36250 1.0000020000055513e-06 3.6514910196381357e-07
36260 1.0000020000055513e-06 3.6514910196381357e-07
36270 6.666680000055511e-07 3.6514910196482715e-07
36280 6.666680000111022e-07 3.651491019628001e-07
36290 1.000002e-06 3.651491019668541e-07
36300 6.666680000055511e-07 3.6514910196482715e-07
36310 1.000002e-06 3.651491019668541e-07
36320 3.333340000055511e-07 2.981429932835247e-07
36330 3.333340000055511e-07 2.981429932835247e-07
36340 1.0000020000111023e-06 3.651491019607731e-07
36350 3.3333400001110226e-07 2.981429932822834e-07
36360 3.3333400001110226e-07 2.981429932822834e-07
36370 1.0000020000111023e-06 3.651491019607731e-07
36380 1.3333360000055512e-06 2.9814299327980087e-07
36390 3.333340000055511e-07 2.9814299328352464e-07
36400 6.666680000000001e-07 3.651491019668541e-07
36410 1.000002e-06 3.651491019668541e-07
36420 1.0000020000055513e-06 3.6514910196381357e-07
36430 1.0000020000111023e-06 3.6514910196077315e-07
36440 1.3333360000055512e-06 2.9814299327980087e-07
36450 1.3333360000055512e-06 2.9814299327980087e-07
36460 1.000002e-06 3.651491019668541e-07
36470 1.3333360000055512e-06 2.9814299327980087e-07
36480 1.3333360000000002e-06 2.9814299328476596e-07
36490 1.66667e-06 0.0
36500 6.666680000055511e-07 3.6514910196482715e-07
36510 1.3333360000000002e-06 2.9814299328476596e-07
36520 6.666680000111022e-07 3.651491019628001e-07
36530 1.000002e-06 3.651491019668541e-07
36540 6.666680000055511e-07 3.6514910196482715e-07
36550 1.0000020000055513e-06 3.6514910196381357e-07
36560 1.3333360000000002e-06 2.9814299328476596e-07
36570 1.66667e-06 0.0
36580 6.666680000000001e-07 3.651491019668541e-07
36590 1.3333360000055512e-06 2.9814299327980087e-07
36600 6.666680000000001e-07 3.651491019668541e-07
36610 1.000002e-06 3.651491019668541e-07
36620 1.000002e-06 3.651491019668541e-07
36630 1.0000020000111023e-06 3.651491019607731e-07
36640 1.3333360000000002e-06 2.9814299328476596e-07
36650 1.0000020000055513e-06 3.6514910196381357e-07
36660 6.666680000055511e-07 3.6514910196482715e-07
36670 1.0000020000055513e-06 3.6514910196381357e-07
36680 6.666680000055511e-07 3.6514910196482715e-07
36690 1.3333360000055512e-06 2.9814299327980087e-07
36700 6.666680000055511e-07 3.6514910196482715e-07
36710 1.3333360000055512e-06 2.9814299327980087e-07
36720 1.0000020000111023e-06 3.6514910196077315e-07
36730 1.0000020000055513e-06 3.6514910196381357e-07
36740 1.0000020000055513e-06 3.6514910196381357e-07
36750 1.3333360000000002e-06 2.9814299328476596e-07
36760 1.000002e-06 3.651491019668541e-07
36770 1.0000020000055513e-06 3.6514910196381357e-07
36780 1.0000020000055513e-06 3.6514910196381357e-07
36790 1.3333360000055512e-06 2.9814299327980087e-07
36800 0.020001066668000004 0.0178887525224837
36810 6.666680000111022e-07 3.651491019628001e-07
36820 3.3333400001665334e-07 2.9814299328104214e-07
36830 6.666680000111022e-07 3.651491019628001e-07
36840 1.0000020000055513e-06 3.6514910196381357e-07
36850 3.3333400001665334e-07 2.9814299328104214e-07
36860 1.0000020000055513e-06 3.6514910196381357e-07
36870 1.000002e-06 3.651491019668541e-07
36880 1.3333360000055512e-06 2.9814299327980087e-07
36890 1.0000020000055513e-06 3.6514910196381357e-07
36900 1.3333360000000002e-06 2.9814299328476596e-07
36910 1.3333360000000002e-06 2.9814299328476596e-07
36920 1.3333360000000002e-06 2.9814299328476596e-07
36930 6.666680000055511e-07 3.6514910196482715e-07
36940 6.666680000166534e-07 3.6514910196077315e-07
36950 1.000002e-06 3.651491019668541e-07
36960 6.666680000000001e-07 3.651491019668541e-07
36970 6.666680000166534e-07 3.6514910196077315e-07
36980 1.3333360000000002e-06 2.9814299328476596e-07
36990 6.666680000000001e-07 3.651491019668541e-07
37000 1.3333360000000002e-06 2.9814299328476596e-07
37010 1.3333360000000002e-06 2.9814299328476596e-07
37020 1.66667e-06 0.0
37030 1.000002e-06 3.651491019668541e-07
37040 1.0000020000055513e-06 3.6514910196381357e-07
37050 1.66667e-06 0.0
37060 6.666680000111022e-07 3.651491019628001e-07
37070 6.666680000111022e-07 3.651491019628001e-07
37080 6.666680000000001e-07 3.651491019668541e-07
37090 1.0000020000055513e-06 3.6514910196381357e-07
37100 6.666680000000001e-07 3.651491019668541e-07
37110 6.666680000055511e-07 3.6514910196482715e-07
37120 3.3333400001110226e-07 2.981429932822834e-07
37130 1.3333360000055512e-06 2.9814299327980087e-07
37140 1.0000020000111023e-06 3.6514910196077315e-07
37150 1.66667e-06 0.0
37160 1.0000020000055513e-06 3.6514910196381357e-07
37170 3.333340000055511e-07 2.9814299328352464e-07
37180 1.0000020000055513e-06 3.6514910196381357e-07
37190 1.0000020000055513e-06 3.6514910196381357e-07
37200 1.66667e-06 0.0
37210 6.666680000166534e-07 3.6514910196077315e-07
37220 1.000002e-06 3.651491019668541e-07
37230 1.0000020000111023e-06 3.6514910196077315e-07
37240 1.000002e-06 3.651491019668541e-07
37250 6.666680000055511e-07 3.6514910196482715e-07
37260 1.3333360000055512e-06 2.9814299327980087e-07
37270 1.3333360000000002e-06 2.9814299328476596e-07
37280 1.3333360000000002e-06 2.9814299328476596e-07
37290 1.000002e-06 3.651491019668541e-07
37300 1.0000020000111023e-06 3.651491019607731e-07
37310 6.666680000111022e-07 3.651491019628001e-07
37320 1.3333360000000002e-06 2.9814299328476596e-07
37330 3.333340000055511e-07 2.9814299328352464e-07
37340 1.000002e-06 3.651491019668541e-07
37350 1.000002e-06 3.651491019668541e-07
37360 6.666680000055511e-07 3.6514910196482715e-07
37370 1.0000020000111023e-06 3.651491019607731e-07
37380 1.3333360000055512e-06 2.9814299327980087e-07
37390 1.0000020000111023e-06 3.651491019607731e-07
37400 6.666680000055511e-07 3.6514910196482715e-07
37410 1.000002e-06 3.651491019668541e-07
37420 1.3333360000055512e-06 2.9814299327980087e-07
37430 1.0000020000055513e-06 3.6514910196381357e-07
37440 1.3333360000055512e-06 2.9814299327980087e-07
37450 3.333340000055511e-07 2.981429932835247e-07
37460 1.3333360000055512e-06 2.9814299327980087e-07
37470 1.0000020000055513e-06 3.6514910196381357e-07
37480 6.666680000166534e-07 3.651491019607731e-07
37490 6.666680000111022e-07 3.651491019628001e-07
37500 3.3333400001665334e-07 2.981429932810421e-07
37510 6.666680000111022e-07 3.651491019628001e-07
37520 6.666680000055511e-07 3.6514910196482715e-07
37530 6.666680000055511e-07 3.6514910196482715e-07
37540 6.666680000055511e-07 3.6514910196482715e-07
37550 6.666680000111022e-07 3.651491019628001e-07
37560 3.333340000222045e-07 2.9814299327980087e-07
37570 1.0000020000111023e-06 3.6514910196077315e-07
37580 1.0000020000055513e-06 3.6514910196381357e-07
37590 6.666680000111022e-07 3.651491019628001e-07
37600 6.666680000000001e-07 3.651491019668541e-07
37610 1.000002e-06 3.651491019668541e-07
37620 1.3333360000055512e-06 2.9814299327980087e-07
37630 6.666680000111022e-07 3.651491019628001e-07
37640 1.0000020000055513e-06 3.6514910196381357e-07
37650 1.0000020000111023e-06 3.6514910196077315e-07
37660 6.666680000111022e-07 3.651491019628001e-07
37670 6.666680000166534e-07 3.6514910196077315e-07
37680 1.0000020000055513e-06 3.6514910196381357e-07
37690 3.3333400000000004e-07 2.9814299328476596e-07
37700 1.3333360000000002e-06 2.9814299328476596e-07
37710 6.666680000055511e-07 3.6514910196482715e-07
37720 1.3333360000055512e-06 2.9814299327980087e-07
37730 6.666680000055511e-07 3.6514910196482715e-07
37740 1.3333360000055512e-06 2.9814299327980087e-07
37750 6.666680000111022e-07 3.651491019628001e-07
37760 1.0000020000111023e-06 3.6514910196077315e-07
37770 6.666680000055511e-07 3.6514910196482715e-07
37780 1.3333360000055512e-06 2.9814299327980087e-07
37790 6.666680000111022e-07 3.651491019628001e-07
37800 1.3333360000000002e-06 2.9814299328476596e-07
37810 1.0000020000055513e-06 3.6514910196381357e-07
37820 1.3333360000000002e-06 2.9814299328476596e-07
37830 1.66667e-06 0.0
37840 1.66667e-06 0.0
37850 6.666680000111022e-07 3.651491019628001e-07
37860 6.666680000166534e-07 3.651491019607731e-07
37870 6.666680000111022e-07 3.651491019628001e-07
37880 3.3333400001665334e-07 2.981429932810421e-07
37890 6.666680000111022e-07 3.651491019628001e-07
37900 6.666680000166534e-07 3.6514910196077315e-07
37910 1.000002e-06 3.651491019668541e-07
37920 1.000002e-06 3.651491019668541e-07
37930 1.3333360000000002e-06 2.9814299328476596e-07
37940 1.0000020000055513e-06 3.6514910196381357e-07
37950 6.666680000055511e-07 3.6514910196482715e-07
37960 1.0000020000111023e-06 3.651491019607731e-07
37970 1.0000020000055513e-06 3.6514910196381357e-07
37980 1.0000020000055513e-06 3.6514910196381357e-07
37990 1.3333360000000002e-06 2.9814299328476596e-07
38000 1.3333360000000002e-06 2.9814299328476596e-07
38010 3.333340000055511e-07 2.9814299328352464e-07
38020 1.0000020000055513e-06 3.6514910196381357e-07
38030 3.3333400001665334e-07 2.981429932810421e-07
38040 6.666680000000001e-07 3.651491019668541e-07
38050 1.3333360000000002e-06 2.9814299328476596e-07
38060 1.0000020000055513e-06 3.6514910196381357e-07
38070 1.000002e-06 3.651491019668541e-07
38080 1.665336e-17 6.0809472868361544e-18
38090 6.666680000055511e-07 3.6514910196482715e-07
38100 1.0000020000055513e-06 3.6514910196381357e-07
38110 1.0000020000111023e-06 3.651491019607731e-07
38120 6.666680000111022e-07 3.651491019628001e-07
38130 3.333340000055511e-07 2.981429932835247e-07
38140 6.666680000055511e-07 3.6514910196482715e-07
38150 1.3333360000055512e-06 2.9814299327980087e-07
38160 1.0000020000055513e-06 3.6514910196381357e-07
38170 6.666680000166534e-07 3.651491019607731e-07
38180 1.3333360000055512e-06 2.9814299327980087e-07
38190 1.000002e-06 3.651491019668541e-07
38200 6.666680000055511e-07 3.6514910196482715e-07
38210 1.0000020000055513e-06 3.6514910196381357e-07
38220 6.666680000111022e-07 3.651491019628001e-07
38230 3.333340000055511e-07 2.9814299328352464e-07
38240 1.0000020000055513e-06 3.6514910196381357e-07
38250 1.3333360000055512e-06 2.9814299327980087e-07
38260 6.666680000166534e-07 3.651491019607731e-07
38270 1.3333360000055512e-06 2.9814299327980087e-07
38280 1.0000020000055513e-06 3.6514910196381357e-07
38290 1.0000020000111023e-06 3.6514910196077315e-07
38300 6.666680000055511e-07 3.6514910196482715e-07
38310 3.3333400001110226e-07 2.981429932822834e-07
38320 1.3333360000000002e-06 2.9814299328476596e-07
38330 1.0000020000055513e-06 3.6514910196381357e-07
38340 6.666680000055511e-07 3.6514910196482715e-07
38350 1.3333360000055512e-06 2.9814299327980087e-07
38360 6.666680000055511e-07 3.6514910196482715e-07
38370 5.551119999999999e-18 4.965072668503453e-18
38380 6.666680000055511e-07 3.6514910196482715e-07
38390 3.3333400001665334e-07 2.9814299328104214e-07
38400 3.333340000055511e-07 2.981429932835247e-07
38410 1.1102239999999998e-17 6.0809472868361544e-18
38420 1.000002e-06 3.651491019668541e-07
38430 1.0000020000111023e-06 3.6514910196077315e-07
38440 1.0000020000055513e-06 3.6514910196381357e-07
38450 1.000002e-06 3.651491019668541e-07
38460 6.666680000000001e-07 3.651491019668541e-07
38470 1.0000020000055513e-06 3.6514910196381357e-07
38480 1.000002e-06 3.651491019668541e-07
38490 1.0000020000055513e-06 3.6514910196381357e-07
38500 1.3333360000000002e-06 2.9814299328476596e-07
38510 1.0000020000111023e-06 3.651491019607731e-07
38520 6.666680000166534e-07 3.651491019607731e-07
38530 1.0000020000111023e-06 3.651491019607731e-07
38540 2.2204479999999997e-17 4.965072668503452e-18
38550 6.666680000111022e-07 3.651491019628001e-07
38560 1.000002e-06 3.651491019668541e-07
38570 1.000002e-06 3.651491019668541e-07
38580 6.666680000111022e-07 3.651491019628001e-07
38590 6.666680000111022e-07 3.651491019628001e-07
38600 1.3333360000055512e-06 2.9814299327980087e-07
38610 1.3333360000055512e-06 2.9814299327980087e-07
38620 3.333340000222045e-07 2.9814299327980087e-07
38630 1.0000020000055513e-06 3.6514910196381357e-07
38640 1.3333360000055512e-06 2.9814299327980087e-07
38650 3.3333400001665334e-07 2.981429932810421e-07
38660 6.666680000000001e-07 3.651491019668541e-07
38670 3.333340000055511e-07 2.981429932835247e-07
38680 1.000002e-06 3.651491019668541e-07
38690 6.666680000111022e-07 3.651491019628001e-07
38700 3.3333400001110226e-07 2.981429932822834e-07
38710 3.3333400001110226e-07 2.981429932822834e-07
38720 1.0000020000055513e-06 3.6514910196381357e-07
38730 6.666680000055511e-07 3.6514910196482715e-07
38740 1.000002e-06 3.651491019668541e-07
38750 1.0000020000055513e-06 3.6514910196381357e-07
38760 1.665336e-17 6.0809472868361544e-18
38770 6.666680000055511e-07 3.6514910196482715e-07
38780 1.3333360000055512e-06 2.9814299327980087e-07
38790 1.0000020000111023e-06 3.651491019607731e-07
38800 1.000002e-06 3.651491019668541e-07
38810 1.0000020000055513e-06 3.6514910196381357e-07
38820 1.000002e-06 3.651491019668541e-07
38830 1.3333360000000002e-06 2.9814299328476596e-07
38840 1.3333360000000002e-06 2.9814299328476596e-07
38850 1.3333360000055512e-06 2.9814299327980087e-07
38860 1.000002e-06 3.651491019668541e-07
38870 6.666680000000001e-07 3.651491019668541e-07
38880 1.66667e-06 0.0
38890 1.3333360000000002e-06 2.9814299328476596e-07
38900 1.3333360000055512e-06 2.9814299327980087e-07
38910 1.3333360000055512e-06 2.9814299327980087e-07
38920 1.0000020000055513e-06 3.6514910196381357e-07
38930 1.0000020000055513e-06 3.6514910196381357e-07
38940 1.0000020000055513e-06 3.6514910196381357e-07
38950 6.666680000111022e-07 3.651491019628001e-07
38960 6.666680000111022e-07 3.651491019628001e-07
38970 6.666680000055511e-07 3.6514910196482715e-07
38980 1.0000020000055513e-06 3.6514910196381357e-07
38990 6.666680000111022e-07 3.651491019628001e-07
39000 6.666680000111022e-07 3.651491019628001e-07
39010 1.3333360000000002e-06 2.9814299328476596e-07
39020 1.0000020000055513e-06 3.6514910196381357e-07
39030 6.666680000166534e-07 3.651491019607731e-07
39040 1.3333360000000002e-06 2.9814299328476596e-07
39050 2.2204479999999997e-17 4.965072668503452e-18
39060 1.0000020000055513e-06 3.6514910196381357e-07
39070 6.666680000111022e-07 3.651491019628001e-07
39080 1.66667e-06 0.0
39090 1.000002e-06 3.651491019668541e-07
39100 6.666680000111022e-07 3.651491019628001e-07
39110 1.0000020000055513e-06 3.6514910196381357e-07
39120 1.3333360000000002e-06 2.9814299328476596e-07
39130 1.0000020000055513e-06 3.6514910196381357e-07
39140 1.0000020000055513e-06 3.6514910196381357e-07
39150 1.3333360000055512e-06 2.9814299327980087e-07
39160 1.3333360000000002e-06 2.9814299328476596e-07
39170 6.666680000055511e-07 3.6514910196482715e-07
39180 1.3333360000000002e-06 2.9814299328476596e-07
39190 1.3333360000000002e-06 2.9814299328476596e-07
39200 6.666680000111022e-07 3.651491019628001e-07
39210 1.66667e-06 0.0
39220 1.66667e-06 0.0
39230 1.3333360000055512e-06 2.9814299327980087e-07
39240 1.0000020000055513e-06 3.6514910196381357e-07
39250 1.3333360000055512e-06 2.9814299327980087e-07
39260 6.666680000000001e-07 3.651491019668541e-07
39270 6.666680000000001e-07 3.651491019668541e-07
39280 6.666680000055511e-07 3.6514910196482715e-07
39290 3.3333400001110226e-07 2.981429932822834e-07
39300 3.3333400001110226e-07 2.981429932822834e-07
39310 6.666680000055511e-07 3.6514910196482715e-07
39320 6.666680000111022e-07 3.651491019628001e-07
39330 1.3333360000000002e-06 2.9814299328476596e-07
39340 1.66667e-06 0.0
39350 1.3333360000000002e-06 2.9814299328476596e-07
39360 6.666680000000001e-07 3.651491019668541e-07
39370 1.0000020000055513e-06 3.6514910196381357e-07
39380 6.666680000055511e-07 3.6514910196482715e-07
39390 6.666680000000001e-07 3.651491019668541e-07
39400 1.3333360000000002e-06 2.9814299328476596e-07
39410 3.3333400001110226e-07 2.981429932822834e-07
39420 1.3333360000000002e-06 2.9814299328476596e-07
39430 6.666680000055511e-07 3.6514910196482715e-07
39440 1.3333360000000002e-06 2.9814299328476596e-07
39450 1.3333360000055512e-06 2.9814299327980087e-07
39460 6.666680000055511e-07 3.6514910196482715e-07
39470 1.3333360000000002e-06 2.9814299328476596e-07
39480 6.666680000055511e-07 3.6514910196482715e-07
39490 1.3333360000055512e-06 2.9814299327980087e-07
39500 3.3333400001110226e-07 2.981429932822834e-07
39510 1.0000020000055513e-06 3.6514910196381357e-07
39520 1.1102239999999998e-17 6.080947286836155e-18
39530 1.3333360000055512e-06 2.9814299327980087e-07
39540 1.3333360000000002e-06 2.9814299328476596e-07
39550 3.3333400000000004e-07 2.9814299328476596e-07
39560 1.665336e-17 6.0809472868361544e-18
39570 1.0000020000055513e-06 3.6514910196381357e-07
39580 6.666680000111022e-07 3.651491019628001e-07
39590 1.0000020000111023e-06 3.651491019607731e-07
39600 3.3333400001665334e-07 2.9814299328104214e-07
39610 1.0000020000055513e-06 3.6514910196381357e-07
39620 1.0000020000055513e-06 3.6514910196381357e-07
39630 6.666680000166534e-07 3.651491019607731e-07
39640 3.3333400001110226e-07 2.981429932822834e-07
39650 3.3333400001665334e-07 2.981429932810421e-07
39660 1.3333360000055512e-06 2.9814299327980087e-07
39670 3.3333400001665334e-07 2.9814299328104214e-07
39680 1.0000020000111023e-06 3.651491019607731e-07
39690 3.3333400001110226e-07 2.981429932822834e-07
39700 1.3333360000055512e-06 2.9814299327980087e-07
39710 6.666680000000001e-07 3.651491019668541e-07
39720 6.666680000111022e-07 3.651491019628001e-07
39730 3.3333400001110226e-07 2.981429932822834e-07
39740 3.3333400001665334e-07 2.981429932810421e-07
39750 1.0000020000055513e-06 3.6514910196381357e-07
39760 1.3333360000055512e-06 2.9814299327980087e-07
39770 3.3333400001110226e-07 2.981429932822834e-07
39780 1.0000020000055513e-06 3.6514910196381357e-07
39790 1.3333360000000002e-06 2.9814299328476596e-07
39800 1.000002e-06 3.651491019668541e-07
39810 6.666680000055511e-07 3.6514910196482715e-07
39820 1.0000020000111023e-06 3.6514910196077315e-07
39830 1.0000020000055513e-06 3.6514910196381357e-07
39840 1.66667e-06 0.0
39850 6.666680000111022e-07 3.651491019628001e-07
39860 1.0000020000111023e-06 3.651491019607731e-07
39870 6.666680000166534e-07 3.651491019607731e-07
39880 6.666680000111022e-07 3.651491019628001e-07
39890 1.3333360000000002e-06 2.9814299328476596e-07
39900 1.000002e-06 3.651491019668541e-07
39910 1.0000020000055513e-06 3.6514910196381357e-07
39920 1.3333360000055512e-06 2.9814299327980087e-07
39930 6.666680000111022e-07 3.651491019628001e-07
39940 1.0000020000055513e-06 3.6514910196381357e-07
39950 1.0000020000111023e-06 3.651491019607731e-07
39960 1.3333360000000002e-06 2.9814299328476596e-07
39970 1.3333360000055512e-06 2.9814299327980087e-07
39980 1.3333360000000002e-06 2.9814299328476596e-07
39990 1.0000020000055513e-06 3.6514910196381357e-07
40000 6.666680000166534e-07 3.6514910196077315e-07
40010 1.0000020000055513e-06 3.6514910196381357e-07
40020 6.666680000111022e-07 3.651491019628001e-07
40030 1.3333360000000002e-06 2.9814299328476596e-07
40040 1.000002e-06 3.651491019668541e-07
40050 1.0000020000055513e-06 3.6514910196381357e-07
40060 6.666680000055511e-07 3.6514910196482715e-07
40070 6.666680000111022e-07 3.651491019628001e-07
40080 1.66667e-06 0.0
40090 1.000002e-06 3.651491019668541e-07
40100 1.3333360000000002e-06 2.9814299328476596e-07
40110 1.3333360000000002e-06 2.9814299328476596e-07
40120 1.3333360000000002e-06 2.9814299328476596e-07
40130 1.3333360000055512e-06 2.9814299327980087e-07
40140 1.0000020000055513e-06 3.6514910196381357e-07
40150 6.666680000055511e-07 3.6514910196482715e-07
40160 1.3333360000000002e-06 2.9814299328476596e-07
40170 6.666680000055511e-07 3.6514910196482715e-07
40180 1.3333360000000002e-06 2.9814299328476596e-07
40190 1.66667e-06 0.0
40200 6.666680000055511e-07 3.6514910196482715e-07
40210 1.0000020000111023e-06 3.651491019607731e-07
40220 6.666680000111022e-07 3.651491019628001e-07
40230 1.0000020000111023e-06 3.651491019607731e-07
40240 1.000002e-06 3.651491019668541e-07
40250 1.0000020000055513e-06 3.6514910196381357e-07
40260 6.666680000055511e-07 3.6514910196482715e-07
40270 1.0000020000055513e-06 3.6514910196381357e-07
40280 6.666680000111022e-07 3.651491019628001e-07
40290 6.666680000111022e-07 3.651491019628001e-07
40300 1.0000020000055513e-06 3.6514910196381357e-07
40310 1.0000020000055513e-06 3.6514910196381357e-07
40320 6.666680000111022e-07 3.651491019628001e-07
40330 6.666680000000001e-07 3.651491019668541e-07
40340 1.3333360000000002e-06 2.9814299328476596e-07
40350 1.3333360000000002e-06 2.9814299328476596e-07
40360 1.0000020000055513e-06 3.6514910196381357e-07
40370 3.3333400001110226e-07 2.981429932822834e-07
40380 1.0000020000055513e-06 3.6514910196381357e-07
40390 1.000002e-06 3.651491019668541e-07
40400 1.0000020000111023e-06 3.651491019607731e-07
40410 3.333340000055511e-07 2.981429932835247e-07
40420 6.666680000111022e-07 3.651491019628001e-07
40430 1.0000020000055513e-06 3.6514910196381357e-07
40440 1.3333360000055512e-06 2.9814299327980087e-07
40450 1.000002e-06 3.651491019668541e-07
40460 1.0000020000111023e-06 3.651491019607731e-07
40470 6.666680000111022e-07 3.651491019628001e-07
40480 1.0000020000111023e-06 3.651491019607731e-07
40490 1.000002e-06 3.651491019668541e-07
40500 3.3333400000000004e-07 2.9814299328476596e-07
40510 1.3333360000000002e-06 2.9814299328476596e-07
40520 6.666680000055511e-07 3.6514910196482715e-07
40530 1.0000020000055513e-06 3.6514910196381357e-07
40540 1.3333360000055512e-06 2.9814299327980087e-07
40550 1.000002e-06 3.651491019668541e-07
40560 1.665336e-17 6.0809472868361544e-18
40570 1.3333360000055512e-06 2.9814299327980087e-07
40580 1.0000020000055513e-06 3.6514910196381357e-07
40590 1.000002e-06 3.651491019668541e-07
40600 6.666680000000001e-07 3.651491019668541e-07
40610 1.000002e-06 3.651491019668541e-07
40620 1.3333360000055512e-06 2.9814299327980087e-07
40630 1.0000020000111023e-06 3.651491019607731e-07
40640 1.3333360000000002e-06 2.9814299328476596e-07
40650 6.666680000111022e-07 3.651491019628001e-07
40660 1.665336e-17 6.0809472868361544e-18
40670 6.666680000000001e-07 3.651491019668541e-07
40680 1.66667e-06 0.0
40690 6.666680000000001e-07 3.651491019668541e-07
40700 1.3333360000000002e-06 2.9814299328476596e-07
40710 1.0000020000055513e-06 3.6514910196381357e-07
40720 1.000002e-06 3.651491019668541e-07
40730 1.0000020000055513e-06 3.6514910196381357e-07
40740 1.3333360000055512e-06 2.9814299327980087e-07
40750 1.0000020000055513e-06 3.6514910196381357e-07
40760 3.333340000055511e-07 2.981429932835247e-07
40770 6.666680000111022e-07 3.651491019628001e-07
40780 6.666680000111022e-07 3.651491019628001e-07
40790 6.666680000055511e-07 3.6514910196482715e-07
40800 1.3333360000000002e-06 2.9814299328476596e-07
40810 6.666680000055511e-07 3.6514910196482715e-07
40820 1.000002e-06 3.651491019668541e-07
40830 1.3333360000000002e-06 2.9814299328476596e-07
40840 1.000002e-06 3.651491019668541e-07
40850 1.0000020000055513e-06 3.6514910196381357e-07
40860 6.666680000055511e-07 3.6514910196482715e-07
40870 6.666680000055511e-07 3.6514910196482715e-07
40880 1.000002e-06 3.651491019668541e-07
40890 1.0000020000111023e-06 3.651491019607731e-07
40900 6.666680000111022e-07 3.651491019628001e-07
40910 3.3333400000000004e-07 2.9814299328476596e-07
40920 1.000002e-06 3.651491019668541e-07
40930 6.666680000111022e-07 3.651491019628001e-07
40940 6.666680000055511e-07 3.6514910196482715e-07
40950 6.666680000055511e-07 3.6514910196482715e-07
40960 6.666680000111022e-07 3.651491019628001e-07
40970 6.666680000055511e-07 3.6514910196482715e-07
40980 1.000002e-06 3.651491019668541e-07
40990 6.666680000000001e-07 3.651491019668541e-07
41000 1.000002e-06 3.651491019668541e-07
41010 3.3333400001665334e-07 2.9814299328104214e-07
41020 3.333340000055511e-07 2.9814299328352464e-07
41030 6.666680000166534e-07 3.651491019607731e-07
41040 1.0000020000055513e-06 3.6514910196381357e-07
41050 1.3333360000055512e-06 2.9814299327980087e-07
41060 1.000002e-06 3.651491019668541e-07
41070 1.0000020000055513e-06 3.6514910196381357e-07
41080 1.0000020000111023e-06 3.6514910196077315e-07
41090 1.0000020000055513e-06 3.6514910196381357e-07
41100 6.666680000055511e-07 3.6514910196482715e-07
41110 3.3333400001665334e-07 2.981429932810421e-07
41120 6.666680000055511e-07 3.6514910196482715e-07
41130 1.0000020000055513e-06 3.6514910196381357e-07
41140 1.0000020000111023e-06 3.651491019607731e-07
41150 3.3333400001110226e-07 2.981429932822834e-07
41160 1.0000020000055513e-06 3.6514910196381357e-07
41170 3.3333400001110226e-07 2.981429932822834e-07
41180 6.666680000111022e-07 3.651491019628001e-07
41190 3.3333400001110226e-07 2.981429932822834e-07
41200 1.0000020000111023e-06 3.651491019607731e-07
41210 1.0000020000055513e-06 3.6514910196381357e-07
41220 6.666680000111022e-07 3.651491019628001e-07
41230 6.666680000166534e-07 3.651491019607731e-07
41240 1.0000020000055513e-06 3.6514910196381357e-07
41250 3.3333400001110226e-07 2.981429932822834e-07
41260 1.0000020000055513e-06 3.6514910196381357e-07
41270 6.666680000000001e-07 3.651491019668541e-07
41280 1.3333360000000002e-06 2.9814299328476596e-07
41290 1.66667e-06 0.0
41300 1.3333360000000002e-06 2.9814299328476596e-07
41310 1.0000020000111023e-06 3.651491019607731e-07
41320 6.666680000055511e-07 3.6514910196482715e-07
41330 1.0000020000111023e-06 3.6514910196077315e-07
41340 3.3333400001665334e-07 2.9814299328104214e-07
41350 1.0000020000111023e-06 3.651491019607731e-07
41360 3.3333400001665334e-07 2.9814299328104214e-07
41370 3.3333400001665334e-07 2.981429932810421e-07
41380 6.666680000166534e-07 3.651491019607731e-07
41390 6.666680000111022e-07 3.651491019628001e-07
41400 1.3333360000055512e-06 2.9814299327980087e-07
41410 1.0000020000055513e-06 3.6514910196381357e-07
41420 1.0000020000055513e-06 3.6514910196381357e-07
41430 1.0000020000055513e-06 3.6514910196381357e-07
41440 1.0000020000055513e-06 3.6514910196381357e-07
41450 6.666680000111022e-07 3.651491019628001e-07
41460 2.2204479999999997e-17 4.965072668503453e-18
41470 1.3333360000055512e-06 2.9814299327980087e-07
41480 6.666680000000001e-07 3.651491019668541e-07
41490 1.3333360000000002e-06 2.9814299328476596e-07
41500 3.333340000055511e-07 2.981429932835247e-07
41510 6.666680000000001e-07 3.651491019668541e-07
41520 1.0000020000055513e-06 3.6514910196381357e-07
41530 1.0000020000055513e-06 3.6514910196381357e-07
41540 1.0000020000111023e-06 3.651491019607731e-07
41550 6.666680000166534e-07 3.651491019607731e-07
41560 6.666680000166534e-07 3.651491019607731e-07
41570 1.3333360000000002e-06 2.9814299328476596e-07
41580 6.666680000111022e-07 3.651491019628001e-07
41590 1.3333360000055512e-06 2.9814299327980087e-07
41600 6.666680000055511e-07 3.6514910196482715e-07
41610 3.333340000222045e-07 2.9814299327980087e-07
41620 3.333340000222045e-07 2.9814299327980087e-07
41630 1.0000020000111023e-06 3.651491019607731e-07
41640 3.3333400001110226e-07 2.981429932822834e-07
41650 3.3333400001110226e-07 2.981429932822834e-07
41660 1.0000020000055513e-06 3.6514910196381357e-07
41670 1.0000020000111023e-06 3.651491019607731e-07
41680 1.0000020000055513e-06 3.6514910196381357e-07
41690 3.3333400001110226e-07 2.981429932822834e-07
41700 6.666680000055511e-07 3.6514910196482715e-07
41710 1.0000020000055513e-06 3.6514910196381357e-07
41720 0.020001000002000006 0.017888320215082628
41730 1.0000020000055513e-06 3.6514910196381357e-07
41740 6.666680000055511e-07 3.6514910196482715e-07
41750 3.3333400001665334e-07 2.9814299328104214e-07
41760 1.3333360000055512e-06 2.9814299327980087e-07
41770 1.000002e-06 3.651491019668541e-07
41780 6.666680000000001e-07 3.651491019668541e-07
41790 1.0000020000055513e-06 3.6514910196381357e-07
41800 3.3333400001110226e-07 2.981429932822834e-07
41810 1.3333360000055512e-06 2.9814299327980087e-07
41820 0.020001733335999996 0.01788860344788143
41830 0.020001400002000003 0.017888677985958983
41840 1.000002e-06 3.651491019668541e-07
41850 6.666680000055511e-07 3.6514910196482715e-07
41860 3.333340000055511e-07 2.9814299328352464e-07
41870 1.000002e-06 3.651491019668541e-07
41880 1.3333360000055512e-06 2.9814299327980087e-07
41890 1.3333360000000002e-06 2.9814299328476596e-07
41900 1.0000020000055513e-06 3.6514910196381357e-07
41910 1.3333360000000002e-06 2.9814299328476596e-07
41920 1.66667e-06 0.0
41930 6.666680000000001e-07 3.651491019668541e-07
41940 6.666680000000001e-07 3.651491019668541e-07
41950 1.3333360000000002e-06 2.9814299328476596e-07
41960 1.0000020000111023e-06 3.651491019607731e-07
41970 1.000002e-06 3.651491019668541e-07
41980 1.3333360000055512e-06 2.9814299327980087e-07
41990 1.000002e-06 3.651491019668541e-07
42000 1.0000020000111023e-06 3.651491019607731e-07
42010 6.666680000055511e-07 3.6514910196482715e-07
42020 1.3333360000055512e-06 2.9814299327980087e-07
42030 6.666680000055511e-07 3.6514910196482715e-07
42040 1.3333360000000002e-06 2.9814299328476596e-07
42050 6.666680000166534e-07 3.651491019607731e-07
42060 3.333340000055511e-07 2.981429932835247e-07
42070 1.1102239999999998e-17 6.0809472868361544e-18
42080 1.3333360000055512e-06 2.9814299327980087e-07
42090 6.666680000111022e-07 3.651491019628001e-07
42100 3.333340000222045e-07 2.9814299327980087e-07
42110 3.3333400001110226e-07 2.981429932822834e-07
42120 2.2204479999999997e-17 4.965072668503453e-18
42130 6.666680000111022e-07 3.651491019628001e-07
42140 6.666680000111022e-07 3.651491019628001e-07
42150 6.666680000055511e-07 3.6514910196482715e-07
42160 1.3333360000055512e-06 2.9814299327980087e-07
42170 1.000002e-06 3.651491019668541e-07
42180 6.666680000055511e-07 3.6514910196482715e-07
42190 1.0000020000111023e-06 3.651491019607731e-07
42200 1.3333360000055512e-06 2.9814299327980087e-07
42210 3.3333400001665334e-07 2.981429932810421e-07
42220 1.3333360000000002e-06 2.9814299328476596e-07
42230 1.000002e-06 3.651491019668541e-07
42240 1.0000020000055513e-06 3.6514910196381357e-07
42250 1.0000020000055513e-06 3.6514910196381357e-07
42260 1.0000020000055513e-06 3.6514910196381357e-07
42270 6.666680000111022e-07 3.651491019628001e-07
42280 6.666680000055511e-07 3.6514910196482715e-07
42290 1.0000020000055513e-06 3.6514910196381357e-07
42300 1.3333360000055512e-06 2.9814299327980087e-07
42310 1.0000020000111023e-06 3.651491019607731e-07
42320 1.0000020000111023e-06 3.651491019607731e-07
42330 6.666680000111022e-07 3.651491019628001e-07
42340 1.0000020000055513e-06 3.6514910196381357e-07
42350 3.333340000055511e-07 2.9814299328352464e-07
42360 6.666680000055511e-07 3.6514910196482715e-07
42370 6.666680000055511e-07 3.6514910196482715e-07
42380 1.3333360000000002e-06 2.9814299328476596e-07
42390 1.66667e-06 0.0
42400 1.0000020000055513e-06 3.6514910196381357e-07
42410 1.66667e-06 0.0
42420 1.0000020000055513e-06 3.6514910196381357e-07
42430 1.66667e-06 0.0
42440 1.3333360000000002e-06 2.9814299328476596e-07
42450 6.666680000055511e-07 3.6514910196482715e-07
42460 1.0000020000055513e-06 3.6514910196381357e-07
42470 6.666680000111022e-07 3.651491019628001e-07
42480 1.66667e-06 0.0
42490 1.3333360000000002e-06 2.9814299328476596e-07
42500 1.66667e-06 0.0
42510 1.0000020000111023e-06 3.651491019607731e-07
42520 1.0000020000055513e-06 3.6514910196381357e-07
42530 3.3333400001110226e-07 2.981429932822834e-07
42540 6.666680000111022e-07 3.651491019628001e-07
42550 1.3333360000055512e-06 2.9814299327980087e-07
42560 1.000002e-06 3.651491019668541e-07
42570 1.3333360000055512e-06 2.9814299327980087e-07
42580 1.0000020000111023e-06 3.6514910196077315e-07
42590 3.3333400001665334e-07 2.981429932810421e-07
42600 1.0000020000111023e-06 3.651491019607731e-07
42610 6.666680000111022e-07 3.651491019628001e-07
42620 1.000002e-06 3.651491019668541e-07
42630 6.666680000055511e-07 3.6514910196482715e-07
42640 6.666680000055511e-07 3.6514910196482715e-07
42650 1.3333360000000002e-06 2.9814299328476596e-07
42660 1.3333360000000002e-06 2.9814299328476596e-07
42670 1.0000020000055513e-06 3.6514910196381357e-07
42680 6.666680000111022e-07 3.651491019628001e-07
42690 6.666680000055511e-07 3.6514910196482715e-07
42700 1.000002e-06 3.651491019668541e-07
42710 1.0000020000055513e-06 3.6514910196381357e-07
42720 6.666680000055511e-07 3.6514910196482715e-07
42730 6.666680000111022e-07 3.651491019628001e-07
42740 6.666680000111022e-07 3.651491019628001e-07
42750 1.0000020000055513e-06 3.6514910196381357e-07
42760 6.666680000166534e-07 3.651491019607731e-07
42770 6.666680000055511e-07 3.6514910196482715e-07
42780 1.3333360000055512e-06 2.9814299327980087e-07
42790 6.666680000000001e-07 3.651491019668541e-07
42800 3.3333400000000004e-07 2.9814299328476596e-07
42810 1.3333360000000002e-06 2.9814299328476596e-07
42820 1.0000020000055513e-06 3.6514910196381357e-07
42830 1.3333360000000002e-06 2.9814299328476596e-07
42840 1.0000020000055513e-06 3.6514910196381357e-07
42850 1.0000020000111023e-06 3.651491019607731e-07
42860 1.3333360000055512e-06 2.9814299327980087e-07
42870 1.3333360000000002e-06 2.9814299328476596e-07
42880 1.0000020000055513e-06 3.6514910196381357e-07
42890 1.0000020000055513e-06 3.6514910196381357e-07
42900 1.3333360000000002e-06 2.9814299328476596e-07
42910 1.3333360000000002e-06 2.9814299328476596e-07
42920 1.0000020000111023e-06 3.651491019607731e-07
42930 1.3333360000000002e-06 2.9814299328476596e-07
42940 6.666680000055511e-07 3.6514910196482715e-07
42950 1.0000020000055513e-06 3.6514910196381357e-07
42960 1.3333360000055512e-06 2.9814299327980087e-07
42970 6.666680000055511e-07 3.6514910196482715e-07
42980 1.000002e-06 3.651491019668541e-07
42990 6.666680000055511e-07 3.6514910196482715e-07
43000 3.333340000055511e-07 2.981429932835247e-07
43010 3.3333400001110226e-07 2.981429932822834e-07
43020 6.666680000111022e-07 3.651491019628001e-07
43030 3.333340000222045e-07 2.9814299327980087e-07
43040 1.0000020000055513e-06 3.6514910196381357e-07
43050 1.0000020000055513e-06 3.6514910196381357e-07
43060 1.000002e-06 3.651491019668541e-07
43070 1.3333360000000002e-06 2.9814299328476596e-07
43080 3.3333400001110226e-07 2.981429932822834e-07
43090 1.0000020000055513e-06 3.6514910196381357e-07
43100 1.0000020000055513e-06 3.6514910196381357e-07
43110 6.666680000000001e-07 3.651491019668541e-07
43120 6.666680000055511e-07 3.6514910196482715e-07
43130 6.666680000055511e-07 3.6514910196482715e-07
43140 1.66667e-06 0.0
43150 1.0000020000055513e-06 3.6514910196381357e-07
43160 1.0000020000055513e-06 3.6514910196381357e-07
43170 6.666680000055511e-07 3.6514910196482715e-07
43180 1.0000020000055513e-06 3.6514910196381357e-07
43190 6.666680000055511e-07 3.6514910196482715e-07
43200 1.000002e-06 3.651491019668541e-07
43210 6.666680000055511e-07 3.6514910196482715e-07
43220 1.3333360000000002e-06 2.9814299328476596e-07
43230 1.0000020000055513e-06 3.6514910196381357e-07
43240 6.666680000111022e-07 3.651491019628001e-07
43250 1.3333360000000002e-06 2.9814299328476596e-07
43260 1.0000020000111023e-06 3.6514910196077315e-07
43270 6.666680000055511e-07 3.6514910196482715e-07
43280 6.666680000055511e-07 3.6514910196482715e-07
43290 1.0000020000111023e-06 3.651491019607731e-07
43300 6.666680000111022e-07 3.651491019628001e-07
43310 6.666680000166534e-07 3.6514910196077315e-07
43320 6.666680000055511e-07 3.6514910196482715e-07
43330 1.3333360000000002e-06 2.9814299328476596e-07
43340 6.666680000166534e-07 3.651491019607731e-07
43350 1.000002e-06 3.651491019668541e-07
43360 1.3333360000055512e-06 2.9814299327980087e-07
43370 6.666680000055511e-07 3.6514910196482715e-07
43380 3.3333400001110226e-07 2.981429932822834e-07
43390 1.3333360000000002e-06 2.9814299328476596e-07
43400 1.000002e-06 3.651491019668541e-07
43410 1.3333360000000002e-06 2.9814299328476596e-07
43420 1.66667e-06 0.0
43430 3.3333400001110226e-07 2.981429932822834e-07
43440 1.3333360000000002e-06 2.9814299328476596e-07
43450 6.666680000055511e-07 3.6514910196482715e-07
43460 6.666680000055511e-07 3.6514910196482715e-07
43470 1.0000020000055513e-06 3.6514910196381357e-07
43480 1.3333360000000002e-06 2.9814299328476596e-07
43490 6.666680000111022e-07 3.651491019628001e-07
43500 3.3333400001110226e-07 2.981429932822834e-07
43510 3.3333400000000004e-07 2.9814299328476596e-07
43520 1.000002e-06 3.651491019668541e-07
43530 1.66667e-06 0.0
43540 6.666680000166534e-07 3.6514910196077315e-07
43550 1.0000020000111023e-06 3.651491019607731e-07
43560 3.333340000055511e-07 2.981429932835247e-07
43570 6.666680000111022e-07 3.651491019628001e-07
43580 1.1102239999999998e-17 6.0809472868361544e-18
43590 1.3333360000000002e-06 2.9814299328476596e-07
43600 6.666680000111022e-07 3.651491019628001e-07
43610 6.666680000111022e-07 3.651491019628001e-07
43620 1.3333360000000002e-06 2.9814299328476596e-07
43630 3.3333400001665334e-07 2.9814299328104214e-07
43640 3.333340000055511e-07 2.981429932835247e-07
43650 1.0000020000055513e-06 3.6514910196381357e-07
43660 3.3333400001665334e-07 2.981429932810421e-07
43670 1.0000020000055513e-06 3.6514910196381357e-07
43680 1.000002e-06 3.651491019668541e-07
43690 1.3333360000000002e-06 2.9814299328476596e-07
43700 1.0000020000055513e-06 3.6514910196381357e-07
43710 6.666680000055511e-07 3.6514910196482715e-07
43720 6.666680000166534e-07 3.651491019607731e-07
43730 6.666680000111022e-07 3.651491019628001e-07
43740 6.666680000111022e-07 3.651491019628001e-07
43750 1.3333360000055512e-06 2.9814299327980087e-07
43760 1.000002e-06 3.651491019668541e-07
43770 1.3333360000055512e-06 2.9814299327980087e-07
43780 1.0000020000055513e-06 3.6514910196381357e-07
43790 6.666680000166534e-07 3.6514910196077315e-07
43800 1.000002e-06 3.651491019668541e-07
43810 3.3333400000000004e-07 2.9814299328476596e-07
43820 1.0000020000055513e-06 3.6514910196381357e-07
43830 1.000002e-06 3.651491019668541e-07
43840 1.3333360000000002e-06 2.9814299328476596e-07
43850 6.666680000055511e-07 3.6514910196482715e-07
43860 3.333340000055511e-07 2.9814299328352464e-07
43870 1.0000020000055513e-06 3.6514910196381357e-07
43880 1.66667e-06 0.0
43890 1.3333360000055512e-06 2.9814299327980087e-07
43900 1.000002e-06 3.651491019668541e-07
43910 1.66667e-06 0.0
43920 1.000002e-06 3.651491019668541e-07
43930 1.3333360000055512e-06 2.9814299327980087e-07
43940 1.3333360000055512e-06 2.9814299327980087e-07
43950 1.0000020000055513e-06 3.6514910196381357e-07
43960 6.666680000111022e-07 3.651491019628001e-07
43970 1.3333360000000002e-06 2.9814299328476596e-07
43980 1.3333360000055512e-06 2.9814299327980087e-07
43990 1.0000020000111023e-06 3.651491019607731e-07
44000 3.333340000055511e-07 2.9814299328352464e-07
44010 1.0000020000055513e-06 3.6514910196381357e-07
44020 6.666680000055511e-07 3.6514910196482715e-07
44030 1.0000020000055513e-06 3.6514910196381357e-07
44040 1.66667e-06 0.0
44050 1.3333360000055512e-06 2.9814299327980087e-07
44060 1.0000020000055513e-06 3.6514910196381357e-07
44070 6.666680000055511e-07 3.6514910196482715e-07
44080 3.3333400001110226e-07 2.981429932822834e-07
44090 1.000002e-06 3.651491019668541e-07
44100 1.0000020000055513e-06 3.6514910196381357e-07
44110 6.666680000055511e-07 3.6514910196482715e-07
44120 6.666680000055511e-07 3.6514910196482715e-07
44130 1.000002e-06 3.651491019668541e-07
44140 6.666680000055511e-07 3.6514910196482715e-07
44150 1.0000020000055513e-06 3.6514910196381357e-07
44160 1.0000020000055513e-06 3.6514910196381357e-07
44170 1.0000020000055513e-06 3.6514910196381357e-07
44180 1.0000020000055513e-06 3.6514910196381357e-07
44190 1.000002e-06 3.651491019668541e-07
44200 1.0000020000055513e-06 3.6514910196381357e-07
44210 1.66667e-06 0.0
44220 1.66667e-06 0.0
44230 1.0000020000111023e-06 3.6514910196077315e-07
44240 1.0000020000055513e-06 3.6514910196381357e-07
44250 6.666680000055511e-07 3.6514910196482715e-07
44260 1.3333360000055512e-06 2.9814299327980087e-07
44270 1.3333360000000002e-06 2.9814299328476596e-07
44280 1.0000020000111023e-06 3.651491019607731e-07
44290 6.666680000055511e-07 3.6514910196482715e-07
44300 6.666680000111022e-07 3.651491019628001e-07
44310 6.666680000111022e-07 3.651491019628001e-07
44320 1.0000020000055513e-06 3.6514910196381357e-07
44330 1.000002e-06 3.651491019668541e-07
44340 1.66667e-06 0.0
44350 1.0000020000111023e-06 3.651491019607731e-07
44360 6.666680000111022e-07 3.651491019628001e-07
44370 6.666680000166534e-07 3.6514910196077315e-07
44380 1.0000020000055513e-06 3.6514910196381357e-07
44390 6.666680000166534e-07 3.6514910196077315e-07
44400 1.000002e-06 3.651491019668541e-07
44410 1.0000020000111023e-06 3.651491019607731e-07
44420 1.0000020000055513e-06 3.6514910196381357e-07
44430 1.0000020000111023e-06 3.6514910196077315e-07
44440 1.3333360000000002e-06 2.9814299328476596e-07
44450 1.3333360000055512e-06 2.9814299327980087e-07
44460 1.000002e-06 3.651491019668541e-07
44470 1.0000020000055513e-06 3.6514910196381357e-07
44480 1.0000020000055513e-06 3.6514910196381357e-07
44490 3.3333400000000004e-07 2.9814299328476596e-07
44500 1.3333360000000002e-06 2.9814299328476596e-07
44510 1.000002e-06 3.651491019668541e-07
44520 6.666680000111022e-07 3.651491019628001e-07
44530 6.666680000166534e-07 3.651491019607731e-07
44540 1.3333360000000002e-06 2.9814299328476596e-07
44550 1.0000020000055513e-06 3.6514910196381357e-07
44560 1.0000020000055513e-06 3.6514910196381357e-07
44570 6.666680000166534e-07 3.6514910196077315e-07
44580 1.0000020000055513e-06 3.6514910196381357e-07
44590 1.0000020000111023e-06 3.6514910196077315e-07
44600 1.0000020000111023e-06 3.651491019607731e-07
44610 2.2204479999999997e-17 4.965072668503452e-18
44620 1.1102239999999998e-17 6.0809472868361544e-18
44630 1.0000020000111023e-06 3.651491019607731e-07
44640 1.0000020000055513e-06 3.6514910196381357e-07
44650 1.3333360000000002e-06 2.9814299328476596e-07
44660 1.3333360000055512e-06 2.9814299327980087e-07
44670 1.000002e-06 3.651491019668541e-07
44680 1.3333360000055512e-06 2.9814299327980087e-07
44690 1.66667e-06 0.0
44700 6.666680000111022e-07 3.651491019628001e-07
44710 6.666680000055511e-07 3.6514910196482715e-07
44720 6.666680000055511e-07 3.6514910196482715e-07
44730 1.3333360000055512e-06 2.9814299327980087e-07
44740 3.3333400001665334e-07 2.9814299328104214e-07
44750 1.000002e-06 3.651491019668541e-07
44760 6.666680000111022e-07 3.651491019628001e-07
44770 6.666680000111022e-07 3.651491019628001e-07
44780 1.3333360000000002e-06 2.9814299328476596e-07
44790 1.0000020000111023e-06 3.651491019607731e-07
44800 1.66667e-06 0.0
44810 1.0000020000055513e-06 3.6514910196381357e-07
44820 1.0000020000111023e-06 3.6514910196077315e-07
44830 1.0000020000055513e-06 3.6514910196381357e-07
44840 1.0000020000111023e-06 3.651491019607731e-07
44850 1.000002e-06 3.651491019668541e-07
44860 1.1102239999999998e-17 6.0809472868361544e-18
44870 6.666680000166534e-07 3.6514910196077315e-07
44880 3.3333400001665334e-07 2.981429932810421e-07
44890 6.666680000111022e-07 3.651491019628001e-07
44900 6.666680000055511e-07 3.6514910196482715e-07
44910 1.3333360000000002e-06 2.9814299328476596e-07
44920 6.666680000111022e-07 3.651491019628001e-07
44930 6.666680000111022e-07 3.651491019628001e-07
44940 6.666680000000001e-07 3.651491019668541e-07
44950 1.66667e-06 0.0
44960 1.000002e-06 3.651491019668541e-07
44970 1.0000020000055513e-06 3.6514910196381357e-07
44980 1.3333360000055512e-06 2.9814299327980087e-07
44990 3.3333400001665334e-07 2.9814299328104214e-07
45000 1.3333360000055512e-06 2.9814299327980087e-07
45010 6.666680000111022e-07 3.651491019628001e-07
45020 1.3333360000000002e-06 2.9814299328476596e-07
45030 1.66667e-06 0.0
45040 1.3333360000000002e-06 2.9814299328476596e-07
45050 3.3333400001110226e-07 2.981429932822834e-07
45060 1.3333360000000002e-06 2.9814299328476596e-07
45070 1.0000020000055513e-06 3.6514910196381357e-07
45080 1.3333360000055512e-06 2.9814299327980087e-07
45090 1.0000020000055513e-06 3.6514910196381357e-07
45100 1.3333360000000002e-06 2.9814299328476596e-07
45110 1.66667e-06 0.0
45120 6.666680000055511e-07 3.6514910196482715e-07
45130 1.66667e-06 0.0
45140 1.0000020000111023e-06 3.651491019607731e-07
45150 6.666680000111022e-07 3.651491019628001e-07
45160 1.0000020000055513e-06 3.6514910196381357e-07
45170 1.3333360000000002e-06 2.9814299328476596e-07
45180 6.666680000111022e-07 3.651491019628001e-07
45190 1.3333360000055512e-06 2.9814299327980087e-07
45200 1.0000020000055513e-06 3.6514910196381357e-07
45210 1.0000020000111023e-06 3.651491019607731e-07
45220 6.666680000000001e-07 3.651491019668541e-07
45230 1.000002e-06 3.651491019668541e-07
45240 6.666680000055511e-07 3.6514910196482715e-07
45250 3.3333400000000004e-07 2.9814299328476596e-07
45260 1.0000020000111023e-06 3.651491019607731e-07
45270 3.333340000055511e-07 2.981429932835247e-07
45280 1.3333360000055512e-06 2.9814299327980087e-07
45290 1.3333360000000002e-06 2.9814299328476596e-07
45300 3.333340000222045e-07 2.9814299327980087e-07
45310 2.2204479999999997e-17 4.965072668503453e-18
45320 1.0000020000111023e-06 3.6514910196077315e-07
45330 1.0000020000111023e-06 3.6514910196077315e-07
45340 6.666680000166534e-07 3.651491019607731e-07
45350 3.3333400001665334e-07 2.981429932810421e-07
45360 6.666680000111022e-07 3.651491019628001e-07
45370 1.000002e-06 3.651491019668541e-07
45380 1.3333360000055512e-06 2.9814299327980087e-07
45390 6.666680000055511e-07 3.6514910196482715e-07
45400 1.0000020000055513e-06 3.6514910196381357e-07
45410 6.666680000111022e-07 3.651491019628001e-07
45420 1.3333360000000002e-06 2.9814299328476596e-07
45430 1.0000020000111023e-06 3.651491019607731e-07
45440 1.3333360000000002e-06 2.9814299328476596e-07
45450 1.000002e-06 3.651491019668541e-07
45460 6.666680000055511e-07 3.6514910196482715e-07
45470 6.666680000111022e-07 3.651491019628001e-07
45480 6.666680000000001e-07 3.651491019668541e-07
45490 6.666680000111022e-07 3.651491019628001e-07
45500 1.0000020000055513e-06 3.6514910196381357e-07
45510 1.000002e-06 3.651491019668541e-07
45520 1.0000020000055513e-06 3.6514910196381357e-07
45530 1.000002e-06 3.651491019668541e-07
45540 1.3333360000000002e-06 2.9814299328476596e-07
45550 3.3333400001110226e-07 2.981429932822834e-07
45560 6.666680000055511e-07 3.6514910196482715e-07
45570 6.666680000166534e-07 3.6514910196077315e-07
45580 1.0000020000055513e-06 3.6514910196381357e-07
45590 1.000002e-06 3.651491019668541e-07
45600 6.666680000111022e-07 3.651491019628001e-07
45610 6.666680000000001e-07 3.651491019668541e-07
45620 1.0000020000055513e-06 3.6514910196381357e-07
45630 3.3333400001110226e-07 2.981429932822834e-07
45640 3.3333400001110226e-07 2.981429932822834e-07
45650 6.666680000111022e-07 3.651491019628001e-07
45660 1.3333360000000002e-06 2.9814299328476596e-07
45670 1.0000020000055513e-06 3.6514910196381357e-07
45680 6.666680000166534e-07 3.651491019607731e-07
45690 3.333340000055511e-07 2.981429932835247e-07
45700 3.3333400000000004e-07 2.9814299328476596e-07
45710 1.3333360000055512e-06 2.9814299327980087e-07
45720 1.0000020000111023e-06 3.651491019607731e-07
45730 3.3333400001665334e-07 2.981429932810421e-07
45740 1.0000020000055513e-06 3.6514910196381357e-07
45750 3.333340000222045e-07 2.9814299327980087e-07
45760 1.000002e-06 3.651491019668541e-07
45770 3.3333400001110226e-07 2.981429932822834e-07
45780 6.666680000111022e-07 3.651491019628001e-07
45790 1.0000020000055513e-06 3.6514910196381357e-07
45800 6.666680000111022e-07 3.651491019628001e-07
45810 1.3333360000000002e-06 2.9814299328476596e-07
45820 1.66667e-06 0.0
45830 1.0000020000055513e-06 3.6514910196381357e-07
45840 3.3333400001665334e-07 2.981429932810421e-07
45850 1.000002e-06 3.651491019668541e-07
45860 6.666680000166534e-07 3.6514910196077315e-07
45870 1.0000020000111023e-06 3.651491019607731e-07
45880 1.0000020000055513e-06 3.6514910196381357e-07
45890 1.0000020000111023e-06 3.651491019607731e-07
45900 1.3333360000055512e-06 2.9814299327980087e-07
45910 1.3333360000000002e-06 2.9814299328476596e-07
45920 1.0000020000055513e-06 3.6514910196381357e-07
45930 1.0000020000055513e-06 3.6514910196381357e-07
45940 6.666680000111022e-07 3.651491019628001e-07
45950 1.0000020000055513e-06 3.6514910196381357e-07
45960 6.666680000111022e-07 3.651491019628001e-07
45970 3.3333400001110226e-07 2.981429932822834e-07
45980 6.666680000111022e-07 3.651491019628001e-07
45990 1.66667e-06 0.0
46000 1.3333360000055512e-06 2.9814299327980087e-07
46010 1.0000020000111023e-06 3.6514910196077315e-07
46020 6.666680000111022e-07 3.651491019628001e-07
46030 1.3333360000055512e-06 2.9814299327980087e-07
46040 1.3333360000055512e-06 2.9814299327980087e-07
46050 1.0000020000111023e-06 3.651491019607731e-07
46060 1.0000020000055513e-06 3.6514910196381357e-07
46070 6.666680000166534e-07 3.651491019607731e-07
46080 1.3333360000055512e-06 2.9814299327980087e-07
46090 3.3333400001665334e-07 2.9814299328104214e-07
46100 6.666680000111022e-07 3.651491019628001e-07
46110 1.3333360000055512e-06 2.9814299327980087e-07
46120 1.000002e-06 3.651491019668541e-07
46130 1.0000020000055513e-06 3.6514910196381357e-07
46140 1.3333360000055512e-06 2.9814299327980087e-07
46150 1.1102239999999998e-17 6.0809472868361544e-18
46160 1.3333360000000002e-06 2.9814299328476596e-07
46170 6.666680000000001e-07 3.651491019668541e-07
46180 6.666680000111022e-07 3.651491019628001e-07
46190 6.666680000055511e-07 3.6514910196482715e-07
46200 1.3333360000000002e-06 2.9814299328476596e-07
46210 1.0000020000055513e-06 3.6514910196381357e-07
46220 1.0000020000111023e-06 3.651491019607731e-07
46230 1.0000020000055513e-06 3.6514910196381357e-07
46240 1.0000020000055513e-06 3.6514910196381357e-07
46250 3.3333400001665334e-07 2.9814299328104214e-07
46260 1.3333360000055512e-06 2.9814299327980087e-07
46270 1.3333360000000002e-06 2.9814299328476596e-07
46280 1.000002e-06 3.651491019668541e-07
46290 1.0000020000111023e-06 3.651491019607731e-07
46300 6.666680000111022e-07 3.651491019628001e-07
46310 1.0000020000055513e-06 3.6514910196381357e-07
46320 6.666680000111022e-07 3.651491019628001e-07
46330 1.0000020000111023e-06 3.651491019607731e-07
46340 1.0000020000111023e-06 3.6514910196077315e-07
46350 1.0000020000055513e-06 3.6514910196381357e-07
46360 3.3333400001110226e-07 2.981429932822834e-07
46370 6.666680000166534e-07 3.6514910196077315e-07
46380 1.3333360000000002e-06 2.9814299328476596e-07
46390 6.666680000166534e-07 3.651491019607731e-07
46400 1.3333360000000002e-06 2.9814299328476596e-07
46410 1.000002e-06 3.651491019668541e-07
46420 1.000002e-06 3.651491019668541e-07
46430 1.0000020000111023e-06 3.651491019607731e-07
46440 6.666680000055511e-07 3.6514910196482715e-07
46450 1.0000020000055513e-06 3.6514910196381357e-07
46460 1.000002e-06 3.651491019668541e-07
46470 1.66667e-06 0.0
46480 1.0000020000111023e-06 3.6514910196077315e-07
46490 1.0000020000055513e-06 3.6514910196381357e-07
46500 3.3333400001665334e-07 2.981429932810421e-07
46510 6.666680000055511e-07 3.6514910196482715e-07
46520 1.66667e-06 0.0
46530 6.666680000111022e-07 3.651491019628001e-07
46540 6.666680000111022e-07 3.651491019628001e-07
46550 1.0000020000111023e-06 3.651491019607731e-07
46560 1.0000020000055513e-06 3.6514910196381357e-07
46570 1.000002e-06 3.651491019668541e-07
46580 1.3333360000000002e-06 2.9814299328476596e-07
46590 6.666680000055511e-07 3.6514910196482715e-07
46600 2.2204479999999997e-17 4.965072668503453e-18
46610 3.333340000055511e-07 2.981429932835247e-07
46620 1.0000020000055513e-06 3.6514910196381357e-07
46630 1.3333360000055512e-06 2.9814299327980087e-07
46640 1.3333360000000002e-06 2.9814299328476596e-07
46650 1.3333360000055512e-06 2.9814299327980087e-07
46660 1.000002e-06 3.651491019668541e-07
46670 6.666680000055511e-07 3.6514910196482715e-07
46680 1.0000020000111023e-06 3.651491019607731e-07
46690 1.0000020000055513e-06 3.6514910196381357e-07
46700 1.0000020000055513e-06 3.6514910196381357e-07
46710 1.0000020000055513e-06 3.6514910196381357e-07
46720 1.3333360000055512e-06 2.9814299327980087e-07
46730 1.0000020000055513e-06 3.6514910196381357e-07
46740 1.3333360000055512e-06 2.9814299327980087e-07
46750 1.0000020000111023e-06 3.651491019607731e-07
46760 1.0000020000055513e-06 3.6514910196381357e-07
46770 1.0000020000055513e-06 3.6514910196381357e-07
46780 1.0000020000055513e-06 3.6514910196381357e-07
46790 1.3333360000000002e-06 2.9814299328476596e-07
46800 3.333340000055511e-07 2.9814299328352464e-07
46810 6.666680000055511e-07 3.6514910196482715e-07
46820 1.3333360000055512e-06 2.9814299327980087e-07
46830 6.666680000111022e-07 3.651491019628001e-07
46840 1.0000020000055513e-06 3.6514910196381357e-07
46850 1.3333360000055512e-06 2.9814299327980087e-07
46860 1.0000020000055513e-06 3.6514910196381357e-07
46870 1.0000020000111023e-06 3.651491019607731e-07
46880 1.3333360000055512e-06 2.9814299327980087e-07
46890 6.666680000055511e-07 3.6514910196482715e-07
46900 1.000002e-06 3.651491019668541e-07
46910 1.66667e-06 0.0
46920 3.3333400001110226e-07 2.981429932822834e-07
46930 1.0000020000111023e-06 3.651491019607731e-07
46940 1.0000020000055513e-06 3.6514910196381357e-07
46950 1.66667e-06 0.0
46960 6.666680000055511e-07 3.6514910196482715e-07
46970 1.000002e-06 3.651491019668541e-07
46980 6.666680000111022e-07 3.651491019628001e-07
46990 0.020000666668 0.01788839475160736
47000 1.3333360000055512e-06 2.9814299327980087e-07
47010 6.666680000055511e-07 3.6514910196482715e-07
47020 1.0000020000055513e-06 3.6514910196381357e-07
47030 1.3333360000055512e-06 2.9814299327980087e-07
47040 1.3333360000000002e-06 2.9814299328476596e-07
47050 1.3333360000055512e-06 2.9814299327980087e-07
47060 1.3333360000055512e-06 2.9814299327980087e-07
47070 1.000002e-06 3.651491019668541e-07
47080 6.666680000055511e-07 3.6514910196482715e-07
47090 6.666680000055511e-07 3.6514910196482715e-07
47100 3.3333400001665334e-07 2.9814299328104214e-07
47110 1.0000020000055513e-06 3.6514910196381357e-07
47120 6.666680000055511e-07 3.6514910196482715e-07
47130 1.000002e-06 3.651491019668541e-07
47140 1.000002e-06 3.651491019668541e-07
47150 6.666680000055511e-07 3.6514910196482715e-07
47160 1.3333360000000002e-06 2.9814299328476596e-07
47170 1.0000020000055513e-06 3.6514910196381357e-07
47180 1.0000020000055513e-06 3.6514910196381357e-07
47190 1.0000020000111023e-06 3.651491019607731e-07
47200 1.3333360000055512e-06 2.9814299327980087e-07
47210 3.3333400001665334e-07 2.9814299328104214e-07
47220 1.3333360000000002e-06 2.9814299328476596e-07
47230 6.666680000111022e-07 3.651491019628001e-07
47240 1.66667e-06 0.0
47250 6.666680000000001e-07 3.651491019668541e-07
47260 6.666680000055511e-07 3.6514910196482715e-07
47270 1.66667e-06 0.0
47280 1.0000020000055513e-06 3.6514910196381357e-07
47290 6.666680000166534e-07 3.651491019607731e-07
47300 1.0000020000055513e-06 3.6514910196381357e-07
47310 1.000002e-06 3.651491019668541e-07
47320 1.3333360000000002e-06 2.9814299328476596e-07
47330 1.3333360000055512e-06 2.9814299327980087e-07
47340 1.3333360000055512e-06 2.9814299327980087e-07
47350 6.666680000055511e-07 3.6514910196482715e-07
47360 1.0000020000055513e-06 3.6514910196381357e-07
47370 6.666680000166534e-07 3.651491019607731e-07
47380 3.3333400001110226e-07 2.981429932822834e-07
47390 1.66667e-06 0.0
47400 3.3333400001110226e-07 2.981429932822834e-07
47410 1.0000020000111023e-06 3.651491019607731e-07
47420 6.666680000166534e-07 3.651491019607731e-07
47430 6.666680000111022e-07 3.651491019628001e-07
47440 6.666680000055511e-07 3.6514910196482715e-07
47450 1.3333360000055512e-06 2.9814299327980087e-07
47460 1.0000020000111023e-06 3.651491019607731e-07
47470 1.0000020000111023e-06 3.651491019607731e-07
47480 6.666680000166534e-07 3.651491019607731e-07
47490 6.666680000111022e-07 3.651491019628001e-07
47500 1.3333360000000002e-06 2.9814299328476596e-07
47510 6.666680000055511e-07 3.6514910196482715e-07
47520 6.666680000000001e-07 3.651491019668541e-07
47530 1.0000020000055513e-06 3.6514910196381357e-07
47540 1.0000020000111023e-06 3.651491019607731e-07
47550 1.3333360000055512e-06 2.9814299327980087e-07
47560 1.0000020000055513e-06 3.6514910196381357e-07
47570 1.0000020000055513e-06 3.6514910196381357e-07
47580 1.0000020000055513e-06 3.6514910196381357e-07
47590 1.0000020000055513e-06 3.6514910196381357e-07
47600 1.1102239999999998e-17 6.0809472868361544e-18
47610 3.3333400001665334e-07 2.9814299328104214e-07
47620 1.3333360000055512e-06 2.9814299327980087e-07
47630 6.666680000111022e-07 3.651491019628001e-07
47640 3.3333400000000004e-07 2.9814299328476596e-07
47650 1.0000020000055513e-06 3.6514910196381357e-07
47660 6.666680000055511e-07 3.6514910196482715e-07
47670 6.666680000166534e-07 3.651491019607731e-07
47680 6.666680000111022e-07 3.651491019628001e-07
47690 1.0000020000111023e-06 3.6514910196077315e-07
47700 6.666680000111022e-07 3.651491019628001e-07
47710 1.3333360000000002e-06 2.9814299328476596e-07
47720 1.000002e-06 3.651491019668541e-07
47730 1.000002e-06 3.651491019668541e-07
47740 6.666680000000001e-07 3.651491019668541e-07
47750 1.3333360000055512e-06 2.9814299327980087e-07
47760 6.666680000111022e-07 3.651491019628001e-07
47770 1.0000020000111023e-06 3.6514910196077315e-07
47780 6.666680000055511e-07 3.6514910196482715e-07
47790 1.000002e-06 3.651491019668541e-07
47800 1.0000020000055513e-06 3.6514910196381357e-07
47810 6.666680000111022e-07 3.651491019628001e-07
47820 3.3333400001110226e-07 2.981429932822834e-07
47830 6.666680000166534e-07 3.651491019607731e-07
47840 1.000002e-06 3.651491019668541e-07
47850 3.3333400001110226e-07 2.981429932822834e-07
47860 3.333340000222045e-07 2.9814299327980087e-07
47870 1.66667e-06 0.0
47880 6.666680000111022e-07 3.651491019628001e-07
47890 3.333340000222045e-07 2.9814299327980087e-07
47900 6.666680000166534e-07 3.651491019607731e-07
47910 3.333340000055511e-07 2.981429932835247e-07
47920 1.0000020000055513e-06 3.6514910196381357e-07
47930 6.666680000111022e-07 3.651491019628001e-07
47940 6.666680000111022e-07 3.651491019628001e-07
47950 6.666680000111022e-07 3.651491019628001e-07
47960 3.3333400001110226e-07 2.981429932822834e-07
47970 6.666680000055511e-07 3.6514910196482715e-07
47980 1.000002e-06 3.651491019668541e-07
47990 1.3333360000000002e-06 2.9814299328476596e-07
48000 1.66667e-06 0.0
48010 1.0000020000111023e-06 3.6514910196077315e-07
48020 1.000002e-06 3.651491019668541e-07
48030 1.1102239999999998e-17 6.0809472868361544e-18
48040 6.666680000055511e-07 3.6514910196482715e-07
48050 1.0000020000055513e-06 3.6514910196381357e-07
48060 1.000002e-06 3.651491019668541e-07
48070 1.3333360000000002e-06 2.9814299328476596e-07
48080 1.3333360000000002e-06 2.9814299328476596e-07
48090 6.666680000055511e-07 3.6514910196482715e-07
48100 1.0000020000055513e-06 3.6514910196381357e-07
48110 1.0000020000111023e-06 3.6514910196077315e-07
48120 1.66667e-06 0.0
48130 1.3333360000000002e-06 2.9814299328476596e-07
48140 1.0000020000055513e-06 3.6514910196381357e-07
48150 1.000002e-06 3.651491019668541e-07
48160 6.666680000055511e-07 3.6514910196482715e-07
48170 6.666680000055511e-07 3.6514910196482715e-07
48180 1.3333360000055512e-06 2.9814299327980087e-07
48190 6.666680000111022e-07 3.651491019628001e-07
48200 6.666680000111022e-07 3.651491019628001e-07
48210 1.000002e-06 3.651491019668541e-07
48220 1.3333360000055512e-06 2.9814299327980087e-07
48230 1.3333360000000002e-06 2.9814299328476596e-07
48240 6.666680000111022e-07 3.651491019628001e-07
48250 1.3333360000055512e-06 2.9814299327980087e-07
48260 3.333340000222045e-07 2.9814299327980087e-07
48270 6.666680000166534e-07 3.651491019607731e-07
48280 6.666680000166534e-07 3.651491019607731e-07
48290 1.000002e-06 3.651491019668541e-07
48300 1.3333360000055512e-06 2.9814299327980087e-07
48310 3.333340000222045e-07 2.9814299327980087e-07
48320 6.666680000111022e-07 3.651491019628001e-07
48330 1.3333360000000002e-06 2.9814299328476596e-07
48340 6.666680000111022e-07 3.651491019628001e-07
48350 1.665336e-17 6.080947286836155e-18
48360 1.3333360000000002e-06 2.9814299328476596e-07
48370 1.000002e-06 3.651491019668541e-07
48380 6.666680000055511e-07 3.6514910196482715e-07
48390 3.333340000055511e-07 2.9814299328352464e-07
48400 1.000002e-06 3.651491019668541e-07
48410 6.666680000055511e-07 3.6514910196482715e-07
48420 1.0000020000055513e-06 3.6514910196381357e-07
48430 1.0000020000055513e-06 3.6514910196381357e-07
48440 3.3333400001110226e-07 2.981429932822834e-07
48450 6.666680000111022e-07 3.651491019628001e-07
48460 0.020000666668 0.01788839475160736
48470 1.0000020000111023e-06 3.651491019607731e-07
48480 6.666680000111022e-07 3.651491019628001e-07
48490 1.3333360000055512e-06 2.9814299327980087e-07
48500 6.666680000111022e-07 3.651491019628001e-07
48510 1.0000020000111023e-06 3.651491019607731e-07
48520 3.3333400001110226e-07 2.981429932822834e-07
48530 1.0000020000111023e-06 3.651491019607731e-07
48540 6.666680000111022e-07 3.651491019628001e-07
48550 6.666680000055511e-07 3.6514910196482715e-07
48560 6.666680000166534e-07 3.651491019607731e-07
48570 3.3333400001665334e-07 2.981429932810421e-07
48580 6.666680000111022e-07 3.651491019628001e-07
48590 3.333340000055511e-07 2.981429932835247e-07
48600 1.0000020000111023e-06 3.651491019607731e-07
48610 1.3333360000055512e-06 2.9814299327980087e-07
48620 1.3333360000055512e-06 2.9814299327980087e-07
48630 6.666680000111022e-07 3.651491019628001e-07
48640 1.000002e-06 3.651491019668541e-07
48650 1.0000020000055513e-06 3.6514910196381357e-07
48660 3.3333400001110226e-07 2.981429932822834e-07
48670 1.0000020000055513e-06 3.6514910196381357e-07
48680 6.666680000055511e-07 3.6514910196482715e-07
48690 1.0000020000055513e-06 3.6514910196381357e-07
48700 1.0000020000055513e-06 3.6514910196381357e-07
48710 1.3333360000055512e-06 2.9814299327980087e-07
48720 1.3333360000000002e-06 2.9814299328476596e-07
48730 1.3333360000000002e-06 2.9814299328476596e-07
48740 3.3333400000000004e-07 2.9814299328476596e-07
48750 6.666680000111022e-07 3.651491019628001e-07
48760 3.3333400001110226e-07 2.981429932822834e-07
48770 6.666680000166534e-07 3.651491019607731e-07
48780 6.666680000111022e-07 3.651491019628001e-07
48790 1.0000020000055513e-06 3.6514910196381357e-07
48800 6.666680000111022e-07 3.651491019628001e-07
48810 1.000002e-06 3.651491019668541e-07
48820 6.666680000055511e-07 3.6514910196482715e-07
48830 1.0000020000055513e-06 3.6514910196381357e-07
48840 6.666680000055511e-07 3.6514910196482715e-07
48850 1.000002e-06 3.651491019668541e-07
48860 6.666680000111022e-07 3.651491019628001e-07
48870 1.0000020000111023e-06 3.651491019607731e-07
48880 1.0000020000055513e-06 3.6514910196381357e-07
48890 1.3333360000055512e-06 2.9814299327980087e-07
48900 1.3333360000055512e-06 2.9814299327980087e-07
48910 3.3333400000000004e-07 2.9814299328476596e-07
48920 6.666680000111022e-07 3.651491019628001e-07
48930 1.3333360000000002e-06 2.9814299328476596e-07
48940 1.0000020000055513e-06 3.6514910196381357e-07
48950 6.666680000111022e-07 3.651491019628001e-07
48960 3.333340000055511e-07 2.9814299328352464e-07
48970 1.0000020000055513e-06 3.6514910196381357e-07
48980 6.666680000055511e-07 3.6514910196482715e-07
48990 1.0000020000055513e-06 3.6514910196381357e-07
49000 1.000002e-06 3.651491019668541e-07
49010 1.0000020000055513e-06 3.6514910196381357e-07
49020 1.000002e-06 3.651491019668541e-07
49030 1.000002e-06 3.651491019668541e-07
49040 1.3333360000055512e-06 2.9814299327980087e-07
49050 6.666680000055511e-07 3.6514910196482715e-07
49060 3.3333400001110226e-07 2.981429932822834e-07
49070 1.0000020000111023e-06 3.651491019607731e-07
49080 1.3333360000000002e-06 2.9814299328476596e-07
49090 1.0000020000111023e-06 3.651491019607731e-07
49100 6.666680000000001e-07 3.651491019668541e-07
49110 1.3333360000055512e-06 2.9814299327980087e-07
49120 1.3333360000000002e-06 2.9814299328476596e-07
49130 1.3333360000000002e-06 2.9814299328476596e-07
49140 0.0 0.0
49150 1.000002e-06 3.651491019668541e-07
49160 6.666680000055511e-07 3.6514910196482715e-07
49170 1.0000020000055513e-06 3.6514910196381357e-07
49180 6.666680000111022e-07 3.651491019628001e-07
49190 1.000002e-06 3.651491019668541e-07
49200 1.000002e-06 3.651491019668541e-07
49210 1.0000020000111023e-06 3.651491019607731e-07
49220 6.666680000000001e-07 3.651491019668541e-07
49230 6.666680000166534e-07 3.651491019607731e-07
49240 1.3333360000055512e-06 2.9814299327980087e-07
49250 1.0000020000111023e-06 3.6514910196077315e-07
49260 6.666680000111022e-07 3.651491019628001e-07
49270 1.66667e-06 0.0
49280 1.3333360000055512e-06 2.9814299327980087e-07
49290 1.66667e-06 0.0
49300 6.666680000000001e-07 3.651491019668541e-07
49310 6.666680000055511e-07 3.6514910196482715e-07
49320 6.666680000111022e-07 3.651491019628001e-07
49330 1.0000020000111023e-06 3.651491019607731e-07
49340 1.66667e-06 0.0
49350 3.3333400001110226e-07 2.981429932822834e-07
49360 6.666680000055511e-07 3.6514910196482715e-07
49370 1.3333360000000002e-06 2.9814299328476596e-07
49380 1.3333360000055512e-06 2.9814299327980087e-07
49390 1.3333360000000002e-06 2.9814299328476596e-07
49400 6.666680000055511e-07 3.6514910196482715e-07
49410 6.666680000000001e-07 3.651491019668541e-07
49420 1.0000020000055513e-06 3.6514910196381357e-07
49430 6.666680000000001e-07 3.651491019668541e-07
49440 1.3333360000000002e-06 2.9814299328476596e-07
49450 1.3333360000000002e-06 2.9814299328476596e-07
49460 1.0000020000055513e-06 3.6514910196381357e-07
49470 6.666680000000001e-07 3.651491019668541e-07
49480 1.0000020000055513e-06 3.6514910196381357e-07
49490 1.0000020000055513e-06 3.6514910196381357e-07
49500 6.666680000111022e-07 3.651491019628001e-07
49510 1.0000020000111023e-06 3.651491019607731e-07
49520 1.000002e-06 3.651491019668541e-07
49530 1.66667e-06 0.0
49540 1.3333360000000002e-06 2.9814299328476596e-07
49550 1.3333360000055512e-06 2.9814299327980087e-07
49560 6.666680000111022e-07 3.651491019628001e-07
49570 1.0000020000111023e-06 3.651491019607731e-07
49580 1.0000020000111023e-06 3.6514910196077315e-07
49590 1.66667e-06 0.0
49600 1.0000020000055513e-06 3.6514910196381357e-07
49610 1.3333360000055512e-06 2.9814299327980087e-07
49620 1.3333360000055512e-06 2.9814299327980087e-07
49630 1.3333360000055512e-06 2.9814299327980087e-07
49640 1.3333360000055512e-06 2.9814299327980087e-07
49650 1.0000020000111023e-06 3.651491019607731e-07
49660 1.0000020000055513e-06 3.6514910196381357e-07
49670 6.666680000000001e-07 3.651491019668541e-07
49680 6.666680000111022e-07 3.651491019628001e-07
49690 1.0000020000055513e-06 3.6514910196381357e-07
49700 1.3333360000055512e-06 2.9814299327980087e-07
49710 1.0000020000055513e-06 3.6514910196381357e-07
49720 1.0000020000055513e-06 3.6514910196381357e-07
49730 1.3333360000055512e-06 2.9814299327980087e-07
49740 6.666680000166534e-07 3.651491019607731e-07
49750 6.666680000166534e-07 3.651491019607731e-07
49760 6.666680000000001e-07 3.651491019668541e-07
49770 1.0000020000055513e-06 3.6514910196381357e-07
49780 1.0000020000111023e-06 3.651491019607731e-07
49790 1.0000020000111023e-06 3.651491019607731e-07
49800 6.666680000166534e-07 3.651491019607731e-07
49810 1.0000020000055513e-06 3.6514910196381357e-07
49820 1.0000020000055513e-06 3.6514910196381357e-07
49830 3.3333400001110226e-07 2.981429932822834e-07
49840 1.0000020000055513e-06 3.6514910196381357e-07
49850 1.0000020000111023e-06 3.651491019607731e-07
49860 6.666680000000001e-07 3.651491019668541e-07
49870 1.000002e-06 3.651491019668541e-07
49880 1.3333360000000002e-06 2.9814299328476596e-07
49890 1.66667e-06 0.0
49900 6.666680000111022e-07 3.651491019628001e-07
49910 1.3333360000055512e-06 2.9814299327980087e-07
49920 1.3333360000055512e-06 2.9814299327980087e-07
49930 1.0000020000111023e-06 3.651491019607731e-07
49940 1.0000020000111023e-06 3.6514910196077315e-07
49950 6.666680000055511e-07 3.6514910196482715e-07
49960 1.66667e-06 0.0
49970 1.3333360000000002e-06 2.9814299328476596e-07
49980 6.666680000055511e-07 3.6514910196482715e-07
49990 1.0000020000111023e-06 3.651491019607731e-07
50000 3.3333400001110226e-07 2.981429932822834e-07
50010 6.666680000055511e-07 3.6514910196482715e-07
50020 6.666680000111022e-07 3.651491019628001e-07
50030 1.3333360000000002e-06 2.9814299328476596e-07
50040 3.333340000055511e-07 2.9814299328352464e-07
50050 1.3333360000000002e-06 2.9814299328476596e-07
50060 1.3333360000000002e-06 2.9814299328476596e-07
50070 5.551119999999999e-18 4.965072668503453e-18
50080 6.666680000055511e-07 3.6514910196482715e-07
50090 6.666680000166534e-07 3.651491019607731e-07
50100 1.0000020000055513e-06 3.6514910196381357e-07
50110 1.66667e-06 0.0
50120 1.66667e-06 0.0
50130 3.3333400001110226e-07 2.981429932822834e-07
50140 3.3333400001110226e-07 2.981429932822834e-07
50150 1.0000020000055513e-06 3.6514910196381357e-07
50160 3.3333400001665334e-07 2.981429932810421e-07
50170 1.3333360000055512e-06 2.9814299327980087e-07
50180 1.0000020000111023e-06 3.651491019607731e-07
50190 1.0000020000111023e-06 3.6514910196077315e-07
50200 1.000002e-06 3.651491019668541e-07
50210 1.000002e-06 3.651491019668541e-07
50220 1.0000020000111023e-06 3.651491019607731e-07
50230 3.3333400001110226e-07 2.981429932822834e-07
50240 6.666680000055511e-07 3.6514910196482715e-07
50250 6.666680000055511e-07 3.6514910196482715e-07
50260 1.3333360000055512e-06 2.9814299327980087e-07
50270 1.66667e-06 0.0
50280 6.666680000000001e-07 3.651491019668541e-07
50290 1.3333360000000002e-06 2.9814299328476596e-07
50300 1.665336e-17 6.080947286836155e-18
50310 1.0000020000055513e-06 3.6514910196381357e-07
50320 6.666680000055511e-07 3.6514910196482715e-07
50330 1.0000020000111023e-06 3.6514910196077315e-07
50340 6.666680000111022e-07 3.651491019628001e-07
50350 6.666680000166534e-07 3.651491019607731e-07
50360 1.66667e-06 0.0
50370 1.0000020000055513e-06 3.6514910196381357e-07
50380 1.0000020000055513e-06 3.6514910196381357e-07
50390 1.0000020000111023e-06 3.651491019607731e-07
50400 1.3333360000000002e-06 2.9814299328476596e-07
50410 1.0000020000055513e-06 3.6514910196381357e-07
50420 1.66667e-06 0.0
50430 1.0000020000055513e-06 3.6514910196381357e-07
50440 1.0000020000055513e-06 3.6514910196381357e-07
50450 1.66667e-06 0.0
50460 1.3333360000055512e-06 2.9814299327980087e-07
50470 1.0000020000055513e-06 3.6514910196381357e-07
50480 6.666680000055511e-07 3.6514910196482715e-07
50490 1.3333360000000002e-06 2.9814299328476596e-07
50500 6.666680000111022e-07 3.651491019628001e-07
50510 1.0000020000055513e-06 3.6514910196381357e-07
50520 1.0000020000055513e-06 3.6514910196381357e-07
50530 1.3333360000000002e-06 2.9814299328476596e-07
50540 6.666680000055511e-07 3.6514910196482715e-07
50550 1.3333360000055512e-06 2.9814299327980087e-07
50560 1.0000020000055513e-06 3.6514910196381357e-07
50570 1.0000020000111023e-06 3.651491019607731e-07
50580 6.666680000166534e-07 3.6514910196077315e-07
50590 6.666680000111022e-07 3.651491019628001e-07
50600 1.3333360000055512e-06 2.9814299327980087e-07
50610 1.66667e-06 0.0
50620 6.666680000111022e-07 3.651491019628001e-07
50630 1.0000020000111023e-06 3.6514910196077315e-07
50640 1.0000020000111023e-06 3.6514910196077315e-07
50650 6.666680000055511e-07 3.6514910196482715e-07
50660 1.3333360000055512e-06 2.9814299327980087e-07
50670 6.666680000111022e-07 3.651491019628001e-07
50680 1.3333360000055512e-06 2.9814299327980087e-07
50690 1.0000020000111023e-06 3.651491019607731e-07
50700 1.3333360000055512e-06 2.9814299327980087e-07
50710 1.3333360000000002e-06 2.9814299328476596e-07
50720 1.0000020000055513e-06 3.6514910196381357e-07
50730 1.0000020000055513e-06 3.6514910196381357e-07
50740 1.0000020000055513e-06 3.6514910196381357e-07
50750 1.0000020000055513e-06 3.6514910196381357e-07
50760 1.0000020000055513e-06 3.6514910196381357e-07
50770 6.666680000111022e-07 3.651491019628001e-07
50780 1.0000020000055513e-06 3.6514910196381357e-07
50790 1.66667e-06 0.0
50800 1.000002e-06 3.651491019668541e-07
50810 6.666680000000001e-07 3.651491019668541e-07
50820 1.3333360000000002e-06 2.9814299328476596e-07
50830 1.0000020000055513e-06 3.6514910196381357e-07
50840 1.3333360000000002e-06 2.9814299328476596e-07
50850 1.0000020000055513e-06 3.6514910196381357e-07
50860 1.000002e-06 3.651491019668541e-07
50870 1.0000020000055513e-06 3.6514910196381357e-07
50880 3.3333400001110226e-07 2.981429932822834e-07
50890 1.66667e-06 0.0
50900 1.0000020000111023e-06 3.651491019607731e-07
50910 6.666680000055511e-07 3.6514910196482715e-07
50920 1.0000020000055513e-06 3.6514910196381357e-07
50930 6.666680000111022e-07 3.651491019628001e-07
50940 6.666680000166534e-07 3.651491019607731e-07
50950 1.0000020000111023e-06 3.6514910196077315e-07
50960 6.666680000055511e-07 3.6514910196482715e-07
50970 6.666680000055511e-07 3.6514910196482715e-07
50980 1.000002e-06 3.651491019668541e-07
50990 6.666680000000001e-07 3.651491019668541e-07
51000 1.3333360000055512e-06 2.9814299327980087e-07
51010 1.0000020000055513e-06 3.6514910196381357e-07
51020 1.0000020000111023e-06 3.651491019607731e-07
51030 1.0000020000111023e-06 3.651491019607731e-07
51040 1.3333360000055512e-06 2.9814299327980087e-07
51050 1.0000020000055513e-06 3.6514910196381357e-07
51060 1.0000020000111023e-06 3.651491019607731e-07
51070 1.0000020000111023e-06 3.6514910196077315e-07
51080 6.666680000055511e-07 3.6514910196482715e-07
51090 1.3333360000000002e-06 2.9814299328476596e-07
51100 1.0000020000055513e-06 3.6514910196381357e-07
51110 1.0000020000055513e-06 3.6514910196381357e-07
51120 1.3333360000055512e-06 2.9814299327980087e-07
51130 1.66667e-06 0.0
51140 6.666680000000001e-07 3.651491019668541e-07
51150 3.3333400001110226e-07 2.981429932822834e-07
51160 1.3333360000055512e-06 2.9814299327980087e-07
51170 1.0000020000111023e-06 3.651491019607731e-07
51180 1.0000020000055513e-06 3.6514910196381357e-07
51190 6.666680000055511e-07 3.6514910196482715e-07
51200 6.666680000111022e-07 3.651491019628001e-07
51210 1.3333360000055512e-06 2.9814299327980087e-07
51220 1.0000020000055513e-06 3.6514910196381357e-07
51230 1.3333360000000002e-06 2.9814299328476596e-07
51240 6.666680000111022e-07 3.651491019628001e-07
51250 1.000002e-06 3.651491019668541e-07
51260 6.666680000000001e-07 3.651491019668541e-07
51270 1.3333360000055512e-06 2.9814299327980087e-07
51280 6.666680000055511e-07 3.6514910196482715e-07
51290 1.3333360000055512e-06 2.9814299327980087e-07
51300 6.666680000111022e-07 3.651491019628001e-07
51310 1.3333360000000002e-06 2.9814299328476596e-07
51320 1.0000020000055513e-06 3.6514910196381357e-07
51330 1.0000020000055513e-06 3.6514910196381357e-07
51340 6.666680000055511e-07 3.6514910196482715e-07
51350 6.666680000055511e-07 3.6514910196482715e-07
51360 1.000002e-06 3.651491019668541e-07
51370 1.0000020000055513e-06 3.6514910196381357e-07
51380 6.666680000111022e-07 3.651491019628001e-07
51390 1.000002e-06 3.651491019668541e-07
51400 6.666680000111022e-07 3.651491019628001e-07
51410 1.3333360000000002e-06 2.9814299328476596e-07
51420 1.3333360000055512e-06 2.9814299327980087e-07
51430 1.3333360000000002e-06 2.9814299328476596e-07
51440 1.0000020000055513e-06 3.6514910196381357e-07
51450 6.666680000166534e-07 3.651491019607731e-07
51460 3.3333400001665334e-07 2.9814299328104214e-07
51470 1.0000020000111023e-06 3.651491019607731e-07
51480 6.666680000166534e-07 3.651491019607731e-07
51490 6.666680000055511e-07 3.6514910196482715e-07
51500 1.3333360000055512e-06 2.9814299327980087e-07
51510 1.3333360000000002e-06 2.9814299328476596e-07
51520 1.3333360000055512e-06 2.9814299327980087e-07
51530 1.000002e-06 3.651491019668541e-07
51540 1.0000020000055513e-06 3.6514910196381357e-07
51550 1.0000020000111023e-06 3.651491019607731e-07
51560 1.66667e-06 0.0
51570 1.3333360000055512e-06 2.9814299327980087e-07
51580 6.666680000000001e-07 3.651491019668541e-07
51590 1.0000020000055513e-06 3.6514910196381357e-07
51600 1.0000020000111023e-06 3.6514910196077315e-07
51610 1.0000020000111023e-06 3.651491019607731e-07
51620 1.000002e-06 3.651491019668541e-07
51630 1.000002e-06 3.651491019668541e-07
51640 1.0000020000111023e-06 3.6514910196077315e-07
51650 6.666680000000001e-07 3.651491019668541e-07
51660 0.020001333336000002 0.017888245677005032
51670 0.020001733336 0.01788860344788143
51680 1.3333360000055512e-06 2.9814299327980087e-07
51690 3.333340000055511e-07 2.9814299328352464e-07
51700 3.3333400001110226e-07 2.981429932822834e-07
51710 3.3333400001665334e-07 2.9814299328104214e-07
51720 1.0000020000055513e-06 3.6514910196381357e-07
51730 1.3333360000000002e-06 2.9814299328476596e-07
51740 6.666680000166534e-07 3.6514910196077315e-07
51750 1.3333360000055512e-06 2.9814299327980087e-07
51760 1.0000020000055513e-06 3.6514910196381357e-07
51770 1.3333360000055512e-06 2.9814299327980087e-07
51780 6.666680000111022e-07 3.651491019628001e-07
51790 1.0000020000055513e-06 3.6514910196381357e-07
51800 3.3333400001110226e-07 2.981429932822834e-07
51810 3.3333400001110226e-07 2.981429932822834e-07
51820 6.666680000055511e-07 3.6514910196482715e-07
51830 3.3333400001110226e-07 2.981429932822834e-07
51840 6.666680000111022e-07 3.651491019628001e-07
51850 6.666680000111022e-07 3.651491019628001e-07
51860 3.333340000055511e-07 2.981429932835247e-07
51870 1.0000020000055513e-06 3.6514910196381357e-07
51880 1.0000020000111023e-06 3.651491019607731e-07
51890 1.3333360000055512e-06 2.9814299327980087e-07
51900 1.000002e-06 3.651491019668541e-07
51910 6.666680000111022e-07 3.651491019628001e-07
51920 6.666680000111022e-07 3.651491019628001e-07
51930 3.3333400001110226e-07 2.981429932822834e-07
51940 1.0000020000055513e-06 3.6514910196381357e-07
51950 1.0000020000055513e-06 3.6514910196381357e-07
51960 1.0000020000055513e-06 3.6514910196381357e-07
51970 3.3333400001110226e-07 2.981429932822834e-07
51980 3.3333400001665334e-07 2.9814299328104214e-07
51990 1.3333360000000002e-06 2.9814299328476596e-07
52000 1.000002e-06 3.651491019668541e-07
52010 6.666680000111022e-07 3.651491019628001e-07
52020 1.0000020000055513e-06 3.6514910196381357e-07
52030 6.666680000055511e-07 3.6514910196482715e-07
52040 1.3333360000055512e-06 2.9814299327980087e-07
52050 1.3333360000055512e-06 2.9814299327980087e-07
52060 1.0000020000055513e-06 3.6514910196381357e-07
52070 1.0000020000111023e-06 3.651491019607731e-07
52080 1.3333360000000002e-06 2.9814299328476596e-07
52090 6.666680000000001e-07 3.651491019668541e-07
52100 1.3333360000055512e-06 2.9814299327980087e-07
52110 1.000002e-06 3.651491019668541e-07
52120 1.3333360000000002e-06 2.9814299328476596e-07
52130 6.666680000055511e-07 3.6514910196482715e-07
52140 3.3333400001665334e-07 2.9814299328104214e-07
52150 2.2204479999999997e-17 4.965072668503452e-18
52160 6.666680000055511e-07 3.6514910196482715e-07
52170 3.3333400001665334e-07 2.9814299328104214e-07
52180 1.3333360000055512e-06 2.9814299327980087e-07
52190 6.666680000111022e-07 3.651491019628001e-07
52200 1.0000020000111023e-06 3.6514910196077315e-07
52210 6.666680000055511e-07 3.6514910196482715e-07
52220 6.666680000055511e-07 3.6514910196482715e-07
52230 1.665336e-17 6.0809472868361544e-18
52240 1.000002e-06 3.651491019668541e-07
52250 1.0000020000055513e-06 3.6514910196381357e-07
52260 1.3333360000055512e-06 2.9814299327980087e-07
52270 1.3333360000055512e-06 2.9814299327980087e-07
52280 1.0000020000055513e-06 3.6514910196381357e-07
52290 6.666680000000001e-07 3.651491019668541e-07
52300 1.0000020000111023e-06 3.651491019607731e-07
52310 6.666680000055511e-07 3.6514910196482715e-07
52320 1.3333360000055512e-06 2.9814299327980087e-07
52330 1.000002e-06 3.651491019668541e-07
52340 1.000002e-06 3.651491019668541e-07
52350 6.666680000055511e-07 3.6514910196482715e-07
52360 6.666680000055511e-07 3.6514910196482715e-07
52370 6.666680000166534e-07 3.651491019607731e-07
52380 6.666680000111022e-07 3.651491019628001e-07
52390 6.666680000111022e-07 3.651491019628001e-07
52400 3.3333400001110226e-07 2.981429932822834e-07
52410 6.666680000111022e-07 3.651491019628001e-07
52420 1.3333360000000002e-06 2.9814299328476596e-07
52430 1.0000020000055513e-06 3.6514910196381357e-07
52440 1.3333360000055512e-06 2.9814299327980087e-07
52450 1.000002e-06 3.651491019668541e-07
52460 1.0000020000055513e-06 3.6514910196381357e-07
52470 6.666680000111022e-07 3.651491019628001e-07
52480 6.666680000055511e-07 3.6514910196482715e-07
52490 1.0000020000055513e-06 3.6514910196381357e-07
52500 6.666680000000001e-07 3.651491019668541e-07
52510 1.3333360000055512e-06 2.9814299327980087e-07
52520 3.3333400001665334e-07 2.981429932810421e-07
52530 1.3333360000055512e-06 2.9814299327980087e-07
52540 6.666680000055511e-07 3.6514910196482715e-07
52550 3.3333400001665334e-07 2.981429932810421e-07
52560 1.0000020000111023e-06 3.651491019607731e-07
52570 1.0000020000055513e-06 3.6514910196381357e-07
52580 1.000002e-06 3.651491019668541e-07
52590 1.3333360000055512e-06 2.9814299327980087e-07
52600 1.66667e-06 0.0
52610 1.0000020000111023e-06 3.6514910196077315e-07
52620 6.666680000055511e-07 3.6514910196482715e-07
52630 6.666680000166534e-07 3.651491019607731e-07
52640 1.0000020000055513e-06 3.6514910196381357e-07
52650 3.3333400001110226e-07 2.981429932822834e-07
52660 6.666680000111022e-07 3.651491019628001e-07
52670 1.3333360000055512e-06 2.9814299327980087e-07
52680 1.0000020000111023e-06 3.651491019607731e-07
52690 1.3333360000055512e-06 2.9814299327980087e-07
52700 1.0000020000055513e-06 3.6514910196381357e-07
52710 1.3333360000055512e-06 2.9814299327980087e-07
52720 6.666680000055511e-07 3.6514910196482715e-07
52730 1.3333360000055512e-06 2.9814299327980087e-07
52740 1.000002e-06 3.651491019668541e-07
52750 1.3333360000055512e-06 2.9814299327980087e-07
52760 1.0000020000055513e-06 3.6514910196381357e-07
52770 1.0000020000055513e-06 3.6514910196381357e-07
52780 3.3333400001665334e-07 2.9814299328104214e-07
52790 6.666680000055511e-07 3.6514910196482715e-07
52800 1.0000020000055513e-06 3.6514910196381357e-07
52810 1.3333360000000002e-06 2.9814299328476596e-07
52820 1.0000020000055513e-06 3.6514910196381357e-07
52830 1.0000020000055513e-06 3.6514910196381357e-07
52840 6.666680000055511e-07 3.6514910196482715e-07
52850 1.0000020000055513e-06 3.6514910196381357e-07
52860 6.666680000055511e-07 3.6514910196482715e-07
52870 1.3333360000055512e-06 2.9814299327980087e-07
52880 1.3333360000055512e-06 2.9814299327980087e-07
52890 1.3333360000000002e-06 2.9814299328476596e-07
52900 3.3333400001665334e-07 2.981429932810421e-07
52910 6.666680000055511e-07 3.6514910196482715e-07
52920 3.333340000055511e-07 2.981429932835247e-07
52930 1.0000020000055513e-06 3.6514910196381357e-07
52940 1.3333360000000002e-06 2.9814299328476596e-07
52950 1.0000020000055513e-06 3.6514910196381357e-07
52960 6.666680000111022e-07 3.651491019628001e-07
52970 3.3333400001665334e-07 2.981429932810421e-07
52980 1.3333360000055512e-06 2.9814299327980087e-07
52990 1.3333360000000002e-06 2.9814299328476596e-07
53000 1.000002e-06 3.651491019668541e-07
53010 1.0000020000111023e-06 3.6514910196077315e-07
53020 1.000002e-06 3.651491019668541e-07
53030 6.666680000111022e-07 3.651491019628001e-07
53040 1.3333360000055512e-06 2.9814299327980087e-07
53050 6.666680000055511e-07 3.6514910196482715e-07
53060 1.0000020000111023e-06 3.6514910196077315e-07
53070 1.3333360000055512e-06 2.9814299327980087e-07
53080 1.0000020000111023e-06 3.651491019607731e-07
53090 6.666680000166534e-07 3.651491019607731e-07
53100 1.3333360000000002e-06 2.9814299328476596e-07
53110 1.3333360000000002e-06 2.9814299328476596e-07
53120 1.0000020000055513e-06 3.6514910196381357e-07
53130 3.3333400001110226e-07 2.981429932822834e-07
53140 1.0000020000055513e-06 3.6514910196381357e-07
53150 6.666680000111022e-07 3.651491019628001e-07
53160 6.666680000055511e-07 3.6514910196482715e-07
53170 1.0000020000055513e-06 3.6514910196381357e-07
53180 6.666680000055511e-07 3.6514910196482715e-07
53190 1.66667e-06 0.0
53200 3.3333400001665334e-07 2.981429932810421e-07
53210 3.3333400001110226e-07 2.981429932822834e-07
53220 1.3333360000055512e-06 2.9814299327980087e-07
53230 3.3333400001665334e-07 2.981429932810421e-07
53240 6.666680000111022e-07 3.651491019628001e-07
53250 1.0000020000055513e-06 3.6514910196381357e-07
53260 1.3333360000000002e-06 2.9814299328476596e-07
53270 1.66667e-06 0.0
53280 1.0000020000055513e-06 3.6514910196381357e-07
53290 1.0000020000111023e-06 3.651491019607731e-07
53300 6.666680000055511e-07 3.6514910196482715e-07
53310 1.0000020000055513e-06 3.6514910196381357e-07
53320 1.0000020000111023e-06 3.6514910196077315e-07
53330 1.000002e-06 3.651491019668541e-07
53340 1.0000020000055513e-06 3.6514910196381357e-07
53350 6.666680000000001e-07 3.651491019668541e-07
53360 3.3333400000000004e-07 2.9814299328476596e-07
53370 1.0000020000111023e-06 3.651491019607731e-07
53380 6.666680000055511e-07 3.6514910196482715e-07
53390 6.666680000055511e-07 3.6514910196482715e-07
53400 3.333340000055511e-07 2.9814299328352464e-07
53410 1.1102239999999998e-17 6.0809472868361544e-18
53420 6.666680000166534e-07 3.6514910196077315e-07
53430 1.3333360000055512e-06 2.9814299327980087e-07
53440 1.0000020000055513e-06 3.6514910196381357e-07
53450 3.3333400001110226e-07 2.981429932822834e-07
53460 1.66667e-06 0.0
53470 1.3333360000055512e-06 2.9814299327980087e-07
53480 1.000002e-06 3.651491019668541e-07
53490 1.0000020000055513e-06 3.6514910196381357e-07
53500 3.3333400001110226e-07 2.981429932822834e-07
53510 1.3333360000055512e-06 2.9814299327980087e-07
53520 1.66667e-06 0.0
53530 1.3333360000000002e-06 2.9814299328476596e-07
53540 1.3333360000055512e-06 2.9814299327980087e-07
53550 1.66667e-06 0.0
53560 6.666680000111022e-07 3.651491019628001e-07
53570 1.3333360000055512e-06 2.9814299327980087e-07
53580 6.666680000055511e-07 3.6514910196482715e-07
53590 6.666680000111022e-07 3.651491019628001e-07
53600 1.0000020000055513e-06 3.6514910196381357e-07
53610 1.3333360000000002e-06 2.9814299328476596e-07
53620 1.0000020000055513e-06 3.6514910196381357e-07
53630 6.666680000000001e-07 3.651491019668541e-07
53640 6.666680000111022e-07 3.651491019628001e-07
53650 6.666680000111022e-07 3.651491019628001e-07
53660 6.666680000166534e-07 3.651491019607731e-07
53670 3.3333400001665334e-07 2.981429932810421e-07
53680 6.666680000111022e-07 3.651491019628001e-07
53690 1.66667e-06 0.0
53700 1.0000020000055513e-06 3.6514910196381357e-07
53710 1.0000020000055513e-06 3.6514910196381357e-07
53720 1.0000020000111023e-06 3.651491019607731e-07
53730 3.3333400000000004e-07 2.9814299328476596e-07
53740 3.3333400001110226e-07 2.981429932822834e-07
53750 1.0000020000111023e-06 3.651491019607731e-07
53760 1.3333360000055512e-06 2.9814299327980087e-07
53770 6.666680000055511e-07 3.6514910196482715e-07
53780 6.666680000111022e-07 3.651491019628001e-07
53790 1.3333360000000002e-06 2.9814299328476596e-07
53800 1.3333360000000002e-06 2.9814299328476596e-07
53810 1.000002e-06 3.651491019668541e-07
53820 1.3333360000000002e-06 2.9814299328476596e-07
53830 1.66667e-06 0.0
53840 1.000002e-06 3.651491019668541e-07
53850 1.0000020000111023e-06 3.6514910196077315e-07
53860 1.0000020000111023e-06 3.651491019607731e-07
53870 3.3333400001110226e-07 2.981429932822834e-07
53880 1.66667e-06 0.0
53890 1.0000020000055513e-06 3.6514910196381357e-07
53900 1.0000020000111023e-06 3.651491019607731e-07
53910 6.666680000111022e-07 3.651491019628001e-07
53920 1.000002e-06 3.651491019668541e-07
53930 3.333340000055511e-07 2.9814299328352464e-07
53940 1.3333360000000002e-06 2.9814299328476596e-07
53950 6.666680000055511e-07 3.6514910196482715e-07
53960 6.666680000111022e-07 3.651491019628001e-07
53970 1.3333360000055512e-06 2.9814299327980087e-07
53980 6.666680000055511e-07 3.6514910196482715e-07
53990 1.0000020000055513e-06 3.6514910196381357e-07
54000 1.0000020000111023e-06 3.651491019607731e-07
54010 3.333340000055511e-07 2.9814299328352464e-07
54020 3.3333400001665334e-07 2.981429932810421e-07
54030 1.0000020000055513e-06 3.6514910196381357e-07
54040 1.66667e-06 0.0
54050 1.66667e-06 0.0
54060 1.3333360000055512e-06 2.9814299327980087e-07
54070 1.3333360000000002e-06 2.9814299328476596e-07
54080 6.666680000111022e-07 3.651491019628001e-07
54090 6.666680000055511e-07 3.6514910196482715e-07
54100 6.666680000111022e-07 3.651491019628001e-07
54110 1.3333360000055512e-06 2.9814299327980087e-07
54120 6.666680000055511e-07 3.6514910196482715e-07
54130 1.000002e-06 3.651491019668541e-07
54140 6.666680000000001e-07 3.651491019668541e-07
54150 1.000002e-06 3.651491019668541e-07
54160 1.3333360000055512e-06 2.9814299327980087e-07
54170 6.666680000055511e-07 3.6514910196482715e-07
54180 1.3333360000000002e-06 2.9814299328476596e-07
54190 3.3333400001110226e-07 2.981429932822834e-07
54200 1.0000020000055513e-06 3.6514910196381357e-07
54210 1.0000020000055513e-06 3.6514910196381357e-07
54220 1.0000020000055513e-06 3.6514910196381357e-07
54230 1.000002e-06 3.651491019668541e-07
54240 3.3333400000000004e-07 2.9814299328476596e-07
54250 6.666680000055511e-07 3.6514910196482715e-07
54260 1.0000020000055513e-06 3.6514910196381357e-07
54270 1.0000020000111023e-06 3.6514910196077315e-07
54280 6.666680000055511e-07 3.6514910196482715e-07
54290 1.3333360000000002e-06 2.9814299328476596e-07
54300 1.66667e-06 0.0
54310 1.0000020000055513e-06 3.6514910196381357e-07
54320 1.3333360000055512e-06 2.9814299327980087e-07
54330 1.3333360000055512e-06 2.9814299327980087e-07
54340 6.666680000111022e-07 3.651491019628001e-07
54350 1.3333360000000002e-06 2.9814299328476596e-07
54360 6.666680000111022e-07 3.651491019628001e-07
54370 1.3333360000055512e-06 2.9814299327980087e-07
54380 6.666680000111022e-07 3.651491019628001e-07
54390 6.666680000111022e-07 3.651491019628001e-07
54400 3.3333400001665334e-07 2.981429932810421e-07
54410 1.0000020000055513e-06 3.6514910196381357e-07
54420 3.3333400001665334e-07 2.981429932810421e-07
54430 1.3333360000000002e-06 2.9814299328476596e-07
54440 1.0000020000055513e-06 3.6514910196381357e-07
54450 1.000002e-06 3.651491019668541e-07
54460 1.0000020000055513e-06 3.6514910196381357e-07
54470 1.0000020000111023e-06 3.651491019607731e-07
54480 6.666680000111022e-07 3.651491019628001e-07
54490 3.3333400001110226e-07 2.981429932822834e-07
54500 3.3333400001665334e-07 2.9814299328104214e-07
54510 1.0000020000111023e-06 3.651491019607731e-07
54520 1.0000020000055513e-06 3.6514910196381357e-07
54530 6.666680000166534e-07 3.651491019607731e-07
54540 6.666680000111022e-07 3.651491019628001e-07
54550 1.0000020000111023e-06 3.651491019607731e-07
54560 1.0000020000055513e-06 3.6514910196381357e-07
54570 1.66667e-06 0.0
54580 1.0000020000055513e-06 3.6514910196381357e-07
54590 6.666680000055511e-07 3.6514910196482715e-07
54600 1.0000020000055513e-06 3.6514910196381357e-07
54610 1.3333360000000002e-06 2.9814299328476596e-07
54620 1.66667e-06 0.0
54630 1.000002e-06 3.651491019668541e-07
54640 1.0000020000111023e-06 3.651491019607731e-07
54650 1.0000020000111023e-06 3.651491019607731e-07
54660 1.0000020000055513e-06 3.6514910196381357e-07
54670 1.0000020000055513e-06 3.6514910196381357e-07
54680 1.0000020000055513e-06 3.6514910196381357e-07
54690 6.666680000055511e-07 3.6514910196482715e-07
54700 3.3333400001110226e-07 2.981429932822834e-07
54710 3.3333400001665334e-07 2.981429932810421e-07
54720 6.666680000111022e-07 3.651491019628001e-07
54730 1.1102239999999998e-17 6.0809472868361544e-18
54740 6.666680000166534e-07 3.651491019607731e-07
54750 1.000002e-06 3.651491019668541e-07
54760 3.3333400001665334e-07 2.981429932810421e-07
54770 1.3333360000055512e-06 2.9814299327980087e-07
54780 1.3333360000055512e-06 2.9814299327980087e-07
54790 6.666680000000001e-07 3.651491019668541e-07
54800 1.66667e-06 0.0
54810 1.0000020000055513e-06 3.6514910196381357e-07
54820 1.3333360000055512e-06 2.9814299327980087e-07
54830 1.0000020000055513e-06 3.6514910196381357e-07
54840 1.000002e-06 3.651491019668541e-07
54850 1.000002e-06 3.651491019668541e-07
54860 1.3333360000000002e-06 2.9814299328476596e-07
54870 6.666680000055511e-07 3.6514910196482715e-07
54880 3.3333400001110226e-07 2.981429932822834e-07
54890 1.0000020000055513e-06 3.6514910196381357e-07
54900 6.666680000055511e-07 3.6514910196482715e-07
54910 3.333340000055511e-07 2.9814299328352464e-07
54920 6.666680000000001e-07 3.651491019668541e-07
54930 1.0000020000055513e-06 3.6514910196381357e-07
54940 6.666680000000001e-07 3.651491019668541e-07
54950 1.0000020000055513e-06 3.6514910196381357e-07
54960 1.0000020000111023e-06 3.651491019607731e-07
54970 6.666680000111022e-07 3.651491019628001e-07
54980 1.0000020000111023e-06 3.6514910196077315e-07
54990 1.0000020000055513e-06 3.6514910196381357e-07
55000 6.666680000111022e-07 3.651491019628001e-07
55010 6.666680000111022e-07 3.651491019628001e-07
55020 1.0000020000055513e-06 3.6514910196381357e-07
55030 1.0000020000055513e-06 3.6514910196381357e-07
55040 6.666680000166534e-07 3.651491019607731e-07
55050 6.666680000111022e-07 3.651491019628001e-07
55060 6.666680000000001e-07 3.651491019668541e-07
55070 1.0000020000055513e-06 3.6514910196381357e-07
55080 1.0000020000111023e-06 3.6514910196077315e-07
55090 1.0000020000111023e-06 3.6514910196077315e-07
55100 1.3333360000055512e-06 2.9814299327980087e-07
55110 1.66667e-06 0.0
55120 1.0000020000055513e-06 3.6514910196381357e-07
55130 6.666680000111022e-07 3.651491019628001e-07
55140 1.0000020000055513e-06 3.6514910196381357e-07
55150 1.0000020000055513e-06 3.6514910196381357e-07
55160 1.3333360000055512e-06 2.9814299327980087e-07
55170 1.0000020000055513e-06 3.6514910196381357e-07
55180 1.000002e-06 3.651491019668541e-07
55190 1.0000020000055513e-06 3.6514910196381357e-07
55200 1.3333360000055512e-06 2.9814299327980087e-07
55210 6.666680000111022e-07 3.651491019628001e-07
55220 1.0000020000055513e-06 3.6514910196381357e-07
55230 1.3333360000055512e-06 2.9814299327980087e-07
55240 1.0000020000111023e-06 3.6514910196077315e-07
55250 6.666680000166534e-07 3.651491019607731e-07
55260 1.0000020000055513e-06 3.6514910196381357e-07
55270 1.3333360000000002e-06 2.9814299328476596e-07
55280 1.000002e-06 3.651491019668541e-07
55290 1.3333360000055512e-06 2.9814299327980087e-07
55300 6.666680000000001e-07 3.651491019668541e-07
55310 1.3333360000000002e-06 2.9814299328476596e-07
55320 1.0000020000055513e-06 3.6514910196381357e-07
55330 0.020001066667999997 0.0178887525224837
55340 0.020001066668000004 0.0178887525224837
55350 6.666680000111022e-07 3.651491019628001e-07
55360 1.66667e-06 0.0
55370 6.666680000055511e-07 3.6514910196482715e-07
55380 0.020000733334000004 0.017888827057455602
55390 0.020001000002 0.017888320215082628
55400 6.666680000111022e-07 3.651491019628001e-07
55410 6.666680000055511e-07 3.6514910196482715e-07
55420 1.0000020000055513e-06 3.6514910196381357e-07
55430 6.666680000111022e-07 3.651491019628001e-07
55440 1.3333360000055512e-06 2.9814299327980087e-07
55450 1.0000020000055513e-06 3.6514910196381357e-07
55460 6.666680000055511e-07 3.6514910196482715e-07
55470 1.0000020000111023e-06 3.651491019607731e-07
55480 3.3333400001110226e-07 2.981429932822834e-07
55490 1.0000020000055513e-06 3.6514910196381357e-07
55500 1.0000020000111023e-06 3.651491019607731e-07
55510 1.3333360000000002e-06 2.9814299328476596e-07
55520 6.666680000055511e-07 3.6514910196482715e-07
55530 3.3333400001110226e-07 2.981429932822834e-07
55540 1.0000020000111023e-06 3.6514910196077315e-07
55550 1.3333360000000002e-06 2.9814299328476596e-07
55560 1.0000020000055513e-06 3.6514910196381357e-07
55570 6.666680000055511e-07 3.6514910196482715e-07
55580 1.3333360000000002e-06 2.9814299328476596e-07
55590 6.666680000055511e-07 3.6514910196482715e-07
55600 6.666680000166534e-07 3.6514910196077315e-07
55610 3.3333400001665334e-07 2.981429932810421e-07
55620 6.666680000166534e-07 3.6514910196077315e-07
55630 1.0000020000055513e-06 3.6514910196381357e-07
55640 1.0000020000055513e-06 3.6514910196381357e-07
55650 1.66667e-06 0.0
55660 3.3333400001665334e-07 2.9814299328104214e-07
55670 6.666680000055511e-07 3.6514910196482715e-07
55680 1.000002e-06 3.651491019668541e-07
55690 1.66667e-06 0.0
55700 3.3333400001110226e-07 2.981429932822834e-07
55710 1.0000020000111023e-06 3.651491019607731e-07
55720 6.666680000111022e-07 3.651491019628001e-07
55730 3.3333400001110226e-07 2.981429932822834e-07
55740 6.666680000166534e-07 3.651491019607731e-07
55750 1.000002e-06 3.651491019668541e-07
55760 1.3333360000055512e-06 2.9814299327980087e-07
55770 1.0000020000111023e-06 3.651491019607731e-07
55780 1.0000020000111023e-06 3.6514910196077315e-07
55790 1.0000020000055513e-06 3.6514910196381357e-07
55800 1.0000020000111023e-06 3.651491019607731e-07
55810 6.666680000055511e-07 3.6514910196482715e-07
55820 1.0000020000111023e-06 3.651491019607731e-07
55830 6.666680000111022e-07 3.651491019628001e-07
55840 1.665336e-17 6.0809472868361544e-18
55850 6.666680000055511e-07 3.6514910196482715e-07
55860 6.666680000000001e-07 3.651491019668541e-07
55870 1.66667e-06 0.0
55880 1.000002e-06 3.651491019668541e-07
55890 6.666680000055511e-07 3.6514910196482715e-07
55900 1.3333360000000002e-06 2.9814299328476596e-07
55910 3.3333400001665334e-07 2.9814299328104214e-07
55920 1.0000020000055513e-06 3.6514910196381357e-07
55930 1.3333360000055512e-06 2.9814299327980087e-07
55940 1.0000020000055513e-06 3.6514910196381357e-07
55950 6.666680000111022e-07 3.651491019628001e-07
55960 1.0000020000055513e-06 3.6514910196381357e-07
55970 1.0000020000055513e-06 3.6514910196381357e-07
55980 3.3333400001110226e-07 2.981429932822834e-07
55990 1.0000020000111023e-06 3.651491019607731e-07
56000 1.000002e-06 3.651491019668541e-07
56010 1.000002e-06 3.651491019668541e-07
56020 1.0000020000055513e-06 3.6514910196381357e-07
56030 3.333340000055511e-07 2.9814299328352464e-07
56040 3.333340000055511e-07 2.981429932835247e-07
56050 3.333340000222045e-07 2.9814299327980087e-07
56060 6.666680000111022e-07 3.651491019628001e-07
56070 1.0000020000055513e-06 3.6514910196381357e-07
56080 1.3333360000000002e-06 2.9814299328476596e-07
56090 1.0000020000055513e-06 3.6514910196381357e-07
56100 6.666680000055511e-07 3.6514910196482715e-07
56110 6.666680000055511e-07 3.6514910196482715e-07
56120 6.666680000166534e-07 3.651491019607731e-07
56130 1.66667e-06 0.0
56140 6.666680000111022e-07 3.651491019628001e-07
56150 1.000002e-06 3.651491019668541e-07
56160 1.000002e-06 3.651491019668541e-07
56170 6.666680000111022e-07 3.651491019628001e-07
56180 6.666680000055511e-07 3.6514910196482715e-07
56190 1.3333360000000002e-06 2.9814299328476596e-07
56200 1.3333360000000002e-06 2.9814299328476596e-07
56210 1.3333360000055512e-06 2.9814299327980087e-07
56220 6.666680000166534e-07 3.651491019607731e-07
56230 6.666680000000001e-07 3.651491019668541e-07
56240 6.666680000166534e-07 3.6514910196077315e-07
56250 1.0000020000111023e-06 3.651491019607731e-07
56260 1.3333360000000002e-06 2.9814299328476596e-07
56270 6.666680000166534e-07 3.651491019607731e-07
56280 1.3333360000055512e-06 2.9814299327980087e-07
56290 6.666680000111022e-07 3.651491019628001e-07
56300 1.000002e-06 3.651491019668541e-07
56310 1.66667e-06 0.0
56320 1.3333360000055512e-06 2.9814299327980087e-07
56330 1.3333360000055512e-06 2.9814299327980087e-07
56340 1.0000020000055513e-06 3.6514910196381357e-07
56350 1.000002e-06 3.651491019668541e-07
56360 6.666680000111022e-07 3.651491019628001e-07
56370 3.333340000055511e-07 2.9814299328352464e-07
56380 1.3333360000055512e-06 2.9814299327980087e-07
56390 6.666680000055511e-07 3.6514910196482715e-07
56400 1.3333360000000002e-06 2.9814299328476596e-07
56410 3.333340000222045e-07 2.9814299327980087e-07
56420 1.0000020000111023e-06 3.651491019607731e-07
56430 1.0000020000111023e-06 3.651491019607731e-07
56440 6.666680000000001e-07 3.651491019668541e-07
56450 6.666680000055511e-07 3.6514910196482715e-07
56460 6.666680000111022e-07 3.651491019628001e-07
56470 1.0000020000055513e-06 3.6514910196381357e-07
56480 6.666680000111022e-07 3.651491019628001e-07
56490 1.0000020000055513e-06 3.6514910196381357e-07
56500 6.666680000055511e-07 3.6514910196482715e-07
56510 1.3333360000000002e-06 2.9814299328476596e-07
56520 6.666680000055511e-07 3.6514910196482715e-07
56530 1.000002e-06 3.651491019668541e-07
56540 1.000002e-06 3.651491019668541e-07
56550 1.0000020000111023e-06 3.651491019607731e-07
56560 1.0000020000111023e-06 3.651491019607731e-07
56570 6.666680000111022e-07 3.651491019628001e-07
56580 1.0000020000055513e-06 3.6514910196381357e-07
56590 1.0000020000055513e-06 3.6514910196381357e-07
56600 1.0000020000111023e-06 3.651491019607731e-07
56610 1.0000020000055513e-06 3.6514910196381357e-07
56620 1.66667e-06 0.0
56630 3.3333400001665334e-07 2.981429932810421e-07
56640 1.0000020000111023e-06 3.651491019607731e-07
56650 1.3333360000000002e-06 2.9814299328476596e-07
56660 3.3333400001110226e-07 2.981429932822834e-07
56670 1.0000020000055513e-06 3.6514910196381357e-07
56680 1.0000020000055513e-06 3.6514910196381357e-07
56690 6.666680000000001e-07 3.651491019668541e-07
56700 6.666680000055511e-07 3.6514910196482715e-07
56710 1.000002e-06 3.651491019668541e-07
56720 6.666680000055511e-07 3.6514910196482715e-07
56730 3.3333400001110226e-07 2.981429932822834e-07
56740 6.666680000166534e-07 3.651491019607731e-07
56750 6.666680000055511e-07 3.6514910196482715e-07
56760 6.666680000055511e-07 3.6514910196482715e-07
56770 6.666680000111022e-07 3.651491019628001e-07
56780 6.666680000000001e-07 3.651491019668541e-07
56790 1.0000020000055513e-06 3.6514910196381357e-07
56800 1.3333360000055512e-06 2.9814299327980087e-07
56810 6.666680000166534e-07 3.651491019607731e-07
56820 1.3333360000000002e-06 2.9814299328476596e-07
56830 1.3333360000055512e-06 2.9814299327980087e-07
56840 3.333340000055511e-07 2.9814299328352464e-07
56850 1.3333360000055512e-06 2.9814299327980087e-07
56860 6.666680000111022e-07 3.651491019628001e-07
56870 1.66667e-06 0.0
56880 1.66667e-06 0.0
56890 1.3333360000055512e-06 2.9814299327980087e-07
56900 3.3333400001665334e-07 2.981429932810421e-07
56910 1.0000020000111023e-06 3.651491019607731e-07
56920 3.3333400001110226e-07 2.981429932822834e-07
56930 1.3333360000055512e-06 2.9814299327980087e-07
56940 3.333340000055511e-07 2.9814299328352464e-07
56950 6.666680000055511e-07 3.6514910196482715e-07
56960 6.666680000055511e-07 3.6514910196482715e-07
56970 1.0000020000055513e-06 3.6514910196381357e-07
56980 6.666680000111022e-07 3.651491019628001e-07
56990 6.666680000111022e-07 3.651491019628001e-07
57000 3.3333400001110226e-07 2.981429932822834e-07
57010 6.666680000111022e-07 3.651491019628001e-07
57020 1.000002e-06 3.651491019668541e-07
57030 1.0000020000111023e-06 3.651491019607731e-07
57040 6.666680000111022e-07 3.651491019628001e-07
57050 1.0000020000055513e-06 3.6514910196381357e-07
57060 1.3333360000055512e-06 2.9814299327980087e-07
57070 3.3333400001665334e-07 2.981429932810421e-07
57080 1.3333360000055512e-06 2.9814299327980087e-07
57090 1.0000020000055513e-06 3.6514910196381357e-07
57100 6.666680000111022e-07 3.651491019628001e-07
57110 1.0000020000055513e-06 3.6514910196381357e-07
57120 1.3333360000055512e-06 2.9814299327980087e-07
57130 1.000002e-06 3.651491019668541e-07
57140 1.665336e-17 6.080947286836155e-18
57150 1.0000020000055513e-06 3.6514910196381357e-07
57160 1.0000020000055513e-06 3.6514910196381357e-07
57170 3.333340000222045e-07 2.9814299327980087e-07
57180 1.3333360000000002e-06 2.9814299328476596e-07
57190 1.3333360000000002e-06 2.9814299328476596e-07
57200 1.1102239999999998e-17 6.0809472868361544e-18
57210 6.666680000111022e-07 3.651491019628001e-07
57220 1.0000020000055513e-06 3.6514910196381357e-07
57230 1.3333360000000002e-06 2.9814299328476596e-07
57240 6.666680000111022e-07 3.651491019628001e-07
57250 1.0000020000111023e-06 3.6514910196077315e-07
57260 6.666680000111022e-07 3.651491019628001e-07
57270 1.000002e-06 3.651491019668541e-07
57280 6.666680000166534e-07 3.651491019607731e-07
57290 1.0000020000055513e-06 3.6514910196381357e-07
57300 3.3333400001665334e-07 2.9814299328104214e-07
57310 1.0000020000111023e-06 3.651491019607731e-07
57320 6.666680000111022e-07 3.651491019628001e-07
57330 3.3333400001110226e-07 2.981429932822834e-07
57340 1.0000020000055513e-06 3.6514910196381357e-07
57350 1.000002e-06 3.651491019668541e-07
57360 6.666680000000001e-07 3.651491019668541e-07
57370 6.666680000055511e-07 3.6514910196482715e-07
57380 3.3333400001110226e-07 2.981429932822834e-07
57390 1.000002e-06 3.651491019668541e-07
57400 1.000002e-06 3.651491019668541e-07
57410 1.3333360000000002e-06 2.9814299328476596e-07
57420 1.0000020000055513e-06 3.6514910196381357e-07
57430 1.3333360000055512e-06 2.9814299327980087e-07
57440 1.0000020000111023e-06 3.6514910196077315e-07
57450 6.666680000111022e-07 3.651491019628001e-07
57460 1.0000020000055513e-06 3.6514910196381357e-07
57470 1.3333360000000002e-06 2.9814299328476596e-07
57480 6.666680000000001e-07 3.651491019668541e-07
57490 6.666680000111022e-07 3.651491019628001e-07
57500 6.666680000055511e-07 3.6514910196482715e-07
57510 1.3333360000000002e-06 2.9814299328476596e-07
57520 1.0000020000055513e-06 3.6514910196381357e-07
57530 1.0000020000055513e-06 3.6514910196381357e-07
57540 1.66667e-06 0.0
57550 6.666680000111022e-07 3.651491019628001e-07
57560 1.0000020000055513e-06 3.6514910196381357e-07
57570 6.666680000111022e-07 3.651491019628001e-07
57580 1.0000020000055513e-06 3.6514910196381357e-07
57590 1.3333360000055512e-06 2.9814299327980087e-07
57600 1.0000020000055513e-06 3.6514910196381357e-07
57610 1.0000020000111023e-06 3.651491019607731e-07
57620 1.3333360000000002e-06 2.9814299328476596e-07
57630 1.66667e-06 0.0
57640 6.666680000000001e-07 3.651491019668541e-07
57650 1.0000020000055513e-06 3.6514910196381357e-07
57660 1.3333360000055512e-06 2.9814299327980087e-07
57670 1.3333360000000002e-06 2.9814299328476596e-07
57680 3.333340000055511e-07 2.9814299328352464e-07
57690 1.3333360000000002e-06 2.9814299328476596e-07
57700 3.3333400001110226e-07 2.981429932822834e-07
57710 1.0000020000055513e-06 3.6514910196381357e-07
57720 1.66667e-06 0.0
57730 6.666680000055511e-07 3.6514910196482715e-07
57740 6.666680000055511e-07 3.6514910196482715e-07
57750 6.666680000055511e-07 3.6514910196482715e-07
57760 1.0000020000055513e-06 3.6514910196381357e-07
57770 1.0000020000055513e-06 3.6514910196381357e-07
57780 6.666680000000001e-07 3.651491019668541e-07
57790 3.333340000055511e-07 2.9814299328352464e-07
57800 1.3333360000055512e-06 2.9814299327980087e-07
57810 1.0000020000055513e-06 3.6514910196381357e-07
57820 1.000002e-06 3.651491019668541e-07
57830 1.0000020000111023e-06 3.651491019607731e-07
57840 6.666680000055511e-07 3.6514910196482715e-07
57850 1.66667e-06 0.0
57860 1.66667e-06 0.0
57870 6.666680000111022e-07 3.651491019628001e-07
57880 1.3333360000000002e-06 2.9814299328476596e-07
57890 1.0000020000111023e-06 3.651491019607731e-07
57900 1.3333360000000002e-06 2.9814299328476596e-07
57910 1.0000020000055513e-06 3.6514910196381357e-07
57920 1.0000020000111023e-06 3.651491019607731e-07
57930 6.666680000111022e-07 3.651491019628001e-07
57940 1.0000020000111023e-06 3.651491019607731e-07
57950 1.0000020000111023e-06 3.6514910196077315e-07
57960 1.3333360000055512e-06 2.9814299327980087e-07
57970 3.3333400000000004e-07 2.9814299328476596e-07
57980 1.3333360000000002e-06 2.9814299328476596e-07
57990 1.000002e-06 3.651491019668541e-07
58000 1.0000020000055513e-06 3.6514910196381357e-07
58010 1.3333360000055512e-06 2.9814299327980087e-07
58020 1.3333360000055512e-06 2.9814299327980087e-07
58030 2.2204479999999997e-17 4.965072668503453e-18
58040 6.666680000166534e-07 3.651491019607731e-07
58050 3.333340000222045e-07 2.9814299327980087e-07
58060 6.666680000111022e-07 3.651491019628001e-07
58070 6.666680000166534e-07 3.6514910196077315e-07
58080 1.0000020000055513e-06 3.6514910196381357e-07
58090 3.333340000055511e-07 2.9814299328352464e-07
58100 1.3333360000000002e-06 2.9814299328476596e-07
58110 6.666680000055511e-07 3.6514910196482715e-07
58120 6.666680000111022e-07 3.651491019628001e-07
58130 1.3333360000000002e-06 2.9814299328476596e-07
58140 1.3333360000055512e-06 2.9814299327980087e-07
58150 6.666680000055511e-07 3.6514910196482715e-07
58160 6.666680000055511e-07 3.6514910196482715e-07
58170 1.000002e-06 3.651491019668541e-07
58180 6.666680000166534e-07 3.6514910196077315e-07
58190 3.3333400001110226e-07 2.981429932822834e-07
58200 1.0000020000111023e-06 3.651491019607731e-07
58210 6.666680000000001e-07 3.651491019668541e-07
58220 6.666680000111022e-07 3.651491019628001e-07
58230 1.0000020000055513e-06 3.6514910196381357e-07
58240 1.0000020000111023e-06 3.6514910196077315e-07
58250 1.66667e-06 0.0
58260 1.3333360000000002e-06 2.9814299328476596e-07
58270 1.3333360000055512e-06 2.9814299327980087e-07
58280 1.3333360000055512e-06 2.9814299327980087e-07
58290 1.66667e-06 0.0
58300 1.3333360000055512e-06 2.9814299327980087e-07
58310 6.666680000111022e-07 3.651491019628001e-07
58320 6.666680000111022e-07 3.651491019628001e-07
58330 1.0000020000111023e-06 3.6514910196077315e-07
58340 6.666680000055511e-07 3.6514910196482715e-07
58350 1.0000020000055513e-06 3.6514910196381357e-07
58360 1.0000020000111023e-06 3.651491019607731e-07
58370 3.3333400001665334e-07 2.9814299328104214e-07
58380 1.0000020000111023e-06 3.651491019607731e-07
58390 6.666680000111022e-07 3.651491019628001e-07
58400 1.665336e-17 6.0809472868361544e-18
58410 1.66667e-06 0.0
58420 1.0000020000055513e-06 3.6514910196381357e-07
58430 1.0000020000055513e-06 3.6514910196381357e-07
58440 1.000002e-06 3.651491019668541e-07
58450 6.666680000055511e-07 3.6514910196482715e-07
58460 6.666680000111022e-07 3.651491019628001e-07
58470 1.0000020000055513e-06 3.6514910196381357e-07
58480 3.3333400001665334e-07 2.981429932810421e-07
58490 1.0000020000055513e-06 3.6514910196381357e-07
58500 3.3333400001110226e-07 2.981429932822834e-07
58510 1.0000020000055513e-06 3.6514910196381357e-07
58520 1.0000020000055513e-06 3.6514910196381357e-07
58530 1.66667e-06 0.0
58540 1.0000020000055513e-06 3.6514910196381357e-07
58550 1.0000020000055513e-06 3.6514910196381357e-07
58560 1.0000020000111023e-06 3.651491019607731e-07
58570 1.3333360000000002e-06 2.9814299328476596e-07
58580 6.666680000000001e-07 3.651491019668541e-07
58590 1.3333360000000002e-06 2.9814299328476596e-07
58600 6.666680000166534e-07 3.651491019607731e-07
58610 1.000002e-06 3.651491019668541e-07
58620 1.000002e-06 3.651491019668541e-07
58630 6.666680000166534e-07 3.651491019607731e-07
58640 6.666680000111022e-07 3.651491019628001e-07
58650 1.3333360000055512e-06 2.9814299327980087e-07
58660 1.000002e-06 3.651491019668541e-07
58670 1.665336e-17 6.0809472868361544e-18
58680 1.3333360000000002e-06 2.9814299328476596e-07
58690 1.66667e-06 0.0
58700 1.3333360000000002e-06 2.9814299328476596e-07
58710 1.0000020000055513e-06 3.6514910196381357e-07
58720 1.66667e-06 0.0
58730 6.666680000111022e-07 3.651491019628001e-07
58740 3.3333400001665334e-07 2.9814299328104214e-07
58750 3.3333400001110226e-07 2.981429932822834e-07
58760 1.000002e-06 3.651491019668541e-07
58770 3.3333400001665334e-07 2.981429932810421e-07
58780 6.666680000055511e-07 3.6514910196482715e-07
58790 1.3333360000055512e-06 2.9814299327980087e-07
58800 1.66667e-06 0.0
58810 1.0000020000055513e-06 3.6514910196381357e-07
58820 1.000002e-06 3.651491019668541e-07
58830 1.0000020000055513e-06 3.6514910196381357e-07
58840 6.666680000111022e-07 3.651491019628001e-07
58850 1.0000020000055513e-06 3.6514910196381357e-07
58860 1.3333360000055512e-06 2.9814299327980087e-07
58870 1.3333360000000002e-06 2.9814299328476596e-07
58880 1.66667e-06 0.0
58890 1.0000020000055513e-06 3.6514910196381357e-07
58900 1.0000020000111023e-06 3.651491019607731e-07
58910 6.666680000111022e-07 3.651491019628001e-07
58920 6.666680000111022e-07 3.651491019628001e-07
58930 1.3333360000055512e-06 2.9814299327980087e-07
58940 1.3333360000055512e-06 2.9814299327980087e-07
58950 1.0000020000055513e-06 3.6514910196381357e-07
58960 5.551119999999999e-18 4.965072668503452e-18
58970 1.0000020000111023e-06 3.651491019607731e-07
58980 1.3333360000055512e-06 2.9814299327980087e-07
58990 1.0000020000055513e-06 3.6514910196381357e-07
59000 6.666680000055511e-07 3.6514910196482715e-07
59010 6.666680000111022e-07 3.651491019628001e-07
59020 1.0000020000055513e-06 3.6514910196381357e-07
59030 6.666680000111022e-07 3.651491019628001e-07
59040 6.666680000055511e-07 3.6514910196482715e-07
59050 3.3333400001110226e-07 2.981429932822834e-07
59060 1.3333360000055512e-06 2.9814299327980087e-07
59070 6.666680000055511e-07 3.6514910196482715e-07
59080 1.3333360000055512e-06 2.9814299327980087e-07
59090 1.3333360000000002e-06 2.9814299328476596e-07
59100 5.551119999999999e-18 4.965072668503453e-18
59110 1.000002e-06 3.651491019668541e-07
59120 1.000002e-06 3.651491019668541e-07
59130 6.666680000055511e-07 3.6514910196482715e-07
59140 6.666680000111022e-07 3.651491019628001e-07
59150 6.666680000055511e-07 3.6514910196482715e-07
59160 6.666680000055511e-07 3.6514910196482715e-07
59170 6.666680000166534e-07 3.651491019607731e-07
59180 3.333340000055511e-07 2.9814299328352464e-07
59190 6.666680000055511e-07 3.6514910196482715e-07
59200 3.3333400001665334e-07 2.981429932810421e-07
59210 6.666680000055511e-07 3.6514910196482715e-07
59220 6.666680000055511e-07 3.6514910196482715e-07
59230 1.000002e-06 3.651491019668541e-07
59240 1.000002e-06 3.651491019668541e-07
59250 1.0000020000111023e-06 3.651491019607731e-07
59260 1.3333360000000002e-06 2.9814299328476596e-07
59270 3.3333400001110226e-07 2.981429932822834e-07
59280 1.0000020000055513e-06 3.6514910196381357e-07
59290 1.3333360000055512e-06 2.9814299327980087e-07
59300 3.3333400001110226e-07 2.981429932822834e-07
59310 1.0000020000111023e-06 3.651491019607731e-07
59320 3.3333400001665334e-07 2.9814299328104214e-07
59330 3.3333400001110226e-07 2.981429932822834e-07
59340 1.3333360000055512e-06 2.9814299327980087e-07
59350 1.0000020000055513e-06 3.6514910196381357e-07
59360 1.000002e-06 3.651491019668541e-07
59370 6.666680000111022e-07 3.651491019628001e-07
59380 1.0000020000055513e-06 3.6514910196381357e-07
59390 1.0000020000055513e-06 3.6514910196381357e-07
59400 6.666680000111022e-07 3.651491019628001e-07
59410 1.3333360000055512e-06 2.9814299327980087e-07
59420 1.000002e-06 3.651491019668541e-07
59430 6.666680000055511e-07 3.6514910196482715e-07
59440 6.666680000111022e-07 3.651491019628001e-07
59450 1.0000020000055513e-06 3.6514910196381357e-07
59460 1.000002e-06 3.651491019668541e-07
59470 6.666680000055511e-07 3.6514910196482715e-07
59480 1.66667e-06 0.0
59490 1.0000020000055513e-06 3.6514910196381357e-07
59500 1.66667e-06 0.0
59510 6.666680000055511e-07 3.6514910196482715e-07
59520 1.000002e-06 3.651491019668541e-07
59530 1.3333360000055512e-06 2.9814299327980087e-07
59540 1.3333360000055512e-06 2.9814299327980087e-07
59550 1.3333360000000002e-06 2.9814299328476596e-07
59560 3.3333400001110226e-07 2.981429932822834e-07
59570 6.666680000111022e-07 3.651491019628001e-07
59580 6.666680000111022e-07 3.651491019628001e-07
59590 1.0000020000111023e-06 3.651491019607731e-07
59600 1.66667e-06 0.0
59610 6.666680000055511e-07 3.6514910196482715e-07
59620 1.000002e-06 3.651491019668541e-07
59630 3.3333400000000004e-07 2.9814299328476596e-07
59640 1.000002e-06 3.651491019668541e-07
59650 3.333340000222045e-07 2.9814299327980087e-07
59660 1.0000020000055513e-06 3.6514910196381357e-07
59670 1.0000020000111023e-06 3.651491019607731e-07
59680 1.0000020000055513e-06 3.6514910196381357e-07
59690 6.666680000055511e-07 3.6514910196482715e-07
59700 6.666680000111022e-07 3.651491019628001e-07
59710 1.3333360000000002e-06 2.9814299328476596e-07
59720 3.333340000222045e-07 2.9814299327980087e-07
59730 6.666680000055511e-07 3.6514910196482715e-07
59740 1.0000020000055513e-06 3.6514910196381357e-07
59750 6.666680000111022e-07 3.651491019628001e-07
59760 6.666680000055511e-07 3.6514910196482715e-07
59770 1.0000020000055513e-06 3.6514910196381357e-07
59780 1.0000020000055513e-06 3.6514910196381357e-07
59790 6.666680000055511e-07 3.6514910196482715e-07
59800 6.666680000111022e-07 3.651491019628001e-07
59810 6.666680000166534e-07 3.651491019607731e-07
59820 1.0000020000055513e-06 3.6514910196381357e-07
59830 1.000002e-06 3.651491019668541e-07
59840 1.0000020000055513e-06 3.6514910196381357e-07
59850 6.666680000166534e-07 3.651491019607731e-07
59860 1.0000020000111023e-06 3.6514910196077315e-07
59870 1.66667e-06 0.0
59880 1.66667e-06 0.0
59890 6.666680000111022e-07 3.651491019628001e-07
59900 6.666680000055511e-07 3.6514910196482715e-07
59910 6.666680000000001e-07 3.651491019668541e-07
59920 6.666680000055511e-07 3.6514910196482715e-07
59930 6.666680000111022e-07 3.651491019628001e-07
59940 6.666680000055511e-07 3.6514910196482715e-07
59950 1.0000020000055513e-06 3.6514910196381357e-07
59960 1.000002e-06 3.651491019668541e-07
59970 6.666680000166534e-07 3.651491019607731e-07
59980 1.3333360000000002e-06 2.9814299328476596e-07
59990 3.333340000055511e-07 2.981429932835247e-07
60000 1.0000020000055513e-06 3.6514910196381357e-07
60010 1.3333360000000002e-06 2.9814299328476596e-07
60020 1.3333360000055512e-06 2.9814299327980087e-07
60030 6.666680000055511e-07 3.6514910196482715e-07
60040 6.666680000055511e-07 3.6514910196482715e-07
60050 1.0000020000111023e-06 3.651491019607731e-07
60060 1.0000020000111023e-06 3.651491019607731e-07
60070 1.000002e-06 3.651491019668541e-07
60080 1.0000020000055513e-06 3.6514910196381357e-07
60090 3.3333400001110226e-07 2.981429932822834e-07
60100 1.0000020000055513e-06 3.6514910196381357e-07
60110 1.665336e-17 6.080947286836155e-18
60120 6.666680000111022e-07 3.651491019628001e-07
60130 1.0000020000111023e-06 3.651491019607731e-07
60140 1.0000020000055513e-06 3.6514910196381357e-07
60150 1.3333360000055512e-06 2.9814299327980087e-07
60160 1.3333360000000002e-06 2.9814299328476596e-07
60170 1.0000020000055513e-06 3.6514910196381357e-07
60180 3.333340000055511e-07 2.981429932835247e-07
60190 6.666680000111022e-07 3.651491019628001e-07
60200 6.666680000111022e-07 3.651491019628001e-07
60210 1.0000020000055513e-06 3.6514910196381357e-07
60220 1.0000020000055513e-06 3.6514910196381357e-07
60230 6.666680000055511e-07 3.6514910196482715e-07
60240 3.333340000055511e-07 2.9814299328352464e-07
60250 6.666680000111022e-07 3.651491019628001e-07
60260 1.000002e-06 3.651491019668541e-07
60270 3.333340000055511e-07 2.981429932835247e-07
60280 3.3333400001665334e-07 2.981429932810421e-07
60290 6.666680000166534e-07 3.6514910196077315e-07
60300 6.666680000111022e-07 3.651491019628001e-07
60310 3.333340000222045e-07 2.9814299327980087e-07
60320 6.666680000000001e-07 3.651491019668541e-07
60330 1.0000020000111023e-06 3.6514910196077315e-07
60340 1.3333360000055512e-06 2.9814299327980087e-07
60350 1.3333360000000002e-06 2.9814299328476596e-07
60360 1.3333360000055512e-06 2.9814299327980087e-07
60370 1.0000020000111023e-06 3.651491019607731e-07
60380 6.666680000111022e-07 3.651491019628001e-07
60390 1.3333360000055512e-06 2.9814299327980087e-07
60400 6.666680000055511e-07 3.6514910196482715e-07
60410 3.3333400001110226e-07 2.981429932822834e-07
60420 1.3333360000055512e-06 2.9814299327980087e-07
60430 6.666680000166534e-07 3.651491019607731e-07
60440 1.66667e-06 0.0
60450 1.3333360000000002e-06 2.9814299328476596e-07
60460 6.666680000055511e-07 3.6514910196482715e-07
60470 1.3333360000000002e-06 2.9814299328476596e-07
60480 6.666680000166534e-07 3.651491019607731e-07
60490 3.3333400001665334e-07 2.981429932810421e-07
60500 6.666680000111022e-07 3.651491019628001e-07
60510 1.0000020000055513e-06 3.6514910196381357e-07
60520 6.666680000055511e-07 3.6514910196482715e-07
60530 1.0000020000111023e-06 3.651491019607731e-07
60540 6.666680000111022e-07 3.651491019628001e-07
60550 1.0000020000055513e-06 3.6514910196381357e-07
60560 3.3333400001110226e-07 2.981429932822834e-07
60570 6.666680000166534e-07 3.651491019607731e-07
60580 6.666680000055511e-07 3.6514910196482715e-07
60590 6.666680000111022e-07 3.651491019628001e-07
60600 1.0000020000055513e-06 3.6514910196381357e-07
60610 6.666680000111022e-07 3.651491019628001e-07
60620 6.666680000000001e-07 3.651491019668541e-07
60630 1.0000020000055513e-06 3.6514910196381357e-07
60640 6.666680000055511e-07 3.6514910196482715e-07
60650 1.0000020000055513e-06 3.6514910196381357e-07
60660 1.0000020000111023e-06 3.651491019607731e-07
60670 1.66667e-06 0.0
60680 6.666680000055511e-07 3.6514910196482715e-07
60690 6.666680000000001e-07 3.651491019668541e-07
60700 1.000002e-06 3.651491019668541e-07
60710 1.3333360000000002e-06 2.9814299328476596e-07
60720 6.666680000111022e-07 3.651491019628001e-07
60730 1.0000020000111023e-06 3.6514910196077315e-07
60740 1.0000020000111023e-06 3.651491019607731e-07
60750 1.0000020000111023e-06 3.651491019607731e-07
60760 6.666680000166534e-07 3.651491019607731e-07
60770 6.666680000055511e-07 3.6514910196482715e-07
60780 1.000002e-06 3.651491019668541e-07
60790 3.3333400001110226e-07 2.981429932822834e-07
60800 1.0000020000055513e-06 3.6514910196381357e-07
60810 6.666680000000001e-07 3.651491019668541e-07
60820 1.3333360000055512e-06 2.9814299327980087e-07
60830 1.66667e-06 0.0
60840 3.3333400001665334e-07 2.981429932810421e-07
60850 1.66667e-06 0.0
60860 3.3333400001665334e-07 2.981429932810421e-07
60870 1.3333360000055512e-06 2.9814299327980087e-07
60880 6.666680000055511e-07 3.6514910196482715e-07
60890 1.0000020000055513e-06 3.6514910196381357e-07
60900 6.666680000111022e-07 3.651491019628001e-07
60910 1.3333360000000002e-06 2.9814299328476596e-07
60920 6.666680000111022e-07 3.651491019628001e-07
60930 6.666680000055511e-07 3.6514910196482715e-07
60940 6.666680000055511e-07 3.6514910196482715e-07
60950 1.3333360000055512e-06 2.9814299327980087e-07
60960 1.000002e-06 3.651491019668541e-07
60970 1.3333360000055512e-06 2.9814299327980087e-07
60980 1.0000020000055513e-06 3.6514910196381357e-07
60990 6.666680000111022e-07 3.651491019628001e-07
61000 1.3333360000000002e-06 2.9814299328476596e-07
61010 1.000002e-06 3.651491019668541e-07
61020 1.0000020000055513e-06 3.6514910196381357e-07
61030 1.665336e-17 6.0809472868361544e-18
61040 1.0000020000055513e-06 3.6514910196381357e-07
61050 1.0000020000055513e-06 3.6514910196381357e-07
61060 6.666680000111022e-07 3.651491019628001e-07
61070 6.666680000055511e-07 3.6514910196482715e-07
61080 1.000002e-06 3.651491019668541e-07
61090 1.3333360000055512e-06 2.9814299327980087e-07
61100 1.0000020000055513e-06 3.6514910196381357e-07
61110 6.666680000000001e-07 3.651491019668541e-07
61120 6.666680000055511e-07 3.6514910196482715e-07
61130 1.3333360000055512e-06 2.9814299327980087e-07
61140 1.3333360000055512e-06 2.9814299327980087e-07
61150 6.666680000111022e-07 3.651491019628001e-07
61160 6.666680000055511e-07 3.6514910196482715e-07
61170 6.666680000055511e-07 3.6514910196482715e-07
61180 1.0000020000055513e-06 3.6514910196381357e-07
61190 1.3333360000055512e-06 2.9814299327980087e-07
61200 1.3333360000055512e-06 2.9814299327980087e-07
61210 6.666680000055511e-07 3.6514910196482715e-07
61220 1.3333360000055512e-06 2.9814299327980087e-07
61230 6.666680000055511e-07 3.6514910196482715e-07
61240 1.3333360000055512e-06 2.9814299327980087e-07
61250 6.666680000055511e-07 3.6514910196482715e-07
61260 6.666680000111022e-07 3.651491019628001e-07
61270 1.0000020000111023e-06 3.651491019607731e-07
61280 6.666680000055511e-07 3.6514910196482715e-07
61290 1.3333360000000002e-06 2.9814299328476596e-07
61300 6.666680000055511e-07 3.6514910196482715e-07
61310 6.666680000166534e-07 3.651491019607731e-07
61320 6.666680000055511e-07 3.6514910196482715e-07
61330 3.333340000055511e-07 2.9814299328352464e-07
61340 6.666680000055511e-07 3.6514910196482715e-07
61350 1.1102239999999998e-17 6.0809472868361544e-18
61360 1.0000020000055513e-06 3.6514910196381357e-07
61370 6.666680000111022e-07 3.651491019628001e-07
61380 1.0000020000055513e-06 3.6514910196381357e-07
61390 1.0000020000111023e-06 3.651491019607731e-07
61400 1.0000020000055513e-06 3.6514910196381357e-07
61410 1.000002e-06 3.651491019668541e-07
61420 6.666680000166534e-07 3.6514910196077315e-07
61430 1.3333360000000002e-06 2.9814299328476596e-07
61440 6.666680000055511e-07 3.6514910196482715e-07
61450 6.666680000000001e-07 3.651491019668541e-07
61460 3.333340000055511e-07 2.981429932835247e-07
61470 6.666680000055511e-07 3.6514910196482715e-07
61480 3.3333400001110226e-07 2.981429932822834e-07
61490 1.000002e-06 3.651491019668541e-07
61500 6.666680000055511e-07 3.6514910196482715e-07
61510 6.666680000055511e-07 3.6514910196482715e-07
61520 1.0000020000055513e-06 3.6514910196381357e-07
61530 1.0000020000111023e-06 3.6514910196077315e-07
61540 6.666680000000001e-07 3.651491019668541e-07
61550 3.3333400001665334e-07 2.981429932810421e-07
61560 1.000002e-06 3.651491019668541e-07
61570 6.666680000166534e-07 3.651491019607731e-07
61580 1.3333360000000002e-06 2.9814299328476596e-07
61590 3.3333400001110226e-07 2.981429932822834e-07
61600 6.666680000111022e-07 3.651491019628001e-07
61610 1.66667e-06 0.0
61620 1.0000020000055513e-06 3.6514910196381357e-07
61630 1.0000020000055513e-06 3.6514910196381357e-07
61640 6.666680000111022e-07 3.651491019628001e-07
61650 1.0000020000111023e-06 3.651491019607731e-07
61660 1.0000020000055513e-06 3.6514910196381357e-07
61670 1.3333360000055512e-06 2.9814299327980087e-07
61680 1.3333360000055512e-06 2.9814299327980087e-07
61690 1.3333360000055512e-06 2.9814299327980087e-07
61700 6.666680000111022e-07 3.651491019628001e-07
61710 6.666680000111022e-07 3.651491019628001e-07
61720 6.666680000055511e-07 3.6514910196482715e-07
61730 3.333340000055511e-07 2.981429932835247e-07
61740 3.333340000055511e-07 2.981429932835247e-07
61750 1.0000020000055513e-06 3.6514910196381357e-07
61760 6.666680000000001e-07 3.651491019668541e-07
61770 1.3333360000055512e-06 2.9814299327980087e-07
61780 6.666680000111022e-07 3.651491019628001e-07
61790 1.3333360000000002e-06 2.9814299328476596e-07
61800 1.3333360000000002e-06 2.9814299328476596e-07
61810 1.3333360000055512e-06 2.9814299327980087e-07
61820 1.0000020000111023e-06 3.6514910196077315e-07
61830 1.66667e-06 0.0
61840 1.0000020000111023e-06 3.6514910196077315e-07
61850 1.0000020000055513e-06 3.6514910196381357e-07
61860 3.333340000222045e-07 2.9814299327980087e-07
61870 1.3333360000000002e-06 2.9814299328476596e-07
61880 6.666680000055511e-07 3.6514910196482715e-07
61890 1.3333360000055512e-06 2.9814299327980087e-07
61900 3.3333400000000004e-07 2.9814299328476596e-07
61910 1.0000020000111023e-06 3.651491019607731e-07
61920 3.3333400001110226e-07 2.981429932822834e-07
61930 1.3333360000055512e-06 2.9814299327980087e-07
61940 6.666680000166534e-07 3.6514910196077315e-07
61950 6.666680000111022e-07 3.651491019628001e-07
61960 3.3333400001665334e-07 2.981429932810421e-07
61970 1.66667e-06 0.0
61980 1.0000020000055513e-06 3.6514910196381357e-07
61990 1.3333360000055512e-06 2.9814299327980087e-07
62000 6.666680000055511e-07 3.6514910196482715e-07
62010 3.3333400001665334e-07 2.981429932810421e-07
62020 1.0000020000055513e-06 3.6514910196381357e-07
62030 6.666680000055511e-07 3.6514910196482715e-07
62040 6.666680000055511e-07 3.6514910196482715e-07
62050 1.0000020000055513e-06 3.6514910196381357e-07
62060 6.666680000055511e-07 3.6514910196482715e-07
62070 1.000002e-06 3.651491019668541e-07
62080 6.666680000166534e-07 3.6514910196077315e-07
62090 1.0000020000111023e-06 3.651491019607731e-07
62100 1.66667e-06 0.0
62110 6.666680000166534e-07 3.6514910196077315e-07
62120 1.000002e-06 3.651491019668541e-07
62130 6.666680000166534e-07 3.6514910196077315e-07
62140 1.66667e-06 0.0
62150 1.3333360000000002e-06 2.9814299328476596e-07
62160 6.666680000055511e-07 3.6514910196482715e-07
62170 1.66667e-06 0.0
62180 1.000002e-06 3.651491019668541e-07
62190 6.666680000111022e-07 3.651491019628001e-07
62200 6.666680000166534e-07 3.651491019607731e-07
62210 1.3333360000000002e-06 2.9814299328476596e-07
62220 1.000002e-06 3.651491019668541e-07
62230 1.0000020000055513e-06 3.6514910196381357e-07
62240 1.3333360000055512e-06 2.9814299327980087e-07
62250 1.3333360000055512e-06 2.9814299327980087e-07
62260 1.0000020000055513e-06 3.6514910196381357e-07
62270 1.0000020000111023e-06 3.651491019607731e-07
62280 1.3333360000000002e-06 2.9814299328476596e-07
62290 6.666680000000001e-07 3.651491019668541e-07
62300 6.666680000111022e-07 3.651491019628001e-07
62310 1.3333360000000002e-06 2.9814299328476596e-07
62320 1.3333360000055512e-06 2.9814299327980087e-07
62330 1.3333360000000002e-06 2.9814299328476596e-07
62340 1.3333360000055512e-06 2.9814299327980087e-07
62350 1.0000020000111023e-06 3.651491019607731e-07
62360 1.0000020000055513e-06 3.6514910196381357e-07
62370 1.3333360000000002e-06 2.9814299328476596e-07
62380 1.66667e-06 0.0
62390 3.333340000055511e-07 2.9814299328352464e-07
62400 6.666680000111022e-07 3.651491019628001e-07
62410 1.3333360000055512e-06 2.9814299327980087e-07
62420 1.3333360000055512e-06 2.9814299327980087e-07
62430 1.000002e-06 3.651491019668541e-07
62440 1.3333360000000002e-06 2.9814299328476596e-07
62450 3.3333400001665334e-07 2.9814299328104214e-07
62460 6.666680000000001e-07 3.651491019668541e-07
62470 1.1102239999999998e-17 6.0809472868361544e-18
62480 1.0000020000055513e-06 3.6514910196381357e-07
62490 3.3333400001665334e-07 2.9814299328104214e-07
62500 6.666680000000001e-07 3.651491019668541e-07
62510 1.0000020000055513e-06 3.6514910196381357e-07
62520 6.666680000111022e-07 3.651491019628001e-07
62530 1.0000020000055513e-06 3.6514910196381357e-07
62540 1.000002e-06 3.651491019668541e-07
62550 6.666680000111022e-07 3.651491019628001e-07
62560 1.0000020000111023e-06 3.651491019607731e-07
62570 1.3333360000000002e-06 2.9814299328476596e-07
62580 1.0000020000055513e-06 3.6514910196381357e-07
62590 3.333340000222045e-07 2.9814299327980087e-07
62600 3.3333400001110226e-07 2.981429932822834e-07
62610 6.666680000111022e-07 3.651491019628001e-07
62620 5.551119999999999e-18 4.965072668503453e-18
62630 1.0000020000055513e-06 3.6514910196381357e-07
62640 1.0000020000055513e-06 3.6514910196381357e-07
62650 3.3333400001110226e-07 2.981429932822834e-07
62660 1.0000020000111023e-06 3.651491019607731e-07
62670 1.000002e-06 3.651491019668541e-07
62680 6.666680000055511e-07 3.6514910196482715e-07
62690 6.666680000111022e-07 3.651491019628001e-07
62700 6.666680000166534e-07 3.651491019607731e-07
62710 6.666680000055511e-07 3.6514910196482715e-07
62720 6.666680000111022e-07 3.651491019628001e-07
62730 1.000002e-06 3.651491019668541e-07
62740 1.0000020000055513e-06 3.6514910196381357e-07
62750 1.000002e-06 3.651491019668541e-07
62760 6.666680000000001e-07 3.651491019668541e-07
62770 1.0000020000055513e-06 3.6514910196381357e-07
62780 1.0000020000111023e-06 3.651491019607731e-07
62790 1.000002e-06 3.651491019668541e-07
62800 6.666680000111022e-07 3.651491019628001e-07
62810 1.0000020000111023e-06 3.651491019607731e-07
62820 1.0000020000111023e-06 3.6514910196077315e-07
62830 6.666680000111022e-07 3.651491019628001e-07
62840 1.0000020000055513e-06 3.6514910196381357e-07
62850 1.0000020000055513e-06 3.6514910196381357e-07
62860 6.666680000111022e-07 3.651491019628001e-07
62870 6.666680000111022e-07 3.651491019628001e-07
62880 1.000002e-06 3.651491019668541e-07
62890 1.0000020000055513e-06 3.6514910196381357e-07
62900 6.666680000055511e-07 3.6514910196482715e-07
62910 6.666680000111022e-07 3.651491019628001e-07
62920 1.0000020000111023e-06 3.651491019607731e-07
62930 1.0000020000055513e-06 3.6514910196381357e-07
62940 6.666680000055511e-07 3.6514910196482715e-07
62950 6.666680000055511e-07 3.6514910196482715e-07
62960 6.666680000055511e-07 3.6514910196482715e-07
62970 1.665336e-17 6.0809472868361544e-18
62980 6.666680000111022e-07 3.651491019628001e-07
62990 3.3333400001110226e-07 2.981429932822834e-07
63000 6.666680000111022e-07 3.651491019628001e-07
63010 3.333340000222045e-07 2.9814299327980087e-07
63020 1.665336e-17 6.0809472868361544e-18
63030 3.3333400001110226e-07 2.981429932822834e-07
63040 1.000002e-06 3.651491019668541e-07
63050 1.66667e-06 0.0
63060 1.0000020000111023e-06 3.651491019607731e-07
63070 1.3333360000055512e-06 2.9814299327980087e-07
63080 6.666680000055511e-07 3.6514910196482715e-07
63090 1.0000020000055513e-06 3.6514910196381357e-07
63100 1.0000020000055513e-06 3.6514910196381357e-07
63110 1.0000020000055513e-06 3.6514910196381357e-07
63120 1.0000020000055513e-06 3.6514910196381357e-07
63130 1.3333360000055512e-06 2.9814299327980087e-07
63140 6.666680000111022e-07 3.651491019628001e-07
63150 1.0000020000111023e-06 3.651491019607731e-07
63160 6.666680000111022e-07 3.651491019628001e-07
63170 1.3333360000055512e-06 2.9814299327980087e-07
63180 1.0000020000111023e-06 3.6514910196077315e-07
63190 3.3333400001665334e-07 2.9814299328104214e-07
63200 1.0000020000111023e-06 3.651491019607731e-07
63210 3.3333400001110226e-07 2.981429932822834e-07
63220 6.666680000111022e-07 3.651491019628001e-07
63230 1.3333360000000002e-06 2.9814299328476596e-07
63240 6.666680000055511e-07 3.6514910196482715e-07
63250 1.000002e-06 3.651491019668541e-07
63260 6.666680000055511e-07 3.6514910196482715e-07
63270 3.3333400001110226e-07 2.981429932822834e-07
63280 3.3333400000000004e-07 2.9814299328476596e-07
63290 1.000002e-06 3.651491019668541e-07
63300 1.3333360000055512e-06 2.9814299327980087e-07
63310 6.666680000166534e-07 3.651491019607731e-07
63320 1.0000020000111023e-06 3.6514910196077315e-07
63330 1.3333360000055512e-06 2.9814299327980087e-07
63340 6.666680000055511e-07 3.6514910196482715e-07
63350 6.666680000111022e-07 3.651491019628001e-07
63360 6.666680000111022e-07 3.651491019628001e-07
63370 6.666680000055511e-07 3.6514910196482715e-07
63380 1.3333360000000002e-06 2.9814299328476596e-07
63390 1.0000020000111023e-06 3.651491019607731e-07
63400 1.000002e-06 3.651491019668541e-07
63410 1.3333360000000002e-06 2.9814299328476596e-07
63420 6.666680000111022e-07 3.651491019628001e-07
63430 1.0000020000055513e-06 3.6514910196381357e-07
63440 1.0000020000055513e-06 3.6514910196381357e-07
63450 1.000002e-06 3.651491019668541e-07
63460 1.3333360000055512e-06 2.9814299327980087e-07
63470 6.666680000055511e-07 3.6514910196482715e-07
63480 1.3333360000055512e-06 2.9814299327980087e-07
63490 1.3333360000000002e-06 2.9814299328476596e-07
63500 1.3333360000055512e-06 2.9814299327980087e-07
63510 6.666680000111022e-07 3.651491019628001e-07
63520 1.0000020000111023e-06 3.651491019607731e-07
63530 1.0000020000055513e-06 3.6514910196381357e-07
63540 6.666680000055511e-07 3.6514910196482715e-07
63550 6.666680000055511e-07 3.6514910196482715e-07
63560 3.3333400001110226e-07 2.981429932822834e-07
63570 6.666680000000001e-07 3.651491019668541e-07
63580 3.3333400001110226e-07 2.981429932822834e-07
63590 1.0000020000055513e-06 3.6514910196381357e-07
63600 1.3333360000000002e-06 2.9814299328476596e-07
63610 6.666680000000001e-07 3.651491019668541e-07
63620 6.666680000055511e-07 3.6514910196482715e-07
63630 6.666680000055511e-07 3.6514910196482715e-07
63640 1.0000020000055513e-06 3.6514910196381357e-07
63650 1.3333360000055512e-06 2.9814299327980087e-07
63660 6.666680000055511e-07 3.6514910196482715e-07
63670 1.0000020000055513e-06 3.6514910196381357e-07
63680 6.666680000111022e-07 3.651491019628001e-07
63690 6.666680000111022e-07 3.651491019628001e-07
63700 3.333340000055511e-07 2.981429932835247e-07
63710 1.000002e-06 3.651491019668541e-07
63720 1.3333360000000002e-06 2.9814299328476596e-07
63730 6.666680000000001e-07 3.651491019668541e-07
63740 3.3333400001665334e-07 2.9814299328104214e-07
63750 6.666680000000001e-07 3.651491019668541e-07
63760 6.666680000111022e-07 3.651491019628001e-07
63770 6.666680000166534e-07 3.6514910196077315e-07
63780 1.000002e-06 3.651491019668541e-07
63790 1.000002e-06 3.651491019668541e-07
63800 6.666680000055511e-07 3.6514910196482715e-07
63810 3.3333400001110226e-07 2.981429932822834e-07
63820 1.000002e-06 3.651491019668541e-07
63830 1.3333360000000002e-06 2.9814299328476596e-07
63840 1.0000020000055513e-06 3.6514910196381357e-07
63850 1.1102239999999998e-17 6.0809472868361544e-18
63860 1.3333360000000002e-06 2.9814299328476596e-07
63870 1.3333360000055512e-06 2.9814299327980087e-07
63880 1.3333360000000002e-06 2.9814299328476596e-07
63890 1.0000020000055513e-06 3.6514910196381357e-07
63900 1.000002e-06 3.651491019668541e-07
63910 6.666680000055511e-07 3.6514910196482715e-07
63920 1.3333360000000002e-06 2.9814299328476596e-07
63930 1.0000020000055513e-06 3.6514910196381357e-07
63940 6.666680000111022e-07 3.651491019628001e-07
63950 1.000002e-06 3.651491019668541e-07
63960 1.3333360000000002e-06 2.9814299328476596e-07
63970 1.000002e-06 3.651491019668541e-07
63980 1.0000020000111023e-06 3.651491019607731e-07
63990 1.0000020000055513e-06 3.6514910196381357e-07
64000 1.0000020000055513e-06 3.6514910196381357e-07
64010 1.0000020000055513e-06 3.6514910196381357e-07
64020 1.3333360000055512e-06 2.9814299327980087e-07
64030 1.3333360000000002e-06 2.9814299328476596e-07
64040 1.0000020000055513e-06 3.6514910196381357e-07
64050 1.0000020000111023e-06 3.651491019607731e-07
64060 1.0000020000055513e-06 3.6514910196381357e-07
64070 3.333340000055511e-07 2.9814299328352464e-07
64080 1.0000020000055513e-06 3.6514910196381357e-07
64090 1.3333360000000002e-06 2.9814299328476596e-07
64100 1.66667e-06 0.0
64110 1.665336e-17 6.0809472868361544e-18
64120 1.66667e-06 0.0
64130 3.333340000222045e-07 2.9814299327980087e-07
64140 6.666680000166534e-07 3.6514910196077315e-07
64150 1.0000020000111023e-06 3.651491019607731e-07
64160 3.3333400001665334e-07 2.9814299328104214e-07
64170 1.0000020000111023e-06 3.651491019607731e-07
64180 6.666680000111022e-07 3.651491019628001e-07
64190 1.0000020000055513e-06 3.6514910196381357e-07
64200 1.3333360000055512e-06 2.9814299327980087e-07
64210 6.666680000055511e-07 3.6514910196482715e-07
64220 3.333340000055511e-07 2.9814299328352464e-07
64230 1.000002e-06 3.651491019668541e-07
64240 1.000002e-06 3.651491019668541e-07
64250 1.3333360000000002e-06 2.9814299328476596e-07
64260 1.66667e-06 0.0
64270 1.0000020000055513e-06 3.6514910196381357e-07
64280 1.3333360000000002e-06 2.9814299328476596e-07
64290 3.333340000055511e-07 2.9814299328352464e-07
64300 1.3333360000055512e-06 2.9814299327980087e-07
64310 1.3333360000000002e-06 2.9814299328476596e-07
64320 3.3333400001110226e-07 2.981429932822834e-07
64330 6.666680000055511e-07 3.6514910196482715e-07
64340 1.000002e-06 3.651491019668541e-07
64350 1.000002e-06 3.651491019668541e-07
64360 1.0000020000055513e-06 3.6514910196381357e-07
64370 1.000002e-06 3.651491019668541e-07
64380 1.3333360000000002e-06 2.9814299328476596e-07
64390 1.66667e-06 0.0
64400 6.666680000000001e-07 3.651491019668541e-07
64410 1.000002e-06 3.651491019668541e-07
64420 6.666680000111022e-07 3.651491019628001e-07
64430 3.3333400001110226e-07 2.981429932822834e-07
64440 1.0000020000111023e-06 3.651491019607731e-07
64450 6.666680000166534e-07 3.651491019607731e-07
64460 1.3333360000000002e-06 2.9814299328476596e-07
64470 1.3333360000055512e-06 2.9814299327980087e-07
64480 1.000002e-06 3.651491019668541e-07
64490 3.3333400000000004e-07 2.9814299328476596e-07
64500 6.666680000111022e-07 3.651491019628001e-07
64510 6.666680000111022e-07 3.651491019628001e-07
64520 1.3333360000055512e-06 2.9814299327980087e-07
64530 1.000002e-06 3.651491019668541e-07
64540 3.333340000055511e-07 2.981429932835247e-07
64550 1.3333360000000002e-06 2.9814299328476596e-07
64560 6.666680000111022e-07 3.651491019628001e-07
64570 1.0000020000055513e-06 3.6514910196381357e-07
64580 1.0000020000111023e-06 3.651491019607731e-07
64590 1.0000020000111023e-06 3.6514910196077315e-07
64600 1.0000020000055513e-06 3.6514910196381357e-07
64610 6.666680000166534e-07 3.651491019607731e-07
64620 1.3333360000000002e-06 2.9814299328476596e-07
64630 3.3333400001110226e-07 2.981429932822834e-07
64640 6.666680000111022e-07 3.651491019628001e-07
64650 1.000002e-06 3.651491019668541e-07
64660 1.0000020000111023e-06 3.651491019607731e-07
64670 6.666680000055511e-07 3.6514910196482715e-07
64680 3.3333400001110226e-07 2.981429932822834e-07
64690 3.3333400001110226e-07 2.981429932822834e-07
64700 1.000002e-06 3.651491019668541e-07
64710 1.0000020000055513e-06 3.6514910196381357e-07
64720 6.666680000055511e-07 3.6514910196482715e-07
64730 6.666680000000001e-07 3.651491019668541e-07
64740 3.3333400000000004e-07 2.9814299328476596e-07
64750 6.666680000166534e-07 3.651491019607731e-07
64760 6.666680000055511e-07 3.6514910196482715e-07
64770 1.0000020000055513e-06 3.6514910196381357e-07
64780 1.3333360000055512e-06 2.9814299327980087e-07
64790 1.0000020000111023e-06 3.651491019607731e-07
64800 1.3333360000055512e-06 2.9814299327980087e-07
64810 6.666680000111022e-07 3.651491019628001e-07
64820 6.666680000111022e-07 3.651491019628001e-07
64830 3.3333400001110226e-07 2.981429932822834e-07
64840 1.3333360000055512e-06 2.9814299327980087e-07
64850 1.0000020000111023e-06 3.6514910196077315e-07
64860 1.0000020000111023e-06 3.6514910196077315e-07
64870 1.0000020000055513e-06 3.6514910196381357e-07
64880 6.666680000111022e-07 3.651491019628001e-07
64890 1.0000020000055513e-06 3.6514910196381357e-07
64900 6.666680000111022e-07 3.651491019628001e-07
64910 1.3333360000055512e-06 2.9814299327980087e-07
64920 1.0000020000055513e-06 3.6514910196381357e-07
64930 1.0000020000055513e-06 3.6514910196381357e-07
64940 1.3333360000055512e-06 2.9814299327980087e-07
64950 1.0000020000055513e-06 3.6514910196381357e-07
64960 1.3333360000055512e-06 2.9814299327980087e-07
64970 6.666680000111022e-07 3.651491019628001e-07
64980 1.0000020000111023e-06 3.651491019607731e-07
64990 3.333340000055511e-07 2.9814299328352464e-07
65000 1.3333360000000002e-06 2.9814299328476596e-07
65010 1.3333360000055512e-06 2.9814299327980087e-07
65020 1.000002e-06 3.651491019668541e-07
65030 6.666680000000001e-07 3.651491019668541e-07
65040 3.3333400001665334e-07 2.981429932810421e-07
65050 3.3333400001665334e-07 2.981429932810421e-07
65060 3.3333400001665334e-07 2.9814299328104214e-07
65070 6.666680000111022e-07 3.651491019628001e-07
65080 1.0000020000055513e-06 3.6514910196381357e-07
65090 1.0000020000055513e-06 3.6514910196381357e-07
65100 1.0000020000055513e-06 3.6514910196381357e-07
65110 1.3333360000055512e-06 2.9814299327980087e-07
65120 1.0000020000055513e-06 3.6514910196381357e-07
65130 1.0000020000111023e-06 3.651491019607731e-07
65140 6.666680000000001e-07 3.651491019668541e-07
65150 1.3333360000055512e-06 2.9814299327980087e-07
65160 3.3333400001110226e-07 2.981429932822834e-07
65170 6.666680000055511e-07 3.6514910196482715e-07
65180 6.666680000111022e-07 3.651491019628001e-07
65190 6.666680000055511e-07 3.6514910196482715e-07
65200 6.666680000166534e-07 3.651491019607731e-07
65210 3.3333400001110226e-07 2.981429932822834e-07
65220 1.0000020000111023e-06 3.651491019607731e-07
65230 1.0000020000111023e-06 3.651491019607731e-07
65240 6.666680000111022e-07 3.651491019628001e-07
65250 1.3333360000055512e-06 2.9814299327980087e-07
65260 6.666680000000001e-07 3.651491019668541e-07
65270 1.3333360000055512e-06 2.9814299327980087e-07
65280 1.3333360000000002e-06 2.9814299328476596e-07
65290 1.0000020000111023e-06 3.651491019607731e-07
65300 6.666680000111022e-07 3.651491019628001e-07
65310 1.0000020000111023e-06 3.651491019607731e-07
65320 1.0000020000111023e-06 3.651491019607731e-07
65330 3.3333400001665334e-07 2.9814299328104214e-07
65340 1.0000020000055513e-06 3.6514910196381357e-07
65350 1.0000020000111023e-06 3.651491019607731e-07
65360 1.000002e-06 3.651491019668541e-07
65370 1.000002e-06 3.651491019668541e-07
65380 1.0000020000055513e-06 3.6514910196381357e-07
65390 1.0000020000055513e-06 3.6514910196381357e-07
65400 6.666680000055511e-07 3.6514910196482715e-07
65410 1.0000020000055513e-06 3.6514910196381357e-07
65420 1.0000020000055513e-06 3.6514910196381357e-07
65430 6.666680000111022e-07 3.651491019628001e-07
65440 1.0000020000055513e-06 3.6514910196381357e-07
65450 6.666680000111022e-07 3.651491019628001e-07
65460 6.666680000055511e-07 3.6514910196482715e-07
65470 1.0000020000055513e-06 3.6514910196381357e-07
65480 6.666680000111022e-07 3.651491019628001e-07
65490 6.666680000111022e-07 3.651491019628001e-07
65500 1.0000020000055513e-06 3.6514910196381357e-07
65510 6.666680000111022e-07 3.651491019628001e-07
65520 1.66667e-06 0.0
65530 6.666680000111022e-07 3.651491019628001e-07
65540 1.66667e-06 0.0
65550 6.666680000111022e-07 3.651491019628001e-07
65560 1.3333360000055512e-06 2.9814299327980087e-07
65570 1.0000020000111023e-06 3.651491019607731e-07
65580 3.333340000222045e-07 2.9814299327980087e-07
65590 1.3333360000055512e-06 2.9814299327980087e-07
65600 1.0000020000055513e-06 3.6514910196381357e-07
65610 1.3333360000055512e-06 2.9814299327980087e-07
65620 6.666680000111022e-07 3.651491019628001e-07
65630 3.3333400001665334e-07 2.9814299328104214e-07
65640 1.0000020000055513e-06 3.6514910196381357e-07
65650 1.0000020000055513e-06 3.6514910196381357e-07
65660 1.66667e-06 0.0
65670 6.666680000055511e-07 3.6514910196482715e-07
65680 1.3333360000055512e-06 2.9814299327980087e-07
65690 1.1102239999999998e-17 6.080947286836155e-18
65700 5.551119999999999e-18 4.965072668503452e-18
65710 1.0000020000055513e-06 3.6514910196381357e-07
65720 1.0000020000055513e-06 3.6514910196381357e-07
65730 1.3333360000000002e-06 2.9814299328476596e-07
65740 1.0000020000111023e-06 3.6514910196077315e-07
65750 3.3333400001665334e-07 2.981429932810421e-07
65760 1.66667e-06 0.0
65770 1.0000020000111023e-06 3.651491019607731e-07
65780 1.3333360000055512e-06 2.9814299327980087e-07
65790 1.0000020000055513e-06 3.6514910196381357e-07
65800 1.3333360000055512e-06 2.9814299327980087e-07
65810 1.0000020000055513e-06 3.6514910196381357e-07
65820 1.0000020000055513e-06 3.6514910196381357e-07
65830 1.3333360000055512e-06 2.9814299327980087e-07
65840 1.0000020000111023e-06 3.6514910196077315e-07
65850 1.66667e-06 0.0
65860 1.0000020000111023e-06 3.6514910196077315e-07
65870 1.3333360000000002e-06 2.9814299328476596e-07
65880 1.66667e-06 0.0
65890 6.666680000055511e-07 3.6514910196482715e-07
65900 1.0000020000055513e-06 3.6514910196381357e-07
65910 3.3333400001665334e-07 2.981429932810421e-07
65920 1.0000020000111023e-06 3.6514910196077315e-07
65930 1.3333360000055512e-06 2.9814299327980087e-07
65940 1.0000020000111023e-06 3.651491019607731e-07
65950 6.666680000000001e-07 3.651491019668541e-07
65960 1.0000020000055513e-06 3.6514910196381357e-07
65970 1.0000020000111023e-06 3.651491019607731e-07
65980 1.0000020000055513e-06 3.6514910196381357e-07
65990 1.0000020000111023e-06 3.651491019607731e-07
66000 1.3333360000055512e-06 2.9814299327980087e-07
66010 1.000002e-06 3.651491019668541e-07
66020 2.2204479999999997e-17 4.965072668503452e-18
66030 1.000002e-06 3.651491019668541e-07
66040 1.000002e-06 3.651491019668541e-07
66050 1.3333360000055512e-06 2.9814299327980087e-07
66060 1.0000020000055513e-06 3.6514910196381357e-07
66070 6.666680000111022e-07 3.651491019628001e-07
66080 6.666680000166534e-07 3.651491019607731e-07
66090 3.3333400001665334e-07 2.9814299328104214e-07
66100 1.3333360000000002e-06 2.9814299328476596e-07
66110 1.3333360000000002e-06 2.9814299328476596e-07
66120 6.666680000055511e-07 3.6514910196482715e-07
66130 6.666680000055511e-07 3.6514910196482715e-07
66140 1.0000020000055513e-06 3.6514910196381357e-07
66150 1.0000020000055513e-06 3.6514910196381357e-07
66160 6.666680000055511e-07 3.6514910196482715e-07
66170 6.666680000055511e-07 3.6514910196482715e-07
66180 3.333340000222045e-07 2.9814299327980087e-07
66190 3.333340000222045e-07 2.9814299327980087e-07
66200 6.666680000055511e-07 3.6514910196482715e-07
66210 3.333340000055511e-07 2.9814299328352464e-07
66220 1.3333360000055512e-06 2.9814299327980087e-07
66230 1.000002e-06 3.651491019668541e-07
66240 1.3333360000055512e-06 2.9814299327980087e-07
66250 1.3333360000055512e-06 2.9814299327980087e-07
66260 6.666680000000001e-07 3.651491019668541e-07
66270 6.666680000055511e-07 3.6514910196482715e-07
66280 6.666680000055511e-07 3.6514910196482715e-07
66290 1.0000020000055513e-06 3.6514910196381357e-07
66300 2.2204479999999997e-17 4.965072668503452e-18
66310 1.0000020000111023e-06 3.651491019607731e-07
66320 1.0000020000055513e-06 3.6514910196381357e-07
66330 6.666680000055511e-07 3.6514910196482715e-07
66340 6.666680000111022e-07 3.651491019628001e-07
66350 1.3333360000000002e-06 2.9814299328476596e-07
66360 1.0000020000111023e-06 3.651491019607731e-07
66370 1.1102239999999998e-17 6.0809472868361544e-18
66380 1.3333360000055512e-06 2.9814299327980087e-07
66390 3.333340000055511e-07 2.981429932835247e-07
66400 1.3333360000000002e-06 2.9814299328476596e-07
66410 1.3333360000055512e-06 2.9814299327980087e-07
66420 1.0000020000055513e-06 3.6514910196381357e-07
66430 1.000002e-06 3.651491019668541e-07
66440 6.666680000055511e-07 3.6514910196482715e-07
66450 1.0000020000055513e-06 3.6514910196381357e-07
66460 6.666680000055511e-07 3.6514910196482715e-07
66470 1.0000020000111023e-06 3.651491019607731e-07
66480 1.3333360000000002e-06 2.9814299328476596e-07
66490 1.3333360000000002e-06 2.9814299328476596e-07
66500 6.666680000055511e-07 3.6514910196482715e-07
66510 6.666680000111022e-07 3.651491019628001e-07
66520 6.666680000111022e-07 3.651491019628001e-07
66530 1.0000020000055513e-06 3.6514910196381357e-07
66540 3.3333400001665334e-07 2.9814299328104214e-07
66550 1.3333360000000002e-06 2.9814299328476596e-07
66560 1.0000020000055513e-06 3.6514910196381357e-07
66570 1.0000020000055513e-06 3.6514910196381357e-07
66580 1.0000020000111023e-06 3.651491019607731e-07
66590 6.666680000111022e-07 3.651491019628001e-07
66600 1.000002e-06 3.651491019668541e-07
66610 1.0000020000111023e-06 3.651491019607731e-07
66620 1.66667e-06 0.0
66630 1.0000020000055513e-06 3.6514910196381357e-07
66640 6.666680000000001e-07 3.651491019668541e-07
66650 1.3333360000055512e-06 2.9814299327980087e-07
66660 1.0000020000055513e-06 3.6514910196381357e-07
66670 1.3333360000055512e-06 2.9814299327980087e-07
66680 1.0000020000055513e-06 3.6514910196381357e-07
66690 6.666680000111022e-07 3.651491019628001e-07
66700 3.3333400001110226e-07 2.981429932822834e-07
66710 6.666680000166534e-07 3.651491019607731e-07
66720 1.0000020000055513e-06 3.6514910196381357e-07
66730 1.000002e-06 3.651491019668541e-07
66740 1.3333360000000002e-06 2.9814299328476596e-07
66750 1.0000020000055513e-06 3.6514910196381357e-07
66760 6.666680000111022e-07 3.651491019628001e-07
66770 6.666680000055511e-07 3.6514910196482715e-07
66780 1.3333360000000002e-06 2.9814299328476596e-07
66790 1.000002e-06 3.651491019668541e-07
66800 1.3333360000055512e-06 2.9814299327980087e-07
66810 3.3333400001110226e-07 2.981429932822834e-07
66820 1.0000020000055513e-06 3.6514910196381357e-07
66830 3.3333400001665334e-07 2.9814299328104214e-07
66840 1.0000020000111023e-06 3.6514910196077315e-07
66850 6.666680000111022e-07 3.651491019628001e-07
66860 6.666680000055511e-07 3.6514910196482715e-07
66870 3.3333400001110226e-07 2.981429932822834e-07
66880 6.666680000000001e-07 3.651491019668541e-07
66890 1.3333360000055512e-06 2.9814299327980087e-07
66900 6.666680000055511e-07 3.6514910196482715e-07
66910 6.666680000055511e-07 3.6514910196482715e-07
66920 3.3333400001110226e-07 2.981429932822834e-07
66930 1.000002e-06 3.651491019668541e-07
66940 6.666680000166534e-07 3.6514910196077315e-07
66950 1.3333360000055512e-06 2.9814299327980087e-07
66960 1.3333360000055512e-06 2.9814299327980087e-07
66970 6.666680000055511e-07 3.6514910196482715e-07
66980 1.3333360000000002e-06 2.9814299328476596e-07
66990 1.3333360000055512e-06 2.9814299327980087e-07
67000 3.333340000055511e-07 2.981429932835247e-07
67010 2.2204479999999997e-17 4.965072668503452e-18
67020 6.666680000111022e-07 3.651491019628001e-07
67030 1.3333360000055512e-06 2.9814299327980087e-07
67040 1.3333360000000002e-06 2.9814299328476596e-07
67050 6.666680000166534e-07 3.6514910196077315e-07
67060 6.666680000111022e-07 3.651491019628001e-07
67070 6.666680000166534e-07 3.6514910196077315e-07
67080 1.0000020000111023e-06 3.651491019607731e-07
67090 3.3333400001110226e-07 2.981429932822834e-07
67100 1.000002e-06 3.651491019668541e-07
67110 1.3333360000000002e-06 2.9814299328476596e-07
67120 1.3333360000000002e-06 2.9814299328476596e-07
67130 1.0000020000111023e-06 3.651491019607731e-07
67140 1.3333360000055512e-06 2.9814299327980087e-07
67150 6.666680000000001e-07 3.651491019668541e-07
67160 6.666680000055511e-07 3.6514910196482715e-07
67170 1.3333360000055512e-06 2.9814299327980087e-07
67180 3.3333400001110226e-07 2.981429932822834e-07
67190 6.666680000111022e-07 3.651491019628001e-07
67200 3.333340000055511e-07 2.9814299328352464e-07
67210 6.666680000111022e-07 3.651491019628001e-07
67220 1.3333360000055512e-06 2.9814299327980087e-07
67230 6.666680000055511e-07 3.6514910196482715e-07
67240 1.3333360000000002e-06 2.9814299328476596e-07
67250 1.3333360000055512e-06 2.9814299327980087e-07
67260 1.3333360000055512e-06 2.9814299327980087e-07
67270 6.666680000111022e-07 3.651491019628001e-07
67280 1.0000020000111023e-06 3.6514910196077315e-07
67290 1.000002e-06 3.651491019668541e-07
67300 3.3333400001110226e-07 2.981429932822834e-07
67310 1.0000020000111023e-06 3.651491019607731e-07
67320 3.3333400001110226e-07 2.981429932822834e-07
67330 1.66667e-06 0.0
67340 6.666680000055511e-07 3.6514910196482715e-07
67350 1.3333360000000002e-06 2.9814299328476596e-07
67360 6.666680000055511e-07 3.6514910196482715e-07
67370 1.3333360000000002e-06 2.9814299328476596e-07
67380 6.666680000055511e-07 3.6514910196482715e-07
67390 3.3333400001110226e-07 2.981429932822834e-07
67400 1.0000020000111023e-06 3.651491019607731e-07
67410 1.66667e-06 0.0
67420 1.000002e-06 3.651491019668541e-07
67430 1.0000020000111023e-06 3.6514910196077315e-07
67440 1.3333360000055512e-06 2.9814299327980087e-07
67450 1.3333360000055512e-06 2.9814299327980087e-07
67460 1.3333360000055512e-06 2.9814299327980087e-07
67470 1.3333360000055512e-06 2.9814299327980087e-07
67480 6.666680000111022e-07 3.651491019628001e-07
67490 6.666680000111022e-07 3.651491019628001e-07
67500 1.0000020000055513e-06 3.6514910196381357e-07
67510 6.666680000111022e-07 3.651491019628001e-07
67520 1.3333360000000002e-06 2.9814299328476596e-07
67530 1.3333360000055512e-06 2.9814299327980087e-07
67540 1.000002e-06 3.651491019668541e-07
67550 1.000002e-06 3.651491019668541e-07
67560 1.3333360000055512e-06 2.9814299327980087e-07
67570 1.3333360000000002e-06 2.9814299328476596e-07
67580 1.0000020000055513e-06 3.6514910196381357e-07
67590 1.3333360000000002e-06 2.9814299328476596e-07
67600 1.0000020000055513e-06 3.6514910196381357e-07
67610 1.3333360000000002e-06 2.9814299328476596e-07
67620 3.3333400001665334e-07 2.981429932810421e-07
67630 3.3333400001665334e-07 2.981429932810421e-07
67640 1.3333360000000002e-06 2.9814299328476596e-07
67650 1.0000020000055513e-06 3.6514910196381357e-07
67660 6.666680000055511e-07 3.6514910196482715e-07
67670 1.3333360000000002e-06 2.9814299328476596e-07
67680 1.0000020000055513e-06 3.6514910196381357e-07
67690 6.666680000166534e-07 3.651491019607731e-07
67700 1.0000020000111023e-06 3.651491019607731e-07
67710 1.66667e-06 0.0
67720 6.666680000055511e-07 3.6514910196482715e-07
67730 3.3333400001110226e-07 2.981429932822834e-07
67740 6.666680000111022e-07 3.651491019628001e-07
67750 1.3333360000000002e-06 2.9814299328476596e-07
67760 1.3333360000000002e-06 2.9814299328476596e-07
67770 1.0000020000055513e-06 3.6514910196381357e-07
67780 6.666680000000001e-07 3.651491019668541e-07
67790 1.000002e-06 3.651491019668541e-07
67800 1.66667e-06 0.0
67810 1.3333360000055512e-06 2.9814299327980087e-07
67820 1.0000020000055513e-06 3.6514910196381357e-07
67830 3.3333400001110226e-07 2.981429932822834e-07
67840 1.0000020000055513e-06 3.6514910196381357e-07
67850 1.3333360000055512e-06 2.9814299327980087e-07
67860 6.666680000055511e-07 3.6514910196482715e-07
67870 1.000002e-06 3.651491019668541e-07
67880 1.000002e-06 3.651491019668541e-07
67890 6.666680000111022e-07 3.651491019628001e-07
67900 1.0000020000055513e-06 3.6514910196381357e-07
67910 1.0000020000055513e-06 3.6514910196381357e-07
67920 1.0000020000055513e-06 3.6514910196381357e-07
67930 1.0000020000111023e-06 3.651491019607731e-07
67940 1.3333360000055512e-06 2.9814299327980087e-07
67950 1.0000020000055513e-06 3.6514910196381357e-07
67960 1.66667e-06 0.0
67970 6.666680000166534e-07 3.651491019607731e-07
67980 3.333340000055511e-07 2.9814299328352464e-07
67990 1.0000020000111023e-06 3.651491019607731e-07
68000 6.666680000055511e-07 3.6514910196482715e-07
68010 6.666680000055511e-07 3.6514910196482715e-07
68020 1.0000020000055513e-06 3.6514910196381357e-07
68030 6.666680000166534e-07 3.651491019607731e-07
68040 1.0000020000055513e-06 3.6514910196381357e-07
68050 1.3333360000000002e-06 2.9814299328476596e-07
68060 1.3333360000000002e-06 2.9814299328476596e-07
68070 1.0000020000111023e-06 3.651491019607731e-07
68080 1.3333360000000002e-06 2.9814299328476596e-07
68090 1.0000020000055513e-06 3.6514910196381357e-07
68100 1.3333360000055512e-06 2.9814299327980087e-07
68110 1.000002e-06 3.651491019668541e-07
68120 1.0000020000055513e-06 3.6514910196381357e-07
68130 6.666680000111022e-07 3.651491019628001e-07
68140 1.0000020000055513e-06 3.6514910196381357e-07
68150 1.3333360000055512e-06 2.9814299327980087e-07
68160 1.000002e-06 3.651491019668541e-07
68170 2.2204479999999997e-17 4.965072668503453e-18
68180 1.3333360000055512e-06 2.9814299327980087e-07
68190 1.3333360000000002e-06 2.9814299328476596e-07
68200 3.3333400001110226e-07 2.981429932822834e-07
68210 6.666680000055511e-07 3.6514910196482715e-07
68220 1.66667e-06 0.0
68230 1.0000020000111023e-06 3.651491019607731e-07
68240 1.3333360000055512e-06 2.9814299327980087e-07
68250 3.3333400001110226e-07 2.981429932822834e-07
68260 1.0000020000055513e-06 3.6514910196381357e-07
68270 1.3333360000000002e-06 2.9814299328476596e-07
68280 6.666680000166534e-07 3.651491019607731e-07
68290 1.0000020000055513e-06 3.6514910196381357e-07
68300 1.0000020000055513e-06 3.6514910196381357e-07
68310 1.3333360000000002e-06 2.9814299328476596e-07
68320 6.666680000000001e-07 3.651491019668541e-07
68330 1.000002e-06 3.651491019668541e-07
68340 6.666680000055511e-07 3.6514910196482715e-07
68350 6.666680000166534e-07 3.651491019607731e-07
68360 1.3333360000000002e-06 2.9814299328476596e-07
68370 6.666680000166534e-07 3.651491019607731e-07
68380 1.3333360000055512e-06 2.9814299327980087e-07
68390 3.3333400000000004e-07 2.9814299328476596e-07
68400 6.666680000055511e-07 3.6514910196482715e-07
68410 1.0000020000111023e-06 3.6514910196077315e-07
68420 1.66667e-06 0.0
68430 1.66667e-06 0.0
68440 1.0000020000055513e-06 3.6514910196381357e-07
68450 6.666680000055511e-07 3.6514910196482715e-07
68460 1.0000020000055513e-06 3.6514910196381357e-07
68470 1.66667e-06 0.0
68480 1.0000020000111023e-06 3.651491019607731e-07
68490 6.666680000055511e-07 3.6514910196482715e-07
68500 1.0000020000055513e-06 3.6514910196381357e-07
68510 1.0000020000055513e-06 3.6514910196381357e-07
68520 6.666680000111022e-07 3.651491019628001e-07
68530 1.3333360000000002e-06 2.9814299328476596e-07
68540 1.0000020000055513e-06 3.6514910196381357e-07
68550 6.666680000055511e-07 3.6514910196482715e-07
68560 1.3333360000055512e-06 2.9814299327980087e-07
68570 1.0000020000055513e-06 3.6514910196381357e-07
68580 6.666680000055511e-07 3.6514910196482715e-07
68590 1.0000020000111023e-06 3.651491019607731e-07
68600 6.666680000111022e-07 3.651491019628001e-07
68610 1.0000020000111023e-06 3.651491019607731e-07
68620 1.0000020000055513e-06 3.6514910196381357e-07
68630 1.0000020000055513e-06 3.6514910196381357e-07
68640 1.3333360000055512e-06 2.9814299327980087e-07
68650 5.551119999999999e-18 4.965072668503453e-18
68660 1.3333360000000002e-06 2.9814299328476596e-07
68670 1.66667e-06 0.0
68680 1.3333360000000002e-06 2.9814299328476596e-07
68690 6.666680000055511e-07 3.6514910196482715e-07
68700 1.000002e-06 3.651491019668541e-07
68710 1.000002e-06 3.651491019668541e-07
68720 1.0000020000111023e-06 3.6514910196077315e-07
68730 3.3333400001110226e-07 2.981429932822834e-07
68740 6.666680000111022e-07 3.651491019628001e-07
68750 1.3333360000055512e-06 2.9814299327980087e-07
68760 3.333340000055511e-07 2.981429932835247e-07
68770 1.3333360000000002e-06 2.9814299328476596e-07
68780 1.3333360000000002e-06 2.9814299328476596e-07
68790 6.666680000055511e-07 3.6514910196482715e-07
68800 1.66667e-06 0.0
68810 1.0000020000111023e-06 3.6514910196077315e-07
68820 1.0000020000055513e-06 3.6514910196381357e-07
68830 1.0000020000055513e-06 3.6514910196381357e-07
68840 1.0000020000055513e-06 3.6514910196381357e-07
68850 1.0000020000055513e-06 3.6514910196381357e-07
68860 3.3333400001665334e-07 2.9814299328104214e-07
68870 3.333340000055511e-07 2.9814299328352464e-07
68880 6.666680000111022e-07 3.651491019628001e-07
68890 6.666680000111022e-07 3.651491019628001e-07
68900 6.666680000111022e-07 3.651491019628001e-07
68910 1.3333360000055512e-06 2.9814299327980087e-07
68920 1.0000020000055513e-06 3.6514910196381357e-07
68930 1.0000020000055513e-06 3.6514910196381357e-07
68940 6.666680000055511e-07 3.6514910196482715e-07
68950 1.3333360000000002e-06 2.9814299328476596e-07
68960 1.000002e-06 3.651491019668541e-07
68970 6.666680000111022e-07 3.651491019628001e-07
68980 6.666680000055511e-07 3.6514910196482715e-07
68990 6.666680000111022e-07 3.651491019628001e-07
69000 6.666680000111022e-07 3.651491019628001e-07
69010 1.0000020000055513e-06 3.6514910196381357e-07
69020 1.0000020000111023e-06 3.651491019607731e-07
69030 6.666680000166534e-07 3.6514910196077315e-07
69040 6.666680000111022e-07 3.651491019628001e-07
69050 1.0000020000111023e-06 3.6514910196077315e-07
69060 1.0000020000055513e-06 3.6514910196381357e-07
69070 1.3333360000055512e-06 2.9814299327980087e-07
69080 1.0000020000055513e-06 3.6514910196381357e-07
69090 6.666680000055511e-07 3.6514910196482715e-07
69100 3.333340000055511e-07 2.9814299328352464e-07
69110 6.666680000111022e-07 3.651491019628001e-07
69120 1.3333360000000002e-06 2.9814299328476596e-07
69130 1.0000020000055513e-06 3.6514910196381357e-07
69140 1.3333360000055512e-06 2.9814299327980087e-07
69150 1.0000020000055513e-06 3.6514910196381357e-07
69160 1.0000020000055513e-06 3.6514910196381357e-07
69170 1.66667e-06 0.0
69180 1.66667e-06 0.0
69190 1.1102239999999998e-17 6.0809472868361544e-18
69200 1.66667e-06 0.0
69210 6.666680000000001e-07 3.651491019668541e-07
69220 6.666680000000001e-07 3.651491019668541e-07
69230 1.0000020000055513e-06 3.6514910196381357e-07
69240 1.3333360000000002e-06 2.9814299328476596e-07
69250 6.666680000055511e-07 3.6514910196482715e-07
69260 6.666680000055511e-07 3.6514910196482715e-07
69270 1.000002e-06 3.651491019668541e-07
69280 6.666680000055511e-07 3.6514910196482715e-07
69290 1.0000020000055513e-06 3.6514910196381357e-07
69300 6.666680000000001e-07 3.651491019668541e-07
69310 6.666680000000001e-07 3.651491019668541e-07
69320 6.666680000055511e-07 3.6514910196482715e-07
69330 1.3333360000055512e-06 2.9814299327980087e-07
69340 1.66667e-06 0.0
69350 1.3333360000000002e-06 2.9814299328476596e-07
69360 1.3333360000055512e-06 2.9814299327980087e-07
69370 1.66667e-06 0.0
69380 1.3333360000000002e-06 2.9814299328476596e-07
69390 6.666680000055511e-07 3.6514910196482715e-07
69400 1.000002e-06 3.651491019668541e-07
69410 1.0000020000055513e-06 3.6514910196381357e-07
69420 3.3333400001110226e-07 2.981429932822834e-07
69430 1.0000020000055513e-06 3.6514910196381357e-07
69440 6.666680000000001e-07 3.651491019668541e-07
69450 1.000002e-06 3.651491019668541e-07
69460 6.666680000000001e-07 3.651491019668541e-07
69470 1.3333360000000002e-06 2.9814299328476596e-07
69480 1.3333360000000002e-06 2.9814299328476596e-07
69490 6.666680000055511e-07 3.6514910196482715e-07
69500 3.3333400001665334e-07 2.9814299328104214e-07
69510 3.3333400001110226e-07 2.981429932822834e-07
69520 1.3333360000000002e-06 2.9814299328476596e-07
69530 1.3333360000000002e-06 2.9814299328476596e-07
69540 6.666680000055511e-07 3.6514910196482715e-07
69550 3.3333400001665334e-07 2.981429932810421e-07
69560 6.666680000166534e-07 3.6514910196077315e-07
69570 3.3333400001110226e-07 2.981429932822834e-07
69580 6.666680000111022e-07 3.651491019628001e-07
69590 1.000002e-06 3.651491019668541e-07
69600 6.666680000055511e-07 3.6514910196482715e-07
69610 1.66667e-06 0.0
69620 1.0000020000111023e-06 3.651491019607731e-07
69630 3.3333400001110226e-07 2.981429932822834e-07
69640 1.000002e-06 3.651491019668541e-07
69650 6.666680000111022e-07 3.651491019628001e-07
69660 1.3333360000055512e-06 2.9814299327980087e-07
69670 1.0000020000111023e-06 3.6514910196077315e-07
69680 1.66667e-06 0.0
69690 1.665336e-17 6.080947286836155e-18
69700 6.666680000055511e-07 3.6514910196482715e-07
69710 1.000002e-06 3.651491019668541e-07
69720 3.3333400001110226e-07 2.981429932822834e-07
69730 6.666680000111022e-07 3.651491019628001e-07
69740 1.0000020000055513e-06 3.6514910196381357e-07
69750 1.0000020000055513e-06 3.6514910196381357e-07
69760 6.666680000000001e-07 3.651491019668541e-07
69770 1.3333360000055512e-06 2.9814299327980087e-07
69780 1.0000020000055513e-06 3.6514910196381357e-07
69790 1.0000020000111023e-06 3.651491019607731e-07
69800 1.0000020000111023e-06 3.651491019607731e-07
69810 1.0000020000055513e-06 3.6514910196381357e-07
69820 1.0000020000055513e-06 3.6514910196381357e-07
69830 6.666680000055511e-07 3.6514910196482715e-07
69840 1.3333360000000002e-06 2.9814299328476596e-07
69850 6.666680000055511e-07 3.6514910196482715e-07
69860 1.3333360000055512e-06 2.9814299327980087e-07
69870 1.000002e-06 3.651491019668541e-07
69880 6.666680000055511e-07 3.6514910196482715e-07
69890 1.3333360000055512e-06 2.9814299327980087e-07
69900 1.3333360000000002e-06 2.9814299328476596e-07
69910 1.3333360000055512e-06 2.9814299327980087e-07
69920 1.3333360000000002e-06 2.9814299328476596e-07
69930 6.666680000000001e-07 3.651491019668541e-07
69940 1.3333360000000002e-06 2.9814299328476596e-07
69950 1.000002e-06 3.651491019668541e-07
69960 6.666680000166534e-07 3.651491019607731e-07
69970 6.666680000111022e-07 3.651491019628001e-07
69980 1.3333360000055512e-06 2.9814299327980087e-07
69990 6.666680000166534e-07 3.6514910196077315e-07
70000 1.3333360000055512e-06 2.9814299327980087e-07
70010 6.666680000055511e-07 3.6514910196482715e-07
70020 3.3333400001665334e-07 2.9814299328104214e-07
70030 1.0000020000055513e-06 3.6514910196381357e-07
70040 1.0000020000055513e-06 3.6514910196381357e-07
70050 1.3333360000055512e-06 2.9814299327980087e-07
70060 6.666680000055511e-07 3.6514910196482715e-07
70070 1.0000020000111023e-06 3.6514910196077315e-07
70080 1.0000020000055513e-06 3.6514910196381357e-07
70090 1.0000020000055513e-06 3.6514910196381357e-07
70100 6.666680000055511e-07 3.6514910196482715e-07
70110 1.3333360000000002e-06 2.9814299328476596e-07
70120 1.3333360000055512e-06 2.9814299327980087e-07
70130 1.0000020000055513e-06 3.6514910196381357e-07
70140 1.0000020000055513e-06 3.6514910196381357e-07
70150 1.0000020000111023e-06 3.6514910196077315e-07
70160 1.0000020000111023e-06 3.651491019607731e-07
70170 6.666680000111022e-07 3.651491019628001e-07
70180 1.3333360000000002e-06 2.9814299328476596e-07
70190 1.3333360000055512e-06 2.9814299327980087e-07
70200 1.3333360000055512e-06 2.9814299327980087e-07
70210 1.3333360000000002e-06 2.9814299328476596e-07
70220 1.0000020000111023e-06 3.651491019607731e-07
70230 1.3333360000055512e-06 2.9814299327980087e-07
70240 3.3333400001665334e-07 2.9814299328104214e-07
70250 6.666680000055511e-07 3.6514910196482715e-07
70260 1.000002e-06 3.651491019668541e-07
70270 1.3333360000000002e-06 2.9814299328476596e-07
70280 1.000002e-06 3.651491019668541e-07
70290 6.666680000055511e-07 3.6514910196482715e-07
70300 1.0000020000111023e-06 3.6514910196077315e-07
70310 6.666680000111022e-07 3.651491019628001e-07
70320 6.666680000111022e-07 3.651491019628001e-07
70330 6.666680000055511e-07 3.6514910196482715e-07
70340 2.2204479999999997e-17 4.965072668503453e-18
70350 6.666680000111022e-07 3.651491019628001e-07
70360 1.66667e-06 0.0
70370 1.0000020000111023e-06 3.651491019607731e-07
70380 1.0000020000111023e-06 3.651491019607731e-07
70390 6.666680000055511e-07 3.6514910196482715e-07
70400 1.0000020000055513e-06 3.6514910196381357e-07
70410 1.0000020000055513e-06 3.6514910196381357e-07
70420 6.666680000055511e-07 3.6514910196482715e-07
70430 1.0000020000055513e-06 3.6514910196381357e-07
70440 6.666680000055511e-07 3.6514910196482715e-07
70450 6.666680000166534e-07 3.6514910196077315e-07
70460 6.666680000000001e-07 3.651491019668541e-07
70470 1.0000020000111023e-06 3.651491019607731e-07
70480 1.3333360000000002e-06 2.9814299328476596e-07
70490 1.0000020000111023e-06 3.651491019607731e-07
70500 1.0000020000055513e-06 3.6514910196381357e-07
70510 6.666680000000001e-07 3.651491019668541e-07
70520 1.3333360000055512e-06 2.9814299327980087e-07
70530 3.3333400001110226e-07 2.981429932822834e-07
70540 1.0000020000055513e-06 3.6514910196381357e-07
70550 1.66667e-06 0.0
70560 1.0000020000111023e-06 3.651491019607731e-07
70570 1.3333360000055512e-06 2.9814299327980087e-07
70580 6.666680000055511e-07 3.6514910196482715e-07
70590 1.3333360000000002e-06 2.9814299328476596e-07
70600 1.3333360000055512e-06 2.9814299327980087e-07
70610 1.3333360000055512e-06 2.9814299327980087e-07
70620 1.3333360000000002e-06 2.9814299328476596e-07
70630 6.666680000055511e-07 3.6514910196482715e-07
70640 6.666680000055511e-07 3.6514910196482715e-07
70650 3.3333400001110226e-07 2.981429932822834e-07
70660 1.0000020000055513e-06 3.6514910196381357e-07
70670 1.0000020000055513e-06 3.6514910196381357e-07
70680 1.3333360000055512e-06 2.9814299327980087e-07
70690 1.0000020000111023e-06 3.6514910196077315e-07
70700 1.0000020000111023e-06 3.6514910196077315e-07
70710 3.333340000222045e-07 2.9814299327980087e-07
70720 1.0000020000055513e-06 3.6514910196381357e-07
70730 3.333340000055511e-07 2.9814299328352464e-07
70740 1.0000020000055513e-06 3.6514910196381357e-07
70750 1.0000020000055513e-06 3.6514910196381357e-07
70760 1.0000020000111023e-06 3.651491019607731e-07
70770 6.666680000111022e-07 3.651491019628001e-07
70780 1.0000020000111023e-06 3.651491019607731e-07
70790 1.0000020000111023e-06 3.6514910196077315e-07
70800 6.666680000111022e-07 3.651491019628001e-07
70810 1.3333360000000002e-06 2.9814299328476596e-07
70820 6.666680000111022e-07 3.651491019628001e-07
70830 6.666680000166534e-07 3.6514910196077315e-07
70840 1.3333360000055512e-06 2.9814299327980087e-07
70850 6.666680000111022e-07 3.651491019628001e-07
70860 1.66667e-06 0.0
70870 6.666680000166534e-07 3.651491019607731e-07
70880 1.0000020000111023e-06 3.651491019607731e-07
70890 1.3333360000000002e-06 2.9814299328476596e-07
70900 6.666680000111022e-07 3.651491019628001e-07
70910 1.3333360000055512e-06 2.9814299327980087e-07
70920 1.0000020000055513e-06 3.6514910196381357e-07
70930 1.66667e-06 0.0
70940 6.666680000055511e-07 3.6514910196482715e-07
70950 1.3333360000000002e-06 2.9814299328476596e-07
70960 1.3333360000000002e-06 2.9814299328476596e-07
70970 1.0000020000055513e-06 3.6514910196381357e-07
70980 1.0000020000055513e-06 3.6514910196381357e-07
70990 6.666680000111022e-07 3.651491019628001e-07
71000 1.3333360000055512e-06 2.9814299327980087e-07
71010 1.66667e-06 0.0
71020 6.666680000111022e-07 3.651491019628001e-07
71030 1.0000020000055513e-06 3.6514910196381357e-07
71040 1.000002e-06 3.651491019668541e-07
71050 1.3333360000055512e-06 2.9814299327980087e-07
71060 1.0000020000055513e-06 3.6514910196381357e-07
71070 1.3333360000000002e-06 2.9814299328476596e-07
71080 1.0000020000111023e-06 3.651491019607731e-07
71090 6.666680000111022e-07 3.651491019628001e-07
71100 1.000002e-06 3.651491019668541e-07
71110 1.0000020000111023e-06 3.6514910196077315e-07
71120 1.000002e-06 3.651491019668541e-07
71130 6.666680000055511e-07 3.6514910196482715e-07
71140 1.000002e-06 3.651491019668541e-07
71150 1.3333360000055512e-06 2.9814299327980087e-07
71160 1.0000020000055513e-06 3.6514910196381357e-07
71170 1.0000020000111023e-06 3.651491019607731e-07
71180 6.666680000000001e-07 3.651491019668541e-07
71190 6.666680000000001e-07 3.651491019668541e-07
71200 3.3333400001110226e-07 2.981429932822834e-07
71210 1.0000020000111023e-06 3.651491019607731e-07
71220 6.666680000166534e-07 3.651491019607731e-07
71230 1.0000020000055513e-06 3.6514910196381357e-07
71240 1.3333360000055512e-06 2.9814299327980087e-07
71250 1.3333360000000002e-06 2.9814299328476596e-07
71260 1.0000020000111023e-06 3.651491019607731e-07
71270 6.666680000166534e-07 3.6514910196077315e-07
71280 1.3333360000055512e-06 2.9814299327980087e-07
71290 6.666680000111022e-07 3.651491019628001e-07
71300 1.0000020000055513e-06 3.6514910196381357e-07
71310 6.666680000000001e-07 3.651491019668541e-07
71320 5.551119999999999e-18 4.965072668503452e-18
71330 1.000002e-06 3.651491019668541e-07
71340 6.666680000055511e-07 3.6514910196482715e-07
71350 6.666680000055511e-07 3.6514910196482715e-07
71360 1.3333360000000002e-06 2.9814299328476596e-07
71370 6.666680000055511e-07 3.6514910196482715e-07
71380 6.666680000055511e-07 3.6514910196482715e-07
71390 6.666680000055511e-07 3.6514910196482715e-07
71400 3.3333400001665334e-07 2.9814299328104214e-07
71410 6.666680000166534e-07 3.651491019607731e-07
71420 6.666680000000001e-07 3.651491019668541e-07
71430 6.666680000111022e-07 3.651491019628001e-07
71440 1.0000020000055513e-06 3.6514910196381357e-07
71450 1.3333360000000002e-06 2.9814299328476596e-07
71460 1.000002e-06 3.651491019668541e-07
71470 6.666680000000001e-07 3.651491019668541e-07
71480 3.3333400000000004e-07 2.9814299328476596e-07
71490 3.333340000055511e-07 2.981429932835247e-07
71500 1.000002e-06 3.651491019668541e-07
71510 1.0000020000111023e-06 3.651491019607731e-07
71520 6.666680000000001e-07 3.651491019668541e-07
71530 1.0000020000055513e-06 3.6514910196381357e-07
71540 3.3333400001110226e-07 2.981429932822834e-07
71550 1.66667e-06 0.0
71560 1.3333360000055512e-06 2.9814299327980087e-07
71570 6.666680000055511e-07 3.6514910196482715e-07
71580 1.3333360000000002e-06 2.9814299328476596e-07
71590 1.1102239999999998e-17 6.0809472868361544e-18
71600 1.0000020000055513e-06 3.6514910196381357e-07
71610 6.666680000055511e-07 3.6514910196482715e-07
71620 6.666680000111022e-07 3.651491019628001e-07
71630 1.0000020000055513e-06 3.6514910196381357e-07
71640 1.0000020000055513e-06 3.6514910196381357e-07
71650 1.0000020000055513e-06 3.6514910196381357e-07
71660 6.666680000055511e-07 3.6514910196482715e-07
71670 6.666680000000001e-07 3.651491019668541e-07
71680 1.66667e-06 0.0
71690 1.0000020000111023e-06 3.651491019607731e-07
71700 6.666680000111022e-07 3.651491019628001e-07
71710 6.666680000166534e-07 3.651491019607731e-07
71720 1.3333360000055512e-06 2.9814299327980087e-07
71730 1.000002e-06 3.651491019668541e-07
71740 1.000002e-06 3.651491019668541e-07
71750 1.000002e-06 3.651491019668541e-07
71760 1.0000020000055513e-06 3.6514910196381357e-07
71770 1.3333360000055512e-06 2.9814299327980087e-07
71780 6.666680000166534e-07 3.6514910196077315e-07
71790 6.666680000111022e-07 3.651491019628001e-07
71800 1.0000020000055513e-06 3.6514910196381357e-07
71810 3.3333400001110226e-07 2.981429932822834e-07
71820 5.551119999999999e-18 4.965072668503452e-18
71830 3.3333400001665334e-07 2.9814299328104214e-07
71840 3.3333400001665334e-07 2.9814299328104214e-07
71850 1.0000020000055513e-06 3.6514910196381357e-07
71860 1.3333360000000002e-06 2.9814299328476596e-07
71870 6.666680000111022e-07 3.651491019628001e-07
71880 3.3333400001665334e-07 2.981429932810421e-07
71890 1.0000020000055513e-06 3.6514910196381357e-07
71900 6.666680000055511e-07 3.6514910196482715e-07
71910 6.666680000166534e-07 3.6514910196077315e-07
71920 1.0000020000111023e-06 3.651491019607731e-07
71930 6.666680000166534e-07 3.651491019607731e-07
71940 1.3333360000055512e-06 2.9814299327980087e-07
71950 1.66667e-06 0.0
71960 1.000002e-06 3.651491019668541e-07
71970 6.666680000055511e-07 3.6514910196482715e-07
71980 1.000002e-06 3.651491019668541e-07
71990 3.3333400001110226e-07 2.981429932822834e-07
72000 3.3333400001110226e-07 2.981429932822834e-07
72010 1.3333360000000002e-06 2.9814299328476596e-07
72020 1.000002e-06 3.651491019668541e-07
72030 1.0000020000055513e-06 3.6514910196381357e-07
72040 1.0000020000055513e-06 3.6514910196381357e-07
72050 6.666680000111022e-07 3.651491019628001e-07
72060 1.66667e-06 0.0
72070 1.0000020000111023e-06 3.651491019607731e-07
72080 1.0000020000111023e-06 3.651491019607731e-07
72090 3.333340000055511e-07 2.981429932835247e-07
72100 1.3333360000055512e-06 2.9814299327980087e-07
72110 1.3333360000055512e-06 2.9814299327980087e-07
72120 1.000002e-06 3.651491019668541e-07
72130 1.3333360000000002e-06 2.9814299328476596e-07
72140 1.0000020000055513e-06 3.6514910196381357e-07
72150 1.3333360000000002e-06 2.9814299328476596e-07
72160 6.666680000166534e-07 3.6514910196077315e-07
72170 1.0000020000055513e-06 3.6514910196381357e-07
72180 6.666680000111022e-07 3.651491019628001e-07
72190 3.333340000055511e-07 2.981429932835247e-07
72200 1.000002e-06 3.651491019668541e-07
72210 6.666680000055511e-07 3.6514910196482715e-07
72220 1.0000020000055513e-06 3.6514910196381357e-07
72230 1.3333360000055512e-06 2.9814299327980087e-07
72240 1.66667e-06 0.0
72250 1.0000020000055513e-06 3.6514910196381357e-07
72260 6.666680000111022e-07 3.651491019628001e-07
72270 1.3333360000000002e-06 2.9814299328476596e-07
72280 1.3333360000000002e-06 2.9814299328476596e-07
72290 1.66667e-06 0.0
72300 1.0000020000111023e-06 3.651491019607731e-07
72310 1.0000020000055513e-06 3.6514910196381357e-07
72320 1.66667e-06 0.0
72330 6.666680000111022e-07 3.651491019628001e-07
72340 1.0000020000055513e-06 3.6514910196381357e-07
72350 1.0000020000055513e-06 3.6514910196381357e-07
72360 6.666680000111022e-07 3.651491019628001e-07
72370 1.0000020000055513e-06 3.6514910196381357e-07
72380 3.3333400001110226e-07 2.981429932822834e-07
72390 1.0000020000111023e-06 3.651491019607731e-07
72400 6.666680000111022e-07 3.651491019628001e-07
72410 1.3333360000055512e-06 2.9814299327980087e-07
72420 1.0000020000055513e-06 3.6514910196381357e-07
72430 1.000002e-06 3.651491019668541e-07
72440 6.666680000111022e-07 3.651491019628001e-07
72450 1.000002e-06 3.651491019668541e-07
72460 6.666680000111022e-07 3.651491019628001e-07
72470 6.666680000166534e-07 3.651491019607731e-07
72480 6.666680000111022e-07 3.651491019628001e-07
72490 6.666680000166534e-07 3.651491019607731e-07
72500 1.0000020000111023e-06 3.651491019607731e-07
72510 1.3333360000055512e-06 2.9814299327980087e-07
72520 6.666680000055511e-07 3.6514910196482715e-07
72530 3.333340000055511e-07 2.981429932835247e-07
72540 1.0000020000055513e-06 3.6514910196381357e-07
72550 1.0000020000055513e-06 3.6514910196381357e-07
72560 1.000002e-06 3.651491019668541e-07
72570 6.666680000000001e-07 3.651491019668541e-07
72580 1.3333360000000002e-06 2.9814299328476596e-07
72590 6.666680000111022e-07 3.651491019628001e-07
72600 1.3333360000055512e-06 2.9814299327980087e-07
72610 1.0000020000111023e-06 3.651491019607731e-07
72620 6.666680000055511e-07 3.6514910196482715e-07
72630 6.666680000055511e-07 3.6514910196482715e-07
72640 3.3333400001110226e-07 2.981429932822834e-07
72650 1.3333360000000002e-06 2.9814299328476596e-07
72660 6.666680000111022e-07 3.651491019628001e-07
72670 3.3333400001110226e-07 2.981429932822834e-07
72680 1.0000020000055513e-06 3.6514910196381357e-07
72690 6.666680000166534e-07 3.6514910196077315e-07
72700 3.3333400001110226e-07 2.981429932822834e-07
72710 3.3333400001665334e-07 2.981429932810421e-07
72720 1.0000020000055513e-06 3.6514910196381357e-07
72730 2.2204479999999997e-17 4.965072668503453e-18
72740 1.3333360000055512e-06 2.9814299327980087e-07
72750 3.3333400001665334e-07 2.9814299328104214e-07
72760 1.0000020000111023e-06 3.651491019607731e-07
72770 1.3333360000055512e-06 2.9814299327980087e-07
72780 1.0000020000055513e-06 3.6514910196381357e-07
72790 1.66667e-06 0.0
72800 6.666680000055511e-07 3.6514910196482715e-07
72810 6.666680000111022e-07 3.651491019628001e-07
72820 1.3333360000000002e-06 2.9814299328476596e-07
72830 3.3333400001665334e-07 2.981429932810421e-07
72840 1.0000020000055513e-06 3.6514910196381357e-07
72850 1.000002e-06 3.651491019668541e-07
72860 1.0000020000055513e-06 3.6514910196381357e-07
72870 1.3333360000055512e-06 2.9814299327980087e-07
72880 1.0000020000111023e-06 3.651491019607731e-07
72890 1.0000020000111023e-06 3.651491019607731e-07
72900 6.666680000055511e-07 3.6514910196482715e-07
72910 6.666680000111022e-07 3.651491019628001e-07
72920 6.666680000000001e-07 3.651491019668541e-07
72930 6.666680000000001e-07 3.651491019668541e-07
72940 1.3333360000055512e-06 2.9814299327980087e-07
72950 6.666680000055511e-07 3.6514910196482715e-07
72960 6.666680000055511e-07 3.6514910196482715e-07
72970 1.0000020000055513e-06 3.6514910196381357e-07
72980 1.0000020000111023e-06 3.651491019607731e-07
72990 1.3333360000055512e-06 2.9814299327980087e-07
73000 6.666680000111022e-07 3.651491019628001e-07
73010 6.666680000000001e-07 3.651491019668541e-07
73020 1.0000020000055513e-06 3.6514910196381357e-07
73030 6.666680000111022e-07 3.651491019628001e-07
73040 1.0000020000055513e-06 3.6514910196381357e-07
73050 6.666680000111022e-07 3.651491019628001e-07
73060 6.666680000111022e-07 3.651491019628001e-07
73070 1.0000020000055513e-06 3.6514910196381357e-07
73080 1.0000020000055513e-06 3.6514910196381357e-07
73090 1.0000020000055513e-06 3.6514910196381357e-07
73100 1.0000020000055513e-06 3.6514910196381357e-07
73110 1.0000020000055513e-06 3.6514910196381357e-07
73120 3.3333400001110226e-07 2.981429932822834e-07
73130 1.0000020000111023e-06 3.6514910196077315e-07
73140 6.666680000111022e-07 3.651491019628001e-07
73150 1.0000020000111023e-06 3.651491019607731e-07
73160 6.666680000055511e-07 3.6514910196482715e-07
73170 3.3333400001110226e-07 2.981429932822834e-07
73180 1.0000020000055513e-06 3.6514910196381357e-07
73190 6.666680000055511e-07 3.6514910196482715e-07
73200 1.3333360000055512e-06 2.9814299327980087e-07
73210 3.3333400001110226e-07 2.981429932822834e-07
73220 6.666680000166534e-07 3.6514910196077315e-07
73230 6.666680000055511e-07 3.6514910196482715e-07
73240 1.3333360000000002e-06 2.9814299328476596e-07
73250 1.0000020000111023e-06 3.651491019607731e-07
73260 3.3333400001110226e-07 2.981429932822834e-07
73270 3.333340000055511e-07 2.9814299328352464e-07
73280 3.3333400001110226e-07 2.981429932822834e-07
73290 6.666680000000001e-07 3.651491019668541e-07
73300 1.1102239999999998e-17 6.0809472868361544e-18
73310 1.3333360000055512e-06 2.9814299327980087e-07
73320 3.3333400001665334e-07 2.9814299328104214e-07
73330 1.3333360000055512e-06 2.9814299327980087e-07
73340 1.0000020000111023e-06 3.651491019607731e-07
73350 6.666680000111022e-07 3.651491019628001e-07
73360 1.3333360000000002e-06 2.9814299328476596e-07
73370 1.000002e-06 3.651491019668541e-07
73380 6.666680000166534e-07 3.6514910196077315e-07
73390 6.666680000055511e-07 3.6514910196482715e-07
73400 6.666680000111022e-07 3.651491019628001e-07
73410 1.3333360000055512e-06 2.9814299327980087e-07
73420 1.0000020000111023e-06 3.651491019607731e-07
73430 1.1102239999999998e-17 6.0809472868361544e-18
73440 1.0000020000111023e-06 3.651491019607731e-07
73450 1.3333360000000002e-06 2.9814299328476596e-07
73460 1.3333360000000002e-06 2.9814299328476596e-07
73470 1.66667e-06 0.0
73480 6.666680000000001e-07 3.651491019668541e-07
73490 1.3333360000000002e-06 2.9814299328476596e-07
73500 1.66667e-06 0.0
73510 6.666680000166534e-07 3.6514910196077315e-07
73520 6.666680000111022e-07 3.651491019628001e-07
73530 1.3333360000055512e-06 2.9814299327980087e-07
73540 1.000002e-06 3.651491019668541e-07
73550 6.666680000055511e-07 3.6514910196482715e-07
73560 1.0000020000055513e-06 3.6514910196381357e-07
73570 6.666680000111022e-07 3.651491019628001e-07
73580 1.0000020000055513e-06 3.6514910196381357e-07
73590 3.3333400001110226e-07 2.981429932822834e-07
73600 3.333340000055511e-07 2.9814299328352464e-07
73610 1.0000020000055513e-06 3.6514910196381357e-07
73620 1.0000020000055513e-06 3.6514910196381357e-07
73630 6.666680000111022e-07 3.651491019628001e-07
73640 3.3333400001665334e-07 2.981429932810421e-07
73650 1.3333360000000002e-06 2.9814299328476596e-07
73660 1.0000020000111023e-06 3.651491019607731e-07
73670 1.000002e-06 3.651491019668541e-07
73680 1.0000020000055513e-06 3.6514910196381357e-07
73690 3.3333400001665334e-07 2.9814299328104214e-07
73700 6.666680000111022e-07 3.651491019628001e-07
73710 3.333340000222045e-07 2.9814299327980087e-07
73720 1.0000020000055513e-06 3.6514910196381357e-07
73730 1.1102239999999998e-17 6.080947286836155e-18
73740 3.3333400001110226e-07 2.981429932822834e-07
73750 2.2204479999999997e-17 4.965072668503452e-18
73760 1.0000020000111023e-06 3.651491019607731e-07
73770 1.3333360000000002e-06 2.9814299328476596e-07
73780 1.0000020000111023e-06 3.651491019607731e-07
73790 6.666680000055511e-07 3.6514910196482715e-07
73800 6.666680000055511e-07 3.6514910196482715e-07
73810 1.3333360000000002e-06 2.9814299328476596e-07
73820 1.0000020000111023e-06 3.651491019607731e-07
73830 1.3333360000000002e-06 2.9814299328476596e-07
73840 1.3333360000055512e-06 2.9814299327980087e-07
73850 6.666680000000001e-07 3.651491019668541e-07
73860 1.0000020000055513e-06 3.6514910196381357e-07
73870 1.3333360000055512e-06 2.9814299327980087e-07
73880 3.333340000055511e-07 2.9814299328352464e-07
73890 6.666680000055511e-07 3.6514910196482715e-07
73900 2.2204479999999997e-17 4.965072668503453e-18
73910 6.666680000055511e-07 3.6514910196482715e-07
73920 1.3333360000055512e-06 2.9814299327980087e-07
73930 1.0000020000111023e-06 3.6514910196077315e-07
73940 3.3333400001110226e-07 2.981429932822834e-07
73950 3.333340000222045e-07 2.9814299327980087e-07
73960 3.333340000055511e-07 2.981429932835247e-07
73970 1.1102239999999998e-17 6.080947286836155e-18
73980 1.000002e-06 3.651491019668541e-07
73990 1.3333360000000002e-06 2.9814299328476596e-07
74000 6.666680000055511e-07 3.6514910196482715e-07
74010 1.3333360000000002e-06 2.9814299328476596e-07
74020 3.3333400001110226e-07 2.981429932822834e-07
74030 6.666680000111022e-07 3.651491019628001e-07
74040 6.666680000055511e-07 3.6514910196482715e-07
74050 6.666680000111022e-07 3.651491019628001e-07
74060 3.333340000055511e-07 2.981429932835247e-07
74070 1.0000020000055513e-06 3.6514910196381357e-07
74080 6.666680000055511e-07 3.6514910196482715e-07
74090 1.000002e-06 3.651491019668541e-07
74100 1.3333360000000002e-06 2.9814299328476596e-07
74110 1.3333360000055512e-06 2.9814299327980087e-07
74120 1.3333360000055512e-06 2.9814299327980087e-07
74130 6.666680000111022e-07 3.651491019628001e-07
74140 6.666680000111022e-07 3.651491019628001e-07
74150 6.666680000111022e-07 3.651491019628001e-07
74160 3.3333400001110226e-07 2.981429932822834e-07
74170 6.666680000111022e-07 3.651491019628001e-07
74180 1.0000020000055513e-06 3.6514910196381357e-07
74190 1.0000020000055513e-06 3.6514910196381357e-07
74200 1.0000020000055513e-06 3.6514910196381357e-07
74210 1.000002e-06 3.651491019668541e-07
74220 1.0000020000055513e-06 3.6514910196381357e-07
74230 1.3333360000055512e-06 2.9814299327980087e-07
74240 6.666680000111022e-07 3.651491019628001e-07
74250 1.3333360000055512e-06 2.9814299327980087e-07
74260 1.3333360000000002e-06 2.9814299328476596e-07
74270 1.0000020000055513e-06 3.6514910196381357e-07
74280 6.666680000111022e-07 3.651491019628001e-07
74290 1.0000020000111023e-06 3.651491019607731e-07
74300 6.666680000166534e-07 3.651491019607731e-07
74310 6.666680000111022e-07 3.651491019628001e-07
74320 1.3333360000055512e-06 2.9814299327980087e-07
74330 1.0000020000055513e-06 3.6514910196381357e-07
74340 1.0000020000055513e-06 3.6514910196381357e-07
74350 6.666680000055511e-07 3.6514910196482715e-07
74360 3.3333400001110226e-07 2.981429932822834e-07
74370 6.666680000000001e-07 3.651491019668541e-07
74380 6.666680000111022e-07 3.651491019628001e-07
74390 6.666680000055511e-07 3.6514910196482715e-07
74400 6.666680000000001e-07 3.651491019668541e-07
74410 1.0000020000111023e-06 3.651491019607731e-07
74420 6.666680000000001e-07 3.651491019668541e-07
74430 1.3333360000055512e-06 2.9814299327980087e-07
74440 1.000002e-06 3.651491019668541e-07
74450 1.1102239999999998e-17 6.0809472868361544e-18
74460 1.0000020000055513e-06 3.6514910196381357e-07
74470 6.666680000055511e-07 3.6514910196482715e-07
74480 3.3333400001110226e-07 2.981429932822834e-07
74490 6.666680000055511e-07 3.6514910196482715e-07
74500 1.0000020000055513e-06 3.6514910196381357e-07
74510 1.000002e-06 3.651491019668541e-07
74520 1.3333360000000002e-06 2.9814299328476596e-07
74530 6.666680000111022e-07 3.651491019628001e-07
74540 1.66667e-06 0.0
74550 1.3333360000000002e-06 2.9814299328476596e-07
74560 1.0000020000055513e-06 3.6514910196381357e-07
74570 1.66667e-06 0.0
74580 6.666680000111022e-07 3.651491019628001e-07
74590 1.0000020000055513e-06 3.6514910196381357e-07
74600 6.666680000111022e-07 3.651491019628001e-07
74610 1.3333360000000002e-06 2.9814299328476596e-07
74620 6.666680000055511e-07 3.6514910196482715e-07
74630 1.0000020000055513e-06 3.6514910196381357e-07
74640 1.0000020000055513e-06 3.6514910196381357e-07
74650 6.666680000055511e-07 3.6514910196482715e-07
74660 6.666680000055511e-07 3.6514910196482715e-07
74670 1.0000020000055513e-06 3.6514910196381357e-07
74680 6.666680000111022e-07 3.651491019628001e-07
74690 3.3333400001110226e-07 2.981429932822834e-07
74700 6.666680000055511e-07 3.6514910196482715e-07
74710 1.0000020000055513e-06 3.6514910196381357e-07
74720 1.3333360000055512e-06 2.9814299327980087e-07
74730 1.3333360000000002e-06 2.9814299328476596e-07
74740 6.666680000111022e-07 3.651491019628001e-07
74750 1.3333360000000002e-06 2.9814299328476596e-07
74760 1.000002e-06 3.651491019668541e-07
74770 3.3333400001110226e-07 2.981429932822834e-07
74780 6.666680000166534e-07 3.651491019607731e-07
74790 1.665336e-17 6.0809472868361544e-18
74800 1.000002e-06 3.651491019668541e-07
74810 1.3333360000000002e-06 2.9814299328476596e-07
74820 1.000002e-06 3.651491019668541e-07
74830 6.666680000055511e-07 3.6514910196482715e-07
74840 1.3333360000000002e-06 2.9814299328476596e-07
74850 1.0000020000055513e-06 3.6514910196381357e-07
74860 1.0000020000055513e-06 3.6514910196381357e-07
74870 1.3333360000055512e-06 2.9814299327980087e-07
74880 1.0000020000055513e-06 3.6514910196381357e-07
74890 1.0000020000055513e-06 3.6514910196381357e-07
74900 3.3333400001110226e-07 2.981429932822834e-07
74910 6.666680000055511e-07 3.6514910196482715e-07
74920 1.3333360000055512e-06 2.9814299327980087e-07
74930 1.0000020000055513e-06 3.6514910196381357e-07
74940 1.66667e-06 0.0
74950 6.666680000055511e-07 3.6514910196482715e-07
74960 1.66667e-06 0.0
74970 1.3333360000000002e-06 2.9814299328476596e-07
74980 3.333340000055511e-07 2.9814299328352464e-07
74990 1.0000020000055513e-06 3.6514910196381357e-07
75000 3.333340000055511e-07 2.981429932835247e-07
75010 1.0000020000055513e-06 3.6514910196381357e-07
75020 6.666680000055511e-07 3.6514910196482715e-07
75030 3.3333400001110226e-07 2.981429932822834e-07
75040 1.3333360000055512e-06 2.9814299327980087e-07
75050 1.0000020000055513e-06 3.6514910196381357e-07
75060 3.333340000055511e-07 2.9814299328352464e-07
75070 1.3333360000000002e-06 2.9814299328476596e-07
75080 6.666680000111022e-07 3.651491019628001e-07
75090 6.666680000111022e-07 3.651491019628001e-07
75100 1.3333360000055512e-06 2.9814299327980087e-07
75110 1.3333360000055512e-06 2.9814299327980087e-07
75120 6.666680000055511e-07 3.6514910196482715e-07
75130 1.0000020000055513e-06 3.6514910196381357e-07
75140 1.000002e-06 3.651491019668541e-07
75150 3.333340000055511e-07 2.9814299328352464e-07
75160 1.3333360000000002e-06 2.9814299328476596e-07
75170 1.66667e-06 0.0
75180 1.1102239999999998e-17 6.0809472868361544e-18
75190 6.666680000055511e-07 3.6514910196482715e-07
75200 1.000002e-06 3.651491019668541e-07
75210 6.666680000111022e-07 3.651491019628001e-07
75220 6.666680000055511e-07 3.6514910196482715e-07
75230 1.0000020000111023e-06 3.651491019607731e-07
75240 6.666680000111022e-07 3.651491019628001e-07
75250 1.0000020000055513e-06 3.6514910196381357e-07
75260 1.3333360000055512e-06 2.9814299327980087e-07
75270 3.3333400001665334e-07 2.981429932810421e-07
75280 1.0000020000055513e-06 3.6514910196381357e-07
75290 1.0000020000055513e-06 3.6514910196381357e-07
75300 1.0000020000055513e-06 3.6514910196381357e-07
75310 3.3333400001110226e-07 2.981429932822834e-07
75320 3.333340000222045e-07 2.9814299327980087e-07
75330 1.66667e-06 0.0
75340 1.3333360000055512e-06 2.9814299327980087e-07
75350 3.3333400001110226e-07 2.981429932822834e-07
75360 6.666680000055511e-07 3.6514910196482715e-07
75370 3.3333400001665334e-07 2.9814299328104214e-07
75380 1.3333360000055512e-06 2.9814299327980087e-07
75390 3.3333400001110226e-07 2.981429932822834e-07
75400 6.666680000111022e-07 3.651491019628001e-07
75410 1.3333360000000002e-06 2.9814299328476596e-07
75420 6.666680000111022e-07 3.651491019628001e-07
75430 6.666680000111022e-07 3.651491019628001e-07
75440 6.666680000000001e-07 3.651491019668541e-07
75450 6.666680000111022e-07 3.651491019628001e-07
75460 3.3333400001665334e-07 2.9814299328104214e-07
75470 1.000002e-06 3.651491019668541e-07
75480 1.3333360000000002e-06 2.9814299328476596e-07
75490 1.0000020000055513e-06 3.6514910196381357e-07
75500 6.666680000000001e-07 3.651491019668541e-07
75510 1.0000020000055513e-06 3.6514910196381357e-07
75520 1.3333360000055512e-06 2.9814299327980087e-07
75530 1.3333360000055512e-06 2.9814299327980087e-07
75540 1.0000020000055513e-06 3.6514910196381357e-07
75550 1.3333360000000002e-06 2.9814299328476596e-07
75560 6.666680000055511e-07 3.6514910196482715e-07
75570 1.0000020000111023e-06 3.651491019607731e-07
75580 1.000002e-06 3.651491019668541e-07
75590 6.666680000055511e-07 3.6514910196482715e-07
75600 1.000002e-06 3.651491019668541e-07
75610 1.3333360000000002e-06 2.9814299328476596e-07
75620 1.0000020000111023e-06 3.651491019607731e-07
75630 3.3333400000000004e-07 2.9814299328476596e-07
75640 1.0000020000055513e-06 3.6514910196381357e-07
75650 1.0000020000111023e-06 3.651491019607731e-07
75660 1.3333360000055512e-06 2.9814299327980087e-07
75670 6.666680000055511e-07 3.6514910196482715e-07
75680 6.666680000000001e-07 3.651491019668541e-07
75690 3.3333400001110226e-07 2.981429932822834e-07
75700 1.3333360000000002e-06 2.9814299328476596e-07
75710 6.666680000000001e-07 3.651491019668541e-07
75720 6.666680000055511e-07 3.6514910196482715e-07
75730 6.666680000055511e-07 3.6514910196482715e-07
75740 1.3333360000000002e-06 2.9814299328476596e-07
75750 1.0000020000055513e-06 3.6514910196381357e-07
75760 6.666680000111022e-07 3.651491019628001e-07
75770 3.333340000055511e-07 2.9814299328352464e-07
75780 1.0000020000055513e-06 3.6514910196381357e-07
75790 1.000002e-06 3.651491019668541e-07
75800 1.000002e-06 3.651491019668541e-07
75810 6.666680000055511e-07 3.6514910196482715e-07
75820 6.666680000055511e-07 3.6514910196482715e-07
75830 1.000002e-06 3.651491019668541e-07
75840 1.3333360000000002e-06 2.9814299328476596e-07
75850 1.0000020000111023e-06 3.651491019607731e-07
75860 1.0000020000055513e-06 3.6514910196381357e-07
75870 1.0000020000111023e-06 3.651491019607731e-07
75880 1.3333360000055512e-06 2.9814299327980087e-07
75890 6.666680000055511e-07 3.6514910196482715e-07
75900 6.666680000055511e-07 3.6514910196482715e-07
75910 1.3333360000055512e-06 2.9814299327980087e-07
75920 3.3333400001110226e-07 2.981429932822834e-07
75930 1.66667e-06 0.0
75940 1.66667e-06 0.0
75950 1.0000020000111023e-06 3.651491019607731e-07
75960 1.3333360000000002e-06 2.9814299328476596e-07
75970 1.0000020000055513e-06 3.6514910196381357e-07
75980 3.3333400001665334e-07 2.981429932810421e-07
75990 1.1102239999999998e-17 6.0809472868361544e-18
76000 1.0000020000055513e-06 3.6514910196381357e-07
76010 6.666680000055511e-07 3.6514910196482715e-07
76020 1.000002e-06 3.651491019668541e-07
76030 1.3333360000000002e-06 2.9814299328476596e-07
76040 1.3333360000000002e-06 2.9814299328476596e-07
76050 6.666680000166534e-07 3.651491019607731e-07
76060 6.666680000111022e-07 3.651491019628001e-07
76070 1.0000020000055513e-06 3.6514910196381357e-07
76080 6.666680000111022e-07 3.651491019628001e-07
76090 1.000002e-06 3.651491019668541e-07
76100 1.0000020000055513e-06 3.6514910196381357e-07
76110 3.3333400001110226e-07 2.981429932822834e-07
76120 6.666680000000001e-07 3.651491019668541e-07
76130 6.666680000055511e-07 3.6514910196482715e-07
76140 6.666680000111022e-07 3.651491019628001e-07
76150 6.666680000055511e-07 3.6514910196482715e-07
76160 1.0000020000055513e-06 3.6514910196381357e-07
76170 6.666680000055511e-07 3.6514910196482715e-07
76180 1.000002e-06 3.651491019668541e-07
76190 6.666680000000001e-07 3.651491019668541e-07
76200 1.3333360000000002e-06 2.9814299328476596e-07
76210 6.666680000000001e-07 3.651491019668541e-07
76220 1.3333360000055512e-06 2.9814299327980087e-07
76230 1.0000020000055513e-06 3.6514910196381357e-07
76240 1.0000020000111023e-06 3.6514910196077315e-07
76250 1.0000020000055513e-06 3.6514910196381357e-07
76260 1.0000020000111023e-06 3.651491019607731e-07
76270 6.666680000111022e-07 3.651491019628001e-07
76280 1.0000020000055513e-06 3.6514910196381357e-07
76290 1.000002e-06 3.651491019668541e-07
76300 6.666680000111022e-07 3.651491019628001e-07
76310 1.000002e-06 3.651491019668541e-07
76320 1.0000020000055513e-06 3.6514910196381357e-07
76330 1.0000020000055513e-06 3.6514910196381357e-07
76340 1.0000020000111023e-06 3.6514910196077315e-07
76350 1.3333360000055512e-06 2.9814299327980087e-07
76360 1.0000020000111023e-06 3.651491019607731e-07
76370 6.666680000000001e-07 3.651491019668541e-07
76380 1.000002e-06 3.651491019668541e-07
76390 1.0000020000055513e-06 3.6514910196381357e-07
76400 1.3333360000000002e-06 2.9814299328476596e-07
76410 1.000002e-06 3.651491019668541e-07
76420 1.0000020000055513e-06 3.6514910196381357e-07
76430 3.333340000055511e-07 2.981429932835247e-07
76440 1.3333360000055512e-06 2.9814299327980087e-07
76450 1.0000020000111023e-06 3.651491019607731e-07
76460 1.3333360000055512e-06 2.9814299327980087e-07
76470 1.000002e-06 3.651491019668541e-07
76480 3.333340000055511e-07 2.981429932835247e-07
76490 1.0000020000055513e-06 3.6514910196381357e-07
76500 1.0000020000055513e-06 3.6514910196381357e-07
76510 1.3333360000000002e-06 2.9814299328476596e-07
76520 1.3333360000000002e-06 2.9814299328476596e-07
76530 1.0000020000111023e-06 3.651491019607731e-07
76540 6.666680000055511e-07 3.6514910196482715e-07
76550 6.666680000166534e-07 3.651491019607731e-07
76560 6.666680000111022e-07 3.651491019628001e-07
76570 1.0000020000055513e-06 3.6514910196381357e-07
76580 1.000002e-06 3.651491019668541e-07
76590 1.66667e-06 0.0
76600 6.666680000111022e-07 3.651491019628001e-07
76610 3.3333400001110226e-07 2.981429932822834e-07
76620 3.3333400000000004e-07 2.9814299328476596e-07
76630 1.000002e-06 3.651491019668541e-07
76640 1.0000020000055513e-06 3.6514910196381357e-07
76650 1.000002e-06 3.651491019668541e-07
76660 1.3333360000055512e-06 2.9814299327980087e-07
76670 6.666680000111022e-07 3.651491019628001e-07
76680 3.3333400001110226e-07 2.981429932822834e-07
76690 1.000002e-06 3.651491019668541e-07
76700 6.666680000000001e-07 3.651491019668541e-07
76710 6.666680000000001e-07 3.651491019668541e-07
76720 1.0000020000055513e-06 3.6514910196381357e-07
76730 6.666680000111022e-07 3.651491019628001e-07
76740 6.666680000000001e-07 3.651491019668541e-07
76750 6.666680000055511e-07 3.6514910196482715e-07
76760 1.3333360000000002e-06 2.9814299328476596e-07
76770 1.0000020000055513e-06 3.6514910196381357e-07
76780 6.666680000055511e-07 3.6514910196482715e-07
76790 1.3333360000000002e-06 2.9814299328476596e-07
76800 1.3333360000000002e-06 2.9814299328476596e-07
76810 1.0000020000111023e-06 3.651491019607731e-07
76820 1.66667e-06 0.0
76830 6.666680000055511e-07 3.6514910196482715e-07
76840 1.3333360000055512e-06 2.9814299327980087e-07
76850 1.3333360000000002e-06 2.9814299328476596e-07
76860 1.3333360000000002e-06 2.9814299328476596e-07
76870 1.0000020000055513e-06 3.6514910196381357e-07
76880 1.0000020000055513e-06 3.6514910196381357e-07
76890 1.0000020000055513e-06 3.6514910196381357e-07
76900 1.3333360000000002e-06 2.9814299328476596e-07
76910 6.666680000111022e-07 3.651491019628001e-07
76920 1.0000020000055513e-06 3.6514910196381357e-07
76930 6.666680000111022e-07 3.651491019628001e-07
76940 3.3333400001665334e-07 2.981429932810421e-07
76950 1.0000020000055513e-06 3.6514910196381357e-07
76960 6.666680000111022e-07 3.651491019628001e-07
76970 3.333340000222045e-07 2.9814299327980087e-07
76980 1.66667e-06 0.0
76990 1.0000020000055513e-06 3.6514910196381357e-07
77000 1.3333360000000002e-06 2.9814299328476596e-07
77010 1.0000020000111023e-06 3.6514910196077315e-07
77020 1.000002e-06 3.651491019668541e-07
77030 6.666680000111022e-07 3.651491019628001e-07
77040 1.000002e-06 3.651491019668541e-07
77050 1.3333360000000002e-06 2.9814299328476596e-07
77060 1.3333360000000002e-06 2.9814299328476596e-07
77070 1.66667e-06 0.0
77080 6.666680000111022e-07 3.651491019628001e-07
77090 6.666680000111022e-07 3.651491019628001e-07
77100 1.0000020000111023e-06 3.651491019607731e-07
77110 3.333340000055511e-07 2.981429932835247e-07
77120 1.3333360000055512e-06 2.9814299327980087e-07
77130 1.0000020000055513e-06 3.6514910196381357e-07
77140 6.666680000166534e-07 3.651491019607731e-07
77150 6.666680000111022e-07 3.651491019628001e-07
77160 6.666680000111022e-07 3.651491019628001e-07
77170 1.0000020000055513e-06 3.6514910196381357e-07
77180 1.3333360000055512e-06 2.9814299327980087e-07
77190 1.66667e-06 0.0
77200 3.3333400001110226e-07 2.981429932822834e-07
77210 3.3333400001665334e-07 2.9814299328104214e-07
77220 3.3333400001110226e-07 2.981429932822834e-07
77230 1.000002e-06 3.651491019668541e-07
77240 3.3333400001110226e-07 2.981429932822834e-07
77250 1.000002e-06 3.651491019668541e-07
77260 6.666680000111022e-07 3.651491019628001e-07
77270 1.0000020000055513e-06 3.6514910196381357e-07
77280 3.3333400001665334e-07 2.981429932810421e-07
77290 6.666680000055511e-07 3.6514910196482715e-07
77300 6.666680000055511e-07 3.6514910196482715e-07
77310 1.0000020000055513e-06 3.6514910196381357e-07
77320 3.333340000055511e-07 2.981429932835247e-07
77330 0.020001066668000004 0.0178887525224837
77340 0.020001066667999997 0.0178887525224837
77350 0.020000733334000008 0.017888827057455602
77360 0.020000733334000004 0.017888827057455602
77370 3.3333400001665334e-07 2.9814299328104214e-07
77380 0.020001333336000002 0.017888245677005032
77390 1.66667e-06 0.0
77400 6.666680000166534e-07 3.651491019607731e-07
77410 1.66667e-06 0.0
77420 1.0000020000111023e-06 3.651491019607731e-07
77430 1.0000020000111023e-06 3.651491019607731e-07
77440 1.0000020000111023e-06 3.651491019607731e-07
77450 1.3333360000055512e-06 2.9814299327980087e-07
77460 3.3333400001110226e-07 2.981429932822834e-07
77470 1.0000020000111023e-06 3.651491019607731e-07
77480 6.666680000055511e-07 3.6514910196482715e-07
77490 1.3333360000055512e-06 2.9814299327980087e-07
77500 6.666680000111022e-07 3.651491019628001e-07
77510 1.0000020000055513e-06 3.6514910196381357e-07
77520 1.66667e-06 0.0
77530 1.0000020000111023e-06 3.651491019607731e-07
77540 3.3333400001110226e-07 2.981429932822834e-07
77550 1.0000020000055513e-06 3.6514910196381357e-07
77560 1.3333360000000002e-06 2.9814299328476596e-07
77570 1.0000020000111023e-06 3.651491019607731e-07
77580 6.666680000111022e-07 3.651491019628001e-07
77590 6.666680000055511e-07 3.6514910196482715e-07
77600 3.333340000222045e-07 2.9814299327980087e-07
77610 1.0000020000055513e-06 3.6514910196381357e-07
77620 1.0000020000055513e-06 3.6514910196381357e-07
77630 1.0000020000111023e-06 3.651491019607731e-07
77640 1.0000020000055513e-06 3.6514910196381357e-07
77650 1.3333360000000002e-06 2.9814299328476596e-07
77660 6.666680000055511e-07 3.6514910196482715e-07
77670 1.3333360000000002e-06 2.9814299328476596e-07
77680 1.000002e-06 3.651491019668541e-07
77690 1.3333360000055512e-06 2.9814299327980087e-07
77700 6.666680000055511e-07 3.6514910196482715e-07
77710 1.0000020000055513e-06 3.6514910196381357e-07
77720 6.666680000166534e-07 3.6514910196077315e-07
77730 1.000002e-06 3.651491019668541e-07
77740 1.0000020000111023e-06 3.651491019607731e-07
77750 6.666680000166534e-07 3.651491019607731e-07
77760 1.000002e-06 3.651491019668541e-07
77770 1.0000020000055513e-06 3.6514910196381357e-07
77780 6.666680000111022e-07 3.651491019628001e-07
77790 1.000002e-06 3.651491019668541e-07
77800 1.0000020000055513e-06 3.6514910196381357e-07
77810 6.666680000055511e-07 3.6514910196482715e-07
77820 1.000002e-06 3.651491019668541e-07
77830 6.666680000111022e-07 3.651491019628001e-07
77840 1.000002e-06 3.651491019668541e-07
77850 6.666680000111022e-07 3.651491019628001e-07
77860 3.3333400001110226e-07 2.981429932822834e-07
77870 3.333340000055511e-07 2.981429932835247e-07
77880 6.666680000111022e-07 3.651491019628001e-07
77890 3.333340000055511e-07 2.981429932835247e-07
77900 6.666680000166534e-07 3.6514910196077315e-07
77910 1.0000020000111023e-06 3.6514910196077315e-07
77920 6.666680000166534e-07 3.651491019607731e-07
77930 1.3333360000055512e-06 2.9814299327980087e-07
77940 6.666680000055511e-07 3.6514910196482715e-07
77950 6.666680000111022e-07 3.651491019628001e-07
77960 1.3333360000055512e-06 2.9814299327980087e-07
77970 6.666680000055511e-07 3.6514910196482715e-07
77980 1.000002e-06 3.651491019668541e-07
77990 3.3333400000000004e-07 2.9814299328476596e-07
78000 1.0000020000055513e-06 3.6514910196381357e-07
78010 1.3333360000055512e-06 2.9814299327980087e-07
78020 1.0000020000055513e-06 3.6514910196381357e-07
78030 1.0000020000055513e-06 3.6514910196381357e-07
78040 1.3333360000055512e-06 2.9814299327980087e-07
78050 6.666680000055511e-07 3.6514910196482715e-07
78060 1.0000020000055513e-06 3.6514910196381357e-07
78070 6.666680000111022e-07 3.651491019628001e-07
78080 1.3333360000000002e-06 2.9814299328476596e-07
78090 1.0000020000111023e-06 3.651491019607731e-07
78100 1.3333360000055512e-06 2.9814299327980087e-07
78110 1.0000020000111023e-06 3.651491019607731e-07
78120 1.665336e-17 6.0809472868361544e-18
78130 1.3333360000055512e-06 2.9814299327980087e-07
78140 1.0000020000111023e-06 3.651491019607731e-07
78150 6.666680000055511e-07 3.6514910196482715e-07
78160 1.0000020000055513e-06 3.6514910196381357e-07
78170 6.666680000166534e-07 3.6514910196077315e-07
78180 6.666680000111022e-07 3.651491019628001e-07
78190 1.000002e-06 3.651491019668541e-07
78200 1.0000020000055513e-06 3.6514910196381357e-07
78210 1.3333360000055512e-06 2.9814299327980087e-07
78220 1.3333360000000002e-06 2.9814299328476596e-07
78230 3.333340000055511e-07 2.981429932835247e-07
78240 1.3333360000055512e-06 2.9814299327980087e-07
78250 1.3333360000000002e-06 2.9814299328476596e-07
78260 1.0000020000055513e-06 3.6514910196381357e-07
78270 6.666680000111022e-07 3.651491019628001e-07
78280 3.3333400001110226e-07 2.981429932822834e-07
78290 3.3333400001665334e-07 2.981429932810421e-07
78300 6.666680000000001e-07 3.651491019668541e-07
78310 1.000002e-06 3.651491019668541e-07
78320 1.0000020000055513e-06 3.6514910196381357e-07
78330 6.666680000111022e-07 3.651491019628001e-07
78340 6.666680000055511e-07 3.6514910196482715e-07
78350 1.0000020000055513e-06 3.6514910196381357e-07
78360 1.3333360000055512e-06 2.9814299327980087e-07
78370 6.666680000055511e-07 3.6514910196482715e-07
78380 1.0000020000111023e-06 3.651491019607731e-07
78390 6.666680000055511e-07 3.6514910196482715e-07
78400 6.666680000055511e-07 3.6514910196482715e-07
78410 1.000002e-06 3.651491019668541e-07
78420 1.3333360000055512e-06 2.9814299327980087e-07
78430 1.3333360000055512e-06 2.9814299327980087e-07
78440 1.3333360000055512e-06 2.9814299327980087e-07
78450 1.0000020000055513e-06 3.6514910196381357e-07
78460 1.3333360000055512e-06 2.9814299327980087e-07
78470 1.000002e-06 3.651491019668541e-07
78480 6.666680000111022e-07 3.651491019628001e-07
78490 1.0000020000055513e-06 3.6514910196381357e-07
78500 1.3333360000055512e-06 2.9814299327980087e-07
78510 1.0000020000055513e-06 3.6514910196381357e-07
78520 0.020001733335999996 0.01788860344788143
78530 0.02000033333400001 0.017888469286579254
78540 6.666680000111022e-07 3.651491019628001e-07
78550 6.666680000055511e-07 3.6514910196482715e-07
78560 1.0000020000055513e-06 3.6514910196381357e-07
78570 3.3333400001665334e-07 2.981429932810421e-07
78580 3.3333400001665334e-07 2.9814299328104214e-07
78590 1.000002e-06 3.651491019668541e-07
78600 6.666680000111022e-07 3.651491019628001e-07
78610 6.666680000111022e-07 3.651491019628001e-07
78620 1.66667e-06 0.0
78630 1.3333360000000002e-06 2.9814299328476596e-07
78640 6.666680000111022e-07 3.651491019628001e-07
78650 3.3333400001110226e-07 2.981429932822834e-07
78660 1.0000020000111023e-06 3.651491019607731e-07
78670 1.665336e-17 6.080947286836155e-18
78680 6.666680000000001e-07 3.651491019668541e-07
78690 6.666680000111022e-07 3.651491019628001e-07
78700 1.0000020000055513e-06 3.6514910196381357e-07
78710 1.66667e-06 0.0
78720 1.0000020000055513e-06 3.6514910196381357e-07
78730 1.3333360000000002e-06 2.9814299328476596e-07
78740 1.0000020000055513e-06 3.6514910196381357e-07
78750 1.000002e-06 3.651491019668541e-07
78760 3.333340000055511e-07 2.981429932835247e-07
78770 3.3333400001110226e-07 2.981429932822834e-07
78780 6.666680000111022e-07 3.651491019628001e-07
78790 3.3333400001110226e-07 2.981429932822834e-07
78800 1.0000020000111023e-06 3.651491019607731e-07
78810 1.000002e-06 3.651491019668541e-07
78820 1.0000020000055513e-06 3.6514910196381357e-07
78830 1.66667e-06 0.0
78840 6.666680000111022e-07 3.651491019628001e-07
78850 3.3333400001665334e-07 2.9814299328104214e-07
78860 6.666680000111022e-07 3.651491019628001e-07
78870 1.0000020000055513e-06 3.6514910196381357e-07
78880 1.0000020000055513e-06 3.6514910196381357e-07
78890 3.3333400001665334e-07 2.981429932810421e-07
78900 1.000002e-06 3.651491019668541e-07
78910 3.3333400001110226e-07 2.981429932822834e-07
78920 1.3333360000055512e-06 2.9814299327980087e-07
78930 1.3333360000000002e-06 2.9814299328476596e-07
78940 1.3333360000055512e-06 2.9814299327980087e-07
78950 1.0000020000111023e-06 3.651491019607731e-07
78960 1.0000020000055513e-06 3.6514910196381357e-07
78970 1.66667e-06 0.0
78980 1.0000020000055513e-06 3.6514910196381357e-07
78990 1.0000020000055513e-06 3.6514910196381357e-07
79000 1.000002e-06 3.651491019668541e-07
79010 1.0000020000055513e-06 3.6514910196381357e-07
79020 1.3333360000000002e-06 2.9814299328476596e-07
79030 1.0000020000055513e-06 3.6514910196381357e-07
79040 6.666680000055511e-07 3.6514910196482715e-07
79050 1.0000020000055513e-06 3.6514910196381357e-07
79060 1.3333360000000002e-06 2.9814299328476596e-07
79070 1.0000020000055513e-06 3.6514910196381357e-07
79080 1.0000020000055513e-06 3.6514910196381357e-07
79090 1.0000020000055513e-06 3.6514910196381357e-07
79100 3.3333400001110226e-07 2.981429932822834e-07
79110 6.666680000055511e-07 3.6514910196482715e-07
79120 6.666680000000001e-07 3.651491019668541e-07
79130 1.3333360000055512e-06 2.9814299327980087e-07
79140 1.0000020000055513e-06 3.6514910196381357e-07
79150 6.666680000111022e-07 3.651491019628001e-07
79160 6.666680000000001e-07 3.651491019668541e-07
79170 1.0000020000055513e-06 3.6514910196381357e-07
79180 1.3333360000000002e-06 2.9814299328476596e-07
79190 1.3333360000055512e-06 2.9814299327980087e-07
79200 1.66667e-06 0.0
79210 6.666680000111022e-07 3.651491019628001e-07
79220 1.0000020000055513e-06 3.6514910196381357e-07
79230 6.666680000111022e-07 3.651491019628001e-07
79240 1.000002e-06 3.651491019668541e-07
79250 1.0000020000055513e-06 3.6514910196381357e-07
79260 6.666680000055511e-07 3.6514910196482715e-07
79270 1.0000020000111023e-06 3.651491019607731e-07
79280 3.3333400001110226e-07 2.981429932822834e-07
79290 3.3333400000000004e-07 2.9814299328476596e-07
79300 1.0000020000055513e-06 3.6514910196381357e-07
79310 6.666680000055511e-07 3.6514910196482715e-07
79320 1.0000020000055513e-06 3.6514910196381357e-07
79330 1.3333360000000002e-06 2.9814299328476596e-07
79340 1.3333360000000002e-06 2.9814299328476596e-07
79350 1.66667e-06 0.0
79360 1.000002e-06 3.651491019668541e-07
79370 1.3333360000055512e-06 2.9814299327980087e-07
79380 6.666680000055511e-07 3.6514910196482715e-07
79390 1.0000020000055513e-06 3.6514910196381357e-07
79400 1.3333360000055512e-06 2.9814299327980087e-07
79410 6.666680000166534e-07 3.651491019607731e-07
79420 6.666680000166534e-07 3.651491019607731e-07
79430 1.66667e-06 0.0
79440 1.0000020000055513e-06 3.6514910196381357e-07
79450 3.3333400001665334e-07 2.9814299328104214e-07
79460 6.666680000166534e-07 3.651491019607731e-07
79470 6.666680000055511e-07 3.6514910196482715e-07
79480 6.666680000000001e-07 3.651491019668541e-07
79490 6.666680000055511e-07 3.6514910196482715e-07
79500 1.0000020000055513e-06 3.6514910196381357e-07
79510 6.666680000111022e-07 3.651491019628001e-07
79520 1.3333360000000002e-06 2.9814299328476596e-07
79530 1.0000020000055513e-06 3.6514910196381357e-07
79540 1.0000020000055513e-06 3.6514910196381357e-07
79550 1.0000020000055513e-06 3.6514910196381357e-07
79560 1.3333360000055512e-06 2.9814299327980087e-07
79570 1.66667e-06 0.0
79580 1.3333360000055512e-06 2.9814299327980087e-07
79590 1.0000020000055513e-06 3.6514910196381357e-07
79600 1.0000020000055513e-06 3.6514910196381357e-07
79610 3.3333400001110226e-07 2.981429932822834e-07
79620 1.000002e-06 3.651491019668541e-07
79630 6.666680000055511e-07 3.6514910196482715e-07
79640 6.666680000111022e-07 3.651491019628001e-07
79650 1.3333360000055512e-06 2.9814299327980087e-07
79660 6.666680000055511e-07 3.6514910196482715e-07
79670 1.0000020000055513e-06 3.6514910196381357e-07
79680 1.0000020000055513e-06 3.6514910196381357e-07
79690 1.0000020000111023e-06 3.651491019607731e-07
79700 1.0000020000055513e-06 3.6514910196381357e-07
79710 1.000002e-06 3.651491019668541e-07
79720 1.3333360000055512e-06 2.9814299327980087e-07
79730 1.0000020000055513e-06 3.6514910196381357e-07
79740 1.0000020000055513e-06 3.6514910196381357e-07
79750 1.000002e-06 3.651491019668541e-07
79760 1.000002e-06 3.651491019668541e-07
79770 6.666680000000001e-07 3.651491019668541e-07
79780 6.666680000111022e-07 3.651491019628001e-07
79790 1.66667e-06 0.0
79800 1.3333360000000002e-06 2.9814299328476596e-07
79810 6.666680000055511e-07 3.6514910196482715e-07
79820 1.0000020000055513e-06 3.6514910196381357e-07
79830 1.3333360000055512e-06 2.9814299327980087e-07
79840 1.0000020000111023e-06 3.6514910196077315e-07
79850 6.666680000166534e-07 3.6514910196077315e-07
79860 3.333340000055511e-07 2.981429932835247e-07
79870 6.666680000166534e-07 3.651491019607731e-07
79880 1.0000020000111023e-06 3.651491019607731e-07
79890 1.0000020000111023e-06 3.651491019607731e-07
79900 1.3333360000055512e-06 2.9814299327980087e-07
79910 1.3333360000000002e-06 2.9814299328476596e-07
79920 6.666680000000001e-07 3.651491019668541e-07
79930 1.3333360000000002e-06 2.9814299328476596e-07
79940 6.666680000055511e-07 3.6514910196482715e-07
79950 6.666680000055511e-07 3.6514910196482715e-07
79960 1.3333360000055512e-06 2.9814299327980087e-07
79970 6.666680000111022e-07 3.651491019628001e-07
79980 1.0000020000055513e-06 3.6514910196381357e-07
79990 6.666680000111022e-07 3.651491019628001e-07
80000 6.666680000055511e-07 3.6514910196482715e-07
80010 6.666680000166534e-07 3.651491019607731e-07
80020 1.3333360000000002e-06 2.9814299328476596e-07
80030 1.0000020000055513e-06 3.6514910196381357e-07
80040 6.666680000166534e-07 3.651491019607731e-07
80050 1.0000020000111023e-06 3.651491019607731e-07
80060 1.3333360000055512e-06 2.9814299327980087e-07
80070 6.666680000000001e-07 3.651491019668541e-07
80080 1.3333360000055512e-06 2.9814299327980087e-07
80090 3.333340000055511e-07 2.981429932835247e-07
80100 1.0000020000111023e-06 3.651491019607731e-07
80110 1.0000020000055513e-06 3.6514910196381357e-07
80120 6.666680000055511e-07 3.6514910196482715e-07
80130 6.666680000055511e-07 3.6514910196482715e-07
80140 6.666680000166534e-07 3.651491019607731e-07
80150 1.0000020000055513e-06 3.6514910196381357e-07
80160 1.3333360000000002e-06 2.9814299328476596e-07
80170 1.66667e-06 0.0
80180 6.666680000111022e-07 3.651491019628001e-07
80190 1.000002e-06 3.651491019668541e-07
80200 1.0000020000111023e-06 3.651491019607731e-07
80210 3.3333400001665334e-07 2.9814299328104214e-07
80220 2.2204479999999997e-17 4.965072668503453e-18
80230 1.3333360000000002e-06 2.9814299328476596e-07
80240 6.666680000055511e-07 3.6514910196482715e-07
80250 1.000002e-06 3.651491019668541e-07
80260 6.666680000166534e-07 3.6514910196077315e-07
80270 1.3333360000055512e-06 2.9814299327980087e-07
80280 1.0000020000111023e-06 3.6514910196077315e-07
80290 1.0000020000055513e-06 3.6514910196381357e-07
80300 1.0000020000111023e-06 3.6514910196077315e-07
80310 6.666680000055511e-07 3.6514910196482715e-07
80320 6.666680000111022e-07 3.651491019628001e-07
80330 6.666680000111022e-07 3.651491019628001e-07
80340 1.3333360000000002e-06 2.9814299328476596e-07
80350 1.66667e-06 0.0
80360 6.666680000111022e-07 3.651491019628001e-07
80370 3.3333400000000004e-07 2.9814299328476596e-07
80380 6.666680000055511e-07 3.6514910196482715e-07
80390 1.3333360000000002e-06 2.9814299328476596e-07
80400 1.66667e-06 0.0
80410 1.3333360000055512e-06 2.9814299327980087e-07
80420 1.000002e-06 3.651491019668541e-07
80430 1.3333360000000002e-06 2.9814299328476596e-07
80440 1.0000020000055513e-06 3.6514910196381357e-07
80450 6.666680000111022e-07 3.651491019628001e-07
80460 1.0000020000111023e-06 3.651491019607731e-07
80470 3.3333400001665334e-07 2.9814299328104214e-07
80480 6.666680000111022e-07 3.651491019628001e-07
80490 1.0000020000111023e-06 3.651491019607731e-07
80500 1.3333360000055512e-06 2.9814299327980087e-07
80510 1.0000020000055513e-06 3.6514910196381357e-07
80520 1.0000020000055513e-06 3.6514910196381357e-07
80530 1.66667e-06 0.0
80540 1.66667e-06 0.0
80550 6.666680000055511e-07 3.6514910196482715e-07
80560 3.3333400001665334e-07 2.981429932810421e-07
80570 1.3333360000055512e-06 2.9814299327980087e-07
80580 1.0000020000055513e-06 3.6514910196381357e-07
80590 1.3333360000000002e-06 2.9814299328476596e-07
80600 1.3333360000000002e-06 2.9814299328476596e-07
80610 1.0000020000055513e-06 3.6514910196381357e-07
80620 1.0000020000111023e-06 3.651491019607731e-07
80630 1.3333360000055512e-06 2.9814299327980087e-07
80640 1.0000020000111023e-06 3.651491019607731e-07
80650 6.666680000166534e-07 3.651491019607731e-07
80660 3.3333400001665334e-07 2.9814299328104214e-07
80670 6.666680000111022e-07 3.651491019628001e-07
80680 6.666680000111022e-07 3.651491019628001e-07
80690 1.3333360000000002e-06 2.9814299328476596e-07
80700 1.3333360000055512e-06 2.9814299327980087e-07
80710 1.0000020000055513e-06 3.6514910196381357e-07
80720 1.000002e-06 3.651491019668541e-07
80730 1.0000020000055513e-06 3.6514910196381357e-07
80740 1.3333360000055512e-06 2.9814299327980087e-07
80750 6.666680000055511e-07 3.6514910196482715e-07
80760 3.3333400001110226e-07 2.981429932822834e-07
80770 1.0000020000055513e-06 3.6514910196381357e-07
80780 3.3333400001110226e-07 2.981429932822834e-07
80790 1.000002e-06 3.651491019668541e-07
80800 1.66667e-06 0.0
80810 3.3333400001110226e-07 2.981429932822834e-07
80820 6.666680000166534e-07 3.6514910196077315e-07
80830 1.3333360000055512e-06 2.9814299327980087e-07
80840 1.3333360000000002e-06 2.9814299328476596e-07
80850 6.666680000111022e-07 3.651491019628001e-07
80860 3.3333400001110226e-07 2.981429932822834e-07
80870 1.3333360000055512e-06 2.9814299327980087e-07
80880 1.0000020000055513e-06 3.6514910196381357e-07
80890 1.0000020000055513e-06 3.6514910196381357e-07
80900 3.3333400001110226e-07 2.981429932822834e-07
80910 6.666680000055511e-07 3.6514910196482715e-07
80920 1.0000020000055513e-06 3.6514910196381357e-07
80930 6.666680000055511e-07 3.6514910196482715e-07
80940 6.666680000055511e-07 3.6514910196482715e-07
80950 1.3333360000055512e-06 2.9814299327980087e-07
80960 1.0000020000055513e-06 3.6514910196381357e-07
80970 1.0000020000055513e-06 3.6514910196381357e-07
80980 1.1102239999999998e-17 6.080947286836155e-18
80990 3.333340000055511e-07 2.981429932835247e-07
81000 6.666680000055511e-07 3.6514910196482715e-07
81010 6.666680000055511e-07 3.6514910196482715e-07
81020 1.3333360000055512e-06 2.9814299327980087e-07
81030 1.66667e-06 0.0
81040 1.66667e-06 0.0
81050 3.3333400001110226e-07 2.981429932822834e-07
81060 1.0000020000055513e-06 3.6514910196381357e-07
81070 5.551119999999999e-18 4.965072668503452e-18
81080 6.666680000055511e-07 3.6514910196482715e-07
81090 1.0000020000055513e-06 3.6514910196381357e-07
81100 1.3333360000000002e-06 2.9814299328476596e-07
81110 1.0000020000111023e-06 3.651491019607731e-07
81120 1.66667e-06 0.0
81130 1.0000020000055513e-06 3.6514910196381357e-07
81140 1.0000020000055513e-06 3.6514910196381357e-07
81150 1.3333360000055512e-06 2.9814299327980087e-07
81160 1.3333360000055512e-06 2.9814299327980087e-07
81170 1.0000020000055513e-06 3.6514910196381357e-07
81180 6.666680000055511e-07 3.6514910196482715e-07
81190 1.000002e-06 3.651491019668541e-07
81200 1.0000020000055513e-06 3.6514910196381357e-07
81210 1.000002e-06 3.651491019668541e-07
81220 1.66667e-06 0.0
81230 6.666680000111022e-07 3.651491019628001e-07
81240 1.3333360000055512e-06 2.9814299327980087e-07
81250 6.666680000166534e-07 3.651491019607731e-07
81260 1.0000020000055513e-06 3.6514910196381357e-07
81270 6.666680000000001e-07 3.651491019668541e-07
81280 1.0000020000055513e-06 3.6514910196381357e-07
81290 6.666680000111022e-07 3.651491019628001e-07
81300 1.0000020000055513e-06 3.6514910196381357e-07
81310 1.0000020000055513e-06 3.6514910196381357e-07
81320 2.2204479999999997e-17 4.965072668503452e-18
81330 6.666680000111022e-07 3.651491019628001e-07
81340 3.3333400001665334e-07 2.9814299328104214e-07
81350 1.000002e-06 3.651491019668541e-07
81360 1.000002e-06 3.651491019668541e-07
81370 1.66667e-06 0.0
81380 1.000002e-06 3.651491019668541e-07
81390 1.3333360000000002e-06 2.9814299328476596e-07
81400 1.3333360000000002e-06 2.9814299328476596e-07
81410 1.0000020000111023e-06 3.651491019607731e-07
81420 3.333340000055511e-07 2.9814299328352464e-07
81430 1.3333360000000002e-06 2.9814299328476596e-07
81440 6.666680000055511e-07 3.6514910196482715e-07
81450 6.666680000111022e-07 3.651491019628001e-07
81460 1.0000020000055513e-06 3.6514910196381357e-07
81470 1.3333360000000002e-06 2.9814299328476596e-07
81480 1.0000020000055513e-06 3.6514910196381357e-07
81490 6.666680000055511e-07 3.6514910196482715e-07
81500 3.3333400000000004e-07 2.9814299328476596e-07
81510 6.666680000166534e-07 3.6514910196077315e-07
81520 6.666680000111022e-07 3.651491019628001e-07
81530 1.0000020000055513e-06 3.6514910196381357e-07
81540 2.2204479999999997e-17 4.965072668503453e-18
81550 1.0000020000111023e-06 3.651491019607731e-07
81560 3.3333400001665334e-07 2.981429932810421e-07
81570 1.3333360000000002e-06 2.9814299328476596e-07
81580 6.666680000111022e-07 3.651491019628001e-07
81590 1.3333360000000002e-06 2.9814299328476596e-07
81600 1.0000020000055513e-06 3.6514910196381357e-07
81610 1.3333360000055512e-06 2.9814299327980087e-07
81620 1.3333360000055512e-06 2.9814299327980087e-07
81630 1.3333360000055512e-06 2.9814299327980087e-07
81640 1.000002e-06 3.651491019668541e-07
81650 3.333340000055511e-07 2.981429932835247e-07
81660 6.666680000111022e-07 3.651491019628001e-07
81670 1.000002e-06 3.651491019668541e-07
81680 6.666680000055511e-07 3.6514910196482715e-07
81690 1.0000020000055513e-06 3.6514910196381357e-07
81700 1.0000020000111023e-06 3.651491019607731e-07
81710 6.666680000055511e-07 3.6514910196482715e-07
81720 1.3333360000055512e-06 2.9814299327980087e-07
81730 1.0000020000111023e-06 3.651491019607731e-07
81740 6.666680000111022e-07 3.651491019628001e-07
81750 1.000002e-06 3.651491019668541e-07
81760 6.666680000111022e-07 3.651491019628001e-07
81770 6.666680000111022e-07 3.651491019628001e-07
81780 3.333340000055511e-07 2.981429932835247e-07
81790 6.666680000000001e-07 3.651491019668541e-07
81800 6.666680000111022e-07 3.651491019628001e-07
81810 6.666680000055511e-07 3.6514910196482715e-07
81820 1.3333360000000002e-06 2.9814299328476596e-07
81830 1.3333360000055512e-06 2.9814299327980087e-07
81840 1.0000020000111023e-06 3.651491019607731e-07
81850 6.666680000111022e-07 3.651491019628001e-07
81860 3.3333400001110226e-07 2.981429932822834e-07
81870 1.3333360000055512e-06 2.9814299327980087e-07
81880 6.666680000055511e-07 3.6514910196482715e-07
81890 5.551119999999999e-18 4.965072668503452e-18
81900 1.665336e-17 6.0809472868361544e-18
81910 3.3333400001110226e-07 2.981429932822834e-07
81920 1.3333360000055512e-06 2.9814299327980087e-07
81930 3.3333400001665334e-07 2.981429932810421e-07
81940 1.3333360000055512e-06 2.9814299327980087e-07
81950 1.3333360000000002e-06 2.9814299328476596e-07
81960 1.0000020000055513e-06 3.6514910196381357e-07
81970 1.0000020000055513e-06 3.6514910196381357e-07
81980 1.0000020000055513e-06 3.6514910196381357e-07
81990 3.333340000055511e-07 2.9814299328352464e-07
82000 6.666680000000001e-07 3.651491019668541e-07
82010 1.000002e-06 3.651491019668541e-07
82020 1.0000020000055513e-06 3.6514910196381357e-07
82030 1.000002e-06 3.651491019668541e-07
82040 1.000002e-06 3.651491019668541e-07
82050 1.000002e-06 3.651491019668541e-07
82060 1.0000020000055513e-06 3.6514910196381357e-07
82070 1.3333360000000002e-06 2.9814299328476596e-07
82080 6.666680000166534e-07 3.651491019607731e-07
82090 1.000002e-06 3.651491019668541e-07
82100 1.0000020000055513e-06 3.6514910196381357e-07
82110 6.666680000055511e-07 3.6514910196482715e-07
82120 6.666680000000001e-07 3.651491019668541e-07
82130 1.000002e-06 3.651491019668541e-07
82140 1.3333360000000002e-06 2.9814299328476596e-07
82150 1.3333360000055512e-06 2.9814299327980087e-07
82160 6.666680000055511e-07 3.6514910196482715e-07
82170 1.3333360000055512e-06 2.9814299327980087e-07
82180 6.666680000111022e-07 3.651491019628001e-07
82190 1.3333360000000002e-06 2.9814299328476596e-07
82200 1.000002e-06 3.651491019668541e-07
82210 6.666680000111022e-07 3.651491019628001e-07
82220 1.0000020000055513e-06 3.6514910196381357e-07
82230 1.0000020000111023e-06 3.651491019607731e-07
82240 6.666680000111022e-07 3.651491019628001e-07
82250 6.666680000166534e-07 3.6514910196077315e-07
82260 1.3333360000055512e-06 2.9814299327980087e-07
82270 3.333340000055511e-07 2.9814299328352464e-07
82280 3.3333400000000004e-07 2.9814299328476596e-07
82290 1.66667e-06 0.0
82300 1.3333360000000002e-06 2.9814299328476596e-07
82310 1.66667e-06 0.0
82320 1.665336e-17 6.0809472868361544e-18
82330 1.665336e-17 6.0809472868361544e-18
82340 3.3333400001665334e-07 2.9814299328104214e-07
82350 1.3333360000000002e-06 2.9814299328476596e-07
82360 1.3333360000055512e-06 2.9814299327980087e-07
82370 1.0000020000111023e-06 3.6514910196077315e-07
82380 1.0000020000055513e-06 3.6514910196381357e-07
82390 1.66667e-06 0.0
82400 1.3333360000055512e-06 2.9814299327980087e-07
82410 6.666680000111022e-07 3.651491019628001e-07
82420 1.0000020000111023e-06 3.651491019607731e-07
82430 1.0000020000055513e-06 3.6514910196381357e-07
82440 1.000002e-06 3.651491019668541e-07
82450 1.3333360000055512e-06 2.9814299327980087e-07
82460 1.3333360000055512e-06 2.9814299327980087e-07
82470 1.0000020000111023e-06 3.651491019607731e-07
82480 6.666680000111022e-07 3.651491019628001e-07
82490 6.666680000111022e-07 3.651491019628001e-07
82500 6.666680000166534e-07 3.6514910196077315e-07
82510 1.3333360000055512e-06 2.9814299327980087e-07
82520 6.666680000111022e-07 3.651491019628001e-07
82530 1.0000020000055513e-06 3.6514910196381357e-07
82540 1.3333360000000002e-06 2.9814299328476596e-07
82550 6.666680000055511e-07 3.6514910196482715e-07
82560 1.000002e-06 3.651491019668541e-07
82570 1.0000020000111023e-06 3.651491019607731e-07
82580 1.0000020000055513e-06 3.6514910196381357e-07
82590 1.3333360000055512e-06 2.9814299327980087e-07
82600 1.0000020000111023e-06 3.651491019607731e-07
82610 6.666680000111022e-07 3.651491019628001e-07
82620 1.665336e-17 6.0809472868361544e-18
82630 1.3333360000000002e-06 2.9814299328476596e-07
82640 1.0000020000055513e-06 3.6514910196381357e-07
82650 1.3333360000055512e-06 2.9814299327980087e-07
82660 1.000002e-06 3.651491019668541e-07
82670 6.666680000111022e-07 3.651491019628001e-07
82680 6.666680000166534e-07 3.651491019607731e-07
82690 6.666680000111022e-07 3.651491019628001e-07
82700 6.666680000166534e-07 3.651491019607731e-07
82710 1.3333360000055512e-06 2.9814299327980087e-07
82720 6.666680000055511e-07 3.6514910196482715e-07
82730 6.666680000111022e-07 3.651491019628001e-07
82740 1.0000020000111023e-06 3.651491019607731e-07
82750 6.666680000111022e-07 3.651491019628001e-07
82760 1.3333360000000002e-06 2.9814299328476596e-07
82770 1.3333360000055512e-06 2.9814299327980087e-07
82780 1.000002e-06 3.651491019668541e-07
82790 1.3333360000055512e-06 2.9814299327980087e-07
82800 1.66667e-06 0.0
82810 1.3333360000000002e-06 2.9814299328476596e-07
82820 1.3333360000055512e-06 2.9814299327980087e-07
82830 6.666680000111022e-07 3.651491019628001e-07
82840 1.0000020000111023e-06 3.651491019607731e-07
82850 6.666680000111022e-07 3.651491019628001e-07
82860 1.0000020000111023e-06 3.651491019607731e-07
82870 3.3333400001665334e-07 2.981429932810421e-07
82880 1.0000020000055513e-06 3.6514910196381357e-07
82890 6.666680000055511e-07 3.6514910196482715e-07
82900 1.000002e-06 3.651491019668541e-07
82910 1.3333360000055512e-06 2.9814299327980087e-07
82920 1.3333360000055512e-06 2.9814299327980087e-07
82930 1.3333360000055512e-06 2.9814299327980087e-07
82940 6.666680000111022e-07 3.651491019628001e-07
82950 3.3333400001665334e-07 2.9814299328104214e-07
82960 1.000002e-06 3.651491019668541e-07
82970 1.0000020000111023e-06 3.651491019607731e-07
82980 1.3333360000000002e-06 2.9814299328476596e-07
82990 3.3333400001665334e-07 2.981429932810421e-07
83000 1.0000020000055513e-06 3.6514910196381357e-07
83010 1.66667e-06 0.0
83020 1.3333360000000002e-06 2.9814299328476596e-07
83030 1.0000020000111023e-06 3.651491019607731e-07
83040 1.0000020000111023e-06 3.651491019607731e-07
83050 6.666680000055511e-07 3.6514910196482715e-07
83060 6.666680000111022e-07 3.651491019628001e-07
83070 1.0000020000111023e-06 3.651491019607731e-07
83080 6.666680000166534e-07 3.651491019607731e-07
83090 6.666680000055511e-07 3.6514910196482715e-07
83100 6.666680000000001e-07 3.651491019668541e-07
83110 3.3333400000000004e-07 2.9814299328476596e-07
83120 1.3333360000000002e-06 2.9814299328476596e-07
83130 1.3333360000000002e-06 2.9814299328476596e-07
83140 6.666680000055511e-07 3.6514910196482715e-07
83150 6.666680000111022e-07 3.651491019628001e-07
83160 1.0000020000055513e-06 3.6514910196381357e-07
83170 1.66667e-06 0.0
83180 1.0000020000055513e-06 3.6514910196381357e-07
83190 1.0000020000055513e-06 3.6514910196381357e-07
83200 6.666680000166534e-07 3.6514910196077315e-07
83210 3.3333400001110226e-07 2.981429932822834e-07
83220 1.3333360000055512e-06 2.9814299327980087e-07
83230 1.0000020000111023e-06 3.651491019607731e-07
83240 1.3333360000055512e-06 2.9814299327980087e-07
83250 1.3333360000000002e-06 2.9814299328476596e-07
83260 1.0000020000055513e-06 3.6514910196381357e-07
83270 1.0000020000111023e-06 3.6514910196077315e-07
83280 6.666680000111022e-07 3.651491019628001e-07
83290 1.3333360000055512e-06 2.9814299327980087e-07
83300 1.3333360000000002e-06 2.9814299328476596e-07
83310 1.3333360000000002e-06 2.9814299328476596e-07
83320 1.0000020000111023e-06 3.651491019607731e-07
83330 1.0000020000111023e-06 3.651491019607731e-07
83340 6.666680000055511e-07 3.6514910196482715e-07
83350 1.0000020000111023e-06 3.651491019607731e-07
83360 1.3333360000000002e-06 2.9814299328476596e-07
83370 1.0000020000055513e-06 3.6514910196381357e-07
83380 6.666680000166534e-07 3.651491019607731e-07
83390 1.000002e-06 3.651491019668541e-07
83400 1.0000020000055513e-06 3.6514910196381357e-07
83410 1.0000020000055513e-06 3.6514910196381357e-07
83420 6.666680000166534e-07 3.6514910196077315e-07
83430 3.3333400001110226e-07 2.981429932822834e-07
83440 1.0000020000111023e-06 3.651491019607731e-07
83450 1.0000020000055513e-06 3.6514910196381357e-07
83460 1.000002e-06 3.651491019668541e-07
83470 6.666680000055511e-07 3.6514910196482715e-07
83480 1.3333360000055512e-06 2.9814299327980087e-07
83490 6.666680000000001e-07 3.651491019668541e-07
83500 1.000002e-06 3.651491019668541e-07
83510 1.3333360000055512e-06 2.9814299327980087e-07
83520 6.666680000055511e-07 3.6514910196482715e-07
83530 1.1102239999999998e-17 6.0809472868361544e-18
83540 6.666680000055511e-07 3.6514910196482715e-07
83550 6.666680000166534e-07 3.6514910196077315e-07
83560 1.000002e-06 3.651491019668541e-07
83570 1.0000020000055513e-06 3.6514910196381357e-07
83580 1.0000020000055513e-06 3.6514910196381357e-07
83590 1.3333360000000002e-06 2.9814299328476596e-07
83600 6.666680000055511e-07 3.6514910196482715e-07
83610 1.000002e-06 3.651491019668541e-07
83620 6.666680000111022e-07 3.651491019628001e-07
83630 6.666680000166534e-07 3.651491019607731e-07
83640 6.666680000111022e-07 3.651491019628001e-07
83650 1.3333360000000002e-06 2.9814299328476596e-07
83660 3.3333400001110226e-07 2.981429932822834e-07
83670 6.666680000111022e-07 3.651491019628001e-07
83680 1.0000020000111023e-06 3.651491019607731e-07
83690 1.000002e-06 3.651491019668541e-07
83700 1.0000020000055513e-06 3.6514910196381357e-07
83710 1.0000020000111023e-06 3.651491019607731e-07
83720 3.333340000055511e-07 2.981429932835247e-07
83730 6.666680000000001e-07 3.651491019668541e-07
83740 6.666680000000001e-07 3.651491019668541e-07
83750 1.3333360000055512e-06 2.9814299327980087e-07
83760 1.3333360000000002e-06 2.9814299328476596e-07
83770 3.333340000055511e-07 2.9814299328352464e-07
83780 1.0000020000055513e-06 3.6514910196381357e-07
83790 6.666680000055511e-07 3.6514910196482715e-07
83800 6.666680000166534e-07 3.651491019607731e-07
83810 1.0000020000055513e-06 3.6514910196381357e-07
83820 1.3333360000000002e-06 2.9814299328476596e-07
83830 3.3333400001110226e-07 2.981429932822834e-07
83840 1.3333360000055512e-06 2.9814299327980087e-07
83850 1.3333360000055512e-06 2.9814299327980087e-07
83860 1.3333360000000002e-06 2.9814299328476596e-07
83870 1.3333360000055512e-06 2.9814299327980087e-07
83880 3.3333400000000004e-07 2.9814299328476596e-07
83890 1.0000020000111023e-06 3.651491019607731e-07
83900 1.3333360000055512e-06 2.9814299327980087e-07
83910 3.333340000055511e-07 2.9814299328352464e-07
83920 3.333340000055511e-07 2.9814299328352464e-07
83930 1.1102239999999998e-17 6.0809472868361544e-18
83940 1.3333360000000002e-06 2.9814299328476596e-07
83950 1.665336e-17 6.0809472868361544e-18
83960 6.666680000055511e-07 3.6514910196482715e-07
83970 1.3333360000055512e-06 2.9814299327980087e-07
83980 3.333340000055511e-07 2.9814299328352464e-07
83990 6.666680000000001e-07 3.651491019668541e-07
84000 6.666680000111022e-07 3.651491019628001e-07
84010 1.66667e-06 0.0
84020 1.000002e-06 3.651491019668541e-07
84030 6.666680000055511e-07 3.6514910196482715e-07
84040 6.666680000111022e-07 3.651491019628001e-07
84050 1.3333360000055512e-06 2.9814299327980087e-07
84060 1.3333360000000002e-06 2.9814299328476596e-07
84070 6.666680000111022e-07 3.651491019628001e-07
84080 6.666680000055511e-07 3.6514910196482715e-07
84090 1.3333360000000002e-06 2.9814299328476596e-07
84100 1.0000020000055513e-06 3.6514910196381357e-07
84110 1.3333360000000002e-06 2.9814299328476596e-07
84120 3.3333400001110226e-07 2.981429932822834e-07
84130 6.666680000111022e-07 3.651491019628001e-07
84140 1.000002e-06 3.651491019668541e-07
84150 6.666680000055511e-07 3.6514910196482715e-07
84160 6.666680000055511e-07 3.6514910196482715e-07
84170 1.0000020000055513e-06 3.6514910196381357e-07
84180 6.666680000055511e-07 3.6514910196482715e-07
84190 6.666680000111022e-07 3.651491019628001e-07
84200 6.666680000111022e-07 3.651491019628001e-07
84210 1.000002e-06 3.651491019668541e-07
84220 1.3333360000055512e-06 2.9814299327980087e-07
84230 1.0000020000055513e-06 3.6514910196381357e-07
84240 6.666680000111022e-07 3.651491019628001e-07
84250 1.3333360000055512e-06 2.9814299327980087e-07
84260 6.666680000111022e-07 3.651491019628001e-07
84270 1.3333360000055512e-06 2.9814299327980087e-07
84280 1.0000020000055513e-06 3.6514910196381357e-07
84290 3.3333400001110226e-07 2.981429932822834e-07
84300 1.000002e-06 3.651491019668541e-07
84310 1.66667e-06 0.0
84320 1.3333360000000002e-06 2.9814299328476596e-07
84330 3.3333400001110226e-07 2.981429932822834e-07
84340 6.666680000000001e-07 3.651491019668541e-07
84350 3.3333400001110226e-07 2.981429932822834e-07
84360 3.333340000222045e-07 2.9814299327980087e-07
84370 3.333340000055511e-07 2.9814299328352464e-07
84380 3.3333400001110226e-07 2.981429932822834e-07
84390 6.666680000111022e-07 3.651491019628001e-07
84400 6.666680000055511e-07 3.6514910196482715e-07
84410 6.666680000055511e-07 3.6514910196482715e-07
84420 3.333340000055511e-07 2.9814299328352464e-07
84430 6.666680000111022e-07 3.651491019628001e-07
84440 1.000002e-06 3.651491019668541e-07
84450 6.666680000111022e-07 3.651491019628001e-07
84460 1.000002e-06 3.651491019668541e-07
84470 6.666680000111022e-07 3.651491019628001e-07
84480 1.000002e-06 3.651491019668541e-07
84490 6.666680000055511e-07 3.6514910196482715e-07
84500 1.0000020000111023e-06 3.651491019607731e-07
84510 3.3333400001665334e-07 2.981429932810421e-07
84520 6.666680000000001e-07 3.651491019668541e-07
84530 6.666680000111022e-07 3.651491019628001e-07
84540 1.0000020000055513e-06 3.6514910196381357e-07
84550 3.3333400001110226e-07 2.981429932822834e-07
84560 3.3333400001110226e-07 2.981429932822834e-07
84570 1.0000020000111023e-06 3.651491019607731e-07
84580 1.0000020000055513e-06 3.6514910196381357e-07
84590 6.666680000055511e-07 3.6514910196482715e-07
84600 1.0000020000111023e-06 3.6514910196077315e-07
84610 1.3333360000055512e-06 2.9814299327980087e-07
84620 1.0000020000055513e-06 3.6514910196381357e-07
84630 6.666680000055511e-07 3.6514910196482715e-07
84640 1.0000020000055513e-06 3.6514910196381357e-07
84650 1.000002e-06 3.651491019668541e-07
84660 1.0000020000055513e-06 3.6514910196381357e-07
84670 6.666680000055511e-07 3.6514910196482715e-07
84680 1.0000020000111023e-06 3.651491019607731e-07
84690 1.0000020000055513e-06 3.6514910196381357e-07
84700 1.1102239999999998e-17 6.0809472868361544e-18
84710 1.000002e-06 3.651491019668541e-07
84720 6.666680000055511e-07 3.6514910196482715e-07
84730 1.0000020000055513e-06 3.6514910196381357e-07
84740 6.666680000111022e-07 3.651491019628001e-07
84750 1.0000020000055513e-06 3.6514910196381357e-07
84760 6.666680000166534e-07 3.651491019607731e-07
84770 6.666680000111022e-07 3.651491019628001e-07
84780 1.000002e-06 3.651491019668541e-07
84790 3.3333400001665334e-07 2.9814299328104214e-07
84800 1.0000020000111023e-06 3.651491019607731e-07
84810 1.0000020000055513e-06 3.6514910196381357e-07
84820 1.0000020000055513e-06 3.6514910196381357e-07
84830 1.0000020000055513e-06 3.6514910196381357e-07
84840 1.0000020000055513e-06 3.6514910196381357e-07
84850 6.666680000166534e-07 3.651491019607731e-07
84860 3.3333400001665334e-07 2.981429932810421e-07
84870 1.0000020000111023e-06 3.651491019607731e-07
84880 1.3333360000000002e-06 2.9814299328476596e-07
84890 1.665336e-17 6.0809472868361544e-18
84900 1.0000020000055513e-06 3.6514910196381357e-07
84910 6.666680000111022e-07 3.651491019628001e-07
84920 6.666680000000001e-07 3.651491019668541e-07
84930 1.000002e-06 3.651491019668541e-07
84940 6.666680000055511e-07 3.6514910196482715e-07
84950 1.0000020000111023e-06 3.651491019607731e-07
84960 3.3333400001665334e-07 2.9814299328104214e-07
84970 1.3333360000000002e-06 2.9814299328476596e-07
84980 1.3333360000000002e-06 2.9814299328476596e-07
84990 1.0000020000055513e-06 3.6514910196381357e-07
85000 6.666680000111022e-07 3.651491019628001e-07
85010 1.0000020000055513e-06 3.6514910196381357e-07
85020 6.666680000166534e-07 3.6514910196077315e-07
85030 1.0000020000055513e-06 3.6514910196381357e-07
85040 1.000002e-06 3.651491019668541e-07
85050 1.0000020000055513e-06 3.6514910196381357e-07
85060 3.3333400001110226e-07 2.981429932822834e-07
85070 6.666680000111022e-07 3.651491019628001e-07
85080 1.0000020000055513e-06 3.6514910196381357e-07
85090 3.3333400001110226e-07 2.981429932822834e-07
85100 1.0000020000055513e-06 3.6514910196381357e-07
85110 1.000002e-06 3.651491019668541e-07
85120 1.000002e-06 3.651491019668541e-07
85130 1.66667e-06 0.0
85140 3.3333400001665334e-07 2.9814299328104214e-07
85150 1.0000020000055513e-06 3.6514910196381357e-07
85160 1.0000020000111023e-06 3.651491019607731e-07
85170 6.666680000166534e-07 3.651491019607731e-07
85180 3.3333400001110226e-07 2.981429932822834e-07
85190 1.3333360000000002e-06 2.9814299328476596e-07
85200 1.3333360000055512e-06 2.9814299327980087e-07
85210 6.666680000055511e-07 3.6514910196482715e-07
85220 6.666680000166534e-07 3.651491019607731e-07
85230 6.666680000111022e-07 3.651491019628001e-07
85240 1.0000020000055513e-06 3.6514910196381357e-07
85250 6.666680000111022e-07 3.651491019628001e-07
85260 6.666680000055511e-07 3.6514910196482715e-07
85270 1.000002e-06 3.651491019668541e-07
85280 6.666680000055511e-07 3.6514910196482715e-07
85290 3.3333400001665334e-07 2.981429932810421e-07
85300 1.1102239999999998e-17 6.0809472868361544e-18
85310 1.0000020000055513e-06 3.6514910196381357e-07
85320 6.666680000111022e-07 3.651491019628001e-07
85330 1.0000020000055513e-06 3.6514910196381357e-07
85340 1.0000020000055513e-06 3.6514910196381357e-07
85350 1.0000020000111023e-06 3.651491019607731e-07
85360 3.333340000055511e-07 2.981429932835247e-07
85370 1.66667e-06 0.0
85380 1.66667e-06 0.0
85390 1.66667e-06 0.0
85400 1.000002e-06 3.651491019668541e-07
85410 1.3333360000055512e-06 2.9814299327980087e-07
85420 1.0000020000055513e-06 3.6514910196381357e-07
85430 1.000002e-06 3.651491019668541e-07
85440 1.66667e-06 0.0
85450 1.000002e-06 3.651491019668541e-07
85460 6.666680000055511e-07 3.6514910196482715e-07
85470 3.3333400001110226e-07 2.981429932822834e-07
85480 1.0000020000111023e-06 3.651491019607731e-07
85490 1.3333360000000002e-06 2.9814299328476596e-07
85500 6.666680000166534e-07 3.651491019607731e-07
85510 6.666680000166534e-07 3.651491019607731e-07
85520 3.3333400001665334e-07 2.981429932810421e-07
85530 2.2204479999999997e-17 4.965072668503453e-18
85540 1.0000020000055513e-06 3.6514910196381357e-07
85550 6.666680000111022e-07 3.651491019628001e-07
85560 1.0000020000055513e-06 3.6514910196381357e-07
85570 6.666680000166534e-07 3.651491019607731e-07
85580 1.0000020000055513e-06 3.6514910196381357e-07
85590 1.0000020000055513e-06 3.6514910196381357e-07
85600 1.0000020000055513e-06 3.6514910196381357e-07
85610 1.0000020000055513e-06 3.6514910196381357e-07
85620 1.3333360000055512e-06 2.9814299327980087e-07
85630 1.66667e-06 0.0
85640 1.3333360000000002e-06 2.9814299328476596e-07
85650 3.3333400000000004e-07 2.9814299328476596e-07
85660 6.666680000000001e-07 3.651491019668541e-07
85670 6.666680000166534e-07 3.6514910196077315e-07
85680 3.3333400001110226e-07 2.981429932822834e-07
85690 1.3333360000000002e-06 2.9814299328476596e-07
85700 1.3333360000055512e-06 2.9814299327980087e-07
85710 6.666680000055511e-07 3.6514910196482715e-07
85720 1.3333360000055512e-06 2.9814299327980087e-07
85730 6.666680000055511e-07 3.6514910196482715e-07
85740 1.0000020000055513e-06 3.6514910196381357e-07
85750 3.333340000055511e-07 2.9814299328352464e-07
85760 1.000002e-06 3.651491019668541e-07
85770 1.0000020000055513e-06 3.6514910196381357e-07
85780 1.665336e-17 6.0809472868361544e-18
85790 6.666680000055511e-07 3.6514910196482715e-07
85800 1.0000020000111023e-06 3.651491019607731e-07
85810 6.666680000055511e-07 3.6514910196482715e-07
85820 1.0000020000055513e-06 3.6514910196381357e-07
85830 1.665336e-17 6.080947286836155e-18
85840 1.0000020000055513e-06 3.6514910196381357e-07
85850 6.666680000111022e-07 3.651491019628001e-07
85860 1.000002e-06 3.651491019668541e-07
85870 3.3333400001110226e-07 2.981429932822834e-07
85880 3.333340000055511e-07 2.981429932835247e-07
85890 1.0000020000111023e-06 3.651491019607731e-07
85900 1.0000020000055513e-06 3.6514910196381357e-07
85910 1.0000020000055513e-06 3.6514910196381357e-07
85920 6.666680000166534e-07 3.6514910196077315e-07
85930 1.000002e-06 3.651491019668541e-07
85940 1.000002e-06 3.651491019668541e-07
85950 3.333340000055511e-07 2.981429932835247e-07
85960 1.0000020000055513e-06 3.6514910196381357e-07
85970 6.666680000111022e-07 3.651491019628001e-07
85980 6.666680000055511e-07 3.6514910196482715e-07
85990 3.3333400001110226e-07 2.981429932822834e-07
86000 1.3333360000000002e-06 2.9814299328476596e-07
86010 1.0000020000055513e-06 3.6514910196381357e-07
86020 1.000002e-06 3.651491019668541e-07
86030 1.0000020000055513e-06 3.6514910196381357e-07
86040 3.333340000222045e-07 2.9814299327980087e-07
86050 1.000002e-06 3.651491019668541e-07
86060 1.665336e-17 6.0809472868361544e-18
86070 1.3333360000055512e-06 2.9814299327980087e-07
86080 1.3333360000055512e-06 2.9814299327980087e-07
86090 1.0000020000111023e-06 3.651491019607731e-07
86100 1.66667e-06 0.0
86110 6.666680000111022e-07 3.651491019628001e-07
86120 1.0000020000055513e-06 3.6514910196381357e-07
86130 1.000002e-06 3.651491019668541e-07
86140 1.3333360000055512e-06 2.9814299327980087e-07
86150 6.666680000111022e-07 3.651491019628001e-07
86160 1.0000020000111023e-06 3.651491019607731e-07
86170 1.0000020000055513e-06 3.6514910196381357e-07
86180 1.0000020000111023e-06 3.651491019607731e-07
86190 1.3333360000000002e-06 2.9814299328476596e-07
86200 6.666680000055511e-07 3.6514910196482715e-07
86210 6.666680000111022e-07 3.651491019628001e-07
86220 3.3333400001110226e-07 2.981429932822834e-07
86230 1.0000020000055513e-06 3.6514910196381357e-07
86240 6.666680000111022e-07 3.651491019628001e-07
86250 1.0000020000055513e-06 3.6514910196381357e-07
86260 1.0000020000055513e-06 3.6514910196381357e-07
86270 3.3333400001665334e-07 2.981429932810421e-07
86280 1.3333360000055512e-06 2.9814299327980087e-07
86290 1.3333360000055512e-06 2.9814299327980087e-07
86300 1.3333360000000002e-06 2.9814299328476596e-07
86310 1.0000020000111023e-06 3.651491019607731e-07
86320 6.666680000111022e-07 3.651491019628001e-07
86330 6.666680000111022e-07 3.651491019628001e-07
86340 1.0000020000055513e-06 3.6514910196381357e-07
86350 1.000002e-06 3.651491019668541e-07
86360 6.666680000055511e-07 3.6514910196482715e-07
86370 1.3333360000055512e-06 2.9814299327980087e-07
86380 1.0000020000055513e-06 3.6514910196381357e-07
86390 6.666680000111022e-07 3.651491019628001e-07
86400 6.666680000166534e-07 3.651491019607731e-07
86410 1.0000020000111023e-06 3.651491019607731e-07
86420 1.66667e-06 0.0
86430 1.0000020000111023e-06 3.6514910196077315e-07
86440 1.0000020000055513e-06 3.6514910196381357e-07
86450 1.0000020000055513e-06 3.6514910196381357e-07
86460 6.666680000055511e-07 3.6514910196482715e-07
86470 3.3333400001110226e-07 2.981429932822834e-07
86480 1.000002e-06 3.651491019668541e-07
86490 1.3333360000055512e-06 2.9814299327980087e-07
86500 6.666680000055511e-07 3.6514910196482715e-07
86510 6.666680000055511e-07 3.6514910196482715e-07
86520 1.3333360000000002e-06 2.9814299328476596e-07
86530 1.0000020000055513e-06 3.6514910196381357e-07
86540 1.000002e-06 3.651491019668541e-07
86550 3.333340000055511e-07 2.981429932835247e-07
86560 6.666680000111022e-07 3.651491019628001e-07
86570 1.0000020000055513e-06 3.6514910196381357e-07
86580 1.0000020000111023e-06 3.651491019607731e-07
86590 1.3333360000000002e-06 2.9814299328476596e-07
86600 1.0000020000055513e-06 3.6514910196381357e-07
86610 6.666680000111022e-07 3.651491019628001e-07
86620 6.666680000111022e-07 3.651491019628001e-07
86630 6.666680000166534e-07 3.651491019607731e-07
86640 1.0000020000055513e-06 3.6514910196381357e-07
86650 1.3333360000055512e-06 2.9814299327980087e-07
86660 1.66667e-06 0.0
86670 1.66667e-06 0.0
86680 6.666680000111022e-07 3.651491019628001e-07
86690 6.666680000111022e-07 3.651491019628001e-07
86700 6.666680000111022e-07 3.651491019628001e-07
86710 1.3333360000000002e-06 2.9814299328476596e-07
86720 3.3333400001110226e-07 2.981429932822834e-07
86730 6.666680000111022e-07 3.651491019628001e-07
86740 1.3333360000000002e-06 2.9814299328476596e-07
86750 6.666680000055511e-07 3.6514910196482715e-07
86760 1.0000020000055513e-06 3.6514910196381357e-07
86770 1.0000020000055513e-06 3.6514910196381357e-07
86780 1.3333360000055512e-06 2.9814299327980087e-07
86790 6.666680000111022e-07 3.651491019628001e-07
86800 6.666680000111022e-07 3.651491019628001e-07
86810 1.3333360000000002e-06 2.9814299328476596e-07
86820 6.666680000055511e-07 3.6514910196482715e-07
86830 1.0000020000111023e-06 3.651491019607731e-07
86840 1.000002e-06 3.651491019668541e-07
86850 6.666680000055511e-07 3.6514910196482715e-07
86860 1.3333360000055512e-06 2.9814299327980087e-07
86870 1.3333360000055512e-06 2.9814299327980087e-07
86880 3.3333400001110226e-07 2.981429932822834e-07
86890 3.3333400001110226e-07 2.981429932822834e-07
86900 1.3333360000055512e-06 2.9814299327980087e-07
86910 1.0000020000055513e-06 3.6514910196381357e-07
86920 3.3333400001110226e-07 2.981429932822834e-07
86930 1.3333360000055512e-06 2.9814299327980087e-07
86940 1.665336e-17 6.0809472868361544e-18
86950 3.3333400001110226e-07 2.981429932822834e-07
86960 1.0000020000111023e-06 3.651491019607731e-07
86970 1.66667e-06 0.0
86980 6.666680000055511e-07 3.6514910196482715e-07
86990 6.666680000000001e-07 3.651491019668541e-07
87000 1.3333360000000002e-06 2.9814299328476596e-07
87010 1.0000020000055513e-06 3.6514910196381357e-07
87020 1.66667e-06 0.0
87030 1.0000020000111023e-06 3.651491019607731e-07
87040 1.0000020000055513e-06 3.6514910196381357e-07
87050 1.0000020000055513e-06 3.6514910196381357e-07
87060 1.000002e-06 3.651491019668541e-07
87070 6.666680000111022e-07 3.651491019628001e-07
87080 6.666680000166534e-07 3.651491019607731e-07
87090 3.3333400001110226e-07 2.981429932822834e-07
87100 3.3333400001110226e-07 2.981429932822834e-07
87110 3.333340000055511e-07 2.981429932835247e-07
87120 1.0000020000055513e-06 3.6514910196381357e-07
87130 6.666680000055511e-07 3.6514910196482715e-07
87140 1.3333360000000002e-06 2.9814299328476596e-07
87150 3.3333400000000004e-07 2.9814299328476596e-07
87160 1.66667e-06 0.0
87170 6.666680000055511e-07 3.6514910196482715e-07
87180 3.333340000055511e-07 2.9814299328352464e-07
87190 6.666680000166534e-07 3.651491019607731e-07
87200 1.3333360000055512e-06 2.9814299327980087e-07
87210 3.333340000055511e-07 2.9814299328352464e-07
87220 1.66667e-06 0.0
87230 6.666680000111022e-07 3.651491019628001e-07
87240 1.0000020000055513e-06 3.6514910196381357e-07
87250 3.3333400001110226e-07 2.981429932822834e-07
87260 1.0000020000055513e-06 3.6514910196381357e-07
87270 1.0000020000055513e-06 3.6514910196381357e-07
87280 1.3333360000055512e-06 2.9814299327980087e-07
87290 3.3333400000000004e-07 2.9814299328476596e-07
87300 6.666680000166534e-07 3.6514910196077315e-07
87310 1.0000020000055513e-06 3.6514910196381357e-07
87320 1.0000020000055513e-06 3.6514910196381357e-07
87330 6.666680000000001e-07 3.651491019668541e-07
87340 1.66667e-06 0.0
87350 1.0000020000055513e-06 3.6514910196381357e-07
87360 3.3333400001665334e-07 2.9814299328104214e-07
87370 6.666680000000001e-07 3.651491019668541e-07
87380 6.666680000000001e-07 3.651491019668541e-07
87390 3.3333400000000004e-07 2.9814299328476596e-07
87400 1.0000020000111023e-06 3.651491019607731e-07
87410 6.666680000111022e-07 3.651491019628001e-07
87420 1.3333360000055512e-06 2.9814299327980087e-07
87430 1.0000020000111023e-06 3.651491019607731e-07
87440 6.666680000111022e-07 3.651491019628001e-07
87450 1.000002e-06 3.651491019668541e-07
87460 6.666680000055511e-07 3.6514910196482715e-07
87470 1.3333360000000002e-06 2.9814299328476596e-07
87480 6.666680000111022e-07 3.651491019628001e-07
87490 1.0000020000055513e-06 3.6514910196381357e-07
87500 1.3333360000000002e-06 2.9814299328476596e-07
87510 1.000002e-06 3.651491019668541e-07
87520 6.666680000055511e-07 3.6514910196482715e-07
87530 1.0000020000055513e-06 3.6514910196381357e-07
87540 1.0000020000055513e-06 3.6514910196381357e-07
87550 6.666680000055511e-07 3.6514910196482715e-07
87560 6.666680000000001e-07 3.651491019668541e-07
87570 1.000002e-06 3.651491019668541e-07
87580 1.0000020000055513e-06 3.6514910196381357e-07
87590 3.3333400000000004e-07 2.9814299328476596e-07
87600 6.666680000111022e-07 3.651491019628001e-07
87610 6.666680000111022e-07 3.651491019628001e-07
87620 1.0000020000055513e-06 3.6514910196381357e-07
87630 3.3333400001110226e-07 2.981429932822834e-07
87640 1.3333360000055512e-06 2.9814299327980087e-07
87650 6.666680000000001e-07 3.651491019668541e-07
87660 1.0000020000055513e-06 3.6514910196381357e-07
87670 6.666680000000001e-07 3.651491019668541e-07
87680 1.0000020000111023e-06 3.6514910196077315e-07
87690 1.3333360000055512e-06 2.9814299327980087e-07
87700 6.666680000111022e-07 3.651491019628001e-07
87710 1.000002e-06 3.651491019668541e-07
87720 6.666680000111022e-07 3.651491019628001e-07
87730 1.0000020000055513e-06 3.6514910196381357e-07
87740 1.0000020000055513e-06 3.6514910196381357e-07
87750 6.666680000111022e-07 3.651491019628001e-07
87760 3.3333400001665334e-07 2.981429932810421e-07
87770 3.3333400001110226e-07 2.981429932822834e-07
87780 1.000002e-06 3.651491019668541e-07
87790 1.3333360000055512e-06 2.9814299327980087e-07
87800 1.3333360000000002e-06 2.9814299328476596e-07
87810 1.000002e-06 3.651491019668541e-07
87820 1.000002e-06 3.651491019668541e-07
87830 1.3333360000055512e-06 2.9814299327980087e-07
87840 6.666680000055511e-07 3.6514910196482715e-07
87850 6.666680000166534e-07 3.651491019607731e-07
87860 6.666680000111022e-07 3.651491019628001e-07
87870 1.3333360000055512e-06 2.9814299327980087e-07
87880 6.666680000166534e-07 3.6514910196077315e-07
87890 1.0000020000111023e-06 3.651491019607731e-07
87900 6.666680000111022e-07 3.651491019628001e-07
87910 3.3333400000000004e-07 2.9814299328476596e-07
87920 1.000002e-06 3.651491019668541e-07
87930 1.000002e-06 3.651491019668541e-07
87940 1.0000020000111023e-06 3.651491019607731e-07
87950 1.000002e-06 3.651491019668541e-07
87960 1.0000020000055513e-06 3.6514910196381357e-07
87970 1.3333360000055512e-06 2.9814299327980087e-07
87980 1.0000020000111023e-06 3.651491019607731e-07
87990 1.0000020000111023e-06 3.651491019607731e-07
88000 1.66667e-06 0.0
88010 1.0000020000111023e-06 3.651491019607731e-07
88020 1.0000020000055513e-06 3.6514910196381357e-07
88030 6.666680000166534e-07 3.651491019607731e-07
88040 1.0000020000055513e-06 3.6514910196381357e-07
88050 1.3333360000000002e-06 2.9814299328476596e-07
88060 6.666680000166534e-07 3.6514910196077315e-07
88070 3.3333400001665334e-07 2.981429932810421e-07
88080 1.3333360000055512e-06 2.9814299327980087e-07
88090 1.3333360000055512e-06 2.9814299327980087e-07
88100 1.1102239999999998e-17 6.0809472868361544e-18
88110 1.000002e-06 3.651491019668541e-07
88120 1.3333360000055512e-06 2.9814299327980087e-07
88130 1.3333360000000002e-06 2.9814299328476596e-07
88140 1.000002e-06 3.651491019668541e-07
88150 3.3333400001110226e-07 2.981429932822834e-07
88160 1.0000020000111023e-06 3.651491019607731e-07
88170 3.333340000055511e-07 2.9814299328352464e-07
88180 6.666680000000001e-07 3.651491019668541e-07
88190 6.666680000055511e-07 3.6514910196482715e-07
88200 3.3333400001110226e-07 2.981429932822834e-07
88210 1.3333360000055512e-06 2.9814299327980087e-07
88220 3.333340000055511e-07 2.9814299328352464e-07
88230 1.66667e-06 0.0
88240 6.666680000055511e-07 3.6514910196482715e-07
88250 1.3333360000055512e-06 2.9814299327980087e-07
88260 1.0000020000111023e-06 3.6514910196077315e-07
88270 3.3333400001110226e-07 2.981429932822834e-07
88280 1.0000020000055513e-06 3.6514910196381357e-07
88290 1.3333360000055512e-06 2.9814299327980087e-07
88300 6.666680000055511e-07 3.6514910196482715e-07
88310 3.3333400001110226e-07 2.981429932822834e-07
88320 3.333340000222045e-07 2.9814299327980087e-07
88330 3.3333400001665334e-07 2.9814299328104214e-07
88340 1.665336e-17 6.0809472868361544e-18
88350 1.3333360000055512e-06 2.9814299327980087e-07
88360 1.0000020000055513e-06 3.6514910196381357e-07
88370 1.3333360000000002e-06 2.9814299328476596e-07
88380 6.666680000111022e-07 3.651491019628001e-07
88390 6.666680000166534e-07 3.6514910196077315e-07
88400 6.666680000111022e-07 3.651491019628001e-07
88410 6.666680000111022e-07 3.651491019628001e-07
88420 1.0000020000055513e-06 3.6514910196381357e-07
88430 1.3333360000055512e-06 2.9814299327980087e-07
88440 1.0000020000055513e-06 3.6514910196381357e-07
88450 3.333340000055511e-07 2.9814299328352464e-07
88460 1.0000020000055513e-06 3.6514910196381357e-07
88470 1.0000020000055513e-06 3.6514910196381357e-07
88480 6.666680000111022e-07 3.651491019628001e-07
88490 6.666680000111022e-07 3.651491019628001e-07
88500 1.0000020000111023e-06 3.651491019607731e-07
88510 1.0000020000111023e-06 3.6514910196077315e-07
88520 1.0000020000111023e-06 3.6514910196077315e-07
88530 6.666680000055511e-07 3.6514910196482715e-07
88540 1.0000020000111023e-06 3.6514910196077315e-07
88550 6.666680000111022e-07 3.651491019628001e-07
88560 6.666680000055511e-07 3.6514910196482715e-07
88570 6.666680000000001e-07 3.651491019668541e-07
88580 3.3333400001110226e-07 2.981429932822834e-07
88590 1.3333360000055512e-06 2.9814299327980087e-07
88600 1.665336e-17 6.0809472868361544e-18
88610 6.666680000111022e-07 3.651491019628001e-07
88620 6.666680000166534e-07 3.651491019607731e-07
88630 6.666680000111022e-07 3.651491019628001e-07
88640 3.3333400000000004e-07 2.9814299328476596e-07
88650 6.666680000166534e-07 3.651491019607731e-07
88660 1.0000020000055513e-06 3.6514910196381357e-07
88670 1.0000020000055513e-06 3.6514910196381357e-07
88680 1.0000020000055513e-06 3.6514910196381357e-07
88690 1.3333360000000002e-06 2.9814299328476596e-07
88700 6.666680000111022e-07 3.651491019628001e-07
88710 3.333340000055511e-07 2.981429932835247e-07
88720 1.66667e-06 0.0
88730 1.3333360000000002e-06 2.9814299328476596e-07
88740 1.3333360000000002e-06 2.9814299328476596e-07
88750 1.0000020000055513e-06 3.6514910196381357e-07
88760 1.000002e-06 3.651491019668541e-07
88770 1.3333360000000002e-06 2.9814299328476596e-07
88780 3.3333400001110226e-07 2.981429932822834e-07
88790 1.0000020000111023e-06 3.651491019607731e-07
88800 6.666680000055511e-07 3.6514910196482715e-07
88810 6.666680000055511e-07 3.6514910196482715e-07
88820 6.666680000000001e-07 3.651491019668541e-07
88830 1.0000020000111023e-06 3.651491019607731e-07
88840 1.3333360000055512e-06 2.9814299327980087e-07
88850 1.0000020000055513e-06 3.6514910196381357e-07
88860 6.666680000000001e-07 3.651491019668541e-07
88870 6.666680000111022e-07 3.651491019628001e-07
88880 6.666680000166534e-07 3.651491019607731e-07
88890 1.66667e-06 0.0
88900 6.666680000055511e-07 3.6514910196482715e-07
88910 3.3333400001665334e-07 2.981429932810421e-07
88920 1.0000020000055513e-06 3.6514910196381357e-07
88930 1.66667e-06 0.0
88940 1.0000020000055513e-06 3.6514910196381357e-07
88950 1.000002e-06 3.651491019668541e-07
88960 6.666680000166534e-07 3.651491019607731e-07
88970 1.3333360000000002e-06 2.9814299328476596e-07
88980 1.000002e-06 3.651491019668541e-07
88990 1.665336e-17 6.0809472868361544e-18
89000 6.666680000166534e-07 3.6514910196077315e-07
89010 6.666680000000001e-07 3.651491019668541e-07
89020 3.333340000055511e-07 2.9814299328352464e-07
89030 1.0000020000111023e-06 3.651491019607731e-07
89040 1.000002e-06 3.651491019668541e-07
89050 1.0000020000111023e-06 3.651491019607731e-07
89060 1.0000020000055513e-06 3.6514910196381357e-07
89070 6.666680000000001e-07 3.651491019668541e-07
89080 6.666680000111022e-07 3.651491019628001e-07
89090 1.3333360000000002e-06 2.9814299328476596e-07
89100 1.0000020000111023e-06 3.651491019607731e-07
89110 1.0000020000111023e-06 3.651491019607731e-07
89120 1.3333360000055512e-06 2.9814299327980087e-07
89130 6.666680000055511e-07 3.6514910196482715e-07
89140 3.3333400001110226e-07 2.981429932822834e-07
89150 1.0000020000055513e-06 3.6514910196381357e-07
89160 6.666680000111022e-07 3.651491019628001e-07
89170 1.000002e-06 3.651491019668541e-07
89180 6.666680000111022e-07 3.651491019628001e-07
89190 1.0000020000111023e-06 3.6514910196077315e-07
89200 1.0000020000055513e-06 3.6514910196381357e-07
89210 1.0000020000055513e-06 3.6514910196381357e-07
89220 1.0000020000055513e-06 3.6514910196381357e-07
89230 1.3333360000000002e-06 2.9814299328476596e-07
89240 1.3333360000055512e-06 2.9814299327980087e-07
89250 1.0000020000111023e-06 3.6514910196077315e-07
89260 1.0000020000055513e-06 3.6514910196381357e-07
89270 1.0000020000111023e-06 3.6514910196077315e-07
89280 6.666680000055511e-07 3.6514910196482715e-07
89290 1.0000020000055513e-06 3.6514910196381357e-07
89300 1.0000020000055513e-06 3.6514910196381357e-07
89310 6.666680000166534e-07 3.651491019607731e-07
89320 6.666680000111022e-07 3.651491019628001e-07
89330 3.3333400001110226e-07 2.981429932822834e-07
89340 3.3333400001665334e-07 2.981429932810421e-07
89350 1.3333360000055512e-06 2.9814299327980087e-07
89360 1.3333360000055512e-06 2.9814299327980087e-07
89370 3.333340000055511e-07 2.981429932835247e-07
89380 3.3333400001110226e-07 2.981429932822834e-07
89390 3.3333400001110226e-07 2.981429932822834e-07
89400 3.3333400000000004e-07 2.9814299328476596e-07
89410 1.0000020000055513e-06 3.6514910196381357e-07
89420 3.333340000055511e-07 2.9814299328352464e-07
89430 6.666680000055511e-07 3.6514910196482715e-07
89440 1.0000020000111023e-06 3.651491019607731e-07
89450 6.666680000111022e-07 3.651491019628001e-07
89460 1.3333360000000002e-06 2.9814299328476596e-07
89470 6.666680000166534e-07 3.651491019607731e-07
89480 1.0000020000055513e-06 3.6514910196381357e-07
89490 3.3333400001665334e-07 2.9814299328104214e-07
89500 6.666680000055511e-07 3.6514910196482715e-07
89510 1.3333360000000002e-06 2.9814299328476596e-07
89520 1.0000020000055513e-06 3.6514910196381357e-07
89530 1.0000020000055513e-06 3.6514910196381357e-07
89540 1.3333360000000002e-06 2.9814299328476596e-07
89550 3.333340000055511e-07 2.981429932835247e-07
89560 1.000002e-06 3.651491019668541e-07
89570 1.66667e-06 0.0
89580 3.3333400001665334e-07 2.9814299328104214e-07
89590 6.666680000000001e-07 3.651491019668541e-07
89600 1.0000020000055513e-06 3.6514910196381357e-07
89610 1.0000020000055513e-06 3.6514910196381357e-07
89620 1.0000020000055513e-06 3.6514910196381357e-07
89630 1.3333360000055512e-06 2.9814299327980087e-07
89640 1.66667e-06 0.0
89650 2.2204479999999997e-17 4.965072668503453e-18
89660 1.0000020000111023e-06 3.651491019607731e-07
89670 1.3333360000055512e-06 2.9814299327980087e-07
89680 1.0000020000055513e-06 3.6514910196381357e-07
89690 1.0000020000055513e-06 3.6514910196381357e-07
89700 6.666680000055511e-07 3.6514910196482715e-07
89710 1.000002e-06 3.651491019668541e-07
89720 1.0000020000055513e-06 3.6514910196381357e-07
89730 6.666680000055511e-07 3.6514910196482715e-07
89740 1.3333360000000002e-06 2.9814299328476596e-07
89750 1.000002e-06 3.651491019668541e-07
89760 6.666680000111022e-07 3.651491019628001e-07
89770 1.0000020000055513e-06 3.6514910196381357e-07
89780 6.666680000055511e-07 3.6514910196482715e-07
89790 1.3333360000000002e-06 2.9814299328476596e-07
89800 1.3333360000000002e-06 2.9814299328476596e-07
89810 1.66667e-06 0.0
89820 1.000002e-06 3.651491019668541e-07
89830 1.3333360000055512e-06 2.9814299327980087e-07
89840 1.3333360000000002e-06 2.9814299328476596e-07
89850 1.0000020000055513e-06 3.6514910196381357e-07
89860 6.666680000055511e-07 3.6514910196482715e-07
89870 1.0000020000055513e-06 3.6514910196381357e-07
89880 1.000002e-06 3.651491019668541e-07
89890 3.3333400000000004e-07 2.9814299328476596e-07
89900 1.000002e-06 3.651491019668541e-07
89910 1.000002e-06 3.651491019668541e-07
89920 6.666680000111022e-07 3.651491019628001e-07
89930 1.3333360000000002e-06 2.9814299328476596e-07
89940 1.000002e-06 3.651491019668541e-07
89950 1.0000020000055513e-06 3.6514910196381357e-07
89960 6.666680000055511e-07 3.6514910196482715e-07
89970 1.0000020000111023e-06 3.651491019607731e-07
89980 1.66667e-06 0.0
89990 1.0000020000111023e-06 3.651491019607731e-07
90000 6.666680000055511e-07 3.6514910196482715e-07
90010 1.0000020000111023e-06 3.651491019607731e-07
90020 1.0000020000055513e-06 3.6514910196381357e-07
90030 6.666680000111022e-07 3.651491019628001e-07
90040 6.666680000166534e-07 3.651491019607731e-07
90050 1.0000020000111023e-06 3.651491019607731e-07
90060 1.66667e-06 0.0
90070 1.000002e-06 3.651491019668541e-07
90080 1.3333360000055512e-06 2.9814299327980087e-07
90090 1.000002e-06 3.651491019668541e-07
90100 6.666680000000001e-07 3.651491019668541e-07
90110 1.0000020000055513e-06 3.6514910196381357e-07
90120 1.000002e-06 3.651491019668541e-07
90130 6.666680000000001e-07 3.651491019668541e-07
90140 1.3333360000000002e-06 2.9814299328476596e-07
90150 3.3333400001110226e-07 2.981429932822834e-07
90160 1.0000020000055513e-06 3.6514910196381357e-07
90170 1.0000020000055513e-06 3.6514910196381357e-07
90180 1.0000020000055513e-06 3.6514910196381357e-07
90190 6.666680000055511e-07 3.6514910196482715e-07
90200 1.0000020000055513e-06 3.6514910196381357e-07
90210 1.0000020000055513e-06 3.6514910196381357e-07
90220 3.3333400001665334e-07 2.9814299328104214e-07
90230 1.0000020000055513e-06 3.6514910196381357e-07
90240 1.66667e-06 0.0
90250 6.666680000166534e-07 3.6514910196077315e-07
90260 1.0000020000111023e-06 3.651491019607731e-07
90270 1.0000020000111023e-06 3.6514910196077315e-07
90280 6.666680000055511e-07 3.6514910196482715e-07
90290 6.666680000111022e-07 3.651491019628001e-07
90300 6.666680000055511e-07 3.6514910196482715e-07
90310 1.3333360000055512e-06 2.9814299327980087e-07
90320 1.0000020000055513e-06 3.6514910196381357e-07
90330 6.666680000055511e-07 3.6514910196482715e-07
90340 6.666680000111022e-07 3.651491019628001e-07
90350 6.666680000055511e-07 3.6514910196482715e-07
90360 1.1102239999999998e-17 6.0809472868361544e-18
90370 1.0000020000055513e-06 3.6514910196381357e-07
90380 6.666680000055511e-07 3.6514910196482715e-07
90390 1.0000020000055513e-06 3.6514910196381357e-07
90400 3.333340000055511e-07 2.9814299328352464e-07
90410 6.666680000166534e-07 3.651491019607731e-07
90420 1.0000020000111023e-06 3.651491019607731e-07
90430 3.3333400001110226e-07 2.981429932822834e-07
90440 1.0000020000055513e-06 3.6514910196381357e-07
90450 1.0000020000055513e-06 3.6514910196381357e-07
90460 1.665336e-17 6.0809472868361544e-18
90470 6.666680000055511e-07 3.6514910196482715e-07
90480 3.333340000055511e-07 2.981429932835247e-07
90490 1.0000020000055513e-06 3.6514910196381357e-07
90500 1.0000020000055513e-06 3.6514910196381357e-07
90510 1.3333360000055512e-06 2.9814299327980087e-07
90520 1.0000020000111023e-06 3.6514910196077315e-07
90530 1.000002e-06 3.651491019668541e-07
90540 6.666680000111022e-07 3.651491019628001e-07
90550 1.000002e-06 3.651491019668541e-07
90560 1.3333360000000002e-06 2.9814299328476596e-07
90570 3.3333400001110226e-07 2.981429932822834e-07
90580 3.3333400001110226e-07 2.981429932822834e-07
90590 6.666680000111022e-07 3.651491019628001e-07
90600 1.3333360000000002e-06 2.9814299328476596e-07
90610 1.66667e-06 0.0
90620 1.0000020000055513e-06 3.6514910196381357e-07
90630 6.666680000111022e-07 3.651491019628001e-07
90640 1.3333360000000002e-06 2.9814299328476596e-07
90650 3.333340000222045e-07 2.9814299327980087e-07
90660 1.0000020000055513e-06 3.6514910196381357e-07
90670 1.0000020000111023e-06 3.651491019607731e-07
90680 1.0000020000055513e-06 3.6514910196381357e-07
90690 6.666680000111022e-07 3.651491019628001e-07
90700 6.666680000166534e-07 3.6514910196077315e-07
90710 1.0000020000055513e-06 3.6514910196381357e-07
90720 1.3333360000000002e-06 2.9814299328476596e-07
90730 6.666680000000001e-07 3.651491019668541e-07
90740 3.3333400001110226e-07 2.981429932822834e-07
90750 1.3333360000000002e-06 2.9814299328476596e-07
90760 1.0000020000055513e-06 3.6514910196381357e-07
90770 6.666680000111022e-07 3.651491019628001e-07
90780 3.333340000055511e-07 2.9814299328352464e-07
90790 1.3333360000055512e-06 2.9814299327980087e-07
90800 1.0000020000055513e-06 3.6514910196381357e-07
90810 1.3333360000055512e-06 2.9814299327980087e-07
90820 1.3333360000055512e-06 2.9814299327980087e-07
90830 3.3333400001110226e-07 2.981429932822834e-07
90840 6.666680000111022e-07 3.651491019628001e-07
90850 6.666680000166534e-07 3.651491019607731e-07
90860 1.3333360000055512e-06 2.9814299327980087e-07
90870 1.0000020000055513e-06 3.6514910196381357e-07
90880 1.000002e-06 3.651491019668541e-07
90890 6.666680000111022e-07 3.651491019628001e-07
90900 6.666680000111022e-07 3.651491019628001e-07
90910 1.000002e-06 3.651491019668541e-07
90920 1.3333360000055512e-06 2.9814299327980087e-07
90930 1.0000020000111023e-06 3.651491019607731e-07
90940 1.0000020000055513e-06 3.6514910196381357e-07
90950 1.0000020000055513e-06 3.6514910196381357e-07
90960 6.666680000000001e-07 3.651491019668541e-07
90970 6.666680000055511e-07 3.6514910196482715e-07
90980 1.0000020000055513e-06 3.6514910196381357e-07
90990 1.0000020000055513e-06 3.6514910196381357e-07
91000 1.0000020000055513e-06 3.6514910196381357e-07
91010 1.3333360000000002e-06 2.9814299328476596e-07
91020 3.3333400000000004e-07 2.9814299328476596e-07
91030 6.666680000166534e-07 3.6514910196077315e-07
91040 1.3333360000055512e-06 2.9814299327980087e-07
91050 1.0000020000055513e-06 3.6514910196381357e-07
91060 6.666680000111022e-07 3.651491019628001e-07
91070 6.666680000111022e-07 3.651491019628001e-07
91080 6.666680000111022e-07 3.651491019628001e-07
91090 6.666680000111022e-07 3.651491019628001e-07
91100 1.3333360000000002e-06 2.9814299328476596e-07
91110 1.3333360000055512e-06 2.9814299327980087e-07
91120 3.3333400001110226e-07 2.981429932822834e-07
91130 1.0000020000055513e-06 3.6514910196381357e-07
91140 1.0000020000055513e-06 3.6514910196381357e-07
91150 1.3333360000000002e-06 2.9814299328476596e-07
91160 6.666680000000001e-07 3.651491019668541e-07
91170 1.0000020000111023e-06 3.651491019607731e-07
91180 1.3333360000055512e-06 2.9814299327980087e-07
91190 6.666680000055511e-07 3.6514910196482715e-07
91200 6.666680000111022e-07 3.651491019628001e-07
91210 1.0000020000055513e-06 3.6514910196381357e-07
91220 6.666680000111022e-07 3.651491019628001e-07
91230 6.666680000055511e-07 3.6514910196482715e-07
91240 1.0000020000055513e-06 3.6514910196381357e-07
91250 3.3333400001665334e-07 2.9814299328104214e-07
91260 1.0000020000111023e-06 3.6514910196077315e-07
91270 1.000002e-06 3.651491019668541e-07
91280 6.666680000055511e-07 3.6514910196482715e-07
91290 1.0000020000111023e-06 3.651491019607731e-07
91300 1.0000020000111023e-06 3.651491019607731e-07
91310 3.3333400000000004e-07 2.9814299328476596e-07
91320 1.3333360000000002e-06 2.9814299328476596e-07
91330 1.0000020000055513e-06 3.6514910196381357e-07
91340 6.666680000055511e-07 3.6514910196482715e-07
91350 1.000002e-06 3.651491019668541e-07
91360 3.3333400001110226e-07 2.981429932822834e-07
91370 1.66667e-06 0.0
91380 1.0000020000055513e-06 3.6514910196381357e-07
91390 1.3333360000000002e-06 2.9814299328476596e-07
91400 6.666680000111022e-07 3.651491019628001e-07
91410 3.3333400001110226e-07 2.981429932822834e-07
91420 3.333340000055511e-07 2.981429932835247e-07
91430 3.3333400000000004e-07 2.9814299328476596e-07
91440 6.666680000111022e-07 3.651491019628001e-07
91450 6.666680000111022e-07 3.651491019628001e-07
91460 1.0000020000055513e-06 3.6514910196381357e-07
91470 6.666680000055511e-07 3.6514910196482715e-07
91480 6.666680000000001e-07 3.651491019668541e-07
91490 6.666680000111022e-07 3.651491019628001e-07
91500 1.0000020000111023e-06 3.6514910196077315e-07
91510 6.666680000166534e-07 3.651491019607731e-07
91520 1.0000020000055513e-06 3.6514910196381357e-07
91530 1.66667e-06 0.0
91540 3.3333400001665334e-07 2.981429932810421e-07
91550 6.666680000111022e-07 3.651491019628001e-07
91560 6.666680000055511e-07 3.6514910196482715e-07
91570 1.3333360000000002e-06 2.9814299328476596e-07
91580 1.000002e-06 3.651491019668541e-07
91590 1.000002e-06 3.651491019668541e-07
91600 3.3333400001665334e-07 2.9814299328104214e-07
91610 6.666680000111022e-07 3.651491019628001e-07
91620 1.000002e-06 3.651491019668541e-07
91630 1.0000020000111023e-06 3.651491019607731e-07
91640 1.0000020000055513e-06 3.6514910196381357e-07
91650 6.666680000055511e-07 3.6514910196482715e-07
91660 6.666680000000001e-07 3.651491019668541e-07
91670 6.666680000055511e-07 3.6514910196482715e-07
91680 6.666680000055511e-07 3.6514910196482715e-07
91690 6.666680000111022e-07 3.651491019628001e-07
91700 1.3333360000000002e-06 2.9814299328476596e-07
91710 6.666680000111022e-07 3.651491019628001e-07
91720 6.666680000055511e-07 3.6514910196482715e-07
91730 3.3333400001110226e-07 2.981429932822834e-07
91740 1.0000020000055513e-06 3.6514910196381357e-07
91750 1.000002e-06 3.651491019668541e-07
91760 1.0000020000111023e-06 3.6514910196077315e-07
91770 1.000002e-06 3.651491019668541e-07
91780 3.3333400001665334e-07 2.981429932810421e-07
91790 6.666680000166534e-07 3.6514910196077315e-07
91800 3.3333400001665334e-07 2.981429932810421e-07
91810 6.666680000111022e-07 3.651491019628001e-07
91820 1.3333360000055512e-06 2.9814299327980087e-07
91830 6.666680000055511e-07 3.6514910196482715e-07
91840 3.333340000055511e-07 2.9814299328352464e-07
91850 3.333340000055511e-07 2.981429932835247e-07
91860 1.0000020000055513e-06 3.6514910196381357e-07
91870 1.000002e-06 3.651491019668541e-07
91880 1.0000020000055513e-06 3.6514910196381357e-07
91890 1.3333360000000002e-06 2.9814299328476596e-07
91900 1.0000020000055513e-06 3.6514910196381357e-07
91910 3.3333400001665334e-07 2.9814299328104214e-07
91920 1.0000020000055513e-06 3.6514910196381357e-07
91930 1.3333360000000002e-06 2.9814299328476596e-07
91940 1.3333360000000002e-06 2.9814299328476596e-07
91950 1.0000020000111023e-06 3.651491019607731e-07
91960 6.666680000111022e-07 3.651491019628001e-07
91970 6.666680000055511e-07 3.6514910196482715e-07
91980 1.0000020000055513e-06 3.6514910196381357e-07
91990 1.3333360000055512e-06 2.9814299327980087e-07
92000 1.0000020000111023e-06 3.651491019607731e-07
92010 1.3333360000055512e-06 2.9814299327980087e-07
92020 1.3333360000055512e-06 2.9814299327980087e-07
92030 1.0000020000111023e-06 3.651491019607731e-07
92040 6.666680000000001e-07 3.651491019668541e-07
92050 1.0000020000055513e-06 3.6514910196381357e-07
92060 1.3333360000000002e-06 2.9814299328476596e-07
92070 6.666680000111022e-07 3.651491019628001e-07
92080 6.666680000000001e-07 3.651491019668541e-07
92090 6.666680000055511e-07 3.6514910196482715e-07
92100 1.0000020000111023e-06 3.651491019607731e-07
92110 6.666680000111022e-07 3.651491019628001e-07
92120 1.0000020000055513e-06 3.6514910196381357e-07
92130 6.666680000055511e-07 3.6514910196482715e-07
92140 6.666680000055511e-07 3.6514910196482715e-07
92150 6.666680000166534e-07 3.651491019607731e-07
92160 3.3333400000000004e-07 2.9814299328476596e-07
92170 1.66667e-06 0.0
92180 6.666680000000001e-07 3.651491019668541e-07
92190 1.0000020000055513e-06 3.6514910196381357e-07
92200 1.0000020000055513e-06 3.6514910196381357e-07
92210 3.3333400001110226e-07 2.981429932822834e-07
92220 6.666680000111022e-07 3.651491019628001e-07
92230 3.3333400001665334e-07 2.981429932810421e-07
92240 1.3333360000055512e-06 2.9814299327980087e-07
92250 1.66667e-06 0.0
92260 1.0000020000111023e-06 3.651491019607731e-07
92270 1.3333360000055512e-06 2.9814299327980087e-07
92280 1.3333360000055512e-06 2.9814299327980087e-07
92290 6.666680000111022e-07 3.651491019628001e-07
92300 1.0000020000111023e-06 3.651491019607731e-07
92310 1.3333360000000002e-06 2.9814299328476596e-07
92320 6.666680000166534e-07 3.6514910196077315e-07
92330 6.666680000111022e-07 3.651491019628001e-07
92340 3.3333400001110226e-07 2.981429932822834e-07
92350 6.666680000111022e-07 3.651491019628001e-07
92360 6.666680000111022e-07 3.651491019628001e-07
92370 3.3333400001110226e-07 2.981429932822834e-07
92380 1.0000020000111023e-06 3.651491019607731e-07
92390 1.0000020000055513e-06 3.6514910196381357e-07
92400 1.0000020000055513e-06 3.6514910196381357e-07
92410 1.000002e-06 3.651491019668541e-07
92420 6.666680000055511e-07 3.6514910196482715e-07
92430 1.000002e-06 3.651491019668541e-07
92440 1.0000020000111023e-06 3.651491019607731e-07
92450 6.666680000055511e-07 3.6514910196482715e-07
92460 6.666680000111022e-07 3.651491019628001e-07
92470 3.333340000055511e-07 2.981429932835247e-07
92480 1.0000020000055513e-06 3.6514910196381357e-07
92490 6.666680000111022e-07 3.651491019628001e-07
92500 1.3333360000000002e-06 2.9814299328476596e-07
92510 6.666680000111022e-07 3.651491019628001e-07
92520 6.666680000111022e-07 3.651491019628001e-07
92530 1.3333360000000002e-06 2.9814299328476596e-07
92540 3.3333400001110226e-07 2.981429932822834e-07
92550 1.0000020000111023e-06 3.651491019607731e-07
92560 1.0000020000055513e-06 3.6514910196381357e-07
92570 3.3333400001110226e-07 2.981429932822834e-07
92580 6.666680000000001e-07 3.651491019668541e-07
92590 1.66667e-06 0.0
92600 1.66667e-06 0.0
92610 6.666680000166534e-07 3.651491019607731e-07
92620 1.000002e-06 3.651491019668541e-07
92630 3.3333400001110226e-07 2.981429932822834e-07
92640 1.0000020000055513e-06 3.6514910196381357e-07
92650 1.3333360000055512e-06 2.9814299327980087e-07
92660 6.666680000055511e-07 3.6514910196482715e-07
92670 1.0000020000111023e-06 3.651491019607731e-07
92680 6.666680000055511e-07 3.6514910196482715e-07
92690 1.000002e-06 3.651491019668541e-07
92700 1.000002e-06 3.651491019668541e-07
92710 1.000002e-06 3.651491019668541e-07
92720 1.3333360000000002e-06 2.9814299328476596e-07
92730 6.666680000055511e-07 3.6514910196482715e-07
92740 6.666680000111022e-07 3.651491019628001e-07
92750 3.3333400001110226e-07 2.981429932822834e-07
92760 1.0000020000111023e-06 3.651491019607731e-07
92770 6.666680000111022e-07 3.651491019628001e-07
92780 1.0000020000055513e-06 3.6514910196381357e-07
92790 6.666680000055511e-07 3.6514910196482715e-07
92800 1.000002e-06 3.651491019668541e-07
92810 1.0000020000055513e-06 3.6514910196381357e-07
92820 1.3333360000000002e-06 2.9814299328476596e-07
92830 6.666680000111022e-07 3.651491019628001e-07
92840 1.3333360000055512e-06 2.9814299327980087e-07
92850 1.0000020000111023e-06 3.651491019607731e-07
92860 3.3333400001110226e-07 2.981429932822834e-07
92870 3.3333400001110226e-07 2.981429932822834e-07
92880 6.666680000111022e-07 3.651491019628001e-07
92890 3.3333400001110226e-07 2.981429932822834e-07
92900 1.000002e-06 3.651491019668541e-07
92910 6.666680000111022e-07 3.651491019628001e-07
92920 3.333340000055511e-07 2.981429932835247e-07
92930 6.666680000000001e-07 3.651491019668541e-07
92940 1.000002e-06 3.651491019668541e-07
92950 1.0000020000111023e-06 3.651491019607731e-07
92960 1.0000020000111023e-06 3.651491019607731e-07
92970 1.000002e-06 3.651491019668541e-07
92980 6.666680000166534e-07 3.651491019607731e-07
92990 6.666680000000001e-07 3.651491019668541e-07
93000 1.0000020000111023e-06 3.651491019607731e-07
93010 1.3333360000000002e-06 2.9814299328476596e-07
93020 6.666680000055511e-07 3.6514910196482715e-07
93030 1.3333360000000002e-06 2.9814299328476596e-07
93040 6.666680000055511e-07 3.6514910196482715e-07
93050 3.3333400001665334e-07 2.9814299328104214e-07
93060 1.000002e-06 3.651491019668541e-07
93070 6.666680000055511e-07 3.6514910196482715e-07
93080 6.666680000111022e-07 3.651491019628001e-07
93090 1.000002e-06 3.651491019668541e-07
93100 6.666680000000001e-07 3.651491019668541e-07
93110 1.3333360000055512e-06 2.9814299327980087e-07
93120 6.666680000111022e-07 3.651491019628001e-07
93130 1.0000020000111023e-06 3.651491019607731e-07
93140 1.3333360000000002e-06 2.9814299328476596e-07
93150 1.3333360000000002e-06 2.9814299328476596e-07
93160 6.666680000055511e-07 3.6514910196482715e-07
93170 6.666680000111022e-07 3.651491019628001e-07
93180 3.3333400001665334e-07 2.9814299328104214e-07
93190 1.0000020000055513e-06 3.6514910196381357e-07
93200 6.666680000111022e-07 3.651491019628001e-07
93210 1.3333360000055512e-06 2.9814299327980087e-07
93220 1.0000020000055513e-06 3.6514910196381357e-07
93230 1.3333360000000002e-06 2.9814299328476596e-07
93240 1.3333360000000002e-06 2.9814299328476596e-07
93250 1.0000020000055513e-06 3.6514910196381357e-07
93260 3.3333400001110226e-07 2.981429932822834e-07
93270 1.000002e-06 3.651491019668541e-07
93280 3.333340000055511e-07 2.9814299328352464e-07
93290 1.3333360000000002e-06 2.9814299328476596e-07
93300 6.666680000111022e-07 3.651491019628001e-07
93310 6.666680000111022e-07 3.651491019628001e-07
93320 6.666680000000001e-07 3.651491019668541e-07
93330 3.333340000055511e-07 2.981429932835247e-07
93340 1.3333360000055512e-06 2.9814299327980087e-07
93350 1.0000020000055513e-06 3.6514910196381357e-07
93360 6.666680000055511e-07 3.6514910196482715e-07
93370 1.3333360000000002e-06 2.9814299328476596e-07
93380 1.3333360000055512e-06 2.9814299327980087e-07
93390 1.3333360000055512e-06 2.9814299327980087e-07
93400 6.666680000111022e-07 3.651491019628001e-07
93410 6.666680000166534e-07 3.651491019607731e-07
93420 1.3333360000000002e-06 2.9814299328476596e-07
93430 1.000002e-06 3.651491019668541e-07
93440 1.3333360000000002e-06 2.9814299328476596e-07
93450 1.3333360000055512e-06 2.9814299327980087e-07
93460 1.000002e-06 3.651491019668541e-07
93470 3.3333400000000004e-07 2.9814299328476596e-07
93480 1.000002e-06 3.651491019668541e-07
93490 1.3333360000000002e-06 2.9814299328476596e-07
93500 6.666680000055511e-07 3.6514910196482715e-07
93510 1.0000020000055513e-06 3.6514910196381357e-07
93520 1.0000020000055513e-06 3.6514910196381357e-07
93530 1.665336e-17 6.080947286836155e-18
93540 6.666680000055511e-07 3.6514910196482715e-07
93550 3.333340000055511e-07 2.9814299328352464e-07
93560 1.0000020000111023e-06 3.651491019607731e-07
93570 3.3333400001110226e-07 2.981429932822834e-07
93580 6.666680000055511e-07 3.6514910196482715e-07
93590 6.666680000111022e-07 3.651491019628001e-07
93600 6.666680000111022e-07 3.651491019628001e-07
93610 6.666680000111022e-07 3.651491019628001e-07
93620 6.666680000111022e-07 3.651491019628001e-07
93630 1.0000020000055513e-06 3.6514910196381357e-07
93640 1.0000020000055513e-06 3.6514910196381357e-07
93650 1.000002e-06 3.651491019668541e-07
93660 1.0000020000055513e-06 3.6514910196381357e-07
93670 1.3333360000055512e-06 2.9814299327980087e-07
93680 1.0000020000111023e-06 3.651491019607731e-07
93690 1.0000020000055513e-06 3.6514910196381357e-07
93700 6.666680000111022e-07 3.651491019628001e-07
93710 1.66667e-06 0.0
93720 1.3333360000055512e-06 2.9814299327980087e-07
93730 1.0000020000055513e-06 3.6514910196381357e-07
93740 3.3333400001110226e-07 2.981429932822834e-07
93750 3.3333400000000004e-07 2.9814299328476596e-07
93760 3.333340000055511e-07 2.981429932835247e-07
93770 1.0000020000111023e-06 3.651491019607731e-07
93780 1.3333360000055512e-06 2.9814299327980087e-07
93790 6.666680000055511e-07 3.6514910196482715e-07
93800 6.666680000055511e-07 3.6514910196482715e-07
93810 6.666680000055511e-07 3.6514910196482715e-07
93820 6.666680000111022e-07 3.651491019628001e-07
93830 1.66667e-06 0.0
93840 1.0000020000055513e-06 3.6514910196381357e-07
93850 1.0000020000055513e-06 3.6514910196381357e-07
93860 6.666680000111022e-07 3.651491019628001e-07
93870 1.0000020000111023e-06 3.651491019607731e-07
93880 3.333340000055511e-07 2.981429932835247e-07
93890 1.3333360000000002e-06 2.9814299328476596e-07
93900 1.0000020000111023e-06 3.651491019607731e-07
93910 1.3333360000055512e-06 2.9814299327980087e-07
93920 6.666680000055511e-07 3.6514910196482715e-07
93930 1.3333360000055512e-06 2.9814299327980087e-07
93940 1.0000020000055513e-06 3.6514910196381357e-07
93950 1.0000020000055513e-06 3.6514910196381357e-07
93960 3.333340000222045e-07 2.9814299327980087e-07
93970 1.3333360000055512e-06 2.9814299327980087e-07
93980 1.0000020000055513e-06 3.6514910196381357e-07
93990 3.3333400001110226e-07 2.981429932822834e-07
94000 1.3333360000000002e-06 2.9814299328476596e-07
94010 3.3333400001665334e-07 2.981429932810421e-07
94020 1.0000020000055513e-06 3.6514910196381357e-07
94030 6.666680000055511e-07 3.6514910196482715e-07
94040 6.666680000055511e-07 3.6514910196482715e-07
94050 1.3333360000000002e-06 2.9814299328476596e-07
94060 1.0000020000055513e-06 3.6514910196381357e-07
94070 6.666680000111022e-07 3.651491019628001e-07
94080 6.666680000000001e-07 3.651491019668541e-07
94090 3.333340000055511e-07 2.9814299328352464e-07
94100 6.666680000055511e-07 3.6514910196482715e-07
94110 1.0000020000055513e-06 3.6514910196381357e-07
94120 1.0000020000055513e-06 3.6514910196381357e-07
94130 3.3333400001110226e-07 2.981429932822834e-07
94140 1.000002e-06 3.651491019668541e-07
94150 1.0000020000055513e-06 3.6514910196381357e-07
94160 1.3333360000000002e-06 2.9814299328476596e-07
94170 1.0000020000055513e-06 3.6514910196381357e-07
94180 6.666680000055511e-07 3.6514910196482715e-07
94190 1.665336e-17 6.0809472868361544e-18
94200 1.0000020000055513e-06 3.6514910196381357e-07
94210 1.0000020000055513e-06 3.6514910196381357e-07
94220 3.3333400001665334e-07 2.981429932810421e-07
94230 6.666680000000001e-07 3.651491019668541e-07
94240 6.666680000166534e-07 3.651491019607731e-07
94250 1.0000020000055513e-06 3.6514910196381357e-07
94260 6.666680000055511e-07 3.6514910196482715e-07
94270 6.666680000166534e-07 3.651491019607731e-07
94280 6.666680000111022e-07 3.651491019628001e-07
94290 3.3333400001665334e-07 2.981429932810421e-07
94300 1.0000020000111023e-06 3.651491019607731e-07
94310 1.0000020000055513e-06 3.6514910196381357e-07
94320 6.666680000055511e-07 3.6514910196482715e-07
94330 1.0000020000055513e-06 3.6514910196381357e-07
94340 1.0000020000055513e-06 3.6514910196381357e-07
94350 1.0000020000055513e-06 3.6514910196381357e-07
94360 1.000002e-06 3.651491019668541e-07
94370 6.666680000055511e-07 3.6514910196482715e-07
94380 1.3333360000055512e-06 2.9814299327980087e-07
94390 1.66667e-06 0.0
94400 1.0000020000111023e-06 3.651491019607731e-07
94410 1.0000020000055513e-06 3.6514910196381357e-07
94420 1.3333360000055512e-06 2.9814299327980087e-07
94430 3.3333400001665334e-07 2.981429932810421e-07
94440 3.3333400001110226e-07 2.981429932822834e-07
94450 1.0000020000055513e-06 3.6514910196381357e-07
94460 6.666680000111022e-07 3.651491019628001e-07
94470 1.3333360000000002e-06 2.9814299328476596e-07
94480 3.3333400001110226e-07 2.981429932822834e-07
94490 1.0000020000055513e-06 3.6514910196381357e-07
94500 1.000002e-06 3.651491019668541e-07
94510 1.3333360000000002e-06 2.9814299328476596e-07
94520 1.0000020000111023e-06 3.6514910196077315e-07
94530 3.333340000222045e-07 2.9814299327980087e-07
94540 6.666680000111022e-07 3.651491019628001e-07
94550 6.666680000055511e-07 3.6514910196482715e-07
94560 3.3333400000000004e-07 2.9814299328476596e-07
94570 1.0000020000055513e-06 3.6514910196381357e-07
94580 3.3333400001665334e-07 2.981429932810421e-07
94590 6.666680000111022e-07 3.651491019628001e-07
94600 1.0000020000111023e-06 3.651491019607731e-07
94610 1.3333360000055512e-06 2.9814299327980087e-07
94620 1.0000020000055513e-06 3.6514910196381357e-07
94630 1.0000020000111023e-06 3.651491019607731e-07
94640 1.66667e-06 0.0
94650 3.3333400001665334e-07 2.9814299328104214e-07
94660 3.3333400001110226e-07 2.981429932822834e-07
94670 1.0000020000055513e-06 3.6514910196381357e-07
94680 6.666680000111022e-07 3.651491019628001e-07
94690 3.3333400001110226e-07 2.981429932822834e-07
94700 1.000002e-06 3.651491019668541e-07
94710 1.0000020000055513e-06 3.6514910196381357e-07
94720 6.666680000111022e-07 3.651491019628001e-07
94730 6.666680000111022e-07 3.651491019628001e-07
94740 6.666680000055511e-07 3.6514910196482715e-07
94750 6.666680000166534e-07 3.651491019607731e-07
94760 1.0000020000111023e-06 3.651491019607731e-07
94770 1.3333360000000002e-06 2.9814299328476596e-07
94780 1.0000020000055513e-06 3.6514910196381357e-07
94790 6.666680000055511e-07 3.6514910196482715e-07
94800 1.3333360000055512e-06 2.9814299327980087e-07
94810 6.666680000166534e-07 3.651491019607731e-07
94820 6.666680000111022e-07 3.651491019628001e-07
94830 3.3333400001110226e-07 2.981429932822834e-07
94840 1.3333360000055512e-06 2.9814299327980087e-07
94850 1.3333360000000002e-06 2.9814299328476596e-07
94860 1.1102239999999998e-17 6.080947286836155e-18
94870 3.3333400001110226e-07 2.981429932822834e-07
94880 3.3333400001665334e-07 2.981429932810421e-07
94890 6.666680000111022e-07 3.651491019628001e-07
94900 1.3333360000000002e-06 2.9814299328476596e-07
94910 6.666680000055511e-07 3.6514910196482715e-07
94920 1.000002e-06 3.651491019668541e-07
94930 1.0000020000111023e-06 3.651491019607731e-07
94940 3.3333400001110226e-07 2.981429932822834e-07
94950 1.3333360000000002e-06 2.9814299328476596e-07
94960 3.3333400001110226e-07 2.981429932822834e-07
94970 1.3333360000000002e-06 2.9814299328476596e-07
94980 6.666680000055511e-07 3.6514910196482715e-07
94990 6.666680000111022e-07 3.651491019628001e-07
95000 1.0000020000055513e-06 3.6514910196381357e-07
95010 1.3333360000055512e-06 2.9814299327980087e-07
95020 6.666680000111022e-07 3.651491019628001e-07
95030 6.666680000000001e-07 3.651491019668541e-07
95040 6.666680000111022e-07 3.651491019628001e-07
95050 6.666680000000001e-07 3.651491019668541e-07
95060 6.666680000111022e-07 3.651491019628001e-07
95070 1.0000020000055513e-06 3.6514910196381357e-07
95080 3.3333400001110226e-07 2.981429932822834e-07
95090 3.3333400001110226e-07 2.981429932822834e-07
95100 3.3333400001665334e-07 2.981429932810421e-07
95110 1.1102239999999998e-17 6.0809472868361544e-18
95120 1.000002e-06 3.651491019668541e-07
95130 2.2204479999999997e-17 4.965072668503452e-18
95140 1.000002e-06 3.651491019668541e-07
95150 1.000002e-06 3.651491019668541e-07
95160 6.666680000055511e-07 3.6514910196482715e-07
95170 1.3333360000000002e-06 2.9814299328476596e-07
95180 6.666680000000001e-07 3.651491019668541e-07
95190 6.666680000111022e-07 3.651491019628001e-07
95200 1.0000020000111023e-06 3.651491019607731e-07
95210 1.0000020000055513e-06 3.6514910196381357e-07
95220 1.0000020000055513e-06 3.6514910196381357e-07
95230 6.666680000055511e-07 3.6514910196482715e-07
95240 6.666680000055511e-07 3.6514910196482715e-07
95250 1.3333360000000002e-06 2.9814299328476596e-07
95260 6.666680000055511e-07 3.6514910196482715e-07
95270 1.000002e-06 3.651491019668541e-07
95280 1.66667e-06 0.0
95290 6.666680000055511e-07 3.6514910196482715e-07
95300 1.0000020000055513e-06 3.6514910196381357e-07
95310 1.0000020000055513e-06 3.6514910196381357e-07
95320 1.0000020000055513e-06 3.6514910196381357e-07
95330 1.0000020000055513e-06 3.6514910196381357e-07
95340 1.0000020000055513e-06 3.6514910196381357e-07
95350 1.0000020000111023e-06 3.651491019607731e-07
95360 3.3333400001665334e-07 2.9814299328104214e-07
95370 1.665336e-17 6.0809472868361544e-18
95380 3.3333400001110226e-07 2.981429932822834e-07
95390 1.0000020000055513e-06 3.6514910196381357e-07
95400 1.0000020000055513e-06 3.6514910196381357e-07
95410 1.3333360000000002e-06 2.9814299328476596e-07
95420 1.3333360000000002e-06 2.9814299328476596e-07
95430 3.3333400001110226e-07 2.981429932822834e-07
95440 3.3333400001665334e-07 2.9814299328104214e-07
95450 2.77556e-17 0.0
95460 6.666680000055511e-07 3.6514910196482715e-07
95470 1.3333360000000002e-06 2.9814299328476596e-07
95480 6.666680000055511e-07 3.6514910196482715e-07
95490 3.333340000055511e-07 2.9814299328352464e-07
95500 1.3333360000000002e-06 2.9814299328476596e-07
95510 5.551119999999999e-18 4.965072668503452e-18
95520 3.3333400000000004e-07 2.9814299328476596e-07
95530 3.333340000055511e-07 2.9814299328352464e-07
95540 1.3333360000000002e-06 2.9814299328476596e-07
95550 1.3333360000055512e-06 2.9814299327980087e-07
95560 3.3333400001110226e-07 2.981429932822834e-07
95570 6.666680000111022e-07 3.651491019628001e-07
95580 3.333340000055511e-07 2.981429932835247e-07
95590 1.000002e-06 3.651491019668541e-07
95600 1.0000020000111023e-06 3.6514910196077315e-07
95610 6.666680000111022e-07 3.651491019628001e-07
95620 1.0000020000111023e-06 3.651491019607731e-07
95630 3.3333400001110226e-07 2.981429932822834e-07
95640 1.3333360000000002e-06 2.9814299328476596e-07
95650 6.666680000111022e-07 3.651491019628001e-07
95660 2.2204479999999997e-17 4.965072668503453e-18
95670 1.0000020000111023e-06 3.6514910196077315e-07
95680 1.3333360000055512e-06 2.9814299327980087e-07
95690 1.0000020000111023e-06 3.6514910196077315e-07
95700 1.3333360000000002e-06 2.9814299328476596e-07
95710 6.666680000055511e-07 3.6514910196482715e-07
95720 6.666680000000001e-07 3.651491019668541e-07
95730 3.3333400001110226e-07 2.981429932822834e-07
95740 3.333340000055511e-07 2.981429932835247e-07
95750 3.3333400001110226e-07 2.981429932822834e-07
95760 1.3333360000000002e-06 2.9814299328476596e-07
95770 6.666680000055511e-07 3.6514910196482715e-07
95780 6.666680000111022e-07 3.651491019628001e-07
95790 1.0000020000111023e-06 3.651491019607731e-07
95800 1.0000020000111023e-06 3.651491019607731e-07
95810 1.0000020000055513e-06 3.6514910196381357e-07
95820 1.000002e-06 3.651491019668541e-07
95830 1.0000020000111023e-06 3.651491019607731e-07
95840 1.000002e-06 3.651491019668541e-07
95850 1.0000020000111023e-06 3.651491019607731e-07
95860 6.666680000055511e-07 3.6514910196482715e-07
95870 1.1102239999999998e-17 6.0809472868361544e-18
95880 1.3333360000000002e-06 2.9814299328476596e-07
95890 1.3333360000000002e-06 2.9814299328476596e-07
95900 1.3333360000000002e-06 2.9814299328476596e-07
95910 1.0000020000111023e-06 3.651491019607731e-07
95920 1.000002e-06 3.651491019668541e-07
95930 1.000002e-06 3.651491019668541e-07
95940 1.3333360000055512e-06 2.9814299327980087e-07
95950 6.666680000111022e-07 3.651491019628001e-07
95960 1.0000020000055513e-06 3.6514910196381357e-07
95970 1.0000020000111023e-06 3.651491019607731e-07
95980 6.666680000000001e-07 3.651491019668541e-07
95990 1.0000020000111023e-06 3.651491019607731e-07
96000 1.000002e-06 3.651491019668541e-07
96010 1.0000020000055513e-06 3.6514910196381357e-07
96020 6.666680000111022e-07 3.651491019628001e-07
96030 1.3333360000000002e-06 2.9814299328476596e-07
96040 3.3333400001665334e-07 2.981429932810421e-07
96050 1.0000020000055513e-06 3.6514910196381357e-07
96060 6.666680000055511e-07 3.6514910196482715e-07
96070 1.000002e-06 3.651491019668541e-07
96080 3.3333400001665334e-07 2.981429932810421e-07
96090 6.666680000055511e-07 3.6514910196482715e-07
96100 1.0000020000055513e-06 3.6514910196381357e-07
96110 6.666680000111022e-07 3.651491019628001e-07
96120 6.666680000055511e-07 3.6514910196482715e-07
96130 1.0000020000055513e-06 3.6514910196381357e-07
96140 1.3333360000055512e-06 2.9814299327980087e-07
96150 1.0000020000055513e-06 3.6514910196381357e-07
96160 3.3333400001110226e-07 2.981429932822834e-07
96170 1.0000020000055513e-06 3.6514910196381357e-07
96180 1.3333360000055512e-06 2.9814299327980087e-07
96190 1.3333360000055512e-06 2.9814299327980087e-07
96200 3.3333400001110226e-07 2.981429932822834e-07
96210 6.666680000111022e-07 3.651491019628001e-07
96220 6.666680000111022e-07 3.651491019628001e-07
96230 1.0000020000111023e-06 3.651491019607731e-07
96240 1.0000020000055513e-06 3.6514910196381357e-07
96250 1.0000020000111023e-06 3.651491019607731e-07
96260 1.3333360000055512e-06 2.9814299327980087e-07
96270 3.333340000055511e-07 2.981429932835247e-07
96280 6.666680000166534e-07 3.651491019607731e-07
96290 1.0000020000055513e-06 3.6514910196381357e-07
96300 1.0000020000055513e-06 3.6514910196381357e-07
96310 1.3333360000055512e-06 2.9814299327980087e-07
96320 3.333340000055511e-07 2.981429932835247e-07
96330 1.0000020000055513e-06 3.6514910196381357e-07
96340 3.3333400001665334e-07 2.981429932810421e-07
96350 6.666680000111022e-07 3.651491019628001e-07
96360 1.3333360000055512e-06 2.9814299327980087e-07
96370 1.0000020000111023e-06 3.651491019607731e-07
96380 1.665336e-17 6.0809472868361544e-18
96390 3.3333400001665334e-07 2.981429932810421e-07
96400 1.0000020000111023e-06 3.651491019607731e-07
96410 1.0000020000111023e-06 3.6514910196077315e-07
96420 1.0000020000055513e-06 3.6514910196381357e-07
96430 1.0000020000111023e-06 3.651491019607731e-07
96440 1.3333360000055512e-06 2.9814299327980087e-07
96450 1.0000020000111023e-06 3.651491019607731e-07
96460 6.666680000111022e-07 3.651491019628001e-07
96470 6.666680000166534e-07 3.651491019607731e-07
96480 1.000002e-06 3.651491019668541e-07
96490 6.666680000055511e-07 3.6514910196482715e-07
96500 1.0000020000111023e-06 3.6514910196077315e-07
96510 6.666680000055511e-07 3.6514910196482715e-07
96520 1.0000020000111023e-06 3.6514910196077315e-07
96530 6.666680000055511e-07 3.6514910196482715e-07
96540 1.3333360000000002e-06 2.9814299328476596e-07
96550 1.3333360000000002e-06 2.9814299328476596e-07
96560 6.666680000055511e-07 3.6514910196482715e-07
96570 1.000002e-06 3.651491019668541e-07
96580 1.66667e-06 0.0
96590 6.666680000166534e-07 3.651491019607731e-07
96600 1.000002e-06 3.651491019668541e-07
96610 6.666680000000001e-07 3.651491019668541e-07
96620 1.3333360000000002e-06 2.9814299328476596e-07
96630 6.666680000111022e-07 3.651491019628001e-07
96640 6.666680000111022e-07 3.651491019628001e-07
96650 1.0000020000111023e-06 3.651491019607731e-07
96660 1.0000020000055513e-06 3.6514910196381357e-07
96670 6.666680000111022e-07 3.651491019628001e-07
96680 1.3333360000055512e-06 2.9814299327980087e-07
96690 3.3333400001665334e-07 2.981429932810421e-07
96700 1.3333360000055512e-06 2.9814299327980087e-07
96710 6.666680000111022e-07 3.651491019628001e-07
96720 1.3333360000055512e-06 2.9814299327980087e-07
96730 1.3333360000000002e-06 2.9814299328476596e-07
96740 1.3333360000000002e-06 2.9814299328476596e-07
96750 1.0000020000111023e-06 3.651491019607731e-07
96760 6.666680000055511e-07 3.6514910196482715e-07
96770 3.333340000055511e-07 2.981429932835247e-07
96780 1.665336e-17 6.0809472868361544e-18
96790 6.666680000111022e-07 3.651491019628001e-07
96800 3.3333400001110226e-07 2.981429932822834e-07
96810 1.0000020000055513e-06 3.6514910196381357e-07
96820 6.666680000055511e-07 3.6514910196482715e-07
96830 6.666680000000001e-07 3.651491019668541e-07
96840 1.0000020000055513e-06 3.6514910196381357e-07
96850 1.3333360000055512e-06 2.9814299327980087e-07
96860 1.0000020000055513e-06 3.6514910196381357e-07
96870 6.666680000111022e-07 3.651491019628001e-07
96880 5.551119999999999e-18 4.965072668503452e-18
96890 1.66667e-06 0.0
96900 1.66667e-06 0.0
96910 3.333340000222045e-07 2.9814299327980087e-07
96920 6.666680000055511e-07 3.6514910196482715e-07
96930 1.3333360000055512e-06 2.9814299327980087e-07
96940 6.666680000111022e-07 3.651491019628001e-07
96950 1.0000020000055513e-06 3.6514910196381357e-07
96960 6.666680000111022e-07 3.651491019628001e-07
96970 6.666680000055511e-07 3.6514910196482715e-07
96980 1.0000020000055513e-06 3.6514910196381357e-07
96990 1.000002e-06 3.651491019668541e-07
97000 6.666680000055511e-07 3.6514910196482715e-07
97010 1.3333360000000002e-06 2.9814299328476596e-07
97020 3.3333400001665334e-07 2.9814299328104214e-07
97030 1.66667e-06 0.0
97040 1.3333360000055512e-06 2.9814299327980087e-07
97050 3.3333400001110226e-07 2.981429932822834e-07
97060 3.333340000055511e-07 2.981429932835247e-07
97070 3.3333400001110226e-07 2.981429932822834e-07
97080 3.3333400001665334e-07 2.9814299328104214e-07
97090 1.0000020000111023e-06 3.651491019607731e-07
97100 1.3333360000055512e-06 2.9814299327980087e-07
97110 1.3333360000055512e-06 2.9814299327980087e-07
97120 1.66667e-06 0.0
97130 1.3333360000000002e-06 2.9814299328476596e-07
97140 1.0000020000055513e-06 3.6514910196381357e-07
97150 6.666680000055511e-07 3.6514910196482715e-07
97160 1.3333360000000002e-06 2.9814299328476596e-07
97170 1.3333360000055512e-06 2.9814299327980087e-07
97180 6.666680000055511e-07 3.6514910196482715e-07
97190 1.3333360000055512e-06 2.9814299327980087e-07
97200 3.333340000222045e-07 2.9814299327980087e-07
97210 6.666680000111022e-07 3.651491019628001e-07
97220 3.3333400001110226e-07 2.981429932822834e-07
97230 6.666680000055511e-07 3.6514910196482715e-07
97240 1.0000020000055513e-06 3.6514910196381357e-07
97250 1.0000020000111023e-06 3.651491019607731e-07
97260 1.0000020000055513e-06 3.6514910196381357e-07
97270 3.3333400001665334e-07 2.981429932810421e-07
97280 6.666680000055511e-07 3.6514910196482715e-07
97290 3.3333400001665334e-07 2.9814299328104214e-07
97300 1.0000020000111023e-06 3.6514910196077315e-07
97310 6.666680000055511e-07 3.6514910196482715e-07
97320 1.0000020000111023e-06 3.651491019607731e-07
97330 1.3333360000000002e-06 2.9814299328476596e-07
97340 1.000002e-06 3.651491019668541e-07
97350 1.665336e-17 6.0809472868361544e-18
97360 1.0000020000111023e-06 3.651491019607731e-07
97370 1.0000020000111023e-06 3.6514910196077315e-07
97380 6.666680000111022e-07 3.651491019628001e-07
97390 6.666680000111022e-07 3.651491019628001e-07
97400 6.666680000111022e-07 3.651491019628001e-07
97410 6.666680000055511e-07 3.6514910196482715e-07
97420 1.0000020000055513e-06 3.6514910196381357e-07
97430 1.0000020000055513e-06 3.6514910196381357e-07
97440 6.666680000055511e-07 3.6514910196482715e-07
97450 1.0000020000055513e-06 3.6514910196381357e-07
97460 6.666680000055511e-07 3.6514910196482715e-07
97470 6.666680000055511e-07 3.6514910196482715e-07
97480 1.3333360000000002e-06 2.9814299328476596e-07
97490 3.3333400001110226e-07 2.981429932822834e-07
97500 1.0000020000055513e-06 3.6514910196381357e-07
97510 1.3333360000055512e-06 2.9814299327980087e-07
97520 1.3333360000000002e-06 2.9814299328476596e-07
97530 1.66667e-06 0.0
97540 6.666680000166534e-07 3.651491019607731e-07
97550 1.3333360000000002e-06 2.9814299328476596e-07
97560 3.3333400001665334e-07 2.9814299328104214e-07
97570 1.3333360000000002e-06 2.9814299328476596e-07
97580 6.666680000055511e-07 3.6514910196482715e-07
97590 1.0000020000055513e-06 3.6514910196381357e-07
97600 6.666680000055511e-07 3.6514910196482715e-07
97610 6.666680000055511e-07 3.6514910196482715e-07
97620 1.0000020000055513e-06 3.6514910196381357e-07
97630 3.333340000055511e-07 2.9814299328352464e-07
97640 3.3333400001665334e-07 2.981429932810421e-07
97650 6.666680000000001e-07 3.651491019668541e-07
97660 1.0000020000111023e-06 3.6514910196077315e-07
97670 1.0000020000111023e-06 3.651491019607731e-07
97680 6.666680000055511e-07 3.6514910196482715e-07
97690 6.666680000111022e-07 3.651491019628001e-07
97700 6.666680000055511e-07 3.6514910196482715e-07
97710 6.666680000055511e-07 3.6514910196482715e-07
97720 3.3333400000000004e-07 2.9814299328476596e-07
97730 3.3333400001665334e-07 2.981429932810421e-07
97740 1.0000020000055513e-06 3.6514910196381357e-07
97750 1.0000020000055513e-06 3.6514910196381357e-07
97760 6.666680000055511e-07 3.6514910196482715e-07
97770 6.666680000055511e-07 3.6514910196482715e-07
97780 6.666680000055511e-07 3.6514910196482715e-07
97790 6.666680000111022e-07 3.651491019628001e-07
97800 1.0000020000111023e-06 3.651491019607731e-07
97810 6.666680000111022e-07 3.651491019628001e-07
97820 3.3333400001665334e-07 2.9814299328104214e-07
97830 6.666680000055511e-07 3.6514910196482715e-07
97840 1.3333360000000002e-06 2.9814299328476596e-07
97850 1.3333360000000002e-06 2.9814299328476596e-07
97860 3.3333400001665334e-07 2.9814299328104214e-07
97870 6.666680000111022e-07 3.651491019628001e-07
97880 6.666680000111022e-07 3.651491019628001e-07
97890 1.1102239999999998e-17 6.0809472868361544e-18
97900 1.665336e-17 6.0809472868361544e-18
97910 6.666680000111022e-07 3.651491019628001e-07
97920 6.666680000111022e-07 3.651491019628001e-07
97930 1.3333360000055512e-06 2.9814299327980087e-07
97940 1.000002e-06 3.651491019668541e-07
97950 6.666680000055511e-07 3.6514910196482715e-07
97960 1.3333360000000002e-06 2.9814299328476596e-07
97970 6.666680000000001e-07 3.651491019668541e-07
97980 1.66667e-06 0.0
97990 1.3333360000055512e-06 2.9814299327980087e-07
98000 1.3333360000000002e-06 2.9814299328476596e-07
98010 1.0000020000111023e-06 3.651491019607731e-07
98020 1.3333360000000002e-06 2.9814299328476596e-07
98030 1.0000020000111023e-06 3.651491019607731e-07
98040 3.3333400001110226e-07 2.981429932822834e-07
98050 6.666680000055511e-07 3.6514910196482715e-07
98060 1.0000020000111023e-06 3.651491019607731e-07
98070 6.666680000000001e-07 3.651491019668541e-07
98080 1.3333360000000002e-06 2.9814299328476596e-07
98090 1.0000020000055513e-06 3.6514910196381357e-07
98100 1.0000020000111023e-06 3.651491019607731e-07
98110 6.666680000055511e-07 3.6514910196482715e-07
98120 6.666680000055511e-07 3.6514910196482715e-07
98130 1.3333360000055512e-06 2.9814299327980087e-07
98140 3.333340000055511e-07 2.981429932835247e-07
98150 3.3333400001110226e-07 2.981429932822834e-07
98160 3.3333400001665334e-07 2.981429932810421e-07
98170 1.0000020000055513e-06 3.6514910196381357e-07
98180 1.3333360000000002e-06 2.9814299328476596e-07
98190 1.3333360000055512e-06 2.9814299327980087e-07
98200 1.0000020000111023e-06 3.651491019607731e-07
98210 6.666680000166534e-07 3.6514910196077315e-07
98220 3.333340000055511e-07 2.9814299328352464e-07
98230 1.0000020000055513e-06 3.6514910196381357e-07
98240 1.0000020000055513e-06 3.6514910196381357e-07
98250 6.666680000111022e-07 3.651491019628001e-07
98260 6.666680000055511e-07 3.6514910196482715e-07
98270 1.3333360000055512e-06 2.9814299327980087e-07
98280 3.3333400001110226e-07 2.981429932822834e-07
98290 6.666680000055511e-07 3.6514910196482715e-07
98300 1.0000020000055513e-06 3.6514910196381357e-07
98310 1.3333360000055512e-06 2.9814299327980087e-07
98320 3.3333400001110226e-07 2.981429932822834e-07
98330 1.0000020000111023e-06 3.651491019607731e-07
98340 1.3333360000000002e-06 2.9814299328476596e-07
98350 3.333340000222045e-07 2.9814299327980087e-07
98360 3.3333400001110226e-07 2.981429932822834e-07
98370 1.0000020000055513e-06 3.6514910196381357e-07
98380 6.666680000000001e-07 3.651491019668541e-07
98390 1.0000020000055513e-06 3.6514910196381357e-07
98400 1.3333360000055512e-06 2.9814299327980087e-07
98410 1.000002e-06 3.651491019668541e-07
98420 1.000002e-06 3.651491019668541e-07
98430 6.666680000055511e-07 3.6514910196482715e-07
98440 6.666680000111022e-07 3.651491019628001e-07
98450 6.666680000055511e-07 3.6514910196482715e-07
98460 6.666680000166534e-07 3.6514910196077315e-07
98470 1.0000020000111023e-06 3.651491019607731e-07
98480 1.0000020000055513e-06 3.6514910196381357e-07
98490 2.2204479999999997e-17 4.965072668503453e-18
98500 1.0000020000055513e-06 3.6514910196381357e-07
98510 1.1102239999999998e-17 6.0809472868361544e-18
98520 1.0000020000055513e-06 3.6514910196381357e-07
98530 3.333340000055511e-07 2.9814299328352464e-07
98540 6.666680000055511e-07 3.6514910196482715e-07
98550 6.666680000166534e-07 3.651491019607731e-07
98560 6.666680000166534e-07 3.651491019607731e-07
98570 1.0000020000111023e-06 3.651491019607731e-07
98580 1.3333360000000002e-06 2.9814299328476596e-07
98590 1.0000020000055513e-06 3.6514910196381357e-07
98600 1.0000020000055513e-06 3.6514910196381357e-07
98610 1.000002e-06 3.651491019668541e-07
98620 1.3333360000000002e-06 2.9814299328476596e-07
98630 6.666680000055511e-07 3.6514910196482715e-07
98640 3.333340000055511e-07 2.981429932835247e-07
98650 1.66667e-06 0.0
98660 1.3333360000055512e-06 2.9814299327980087e-07
98670 1.66667e-06 0.0
98680 1.3333360000000002e-06 2.9814299328476596e-07
98690 1.3333360000055512e-06 2.9814299327980087e-07
98700 1.0000020000055513e-06 3.6514910196381357e-07
98710 6.666680000055511e-07 3.6514910196482715e-07
98720 1.0000020000055513e-06 3.6514910196381357e-07
98730 1.66667e-06 0.0
98740 1.0000020000111023e-06 3.651491019607731e-07
98750 1.3333360000055512e-06 2.9814299327980087e-07
98760 1.0000020000055513e-06 3.6514910196381357e-07
98770 6.666680000111022e-07 3.651491019628001e-07
98780 1.0000020000055513e-06 3.6514910196381357e-07
98790 1.000002e-06 3.651491019668541e-07
98800 6.666680000111022e-07 3.651491019628001e-07
98810 1.3333360000000002e-06 2.9814299328476596e-07
98820 6.666680000111022e-07 3.651491019628001e-07
98830 1.0000020000055513e-06 3.6514910196381357e-07
98840 6.666680000166534e-07 3.6514910196077315e-07
98850 6.666680000111022e-07 3.651491019628001e-07
98860 6.666680000000001e-07 3.651491019668541e-07
98870 1.000002e-06 3.651491019668541e-07
98880 1.0000020000055513e-06 3.6514910196381357e-07
98890 1.3333360000000002e-06 2.9814299328476596e-07
98900 3.333340000055511e-07 2.9814299328352464e-07
98910 1.0000020000055513e-06 3.6514910196381357e-07
98920 6.666680000166534e-07 3.651491019607731e-07
98930 1.000002e-06 3.651491019668541e-07
98940 1.0000020000055513e-06 3.6514910196381357e-07
98950 6.666680000111022e-07 3.651491019628001e-07
98960 3.3333400001665334e-07 2.9814299328104214e-07
98970 6.666680000055511e-07 3.6514910196482715e-07
98980 6.666680000166534e-07 3.651491019607731e-07
98990 1.3333360000000002e-06 2.9814299328476596e-07
99000 1.0000020000111023e-06 3.651491019607731e-07
99010 3.333340000055511e-07 2.981429932835247e-07
99020 1.0000020000055513e-06 3.6514910196381357e-07
99030 6.666680000111022e-07 3.651491019628001e-07
99040 1.0000020000055513e-06 3.6514910196381357e-07
99050 1.0000020000111023e-06 3.6514910196077315e-07
99060 1.3333360000000002e-06 2.9814299328476596e-07
99070 1.0000020000055513e-06 3.6514910196381357e-07
99080 6.666680000111022e-07 3.651491019628001e-07
99090 1.3333360000055512e-06 2.9814299327980087e-07
99100 6.666680000166534e-07 3.651491019607731e-07
99110 5.551119999999999e-18 4.965072668503453e-18
99120 1.0000020000055513e-06 3.6514910196381357e-07
99130 1.0000020000111023e-06 3.651491019607731e-07
99140 1.0000020000055513e-06 3.6514910196381357e-07
99150 3.333340000055511e-07 2.981429932835247e-07
99160 6.666680000000001e-07 3.651491019668541e-07
99170 1.0000020000055513e-06 3.6514910196381357e-07
99180 1.3333360000055512e-06 2.9814299327980087e-07
99190 6.666680000166534e-07 3.651491019607731e-07
99200 6.666680000166534e-07 3.651491019607731e-07
99210 3.3333400001110226e-07 2.981429932822834e-07
99220 6.666680000055511e-07 3.6514910196482715e-07
99230 1.0000020000055513e-06 3.6514910196381357e-07
99240 1.0000020000111023e-06 3.651491019607731e-07
99250 6.666680000055511e-07 3.6514910196482715e-07
99260 1.66667e-06 0.0
99270 2.2204479999999997e-17 4.965072668503452e-18
99280 6.666680000111022e-07 3.651491019628001e-07
99290 6.666680000111022e-07 3.651491019628001e-07
99300 1.000002e-06 3.651491019668541e-07
99310 1.0000020000111023e-06 3.651491019607731e-07
99320 1.0000020000111023e-06 3.651491019607731e-07
99330 6.666680000166534e-07 3.6514910196077315e-07
99340 1.0000020000111023e-06 3.6514910196077315e-07
99350 1.0000020000055513e-06 3.6514910196381357e-07
99360 3.3333400001665334e-07 2.9814299328104214e-07
99370 1.3333360000055512e-06 2.9814299327980087e-07
99380 1.0000020000111023e-06 3.651491019607731e-07
99390 1.0000020000055513e-06 3.6514910196381357e-07
99400 3.333340000055511e-07 2.981429932835247e-07
99410 3.3333400001110226e-07 2.981429932822834e-07
99420 3.333340000055511e-07 2.9814299328352464e-07
99430 1.3333360000055512e-06 2.9814299327980087e-07
99440 3.3333400001110226e-07 2.981429932822834e-07
99450 6.666680000055511e-07 3.6514910196482715e-07
99460 3.333340000222045e-07 2.9814299327980087e-07
99470 3.3333400001665334e-07 2.981429932810421e-07
99480 6.666680000111022e-07 3.651491019628001e-07
99490 1.0000020000055513e-06 3.6514910196381357e-07
99500 1.0000020000111023e-06 3.651491019607731e-07
99510 1.3333360000055512e-06 2.9814299327980087e-07
99520 6.666680000111022e-07 3.651491019628001e-07
99530 6.666680000111022e-07 3.651491019628001e-07
99540 6.666680000111022e-07 3.651491019628001e-07
99550 1.000002e-06 3.651491019668541e-07
99560 3.333340000055511e-07 2.981429932835247e-07
99570 6.666680000111022e-07 3.651491019628001e-07
99580 6.666680000111022e-07 3.651491019628001e-07
99590 5.551119999999999e-18 4.965072668503452e-18
99600 3.333340000055511e-07 2.9814299328352464e-07
99610 1.66667e-06 0.0
99620 1.3333360000000002e-06 2.9814299328476596e-07
99630 6.666680000055511e-07 3.6514910196482715e-07
99640 1.000002e-06 3.651491019668541e-07
99650 1.0000020000055513e-06 3.6514910196381357e-07
99660 6.666680000111022e-07 3.651491019628001e-07
99670 1.0000020000111023e-06 3.651491019607731e-07
99680 3.333340000222045e-07 2.9814299327980087e-07
99690 1.3333360000000002e-06 2.9814299328476596e-07
99700 6.666680000166534e-07 3.6514910196077315e-07
99710 1.3333360000000002e-06 2.9814299328476596e-07
99720 1.1102239999999998e-17 6.0809472868361544e-18
99730 1.3333360000055512e-06 2.9814299327980087e-07
99740 1.0000020000055513e-06 3.6514910196381357e-07
99750 3.333340000222045e-07 2.9814299327980087e-07
99760 3.3333400001110226e-07 2.981429932822834e-07
99770 1.000002e-06 3.651491019668541e-07
99780 1.3333360000055512e-06 2.9814299327980087e-07
99790 1.66667e-06 0.0
99800 1.000002e-06 3.651491019668541e-07
99810 1.3333360000055512e-06 2.9814299327980087e-07
99820 1.3333360000055512e-06 2.9814299327980087e-07
99830 1.0000020000055513e-06 3.6514910196381357e-07
99840 3.3333400001110226e-07 2.981429932822834e-07
99850 1.000002e-06 3.651491019668541e-07
99860 3.333340000055511e-07 2.9814299328352464e-07
99870 3.3333400001110226e-07 2.981429932822834e-07
99880 3.3333400001110226e-07 2.981429932822834e-07
99890 6.666680000111022e-07 3.651491019628001e-07
99900 6.666680000111022e-07 3.651491019628001e-07
99910 6.666680000166534e-07 3.6514910196077315e-07
99920 1.3333360000055512e-06 2.9814299327980087e-07
99930 1.3333360000000002e-06 2.9814299328476596e-07
99940 1.000002e-06 3.651491019668541e-07
99950 6.666680000166534e-07 3.651491019607731e-07
99960 6.666680000111022e-07 3.651491019628001e-07
99970 3.3333400001110226e-07 2.981429932822834e-07
99980 6.666680000111022e-07 3.651491019628001e-07
99990 1.0000020000055513e-06 3.6514910196381357e-07
